contract_id,customer_id,product,origination_date,contract_value,term_months,installment_value
C000001,104404,Vehicle Finance,2026-01-04,45369.31,52,872.49
C000002,107643,Personal Loan,2025-10-11,3971.13,17,233.6
C000003,104626,Personal Loan,2026-01-09,6146.44,23,267.24
C000004,109420,Credit Card,2026-05-30,6081.11,8,760.14
C000005,108653,Payroll Loan,2025-02-11,14754.94,36,409.86
C000006,108467,Credit Card,2025-04-09,5838.69,15,389.25
C000007,107137,Credit Card,2026-06-01,3560.57,8,445.07
C000008,109371,Payroll Loan,2025-04-30,9910.69,34,291.49
C000009,103404,Credit Card,2025-09-24,5038.58,23,219.07
C000010,100832,Personal Loan,2025-07-25,3133.55,35,89.53
C000011,105260,Credit Card,2026-03-29,3051.64,23,132.68
C000012,103557,Personal Loan,2025-05-13,3307.58,35,94.5
C000013,100729,Vehicle Finance,2025-03-26,39149.64,25,1565.99
C000014,102376,Vehicle Finance,2025-01-21,38843.98,46,844.43
C000015,100564,Payroll Loan,2025-06-19,20437.69,26,786.06
C000016,100976,Personal Loan,2026-05-06,7815.05,17,459.71
C000017,107998,Payroll Loan,2026-04-08,14807.89,34,435.53
C000018,102364,Personal Loan,2025-01-29,4307.9,32,134.62
C000019,105387,Vehicle Finance,2026-06-18,31872.21,35,910.63
C000020,106412,Payroll Loan,2025-07-19,5938.0,23,258.17
C000021,103033,Vehicle Finance,2025-03-15,25236.47,39,647.09
C000022,104835,Credit Card,2025-02-22,5910.49,21,281.45
C000023,104658,Payroll Loan,2025-06-09,7617.69,12,634.81
C000024,109091,Personal Loan,2025-07-09,9104.88,21,433.57
C000025,109573,Personal Loan,2025-12-15,5328.6,31,171.89
C000026,101326,Credit Card,2025-03-01,5651.38,10,565.14
C000027,107122,Vehicle Finance,2025-10-07,50779.98,34,1493.53
C000028,106832,Vehicle Finance,2025-03-02,44390.62,26,1707.33
C000029,109461,Credit Card,2025-12-06,4653.37,9,517.04
C000030,105878,Payroll Loan,2025-12-17,10002.46,12,833.54
C000031,104368,Vehicle Finance,2026-01-10,37398.2,50,747.96
C000032,107407,Personal Loan,2025-08-30,8103.65,19,426.51
C000033,106855,Credit Card,2025-08-19,5115.19,14,365.37
C000034,104684,Credit Card,2025-05-29,2946.17,8,368.27
C000035,107157,Credit Card,2026-05-21,2308.85,17,135.81
C000036,100352,Payroll Loan,2026-06-06,7871.1,13,605.47
C000037,109456,Personal Loan,2025-02-26,5632.05,18,312.89
C000038,103920,Credit Card,2026-06-14,9739.01,14,695.64
C000039,103004,Personal Loan,2025-10-30,5649.06,19,297.32
C000040,102115,Personal Loan,2025-12-01,7068.65,13,543.74
C000041,101279,Credit Card,2026-01-05,3790.65,15,252.71
C000042,103086,Personal Loan,2025-04-22,8244.38,26,317.09
C000043,100184,Personal Loan,2026-05-30,11462.75,18,636.82
C000044,102245,Vehicle Finance,2026-05-24,41829.67,24,1742.9
C000045,107043,Vehicle Finance,2025-08-12,29099.55,56,519.63
C000046,106342,Personal Loan,2025-07-19,4260.0,21,202.86
C000047,104904,Vehicle Finance,2026-05-07,30515.07,32,953.6
C000048,109229,Vehicle Finance,2025-09-22,46074.21,29,1588.77
C000049,107610,Credit Card,2025-05-29,4965.5,17,292.09
C000050,101473,Vehicle Finance,2026-02-07,114000.0,57,2000.0
C000051,105576,Personal Loan,2025-01-09,6650.54,36,184.74
C000052,103885,Credit Card,2026-02-09,7943.09,18,441.28
C000053,104783,Payroll Loan,2025-12-26,6746.22,26,259.47
C000054,102860,Credit Card,2025-09-08,10279.21,6,1713.2
C000055,109802,Personal Loan,2025-10-29,9002.52,29,310.43
C000056,101153,Credit Card,2025-10-22,3805.1,21,181.2
C000057,101048,Personal Loan,2025-05-13,5586.78,18,310.38
C000058,103994,Vehicle Finance,2026-06-16,103346.63,46,2246.67
C000059,108609,Payroll Loan,2025-10-01,8690.5,29,299.67
C000060,107960,Personal Loan,2025-09-28,13370.13,14,955.01
C000061,103587,Payroll Loan,2025-11-29,7754.05,43,180.33
C000062,102751,Personal Loan,2026-01-21,10142.16,14,724.44
C000063,103246,Credit Card,2025-09-13,7176.1,7,1025.16
C000064,102601,Vehicle Finance,2025-04-26,45859.02,40,1146.48
C000065,105877,Credit Card,2025-08-13,2760.36,14,197.17
C000066,109280,Credit Card,2025-12-05,6620.66,6,1103.44
C000067,106017,Personal Loan,2025-05-15,2728.2,23,118.62
C000068,106465,Personal Loan,2025-04-08,4160.03,13,320.0
C000069,103390,Credit Card,2025-03-22,4839.08,14,345.65
C000070,102834,Credit Card,2025-07-19,6118.66,16,382.42
C000071,101069,Credit Card,2026-03-03,4024.71,16,251.54
C000072,100317,Payroll Loan,2025-09-02,12411.06,35,354.6
C000073,104412,Personal Loan,2025-06-18,1750.0,33,53.03
C000074,109910,Payroll Loan,2026-01-02,23658.7,20,1182.94
C000075,107692,Vehicle Finance,2026-03-09,20534.8,55,373.36
C000076,109761,Payroll Loan,2025-02-14,9104.78,32,284.52
C000077,102927,Vehicle Finance,2026-05-29,56145.42,44,1276.03
C000078,106690,Credit Card,2025-02-24,3995.35,17,235.02
C000079,106010,Payroll Loan,2026-01-30,20883.94,38,549.58
C000080,101250,Payroll Loan,2025-01-29,6539.17,35,186.83
C000081,100233,Personal Loan,2025-06-14,12366.39,21,588.88
C000082,107238,Credit Card,2025-07-28,5530.98,20,276.55
C000083,102516,Vehicle Finance,2025-04-18,25703.23,60,428.39
C000084,104529,Personal Loan,2025-04-21,5839.58,27,216.28
C000085,108005,Credit Card,2025-07-18,4976.25,22,226.19
C000086,100469,Vehicle Finance,2026-02-25,80340.97,55,1460.74
C000087,101697,Credit Card,2025-09-26,8103.35,6,1350.56
C000088,101315,Credit Card,2026-03-27,8974.49,22,407.93
C000089,106041,Payroll Loan,2026-03-18,5444.02,41,132.78
C000090,100416,Vehicle Finance,2025-05-14,34247.59,36,951.32
C000091,106816,Vehicle Finance,2025-09-02,41689.26,45,926.43
C000092,101150,Vehicle Finance,2025-12-02,36345.18,49,741.74
C000093,105442,Credit Card,2025-05-31,2791.44,12,232.62
C000094,105547,Payroll Loan,2025-09-25,10043.14,32,313.85
C000095,107746,Personal Loan,2025-06-12,9963.83,21,474.47
C000096,107358,Personal Loan,2025-04-20,5154.73,25,206.19
C000097,104405,Credit Card,2025-02-10,4024.56,13,309.58
C000098,109784,Vehicle Finance,2025-12-14,61615.53,30,2053.85
C000099,102481,Personal Loan,2025-09-21,5013.38,28,179.05
C000100,109843,Personal Loan,2026-02-07,3270.74,12,272.56
C000101,109885,Credit Card,2025-02-06,3755.64,21,178.84
C000102,108126,Vehicle Finance,2026-04-03,15244.86,32,476.4
C000103,105385,Credit Card,2026-06-07,10203.1,7,1457.59
C000104,100490,Credit Card,2025-06-14,2631.42,24,109.64
C000105,104511,Vehicle Finance,2026-06-17,22504.45,41,548.89
C000106,104524,Credit Card,2025-03-26,3752.66,20,187.63
C000107,103942,Vehicle Finance,2025-10-17,64639.39,57,1134.02
C000108,100491,Payroll Loan,2026-05-24,10583.91,25,423.36
C000109,109188,Payroll Loan,2025-08-24,5522.26,13,424.79
C000110,106369,Credit Card,2026-05-24,13500.0,15,900.0
C000111,100511,Vehicle Finance,2025-04-21,42835.13,30,1427.84
C000112,101564,Payroll Loan,2025-06-06,13503.08,48,281.31
C000113,108128,Personal Loan,2025-12-18,18369.5,30,612.32
C000114,106570,Credit Card,2025-01-31,7833.6,20,391.68
C000115,101713,Payroll Loan,2025-05-11,18517.42,14,1322.67
C000116,102531,Credit Card,2026-01-22,4729.17,11,429.92
C000117,101234,Vehicle Finance,2025-03-14,18415.24,46,400.33
C000118,106521,Personal Loan,2025-07-19,21000.0,25,840.0
C000119,100674,Credit Card,2025-11-01,10202.11,11,927.46
C000120,107311,Personal Loan,2026-02-19,4440.95,27,164.48
C000121,103825,Personal Loan,2025-10-12,14018.56,27,519.21
C000122,102885,Personal Loan,2025-02-09,9238.87,32,288.71
C000123,103901,Credit Card,2025-11-19,3978.3,8,497.29
C000124,109917,Payroll Loan,2025-09-08,12793.14,29,441.14
C000125,104260,Personal Loan,2025-08-04,10033.47,16,627.09
C000126,102303,Credit Card,2025-07-01,3205.88,14,228.99
C000127,109745,Credit Card,2026-03-23,2716.29,24,113.18
C000128,100975,Credit Card,2025-12-17,4715.51,6,785.92
C000129,102753,Credit Card,2025-01-19,2490.22,23,108.27
C000130,105841,Credit Card,2026-01-23,4799.54,8,599.94
C000131,105655,Payroll Loan,2025-06-08,4149.85,29,143.1
C000132,104111,Personal Loan,2026-06-03,8046.34,26,309.47
C000133,103452,Personal Loan,2025-09-04,3978.78,28,142.1
C000134,108303,Payroll Loan,2025-07-09,7440.03,14,531.43
C000135,100590,Personal Loan,2025-03-08,2936.4,12,244.7
C000136,105160,Payroll Loan,2025-03-12,5919.92,16,370.0
C000137,106831,Vehicle Finance,2026-02-09,102590.42,42,2442.63
C000138,102552,Vehicle Finance,2026-06-09,34809.95,41,849.02
C000139,107875,Vehicle Finance,2025-08-05,36718.3,56,655.68
C000140,105244,Personal Loan,2025-11-08,2237.27,23,97.27
C000141,104257,Payroll Loan,2026-06-06,7523.51,35,214.96
C000142,108635,Credit Card,2026-05-25,4239.68,20,211.98
C000143,101073,Personal Loan,2026-01-11,5503.27,20,275.16
C000144,102369,Credit Card,2026-03-30,10394.65,13,799.59
C000145,108142,Credit Card,2025-10-10,5734.43,9,637.16
C000146,101212,Credit Card,2025-09-25,3905.4,22,177.52
C000147,100255,Vehicle Finance,2025-08-28,28220.75,56,503.94
C000148,108731,Payroll Loan,2025-02-18,3560.12,24,148.34
C000149,100091,Personal Loan,2025-11-28,6096.27,24,254.01
C000150,108618,Payroll Loan,2025-06-13,8593.06,31,277.2
C000151,108023,Credit Card,2026-01-27,3381.14,12,281.76
C000152,108505,Payroll Loan,2026-01-17,19055.05,17,1120.89
C000153,100515,Payroll Loan,2025-06-26,15051.86,38,396.1
C000154,102742,Personal Loan,2026-02-05,4557.42,35,130.21
C000155,101850,Personal Loan,2025-04-05,3719.13,12,309.93
C000156,107961,Credit Card,2025-05-18,3341.47,14,238.68
C000157,102686,Personal Loan,2026-01-09,3432.48,26,132.02
C000158,102570,Credit Card,2025-12-16,4927.09,22,223.96
C000159,105861,Vehicle Finance,2026-04-24,31711.0,41,773.44
C000160,106208,Payroll Loan,2025-02-26,13511.7,45,300.26
C000161,104975,Personal Loan,2026-01-19,6082.69,12,506.89
C000162,101213,Personal Loan,2025-04-27,7745.6,19,407.66
C000163,104177,Vehicle Finance,2025-07-07,26405.04,24,1100.21
C000164,104195,Personal Loan,2025-03-08,4169.13,13,320.7
C000165,105208,Payroll Loan,2025-06-20,5976.95,23,259.87
C000166,109075,Personal Loan,2025-04-22,8207.52,28,293.13
C000167,103592,Credit Card,2025-10-12,6364.75,10,636.48
C000168,100200,Vehicle Finance,2025-04-01,14553.65,55,264.61
C000169,101036,Payroll Loan,2025-11-12,7728.3,45,171.74
C000170,101538,Payroll Loan,2026-01-28,25546.64,21,1216.51
C000171,108688,Payroll Loan,2025-08-07,8544.02,47,181.79
C000172,106392,Vehicle Finance,2026-05-15,21065.39,55,383.01
C000173,102939,Vehicle Finance,2025-03-12,32914.6,35,940.42
C000174,107950,Personal Loan,2026-06-12,21000.0,19,1105.26
C000175,109781,Payroll Loan,2025-11-23,7452.33,32,232.89
C000176,104371,Payroll Loan,2025-08-02,18128.51,17,1066.38
C000177,107857,Personal Loan,2025-01-16,4860.52,28,173.59
C000178,107625,Vehicle Finance,2026-04-15,27113.0,54,502.09
C000179,102670,Credit Card,2026-05-30,2705.33,15,180.36
C000180,109733,Credit Card,2025-02-19,4221.86,10,422.19
C000181,109397,Vehicle Finance,2025-05-25,20661.92,39,529.79
C000182,106955,Credit Card,2025-11-07,3117.05,18,173.17
C000183,109708,Credit Card,2025-07-03,3350.8,13,257.75
C000184,104429,Vehicle Finance,2025-11-27,30392.78,24,1266.37
C000185,107021,Personal Loan,2025-11-18,20561.76,20,1028.09
C000186,106302,Personal Loan,2025-08-12,6088.0,36,169.11
C000187,105987,Personal Loan,2026-02-02,14939.99,33,452.73
C000188,103066,Credit Card,2025-01-13,6029.29,14,430.66
C000189,103526,Vehicle Finance,2025-12-11,29563.95,30,985.46
C000190,100957,Personal Loan,2025-06-30,5348.76,25,213.95
C000191,104972,Personal Loan,2025-05-01,3686.02,22,167.55
C000192,101452,Payroll Loan,2025-01-03,15861.36,37,428.69
C000193,105014,Payroll Loan,2025-01-16,9083.03,25,363.32
C000194,104376,Credit Card,2026-03-18,2763.86,23,120.17
C000195,101340,Personal Loan,2026-04-04,10409.1,20,520.46
C000196,102833,Credit Card,2026-06-30,2888.21,12,240.68
C000197,108874,Personal Loan,2026-04-23,5890.63,32,184.08
C000198,100447,Payroll Loan,2025-04-24,6424.18,21,305.91
C000199,102120,Credit Card,2025-04-24,2905.3,6,484.22
C000200,103780,Personal Loan,2026-02-26,4475.11,21,213.1
C000201,107350,Personal Loan,2025-09-17,7806.04,19,410.84
C000202,108523,Credit Card,2026-05-02,3476.59,16,217.29
C000203,107743,Personal Loan,2025-01-24,13057.83,34,384.05
C000204,100813,Vehicle Finance,2025-06-07,49132.9,32,1535.4
C000205,103711,Personal Loan,2025-04-21,3546.21,12,295.52
C000206,109021,Payroll Loan,2025-12-21,8311.67,33,251.87
C000207,107350,Credit Card,2026-02-06,3876.88,18,215.38
C000208,101594,Personal Loan,2025-05-17,7006.48,12,583.87
C000209,104032,Credit Card,2026-03-30,3411.52,15,227.43
C000210,104590,Vehicle Finance,2025-02-06,24981.14,60,416.35
C000211,102136,Personal Loan,2025-01-05,10412.88,35,297.51
C000212,108912,Vehicle Finance,2025-11-12,48282.58,27,1788.24
C000213,107415,Vehicle Finance,2026-06-03,31696.05,48,660.33
C000214,100773,Personal Loan,2025-06-08,5071.07,25,202.84
C000215,102257,Payroll Loan,2025-11-17,8509.22,42,202.6
C000216,105850,Personal Loan,2026-04-16,11122.96,23,483.61
C000217,107209,Credit Card,2025-02-25,1332.26,12,111.02
C000218,107520,Payroll Loan,2026-06-08,10971.36,30,365.71
C000219,109410,Personal Loan,2025-12-05,7303.16,14,521.65
C000220,105763,Personal Loan,2025-04-07,12871.47,22,585.07
C000221,101885,Credit Card,2025-10-05,4326.55,20,216.33
C000222,100410,Credit Card,2025-03-23,5693.94,13,438.0
C000223,100673,Payroll Loan,2025-01-17,4463.68,46,97.04
C000224,105460,Vehicle Finance,2025-04-20,60421.81,45,1342.71
C000225,106339,Payroll Loan,2026-04-17,11902.68,48,247.97
C000226,101477,Personal Loan,2025-09-12,21000.0,17,1235.29
C000227,103961,Vehicle Finance,2025-07-07,32858.44,47,699.12
C000228,104049,Payroll Loan,2025-06-23,4856.03,14,346.86
C000229,103402,Personal Loan,2026-05-22,13757.91,27,509.55
C000230,102242,Credit Card,2025-12-16,3572.99,17,210.18
C000231,103053,Vehicle Finance,2026-06-18,42095.32,42,1002.27
C000232,107565,Credit Card,2025-09-11,6154.94,10,615.49
C000233,106833,Personal Loan,2026-02-12,3990.35,20,199.52
C000234,108072,Credit Card,2025-01-12,4838.37,12,403.2
C000235,108922,Credit Card,2026-01-07,7122.99,22,323.77
C000236,102066,Credit Card,2026-02-14,6763.13,8,845.39
C000237,103707,Personal Loan,2026-04-25,8419.59,36,233.88
C000238,106413,Vehicle Finance,2025-07-12,42452.09,34,1248.59
C000239,105562,Vehicle Finance,2025-11-02,9500.0,27,351.85
C000240,108073,Credit Card,2025-12-29,7262.66,21,345.84
C000241,109324,Payroll Loan,2026-02-05,5284.62,12,440.38
C000242,104359,Personal Loan,2026-04-04,2846.89,36,79.08
C000243,106400,Payroll Loan,2025-07-06,4077.53,19,214.61
C000244,109172,Payroll Loan,2025-03-01,12798.23,18,711.01
C000245,105357,Vehicle Finance,2026-06-09,30988.52,54,573.86
C000246,102180,Credit Card,2025-11-22,2487.95,24,103.66
C000247,108007,Personal Loan,2025-04-01,3811.6,23,165.72
C000248,101265,Vehicle Finance,2026-05-24,21979.64,30,732.65
C000249,106887,Payroll Loan,2026-06-22,18158.36,19,955.7
C000250,101532,Personal Loan,2025-03-15,4944.6,23,214.98
C000251,102675,Payroll Loan,2026-05-17,13464.16,27,498.67
C000252,109129,Credit Card,2025-11-27,8339.5,15,555.97
C000253,102179,Credit Card,2025-04-08,6122.47,22,278.29
C000254,106203,Vehicle Finance,2025-04-29,24426.78,45,542.82
C000255,104977,Personal Loan,2025-04-18,4022.51,31,129.76
C000256,101168,Vehicle Finance,2025-08-22,29112.77,49,594.14
C000257,106077,Vehicle Finance,2026-03-15,66656.31,39,1709.14
C000258,103890,Vehicle Finance,2026-02-03,67947.41,46,1477.12
C000259,109592,Credit Card,2025-08-29,3836.31,6,639.38
C000260,103064,Personal Loan,2026-04-05,8011.68,21,381.51
C000261,105979,Credit Card,2026-06-12,5636.61,17,331.57
C000262,108770,Credit Card,2026-05-21,4005.41,23,174.15
C000263,104737,Payroll Loan,2025-05-09,6213.27,32,194.16
C000264,103546,Vehicle Finance,2026-03-15,57403.35,54,1063.02
C000265,103887,Personal Loan,2025-04-06,15161.38,36,421.15
C000266,100856,Payroll Loan,2026-04-20,18385.75,28,656.63
C000267,107526,Payroll Loan,2025-06-12,17020.97,32,531.91
C000268,100110,Credit Card,2025-02-19,6436.65,22,292.58
C000269,107866,Vehicle Finance,2025-01-02,26386.87,59,447.24
C000270,105713,Credit Card,2026-01-18,4751.23,21,226.25
C000271,100077,Payroll Loan,2025-05-22,33000.0,15,2200.0
C000272,101511,Personal Loan,2026-01-16,4703.27,18,261.29
C000273,100916,Personal Loan,2025-07-08,8891.32,36,246.98
C000274,109928,Payroll Loan,2025-02-17,14159.19,46,307.81
C000275,100786,Personal Loan,2025-07-24,5417.85,35,154.8
C000276,109068,Credit Card,2025-07-03,2552.35,11,232.03
C000277,100240,Payroll Loan,2025-08-23,3195.54,24,133.15
C000278,105198,Personal Loan,2025-07-12,21000.0,31,677.42
C000279,105688,Payroll Loan,2025-07-30,14568.24,15,971.22
C000280,106995,Payroll Loan,2025-12-20,8905.24,34,261.92
C000281,104547,Credit Card,2025-08-04,4346.66,18,241.48
C000282,101988,Credit Card,2025-10-24,2782.1,24,115.92
C000283,102692,Personal Loan,2025-05-09,8244.73,27,305.36
C000284,100203,Credit Card,2026-05-27,2855.45,18,158.64
C000285,108365,Personal Loan,2026-06-11,3143.45,15,209.56
C000286,100264,Vehicle Finance,2025-03-19,29292.62,52,563.32
C000287,106175,Credit Card,2026-04-10,5740.8,22,260.95
C000288,105669,Payroll Loan,2025-11-20,12353.69,13,950.28
C000289,102997,Personal Loan,2026-03-16,8275.9,34,243.41
C000290,101698,Personal Loan,2025-03-14,6307.92,23,274.26
C000291,105910,Personal Loan,2026-01-14,4522.12,26,173.93
C000292,107148,Payroll Loan,2026-04-15,9398.61,22,427.21
C000293,104744,Vehicle Finance,2025-07-12,97124.1,31,3133.04
C000294,107021,Personal Loan,2025-07-28,18634.99,12,1552.92
C000295,106145,Payroll Loan,2026-06-18,10641.81,38,280.05
C000296,109623,Personal Loan,2025-06-02,4553.16,18,252.95
C000297,102769,Credit Card,2026-03-16,2631.26,23,114.4
C000298,107719,Credit Card,2025-06-04,4142.87,8,517.86
C000299,103805,Payroll Loan,2025-09-22,10410.22,37,281.36
C000300,105637,Vehicle Finance,2025-03-06,71495.31,55,1299.91
C000301,104847,Credit Card,2026-05-05,4441.16,15,296.08
C000302,103458,Personal Loan,2025-04-24,3014.46,20,150.72
C000303,106845,Vehicle Finance,2026-01-18,40806.93,35,1165.91
C000304,109577,Vehicle Finance,2025-07-29,68795.8,32,2149.87
C000305,104366,Personal Loan,2025-03-29,4816.47,30,160.55
C000306,101866,Payroll Loan,2025-01-19,10367.65,48,215.99
C000307,104462,Credit Card,2025-03-15,5291.05,9,587.89
C000308,101998,Credit Card,2025-10-04,5269.85,21,250.95
C000309,105179,Personal Loan,2025-04-12,6148.28,23,267.32
C000310,106306,Credit Card,2025-04-11,4739.03,6,789.84
C000311,104705,Vehicle Finance,2026-06-05,34488.05,26,1326.46
C000312,109869,Credit Card,2025-10-28,7348.4,15,489.89
C000313,102450,Credit Card,2025-02-06,3262.32,17,191.9
C000314,100830,Payroll Loan,2025-03-16,9662.17,48,201.3
C000315,106987,Vehicle Finance,2025-10-14,42647.43,49,870.36
C000316,109899,Payroll Loan,2025-05-21,11351.82,27,420.44
C000317,100506,Vehicle Finance,2025-04-30,36719.44,44,834.53
C000318,103925,Credit Card,2026-03-09,3066.55,22,139.39
C000319,105609,Vehicle Finance,2025-09-12,29747.38,35,849.93
C000320,106391,Payroll Loan,2026-06-27,7806.0,45,173.47
C000321,108730,Vehicle Finance,2026-01-03,37931.8,27,1404.88
C000322,106844,Personal Loan,2025-07-10,3742.39,24,155.93
C000323,109046,Payroll Loan,2026-03-18,8156.81,47,173.55
C000324,105571,Personal Loan,2025-09-16,5845.56,19,307.66
C000325,102141,Payroll Loan,2026-02-10,9339.31,43,217.19
C000326,109181,Payroll Loan,2025-08-29,11817.0,30,393.9
C000327,103810,Credit Card,2025-01-01,1790.87,22,81.4
C000328,103232,Personal Loan,2025-07-15,8786.47,20,439.32
C000329,106806,Personal Loan,2025-04-25,13947.82,34,410.23
C000330,107354,Personal Loan,2025-05-22,3544.21,36,98.45
C000331,106995,Payroll Loan,2025-08-02,11439.31,14,817.09
C000332,105434,Personal Loan,2025-12-17,4253.53,25,170.14
C000333,106976,Personal Loan,2026-03-25,2384.88,22,108.4
C000334,107669,Personal Loan,2025-05-09,4026.53,24,167.77
C000335,102113,Vehicle Finance,2025-11-20,77835.89,39,1995.79
C000336,108651,Credit Card,2025-09-03,2487.64,13,191.36
C000337,105495,Credit Card,2025-02-02,2817.91,7,402.56
C000338,103912,Payroll Loan,2025-08-04,8519.01,30,283.97
C000339,103593,Personal Loan,2026-01-28,6801.38,29,234.53
C000340,100106,Vehicle Finance,2026-02-12,20851.68,32,651.62
C000341,104730,Credit Card,2026-02-25,5894.79,17,346.75
C000342,107876,Personal Loan,2026-03-23,12398.32,14,885.59
C000343,109372,Personal Loan,2025-10-13,3697.25,13,284.4
C000344,101334,Credit Card,2025-01-13,2195.83,15,146.39
C000345,107096,Personal Loan,2025-07-21,9918.51,17,583.44
C000346,102809,Payroll Loan,2025-11-06,31767.51,32,992.73
C000347,101045,Credit Card,2025-05-23,3409.79,9,378.87
C000348,105750,Personal Loan,2025-03-04,13671.12,18,759.51
C000349,100367,Vehicle Finance,2025-07-21,39684.32,54,734.89
C000350,101880,Personal Loan,2025-02-19,5703.58,27,211.24
C000351,102541,Personal Loan,2026-03-16,12867.18,17,756.89
C000352,108553,Credit Card,2025-07-05,5108.7,24,212.86
C000353,101600,Credit Card,2025-11-22,5469.83,10,546.98
C000354,102827,Personal Loan,2025-02-08,7715.81,16,482.24
C000355,109703,Vehicle Finance,2025-09-15,21577.27,55,392.31
C000356,103298,Vehicle Finance,2026-05-23,15503.79,47,329.87
C000357,102824,Personal Loan,2025-05-18,5687.71,30,189.59
C000358,107232,Personal Loan,2026-01-14,11292.0,34,332.12
C000359,100454,Personal Loan,2025-07-13,4610.31,32,144.07
C000360,101159,Payroll Loan,2025-12-19,4598.56,20,229.93
C000361,103805,Personal Loan,2026-06-21,8474.45,28,302.66
C000362,106600,Personal Loan,2025-04-03,9035.13,17,531.48
C000363,100161,Vehicle Finance,2025-03-10,43857.93,24,1827.41
C000364,100274,Personal Loan,2026-04-10,16740.3,24,697.51
C000365,100426,Personal Loan,2025-10-05,3729.65,26,143.45
C000366,106893,Payroll Loan,2025-05-23,11080.2,26,426.16
C000367,107220,Payroll Loan,2025-11-12,9678.12,13,744.47
C000368,103971,Personal Loan,2025-05-24,9255.3,26,355.97
C000369,101214,Personal Loan,2025-09-02,7608.89,19,400.47
C000370,107639,Payroll Loan,2026-05-01,16030.37,33,485.77
C000371,107134,Vehicle Finance,2025-07-14,62332.13,48,1298.59
C000372,100515,Vehicle Finance,2025-12-08,21864.58,60,364.41
C000373,107317,Personal Loan,2026-05-19,5556.1,20,277.8
C000374,109097,Credit Card,2025-12-31,7194.46,13,553.42
C000375,106670,Personal Loan,2025-08-06,7403.73,26,284.76
C000376,103476,Credit Card,2026-06-16,4300.27,13,330.79
C000377,102212,Payroll Loan,2025-09-01,18966.4,38,499.12
C000378,103892,Vehicle Finance,2025-08-07,38162.64,60,636.04
C000379,103377,Payroll Loan,2025-12-10,23706.63,48,493.89
C000380,101719,Credit Card,2025-05-30,3764.02,11,342.18
C000381,109495,Vehicle Finance,2025-09-24,43066.97,44,978.79
C000382,101290,Payroll Loan,2025-05-26,7647.01,20,382.35
C000383,102836,Payroll Loan,2025-02-03,9221.01,33,279.42
C000384,100545,Personal Loan,2025-04-19,10045.96,30,334.87
C000385,105850,Payroll Loan,2026-01-11,5865.22,14,418.94
C000386,101075,Payroll Loan,2026-04-02,14407.71,47,306.55
C000387,107503,Personal Loan,2025-04-20,4828.54,16,301.78
C000388,105545,Vehicle Finance,2025-06-07,37408.94,52,719.4
C000389,105039,Personal Loan,2025-03-26,11327.04,35,323.63
C000390,107287,Personal Loan,2025-03-05,2897.86,19,152.52
C000391,109149,Personal Loan,2025-04-16,11975.15,20,598.76
C000392,101021,Personal Loan,2026-02-28,9843.44,27,364.57
C000393,106755,Payroll Loan,2026-02-20,23230.62,46,505.01
C000394,101291,Personal Loan,2026-06-10,3877.39,18,215.41
C000395,101000,Credit Card,2025-01-13,4088.94,10,408.89
C000396,100908,Payroll Loan,2026-02-23,8326.18,29,287.11
C000397,102610,Credit Card,2025-11-16,1954.98,19,102.89
C000398,104891,Payroll Loan,2025-07-01,9601.39,37,259.5
C000399,102024,Vehicle Finance,2025-04-02,47843.78,44,1087.36
C000400,102216,Personal Loan,2025-04-05,4422.18,20,221.11
C000401,109536,Credit Card,2025-10-05,8095.99,13,622.77
C000402,101461,Credit Card,2026-03-06,7171.53,9,796.84
C000403,100880,Credit Card,2025-03-14,6934.41,18,385.24
C000404,104207,Personal Loan,2025-12-29,18602.07,34,547.12
C000405,106822,Vehicle Finance,2025-03-28,72404.34,30,2413.48
C000406,105924,Vehicle Finance,2025-04-18,76069.66,24,3169.57
C000407,106478,Payroll Loan,2025-01-15,33000.0,37,891.89
C000408,101779,Payroll Loan,2026-06-02,3998.38,38,105.22
C000409,104033,Personal Loan,2025-06-16,2869.76,24,119.57
C000410,107773,Credit Card,2025-11-20,2999.28,11,272.66
C000411,103438,Personal Loan,2025-03-24,4705.7,16,294.11
C000412,105961,Credit Card,2025-11-20,3817.06,7,545.29
C000413,101333,Personal Loan,2026-01-17,11273.08,21,536.81
C000414,107601,Vehicle Finance,2025-08-05,22823.7,42,543.42
C000415,109775,Vehicle Finance,2025-11-12,43988.7,32,1374.65
C000416,103297,Payroll Loan,2025-04-23,16157.09,31,521.2
C000417,100861,Vehicle Finance,2025-08-29,34272.4,50,685.45
C000418,103929,Payroll Loan,2025-11-15,10617.11,42,252.79
C000419,108583,Personal Loan,2025-02-18,16679.77,28,595.71
C000420,109807,Personal Loan,2025-08-18,3023.3,17,177.84
C000421,105389,Personal Loan,2025-07-28,9559.52,18,531.08
C000422,106049,Personal Loan,2025-03-31,2300.82,35,65.74
C000423,106577,Credit Card,2025-02-20,3887.74,6,647.96
C000424,101517,Vehicle Finance,2025-01-11,56036.31,41,1366.74
C000425,101999,Vehicle Finance,2025-07-17,53046.38,33,1607.47
C000426,107143,Payroll Loan,2026-04-28,9058.35,25,362.33
C000427,104436,Payroll Loan,2026-01-29,6838.67,33,207.23
C000428,107438,Vehicle Finance,2026-05-24,53993.08,31,1741.71
C000429,103960,Credit Card,2025-10-07,3450.67,22,156.85
C000430,109648,Personal Loan,2025-02-24,11535.03,26,443.66
C000431,107681,Personal Loan,2025-09-28,11617.58,18,645.42
C000432,105475,Payroll Loan,2025-06-10,31610.38,35,903.15
C000433,108167,Payroll Loan,2025-12-04,7194.14,24,299.76
C000434,105896,Payroll Loan,2026-02-01,17748.77,33,537.84
C000435,102344,Credit Card,2026-06-01,6950.88,14,496.49
C000436,103053,Payroll Loan,2025-12-19,21160.27,28,755.72
C000437,101822,Personal Loan,2025-11-24,13259.87,17,779.99
C000438,105566,Vehicle Finance,2025-08-06,46420.09,31,1497.42
C000439,106489,Credit Card,2025-04-17,5389.84,20,269.49
C000440,100389,Credit Card,2025-06-26,7348.61,18,408.26
C000441,104405,Personal Loan,2025-11-11,4813.55,26,185.14
C000442,108235,Credit Card,2026-06-24,2813.33,6,468.89
C000443,107664,Personal Loan,2025-11-25,10064.84,36,279.58
C000444,106948,Credit Card,2025-03-02,3133.21,8,391.65
C000445,102949,Vehicle Finance,2025-03-04,16800.45,39,430.78
C000446,106827,Credit Card,2026-03-25,5193.15,13,399.47
C000447,102392,Payroll Loan,2026-04-04,10151.71,27,375.99
C000448,106808,Payroll Loan,2025-07-30,19663.1,43,457.28
C000449,108161,Payroll Loan,2025-06-13,13150.51,46,285.88
C000450,102174,Vehicle Finance,2025-01-07,61921.51,37,1673.55
C000451,107373,Vehicle Finance,2026-03-15,24978.86,44,567.7
C000452,100442,Vehicle Finance,2026-03-13,51232.43,29,1766.64
C000453,106451,Credit Card,2025-12-21,9394.55,11,854.05
C000454,105279,Credit Card,2026-06-17,2568.88,24,107.04
C000455,109533,Personal Loan,2025-04-14,7139.81,12,594.98
C000456,105402,Vehicle Finance,2026-03-30,34023.82,34,1000.7
C000457,100325,Credit Card,2026-06-14,5235.7,17,307.98
C000458,108532,Personal Loan,2025-12-06,3761.68,32,117.55
C000459,102655,Personal Loan,2025-12-25,7501.44,14,535.82
C000460,106784,Payroll Loan,2026-02-11,31497.16,44,715.84
C000461,107767,Payroll Loan,2025-07-12,11068.6,27,409.95
C000462,103285,Personal Loan,2025-06-02,4779.35,27,177.01
C000463,100408,Payroll Loan,2025-12-25,18523.76,48,385.91
C000464,105182,Payroll Loan,2025-06-01,3782.64,40,94.57
C000465,104030,Personal Loan,2026-02-22,10100.58,26,388.48
C000466,105319,Personal Loan,2026-04-15,6600.64,26,253.87
C000467,109025,Vehicle Finance,2025-10-09,28892.05,42,687.91
C000468,107004,Credit Card,2025-11-19,1835.58,16,114.72
C000469,102244,Vehicle Finance,2025-02-20,55493.22,59,940.56
C000470,107535,Payroll Loan,2025-09-02,17496.86,21,833.18
C000471,102881,Personal Loan,2026-06-28,3757.64,13,289.05
C000472,106170,Personal Loan,2025-12-11,11956.64,30,398.55
C000473,102555,Credit Card,2025-02-12,5761.82,13,443.22
C000474,108544,Vehicle Finance,2025-07-28,58231.43,28,2079.69
C000475,104858,Vehicle Finance,2026-01-19,64760.98,49,1321.65
C000476,103193,Payroll Loan,2026-05-07,11419.33,45,253.76
C000477,109861,Personal Loan,2026-02-04,12172.95,28,434.75
C000478,108198,Vehicle Finance,2025-06-09,15624.94,42,372.02
C000479,101886,Payroll Loan,2025-05-17,7481.5,17,440.09
C000480,100354,Payroll Loan,2025-03-29,9719.97,43,226.05
C000481,108575,Vehicle Finance,2026-01-19,42689.06,42,1016.41
C000482,108354,Vehicle Finance,2025-04-09,49821.02,32,1556.91
C000483,102561,Personal Loan,2025-12-23,9757.05,20,487.85
C000484,103095,Personal Loan,2026-05-20,10910.03,27,404.08
C000485,106719,Personal Loan,2025-12-31,11917.32,14,851.24
C000486,106946,Credit Card,2025-06-18,3500.77,22,159.13
C000487,104576,Payroll Loan,2025-05-06,33000.0,17,1941.18
C000488,107114,Personal Loan,2026-06-18,9134.08,35,260.97
C000489,103002,Payroll Loan,2025-03-12,28752.56,17,1691.33
C000490,103761,Vehicle Finance,2025-01-23,46115.7,32,1441.12
C000491,104806,Personal Loan,2025-10-06,9182.97,22,417.41
C000492,102293,Personal Loan,2025-01-27,3210.85,28,114.67
C000493,108076,Vehicle Finance,2026-03-22,80426.89,32,2513.34
C000494,107539,Personal Loan,2026-03-24,8961.98,24,373.42
C000495,105167,Credit Card,2025-03-15,3309.69,11,300.88
C000496,103073,Personal Loan,2025-08-09,5838.08,32,182.44
C000497,105039,Credit Card,2026-05-26,4064.0,6,677.33
C000498,103235,Personal Loan,2026-01-20,8660.06,26,333.08
C000499,102357,Credit Card,2025-03-09,2885.1,19,151.85
C000500,106449,Credit Card,2025-11-20,6868.14,24,286.17
C000501,101986,Payroll Loan,2025-10-23,19047.42,35,544.21
C000502,106912,Credit Card,2026-01-11,3392.82,20,169.64
C000503,106758,Vehicle Finance,2026-04-30,39049.98,31,1259.68
C000504,100052,Payroll Loan,2025-10-14,12749.43,30,424.98
C000505,101811,Payroll Loan,2026-06-03,19291.57,44,438.44
C000506,105020,Payroll Loan,2026-01-20,17351.34,15,1156.76
C000507,100259,Personal Loan,2025-01-31,4004.72,33,121.36
C000508,108233,Credit Card,2025-11-08,5234.91,8,654.36
C000509,105699,Credit Card,2025-08-07,2530.53,23,110.02
C000510,104033,Payroll Loan,2025-08-09,14280.12,36,396.67
C000511,104159,Credit Card,2026-01-17,2380.02,24,99.17
C000512,103511,Personal Loan,2026-01-17,7370.73,22,335.03
C000513,106620,Personal Loan,2025-08-10,5553.74,13,427.21
C000514,106203,Vehicle Finance,2025-03-08,55000.06,46,1195.65
C000515,100536,Credit Card,2025-02-22,2499.51,9,277.72
C000516,101921,Vehicle Finance,2025-05-27,67255.41,54,1245.47
C000517,108276,Payroll Loan,2026-02-13,14840.12,44,337.28
C000518,109255,Payroll Loan,2025-04-13,23253.04,33,704.64
C000519,108449,Credit Card,2026-04-14,4530.53,9,503.39
C000520,102333,Vehicle Finance,2026-04-04,24411.87,24,1017.16
C000521,108491,Credit Card,2025-10-09,7944.06,12,662.0
C000522,106948,Payroll Loan,2025-12-06,10245.42,31,330.5
C000523,102105,Credit Card,2026-02-04,1310.85,21,62.42
C000524,106766,Credit Card,2025-01-01,2756.84,14,196.92
C000525,107702,Personal Loan,2025-09-17,5644.38,22,256.56
C000526,107130,Vehicle Finance,2026-03-27,56690.79,49,1156.95
C000527,109552,Credit Card,2026-05-30,9033.5,12,752.79
C000528,108394,Payroll Loan,2025-05-31,5991.15,44,136.16
C000529,107096,Credit Card,2025-09-28,3832.26,17,225.43
C000530,105228,Vehicle Finance,2025-01-06,83512.76,38,2197.7
C000531,106104,Credit Card,2025-03-16,4586.36,15,305.76
C000532,109032,Vehicle Finance,2025-02-13,18718.48,49,382.01
C000533,104012,Vehicle Finance,2025-07-08,38058.14,51,746.24
C000534,106112,Vehicle Finance,2025-10-30,35684.98,27,1321.67
C000535,103544,Credit Card,2025-06-24,5641.59,10,564.16
C000536,109632,Payroll Loan,2025-04-10,8257.32,39,211.73
C000537,108929,Personal Loan,2026-04-21,6301.6,29,217.3
C000538,100914,Personal Loan,2025-12-10,2983.61,32,93.24
C000539,101588,Credit Card,2026-03-09,5410.66,21,257.65
C000540,108435,Payroll Loan,2026-04-13,18541.64,37,501.13
C000541,106122,Personal Loan,2026-04-20,2914.66,21,138.79
C000542,106276,Vehicle Finance,2025-08-12,37637.79,39,965.07
C000543,101655,Personal Loan,2026-01-18,7761.63,25,310.47
C000544,108878,Credit Card,2026-04-21,3500.36,6,583.39
C000545,107655,Personal Loan,2026-02-21,7388.56,12,615.71
C000546,103508,Vehicle Finance,2025-04-27,50454.4,60,840.91
C000547,108836,Personal Loan,2026-05-18,2988.04,31,96.39
C000548,106532,Vehicle Finance,2025-12-16,86978.1,32,2718.07
C000549,108668,Credit Card,2025-03-18,6530.37,11,593.67
C000550,105133,Personal Loan,2026-05-03,21000.0,17,1235.29
C000551,104022,Credit Card,2026-03-10,5117.37,6,852.9
C000552,107607,Personal Loan,2025-10-28,16168.28,33,489.95
C000553,100676,Credit Card,2025-07-14,3184.22,24,132.68
C000554,106585,Personal Loan,2026-03-02,7818.52,30,260.62
C000555,109452,Credit Card,2025-11-16,6955.42,7,993.63
C000556,108930,Credit Card,2025-11-27,3323.36,19,174.91
C000557,103016,Personal Loan,2025-02-01,14821.91,29,511.1
C000558,104297,Payroll Loan,2025-03-29,12726.91,31,410.55
C000559,102233,Personal Loan,2025-06-28,11066.37,32,345.82
C000560,105822,Personal Loan,2026-05-17,5126.03,28,183.07
C000561,106631,Personal Loan,2026-01-12,3459.38,17,203.49
C000562,108503,Personal Loan,2025-04-22,10419.49,32,325.61
C000563,108476,Payroll Loan,2026-04-27,14579.7,31,470.31
C000564,105573,Vehicle Finance,2026-03-05,33855.58,47,720.33
C000565,102863,Personal Loan,2025-02-13,5903.19,25,236.13
C000566,104273,Credit Card,2025-02-20,6796.13,10,679.61
C000567,103780,Credit Card,2025-07-25,2735.84,20,136.79
C000568,104674,Payroll Loan,2025-09-25,21460.18,26,825.39
C000569,102730,Credit Card,2026-02-22,4427.4,6,737.9
C000570,107725,Personal Loan,2025-11-14,3890.25,33,117.89
C000571,106701,Personal Loan,2025-07-06,3372.09,19,177.48
C000572,109398,Payroll Loan,2026-01-04,16353.53,34,480.99
C000573,100624,Credit Card,2025-12-30,1853.26,6,308.88
C000574,102040,Personal Loan,2026-01-19,18163.55,27,672.72
C000575,100099,Credit Card,2025-11-30,5073.93,9,563.77
C000576,102499,Personal Loan,2025-01-31,2521.46,32,78.8
C000577,101125,Vehicle Finance,2026-05-21,46386.76,56,828.34
C000578,101930,Personal Loan,2025-06-26,7957.74,24,331.57
C000579,105661,Payroll Loan,2026-03-21,14573.25,13,1121.02
C000580,101886,Personal Loan,2025-12-31,6208.98,14,443.5
C000581,105790,Personal Loan,2025-12-07,7606.25,36,211.28
C000582,100622,Payroll Loan,2025-07-24,16605.28,34,488.39
C000583,106752,Vehicle Finance,2026-02-27,40950.57,55,744.56
C000584,107977,Credit Card,2025-09-01,8002.48,19,421.18
C000585,108239,Payroll Loan,2025-05-20,26743.25,31,862.69
C000586,103394,Personal Loan,2025-02-23,2534.73,29,87.4
C000587,103246,Credit Card,2025-02-25,4625.66,16,289.1
C000588,104247,Personal Loan,2025-11-24,15272.56,18,848.48
C000589,108877,Payroll Loan,2025-08-25,6079.66,12,506.64
C000590,108656,Personal Loan,2025-06-28,3020.27,13,232.33
C000591,105186,Vehicle Finance,2025-10-01,23030.57,46,500.66
C000592,109159,Credit Card,2025-03-03,2268.65,15,151.24
C000593,102810,Payroll Loan,2026-04-30,33000.0,46,717.39
C000594,105454,Vehicle Finance,2025-10-03,28916.52,41,705.28
C000595,101893,Personal Loan,2026-05-19,7947.32,12,662.28
C000596,100974,Credit Card,2025-08-08,2847.32,17,167.49
C000597,106919,Personal Loan,2025-06-12,2535.78,19,133.46
C000598,104564,Vehicle Finance,2025-12-11,95029.85,30,3167.66
C000599,105718,Vehicle Finance,2025-01-20,13682.31,32,427.57
C000600,109135,Vehicle Finance,2025-05-05,43822.2,58,755.56
C000601,104915,Vehicle Finance,2025-10-04,46406.08,28,1657.36
C000602,109018,Credit Card,2025-03-24,3215.95,10,321.59
C000603,105793,Personal Loan,2026-06-24,11984.02,15,798.93
C000604,103251,Vehicle Finance,2025-07-06,19687.53,38,518.09
C000605,100818,Personal Loan,2026-01-30,6649.08,23,289.09
C000606,109710,Credit Card,2026-05-17,1493.46,20,74.67
C000607,107990,Vehicle Finance,2025-02-05,23268.8,44,528.84
C000608,103244,Personal Loan,2025-04-27,7585.6,31,244.7
C000609,107085,Credit Card,2025-02-10,7220.76,23,313.95
C000610,108143,Personal Loan,2025-06-11,4283.64,23,186.25
C000611,100233,Vehicle Finance,2025-11-11,26274.5,31,847.56
C000612,109363,Vehicle Finance,2026-03-05,49034.34,41,1195.96
C000613,101359,Payroll Loan,2025-08-20,8253.68,39,211.63
C000614,101300,Credit Card,2026-02-19,7176.17,19,377.69
C000615,104493,Credit Card,2026-03-28,5614.55,24,233.94
C000616,102923,Personal Loan,2025-08-04,12765.88,16,797.87
C000617,103835,Personal Loan,2025-07-03,6990.6,18,388.37
C000618,105610,Personal Loan,2026-03-20,2414.91,27,89.44
C000619,104194,Credit Card,2025-05-11,5336.65,10,533.66
C000620,103689,Personal Loan,2026-02-13,6568.96,27,243.29
C000621,105373,Personal Loan,2025-12-25,5068.82,20,253.44
C000622,109793,Vehicle Finance,2025-06-05,36874.25,46,801.61
C000623,106993,Credit Card,2025-04-18,1696.39,19,89.28
C000624,104032,Vehicle Finance,2025-12-05,28604.64,57,501.84
C000625,106943,Personal Loan,2026-01-11,14384.41,33,435.89
C000626,108380,Credit Card,2025-05-23,2266.16,14,161.87
C000627,100467,Vehicle Finance,2025-12-16,56174.34,38,1478.27
C000628,101979,Payroll Loan,2025-10-12,8554.78,42,203.69
C000629,109958,Personal Loan,2025-01-04,5327.06,35,152.2
C000630,109832,Credit Card,2025-08-31,4265.46,19,224.5
C000631,107060,Credit Card,2025-05-19,5432.47,22,246.93
C000632,107301,Payroll Loan,2025-09-18,6015.83,28,214.85
C000633,109094,Payroll Loan,2025-03-09,8204.97,24,341.87
C000634,100140,Vehicle Finance,2026-06-06,17024.74,51,333.82
C000635,105253,Credit Card,2025-02-11,6078.94,12,506.58
C000636,101724,Vehicle Finance,2026-03-09,76451.94,26,2940.46
C000637,109536,Payroll Loan,2025-05-10,9506.16,14,679.01
C000638,101023,Credit Card,2025-12-04,6621.98,16,413.87
C000639,101206,Personal Loan,2025-03-11,10315.22,21,491.2
C000640,105916,Personal Loan,2025-01-29,16713.25,27,619.01
C000641,103265,Payroll Loan,2026-05-22,8246.73,31,266.02
C000642,108339,Credit Card,2025-03-11,3021.32,16,188.83
C000643,102972,Credit Card,2025-11-13,3697.46,9,410.83
C000644,107853,Payroll Loan,2025-12-16,12788.66,47,272.1
C000645,103922,Personal Loan,2025-05-01,4911.62,17,288.92
C000646,105783,Personal Loan,2026-05-17,11955.92,34,351.64
C000647,109740,Payroll Loan,2026-03-15,13863.89,35,396.11
C000648,106172,Credit Card,2025-01-27,10830.06,13,833.08
C000649,101876,Credit Card,2025-01-16,2637.72,16,164.86
C000650,109432,Vehicle Finance,2026-06-25,71121.77,33,2155.21
C000651,109393,Personal Loan,2025-03-02,16042.91,24,668.45
C000652,104525,Personal Loan,2025-09-15,4631.21,13,356.25
C000653,103809,Personal Loan,2026-02-23,12971.35,22,589.61
C000654,107505,Personal Loan,2025-07-28,7162.5,20,358.12
C000655,105512,Payroll Loan,2026-06-07,8457.09,12,704.76
C000656,100972,Payroll Loan,2026-01-08,2750.0,21,130.95
C000657,103285,Credit Card,2026-02-16,3764.03,23,163.65
C000658,100846,Personal Loan,2026-06-25,5436.02,34,159.88
C000659,102938,Credit Card,2025-03-11,4722.92,14,337.35
C000660,101718,Personal Loan,2025-04-22,8120.08,35,232.0
C000661,109830,Personal Loan,2025-02-26,17333.09,31,559.13
C000662,109580,Personal Loan,2026-06-10,10307.77,32,322.12
C000663,100218,Credit Card,2025-10-28,5062.53,18,281.25
C000664,107597,Vehicle Finance,2025-03-09,29659.01,36,823.86
C000665,108141,Credit Card,2025-06-10,6638.33,12,553.19
C000666,109116,Credit Card,2026-03-19,11646.66,11,1058.79
C000667,108857,Vehicle Finance,2025-10-15,15860.55,24,660.86
C000668,103400,Personal Loan,2026-01-20,5140.35,34,151.19
C000669,104838,Payroll Loan,2025-09-25,16525.27,24,688.55
C000670,101675,Credit Card,2025-09-24,2521.12,9,280.12
C000671,108655,Personal Loan,2026-04-28,3346.6,13,257.43
C000672,100600,Credit Card,2025-10-26,5761.49,9,640.17
C000673,105026,Vehicle Finance,2026-02-11,47273.37,30,1575.78
C000674,104380,Credit Card,2026-06-18,5136.03,20,256.8
C000675,103376,Credit Card,2025-09-07,4832.35,19,254.33
C000676,109719,Personal Loan,2026-02-22,9675.93,18,537.55
C000677,104752,Credit Card,2026-05-03,4984.56,7,712.08
C000678,100421,Credit Card,2026-06-25,7606.0,15,507.07
C000679,108474,Credit Card,2025-08-15,8952.24,17,526.6
C000680,109272,Vehicle Finance,2025-03-03,36808.34,35,1051.67
C000681,103498,Personal Loan,2026-05-08,10130.18,34,297.95
C000682,102761,Personal Loan,2025-08-05,10265.64,26,394.83
C000683,107030,Credit Card,2025-02-10,4769.69,8,596.21
C000684,100574,Personal Loan,2025-05-16,10125.17,36,281.25
C000685,106554,Credit Card,2026-04-17,4333.04,19,228.05
C000686,101729,Payroll Loan,2025-06-28,15986.4,42,380.63
C000687,102171,Payroll Loan,2025-11-28,33000.0,22,1500.0
C000688,100990,Payroll Loan,2026-06-12,15604.89,47,332.02
C000689,106378,Payroll Loan,2026-01-09,19019.37,41,463.89
C000690,106800,Credit Card,2025-10-30,3569.37,24,148.72
C000691,104646,Personal Loan,2025-07-14,7441.13,12,620.09
C000692,109558,Personal Loan,2026-04-01,18606.49,31,600.21
C000693,100752,Personal Loan,2026-02-17,4584.08,24,191.0
C000694,109886,Personal Loan,2025-01-06,3144.51,29,108.43
C000695,108085,Credit Card,2025-08-26,1279.31,6,213.22
C000696,100709,Credit Card,2025-10-13,4297.71,15,286.51
C000697,104300,Payroll Loan,2025-07-09,9744.73,35,278.42
C000698,105472,Vehicle Finance,2026-06-07,55814.92,48,1162.81
C000699,106098,Payroll Loan,2026-06-11,7670.28,42,182.63
C000700,104348,Payroll Loan,2025-07-06,10347.02,35,295.63
C000701,103018,Credit Card,2025-01-03,4506.91,15,300.46
C000702,102796,Personal Loan,2025-09-27,8782.73,24,365.95
C000703,105966,Credit Card,2025-12-27,7173.2,20,358.66
C000704,105385,Credit Card,2025-06-13,2697.59,6,449.6
C000705,103846,Credit Card,2026-01-08,7289.53,21,347.12
C000706,102455,Credit Card,2026-01-24,3634.03,19,191.26
C000707,105100,Payroll Loan,2025-01-12,9999.62,22,454.53
C000708,102400,Personal Loan,2025-01-05,3107.31,13,239.02
C000709,104244,Personal Loan,2025-11-06,9457.41,28,337.76
C000710,109553,Credit Card,2025-11-08,4251.36,18,236.19
C000711,107432,Payroll Loan,2026-03-29,6193.1,29,213.56
C000712,107487,Personal Loan,2025-03-02,6969.55,18,387.2
C000713,100540,Personal Loan,2025-08-18,13173.3,25,526.93
C000714,107657,Credit Card,2025-09-05,2581.54,22,117.34
C000715,106301,Credit Card,2025-12-27,7392.53,14,528.04
C000716,105111,Vehicle Finance,2025-10-03,64365.36,57,1129.22
C000717,102731,Personal Loan,2026-01-09,5058.57,26,194.56
C000718,104251,Vehicle Finance,2025-08-11,25983.63,29,895.99
C000719,103656,Personal Loan,2025-03-01,11988.19,26,461.08
C000720,103830,Personal Loan,2025-01-28,11056.73,22,502.58
C000721,108125,Vehicle Finance,2025-01-30,80772.17,58,1392.62
C000722,101367,Personal Loan,2025-11-01,6651.41,12,554.28
C000723,106316,Credit Card,2025-08-24,3567.51,17,209.85
C000724,109730,Credit Card,2025-05-17,4287.31,20,214.37
C000725,101752,Payroll Loan,2025-11-30,9722.35,17,571.9
C000726,106756,Payroll Loan,2025-08-29,8218.25,47,174.86
C000727,101067,Personal Loan,2025-06-18,5492.42,24,228.85
C000728,105078,Personal Loan,2025-02-19,5938.65,30,197.96
C000729,103269,Vehicle Finance,2025-03-08,31750.36,55,577.28
C000730,106300,Credit Card,2025-03-31,4558.38,10,455.84
C000731,107527,Personal Loan,2025-04-03,3852.01,20,192.6
C000732,109972,Payroll Loan,2025-12-03,8233.54,32,257.3
C000733,100944,Credit Card,2025-12-03,5113.42,17,300.79
C000734,102503,Payroll Loan,2026-06-27,3460.16,20,173.01
C000735,107046,Credit Card,2025-02-14,3885.21,14,277.52
C000736,108788,Payroll Loan,2026-06-20,5896.87,17,346.87
C000737,103832,Payroll Loan,2026-02-03,10322.92,34,303.62
C000738,101005,Vehicle Finance,2025-03-04,49746.92,29,1715.41
C000739,100911,Credit Card,2025-11-07,4729.15,16,295.57
C000740,100056,Payroll Loan,2025-11-13,25487.94,31,822.19
C000741,100804,Payroll Loan,2025-02-25,9150.81,24,381.28
C000742,109122,Payroll Loan,2026-05-09,7174.89,34,211.03
C000743,109973,Credit Card,2026-01-22,7464.68,14,533.19
C000744,100866,Credit Card,2025-08-06,3031.88,18,168.44
C000745,109996,Credit Card,2025-08-17,6224.7,23,270.64
C000746,106863,Personal Loan,2026-03-16,6320.96,30,210.7
C000747,105485,Vehicle Finance,2025-11-30,52605.25,46,1143.59
C000748,104788,Personal Loan,2025-03-19,21000.0,17,1235.29
C000749,102553,Personal Loan,2025-11-25,9571.13,17,563.01
C000750,104109,Personal Loan,2026-06-23,6780.82,15,452.05
C000751,109750,Vehicle Finance,2026-04-23,12823.87,28,458.0
C000752,109899,Personal Loan,2025-12-18,9256.63,16,578.54
C000753,106529,Payroll Loan,2025-10-22,33000.0,19,1736.84
C000754,103232,Payroll Loan,2025-12-04,9822.5,32,306.95
C000755,103506,Credit Card,2025-05-31,5447.86,15,363.19
C000756,100934,Vehicle Finance,2025-11-14,25186.69,37,680.72
C000757,102527,Payroll Loan,2026-04-03,8743.61,20,437.18
C000758,102444,Personal Loan,2026-05-08,7659.15,12,638.26
C000759,109680,Credit Card,2025-11-21,4975.63,10,497.56
C000760,109637,Credit Card,2025-06-18,5928.9,16,370.56
C000761,106184,Credit Card,2025-04-29,5318.55,19,279.92
C000762,109355,Payroll Loan,2025-04-27,5449.02,44,123.84
C000763,105729,Personal Loan,2025-05-07,3498.64,34,102.9
C000764,102921,Payroll Loan,2025-10-19,20400.76,16,1275.05
C000765,105224,Personal Loan,2025-08-30,15669.79,15,1044.65
C000766,105461,Credit Card,2026-06-22,7035.95,21,335.05
C000767,102959,Personal Loan,2025-12-04,3026.39,24,126.1
C000768,105912,Vehicle Finance,2026-06-21,31213.49,30,1040.45
C000769,108904,Credit Card,2026-05-17,1759.17,23,76.49
C000770,109796,Credit Card,2025-02-20,3533.68,12,294.47
C000771,109328,Vehicle Finance,2025-05-26,48680.15,53,918.49
C000772,106232,Payroll Loan,2025-01-27,10623.07,21,505.86
C000773,106234,Vehicle Finance,2025-12-16,33874.33,44,769.87
C000774,108497,Personal Loan,2026-03-18,4152.15,14,296.58
C000775,103121,Personal Loan,2026-05-15,9623.93,14,687.42
C000776,101449,Payroll Loan,2025-12-18,15000.02,43,348.84
C000777,100180,Payroll Loan,2025-05-10,14721.18,22,669.14
C000778,104936,Credit Card,2025-12-08,11509.19,19,605.75
C000779,101450,Credit Card,2025-05-22,3211.05,14,229.36
C000780,107641,Credit Card,2026-01-17,1718.28,6,286.38
C000781,102100,Credit Card,2025-01-21,3414.95,17,200.88
C000782,100420,Payroll Loan,2025-01-18,10450.46,29,360.36
C000783,103859,Vehicle Finance,2025-12-01,65405.18,60,1090.09
C000784,104319,Credit Card,2025-08-13,5701.73,13,438.59
C000785,105397,Credit Card,2025-03-17,7158.1,11,650.74
C000786,109451,Vehicle Finance,2025-09-19,58817.92,41,1434.58
C000787,105055,Vehicle Finance,2025-12-07,32032.84,25,1281.31
C000788,107803,Personal Loan,2025-12-26,3930.45,22,178.66
C000789,107430,Payroll Loan,2025-01-18,14145.2,48,294.69
C000790,101391,Personal Loan,2025-11-13,11295.78,21,537.89
C000791,102358,Personal Loan,2025-02-12,3036.63,18,168.7
C000792,104893,Credit Card,2026-02-17,5720.28,19,301.07
C000793,103107,Vehicle Finance,2026-01-30,24694.24,36,685.95
C000794,104598,Credit Card,2025-10-24,5412.03,12,451.0
C000795,102033,Credit Card,2026-03-18,2552.07,12,212.67
C000796,101205,Credit Card,2025-12-12,1451.72,23,63.12
C000797,103996,Vehicle Finance,2025-11-22,53716.21,34,1579.89
C000798,103089,Credit Card,2025-01-03,2135.58,16,133.47
C000799,105789,Personal Loan,2025-04-14,1912.58,22,86.94
C000800,101807,Credit Card,2025-12-14,4243.23,13,326.4
C000801,106310,Credit Card,2026-06-02,3879.04,6,646.51
C000802,109884,Payroll Loan,2025-10-07,11067.3,45,245.94
C000803,104401,Credit Card,2026-06-26,6274.48,16,392.16
C000804,105047,Credit Card,2025-08-14,3635.27,13,279.64
C000805,100767,Credit Card,2025-03-15,3664.12,14,261.72
C000806,101539,Personal Loan,2026-01-16,9024.89,28,322.32
C000807,100311,Vehicle Finance,2026-01-28,28243.75,56,504.35
C000808,104674,Credit Card,2025-01-02,5070.38,6,845.06
C000809,104969,Credit Card,2026-04-26,5208.23,16,325.51
C000810,100902,Personal Loan,2026-02-24,3474.6,32,108.58
C000811,104222,Credit Card,2025-11-18,4608.66,18,256.04
C000812,108417,Personal Loan,2026-04-30,8135.83,20,406.79
C000813,108652,Personal Loan,2026-02-02,3248.4,34,95.54
C000814,106394,Vehicle Finance,2025-03-03,58506.45,30,1950.22
C000815,107572,Personal Loan,2025-12-27,5525.1,23,240.22
C000816,105209,Vehicle Finance,2025-07-13,68454.55,37,1850.12
C000817,103226,Credit Card,2026-06-23,7273.17,12,606.1
C000818,107300,Vehicle Finance,2026-04-20,38810.88,47,825.76
C000819,108466,Payroll Loan,2026-01-24,12206.73,29,420.92
C000820,103092,Credit Card,2025-02-03,5468.31,7,781.19
C000821,104011,Vehicle Finance,2026-05-12,29853.03,39,765.46
C000822,104071,Payroll Loan,2025-05-05,8526.08,16,532.88
C000823,107157,Personal Loan,2026-03-08,4061.07,19,213.74
C000824,100905,Credit Card,2026-03-16,7880.75,16,492.55
C000825,107451,Vehicle Finance,2025-09-29,30084.9,60,501.42
C000826,102415,Payroll Loan,2025-07-14,23217.74,21,1105.61
C000827,104596,Vehicle Finance,2025-04-23,72803.54,30,2426.78
C000828,100326,Personal Loan,2025-07-05,6534.4,20,326.72
C000829,108068,Personal Loan,2025-02-11,2212.85,29,76.31
C000830,101044,Personal Loan,2025-08-06,6790.03,12,565.84
C000831,102365,Vehicle Finance,2025-08-16,79944.67,37,2160.67
C000832,106544,Credit Card,2026-06-13,5559.35,16,347.46
C000833,103354,Credit Card,2025-09-07,4578.09,10,457.81
C000834,102258,Personal Loan,2025-02-01,10793.95,15,719.6
C000835,105506,Personal Loan,2025-03-21,9157.26,27,339.16
C000836,100068,Personal Loan,2025-07-20,9434.47,16,589.65
C000837,103641,Vehicle Finance,2025-06-14,45734.95,34,1345.15
C000838,101958,Credit Card,2025-07-17,3916.02,23,170.26
C000839,105547,Vehicle Finance,2025-09-01,22592.79,29,779.06
C000840,103076,Payroll Loan,2026-06-19,13903.38,35,397.24
C000841,106678,Vehicle Finance,2025-01-26,18589.68,37,502.42
C000842,101414,Credit Card,2025-06-07,3998.34,12,333.2
C000843,100788,Payroll Loan,2025-06-29,10215.05,17,600.89
C000844,102131,Credit Card,2026-05-31,4870.64,13,374.66
C000845,108665,Credit Card,2025-12-17,1497.69,16,93.61
C000846,109759,Credit Card,2025-08-09,3286.73,8,410.84
C000847,100686,Vehicle Finance,2025-01-19,33334.84,56,595.26
C000848,100241,Payroll Loan,2025-09-07,8472.96,32,264.78
C000849,101612,Credit Card,2026-04-16,3178.88,8,397.36
C000850,105649,Payroll Loan,2026-01-05,5920.02,35,169.14
C000851,109281,Vehicle Finance,2026-05-21,69022.72,44,1568.7
C000852,107839,Personal Loan,2025-09-20,3272.81,35,93.51
C000853,102475,Payroll Loan,2025-06-04,15263.27,36,423.98
C000854,109815,Personal Loan,2025-04-29,5398.53,29,186.16
C000855,102697,Payroll Loan,2025-11-29,8078.34,18,448.8
C000856,103586,Payroll Loan,2026-04-04,21048.69,46,457.58
C000857,108184,Vehicle Finance,2025-11-12,73851.02,54,1367.61
C000858,103047,Payroll Loan,2025-06-04,24428.9,26,939.57
C000859,107426,Payroll Loan,2025-12-03,5844.05,21,278.29
C000860,104234,Vehicle Finance,2026-04-14,24650.38,57,432.46
C000861,108343,Payroll Loan,2025-11-22,11997.57,24,499.9
C000862,106279,Credit Card,2026-06-13,2808.36,21,133.73
C000863,109296,Personal Loan,2025-05-24,8410.44,17,494.73
C000864,104403,Vehicle Finance,2025-10-19,54454.04,27,2016.82
C000865,103692,Payroll Loan,2025-05-11,16171.77,19,851.15
C000866,103297,Credit Card,2025-04-06,3925.58,6,654.26
C000867,105444,Credit Card,2025-03-05,6237.41,10,623.74
C000868,109121,Credit Card,2025-03-30,3615.7,17,212.69
C000869,101611,Credit Card,2025-06-24,4871.6,13,374.74
C000870,104111,Personal Loan,2026-04-11,9014.85,30,300.5
C000871,102494,Payroll Loan,2025-04-18,7466.29,35,213.32
C000872,101861,Credit Card,2025-06-04,4293.5,13,330.27
C000873,106811,Payroll Loan,2026-02-04,17556.79,29,605.41
C000874,109962,Credit Card,2025-09-27,5083.59,11,462.14
C000875,109906,Personal Loan,2025-12-24,5546.62,33,168.08
C000876,105662,Personal Loan,2026-03-05,6085.06,36,169.03
C000877,100050,Credit Card,2025-09-10,5974.61,15,398.31
C000878,108507,Credit Card,2025-01-31,3404.68,13,261.9
C000879,107058,Payroll Loan,2025-09-12,18425.31,16,1151.58
C000880,103209,Payroll Loan,2025-08-25,6764.01,16,422.75
C000881,108767,Vehicle Finance,2026-05-29,40637.3,45,903.05
C000882,102315,Payroll Loan,2026-01-02,21795.89,36,605.44
C000883,105996,Payroll Loan,2025-12-04,12293.95,18,683.0
C000884,101901,Personal Loan,2025-11-10,14343.74,29,494.61
C000885,105041,Personal Loan,2025-07-28,9588.67,33,290.57
C000886,107553,Credit Card,2025-08-11,5319.87,23,231.3
C000887,107192,Personal Loan,2025-05-07,4839.71,34,142.34
C000888,109667,Personal Loan,2025-07-12,3003.76,23,130.6
C000889,107553,Credit Card,2026-02-01,6681.24,7,954.46
C000890,109415,Payroll Loan,2025-02-13,4083.7,43,94.97
C000891,108833,Payroll Loan,2025-10-24,8575.62,31,276.63
C000892,107072,Personal Loan,2025-11-27,9286.26,17,546.25
C000893,103549,Credit Card,2025-03-20,4479.57,16,279.97
C000894,107230,Personal Loan,2025-02-01,7099.62,29,244.81
C000895,100410,Payroll Loan,2025-08-24,12658.58,32,395.58
C000896,102650,Credit Card,2025-10-12,7621.94,11,692.9
C000897,104712,Personal Loan,2025-04-13,4071.73,14,290.84
C000898,103753,Payroll Loan,2025-03-15,6965.42,46,151.42
C000899,102845,Personal Loan,2025-06-12,8923.95,15,594.93
C000900,100663,Personal Loan,2025-01-22,2416.47,14,172.6
C000901,109087,Personal Loan,2025-12-05,10197.44,25,407.9
C000902,105629,Vehicle Finance,2025-09-23,24244.9,40,606.12
C000903,104399,Personal Loan,2025-11-17,3305.33,14,236.1
C000904,109586,Payroll Loan,2025-06-17,33000.0,37,891.89
C000905,107604,Credit Card,2025-11-24,3865.87,24,161.08
C000906,106643,Credit Card,2025-09-24,2847.17,8,355.9
C000907,104093,Personal Loan,2026-06-08,6559.05,14,468.5
C000908,104321,Personal Loan,2025-03-31,7405.58,16,462.85
C000909,104181,Vehicle Finance,2025-09-02,103531.86,32,3235.37
C000910,103059,Credit Card,2026-06-12,1711.78,11,155.62
C000911,109395,Credit Card,2026-05-31,5393.04,10,539.3
C000912,104939,Vehicle Finance,2025-01-08,39297.5,25,1571.9
C000913,104758,Personal Loan,2025-07-06,3301.17,12,275.1
C000914,103457,Vehicle Finance,2025-03-16,41961.58,50,839.23
C000915,103874,Credit Card,2026-01-11,5033.77,23,218.86
C000916,109249,Personal Loan,2026-01-24,4057.83,32,126.81
C000917,107893,Credit Card,2025-11-04,1917.07,17,112.77
C000918,107097,Payroll Loan,2026-05-23,15258.27,40,381.46
C000919,106585,Personal Loan,2025-01-18,3383.21,17,199.01
C000920,102607,Personal Loan,2025-01-25,5796.84,36,161.02
C000921,101342,Vehicle Finance,2026-05-24,66993.85,43,1558.0
C000922,104358,Credit Card,2025-01-13,2158.51,8,269.81
C000923,106376,Vehicle Finance,2026-06-10,48530.18,39,1244.36
C000924,100128,Personal Loan,2025-11-01,5460.12,29,188.28
C000925,100039,Credit Card,2025-12-11,10832.4,15,722.16
C000926,100219,Credit Card,2025-08-29,3879.04,15,258.6
C000927,100200,Credit Card,2025-12-12,4426.86,22,201.22
C000928,104453,Personal Loan,2025-04-22,4812.77,13,370.21
C000929,105056,Payroll Loan,2025-02-26,15606.44,42,371.58
C000930,104368,Personal Loan,2025-03-14,8468.48,26,325.71
C000931,100961,Payroll Loan,2025-04-02,20174.03,21,960.67
C000932,100119,Personal Loan,2026-04-11,8691.46,19,457.45
C000933,106247,Personal Loan,2025-08-30,5157.35,21,245.59
C000934,103670,Personal Loan,2025-03-09,7974.37,15,531.62
C000935,101234,Payroll Loan,2025-05-17,7863.72,42,187.23
C000936,102719,Credit Card,2026-01-15,3128.29,18,173.79
C000937,102544,Vehicle Finance,2025-07-19,37681.02,55,685.11
C000938,102797,Payroll Loan,2026-03-28,8588.74,17,505.22
C000939,101529,Personal Loan,2025-01-12,11597.02,14,828.36
C000940,103368,Vehicle Finance,2025-01-13,42159.01,42,1003.79
C000941,101621,Personal Loan,2026-02-28,6378.44,13,490.65
C000942,105980,Vehicle Finance,2026-02-11,55115.44,36,1530.98
C000943,104062,Personal Loan,2025-02-18,9711.64,23,422.25
C000944,107245,Personal Loan,2026-01-09,10108.74,24,421.2
C000945,107758,Personal Loan,2025-04-24,5527.63,14,394.83
C000946,103917,Credit Card,2025-10-24,7873.75,11,715.8
C000947,108886,Personal Loan,2026-02-08,11644.11,25,465.76
C000948,109817,Personal Loan,2025-02-13,12867.61,25,514.7
C000949,104471,Credit Card,2026-06-28,2609.17,10,260.92
C000950,105820,Personal Loan,2026-05-11,13186.55,24,549.44
C000951,104465,Personal Loan,2025-06-17,4521.56,14,322.97
C000952,106934,Credit Card,2026-05-12,5558.21,16,347.39
C000953,101100,Payroll Loan,2025-10-20,21700.91,13,1669.3
C000954,104525,Payroll Loan,2025-07-06,17160.93,46,373.06
C000955,104942,Payroll Loan,2026-04-22,7644.44,12,637.04
C000956,109396,Credit Card,2025-07-03,4521.03,15,301.4
C000957,108397,Personal Loan,2025-08-23,6563.82,27,243.1
C000958,105388,Credit Card,2025-10-26,13456.23,24,560.68
C000959,105710,Credit Card,2025-04-28,4513.66,11,410.33
C000960,107450,Personal Loan,2026-04-24,17962.32,30,598.74
C000961,100644,Payroll Loan,2026-04-18,33000.0,25,1320.0
C000962,105208,Payroll Loan,2026-05-24,13064.4,26,502.48
C000963,104801,Credit Card,2026-04-19,2472.7,18,137.37
C000964,108674,Vehicle Finance,2025-05-17,16914.68,26,650.56
C000965,107231,Credit Card,2025-11-15,3934.16,16,245.88
C000966,107649,Payroll Loan,2025-10-31,7005.88,48,145.96
C000967,100787,Personal Loan,2026-03-15,4955.53,13,381.19
C000968,108251,Personal Loan,2025-07-18,2952.85,14,210.92
C000969,106778,Credit Card,2025-10-18,5232.98,13,402.54
C000970,100631,Vehicle Finance,2025-04-30,33378.67,60,556.31
C000971,106435,Personal Loan,2025-10-14,2971.8,29,102.48
C000972,105724,Vehicle Finance,2025-01-02,35898.97,44,815.89
C000973,101335,Credit Card,2025-01-08,4288.44,14,306.32
C000974,105229,Personal Loan,2025-06-10,21000.0,18,1166.67
C000975,108332,Vehicle Finance,2026-01-19,54781.99,56,978.25
C000976,103897,Vehicle Finance,2025-06-29,19032.7,54,352.46
C000977,102667,Personal Loan,2026-01-10,14691.13,15,979.41
C000978,102778,Personal Loan,2025-12-24,14115.07,12,1176.26
C000979,107181,Personal Loan,2025-06-12,12416.94,12,1034.75
C000980,108176,Personal Loan,2025-12-18,7677.84,18,426.55
C000981,107826,Personal Loan,2025-08-12,5092.85,30,169.76
C000982,102895,Credit Card,2026-06-19,4795.07,9,532.79
C000983,104375,Payroll Loan,2025-01-10,21022.19,17,1236.6
C000984,105674,Personal Loan,2025-12-29,6061.78,22,275.54
C000985,107001,Payroll Loan,2026-03-28,8292.81,13,637.91
C000986,104970,Vehicle Finance,2025-03-25,37407.65,44,850.17
C000987,106655,Credit Card,2026-06-18,4296.09,14,306.86
C000988,105101,Vehicle Finance,2025-11-18,68451.72,48,1426.08
C000989,100463,Payroll Loan,2025-11-05,33000.0,34,970.59
C000990,109339,Credit Card,2025-04-01,6206.13,22,282.1
C000991,102809,Credit Card,2025-11-22,2934.11,14,209.58
C000992,108934,Vehicle Finance,2025-03-26,44152.19,54,817.63
C000993,104778,Payroll Loan,2025-08-09,3250.22,45,72.23
C000994,105891,Payroll Loan,2026-05-22,17401.53,13,1338.58
C000995,108808,Personal Loan,2025-05-08,2899.85,13,223.07
C000996,102029,Personal Loan,2025-04-08,6210.18,30,207.01
C000997,101029,Payroll Loan,2025-01-04,8231.07,19,433.21
C000998,101849,Credit Card,2025-09-18,5851.49,23,254.41
C000999,108326,Personal Loan,2026-02-05,16672.57,14,1190.9
C001000,101092,Personal Loan,2026-05-11,14892.9,21,709.19
C001001,106377,Credit Card,2025-02-27,5226.31,12,435.53
C001002,104620,Payroll Loan,2025-11-28,19609.16,43,456.03
C001003,100856,Personal Loan,2025-03-30,14389.83,26,553.46
C001004,101897,Personal Loan,2025-09-08,3467.51,16,216.72
C001005,108171,Personal Loan,2025-05-24,3102.78,17,182.52
C001006,104449,Payroll Loan,2025-07-02,14077.63,46,306.04
C001007,105984,Payroll Loan,2025-10-11,15945.32,32,498.29
C001008,103493,Credit Card,2025-03-10,3047.77,21,145.13
C001009,105182,Vehicle Finance,2026-04-21,28530.68,42,679.3
C001010,100316,Credit Card,2026-04-14,4544.88,19,239.2
C001011,109946,Credit Card,2025-05-21,7506.23,22,341.19
C001012,107891,Payroll Loan,2026-03-15,4168.88,42,99.26
C001013,106030,Credit Card,2025-12-23,6580.7,17,387.1
C001014,109504,Credit Card,2026-05-17,4607.93,6,767.99
C001015,109660,Payroll Loan,2026-02-18,5732.06,13,440.93
C001016,104062,Personal Loan,2026-02-27,7865.55,31,253.73
C001017,109716,Credit Card,2025-10-06,4545.58,8,568.2
C001018,103136,Payroll Loan,2025-09-25,16645.02,32,520.16
C001019,108514,Personal Loan,2025-05-05,14024.01,25,560.96
C001020,100493,Vehicle Finance,2025-04-16,88643.58,42,2110.56
C001021,103586,Vehicle Finance,2025-10-20,20047.26,42,477.32
C001022,100179,Payroll Loan,2026-04-27,11278.24,33,341.76
C001023,108272,Credit Card,2025-10-01,4295.71,23,186.77
C001024,106345,Credit Card,2025-04-22,5768.93,15,384.6
C001025,100585,Credit Card,2025-11-17,10394.7,20,519.74
C001026,105396,Vehicle Finance,2025-09-13,59860.06,37,1617.84
C001027,102296,Personal Loan,2025-05-16,6508.73,23,282.99
C001028,107847,Personal Loan,2025-12-26,8856.31,24,369.01
C001029,101968,Personal Loan,2025-07-06,3944.93,27,146.11
C001030,105446,Payroll Loan,2026-04-09,25798.61,13,1984.51
C001031,106670,Payroll Loan,2026-03-19,19929.16,12,1660.76
C001032,101934,Personal Loan,2026-04-06,7654.17,29,263.94
C001033,100508,Personal Loan,2026-05-20,4387.03,25,175.48
C001034,108630,Credit Card,2025-07-19,3095.43,17,182.08
C001035,101164,Credit Card,2026-02-06,2325.16,12,193.76
C001036,108876,Personal Loan,2025-03-08,5158.49,24,214.94
C001037,102446,Personal Loan,2026-02-01,5160.05,17,303.53
C001038,107806,Credit Card,2025-09-25,2052.5,14,146.61
C001039,106190,Credit Card,2025-07-11,1981.53,19,104.29
C001040,109516,Credit Card,2026-04-22,4065.77,13,312.75
C001041,104233,Personal Loan,2025-07-18,18746.66,13,1442.05
C001042,108759,Vehicle Finance,2025-06-07,49241.23,26,1893.89
C001043,104867,Credit Card,2025-12-19,2612.3,11,237.48
C001044,104684,Personal Loan,2025-10-21,7051.33,23,306.58
C001045,108507,Personal Loan,2026-03-04,9440.04,22,429.09
C001046,108418,Vehicle Finance,2025-03-28,56265.1,49,1148.27
C001047,100370,Credit Card,2026-06-26,6998.8,12,583.23
C001048,107312,Personal Loan,2026-02-10,5626.72,23,244.64
C001049,108780,Vehicle Finance,2025-07-03,64292.5,42,1530.77
C001050,104929,Personal Loan,2025-11-28,12273.12,28,438.33
C001051,106117,Payroll Loan,2025-01-03,19054.97,12,1587.91
C001052,104106,Payroll Loan,2026-02-08,11262.17,43,261.91
C001053,108915,Vehicle Finance,2025-01-28,12977.82,24,540.74
C001054,106969,Vehicle Finance,2025-06-08,39372.0,37,1064.11
C001055,107938,Credit Card,2026-03-15,4243.54,15,282.9
C001056,100711,Payroll Loan,2026-01-05,15604.05,37,421.73
C001057,101417,Credit Card,2025-10-19,3811.07,23,165.7
C001058,106774,Personal Loan,2025-04-04,3018.54,17,177.56
C001059,100925,Vehicle Finance,2026-02-17,16620.54,51,325.89
C001060,104198,Personal Loan,2025-08-17,4663.31,16,291.46
C001061,109145,Personal Loan,2025-12-23,15321.77,27,567.47
C001062,103820,Credit Card,2026-04-05,2853.54,15,190.24
C001063,100491,Credit Card,2026-06-28,6588.1,15,439.21
C001064,104702,Vehicle Finance,2025-10-07,30695.04,55,558.09
C001065,101430,Vehicle Finance,2025-11-28,72354.64,29,2494.99
C001066,109349,Vehicle Finance,2026-05-07,32682.06,49,666.98
C001067,107359,Payroll Loan,2025-09-07,10786.04,43,250.84
C001068,109784,Personal Loan,2026-03-23,9495.0,14,678.21
C001069,104374,Personal Loan,2026-02-13,1988.26,17,116.96
C001070,109759,Payroll Loan,2025-10-15,5215.22,33,158.04
C001071,107725,Credit Card,2026-06-16,3377.17,15,225.14
C001072,106461,Personal Loan,2025-07-05,5904.52,13,454.19
C001073,103734,Credit Card,2026-06-07,5339.43,9,593.27
C001074,108083,Credit Card,2026-02-13,5378.87,16,336.18
C001075,109783,Payroll Loan,2025-11-04,8974.72,43,208.71
C001076,101667,Credit Card,2026-02-14,4440.96,11,403.72
C001077,107840,Payroll Loan,2025-05-31,4502.6,46,97.88
C001078,105289,Credit Card,2025-10-11,4255.76,24,177.32
C001079,103768,Credit Card,2026-01-28,5792.21,10,579.22
C001080,103115,Payroll Loan,2025-03-16,12369.03,37,334.3
C001081,102103,Personal Loan,2026-06-24,7152.69,34,210.37
C001082,101715,Personal Loan,2025-06-24,8543.5,24,355.98
C001083,102291,Personal Loan,2026-02-12,4182.58,29,144.23
C001084,107040,Personal Loan,2025-09-19,11627.17,12,968.93
C001085,102963,Vehicle Finance,2026-04-19,40634.46,51,796.75
C001086,100091,Personal Loan,2026-05-31,4089.58,33,123.93
C001087,101909,Credit Card,2025-03-02,8104.49,11,736.77
C001088,108655,Payroll Loan,2026-02-27,5195.35,22,236.15
C001089,103968,Vehicle Finance,2025-11-08,23091.04,41,563.2
C001090,109922,Credit Card,2026-03-01,2156.11,16,134.76
C001091,103025,Payroll Loan,2026-05-05,12853.08,32,401.66
C001092,103205,Personal Loan,2025-04-22,3565.76,26,137.14
C001093,104824,Vehicle Finance,2026-04-10,70576.19,51,1383.85
C001094,101326,Payroll Loan,2025-03-26,11148.62,40,278.72
C001095,101560,Personal Loan,2025-06-22,10511.32,36,291.98
C001096,107902,Payroll Loan,2026-06-15,5590.05,23,243.05
C001097,102525,Vehicle Finance,2025-04-17,38409.28,39,984.85
C001098,108009,Vehicle Finance,2025-06-06,36322.2,28,1297.22
C001099,102846,Payroll Loan,2026-02-27,31973.63,18,1776.31
C001100,107819,Payroll Loan,2025-12-24,10332.33,46,224.62
C001101,102143,Personal Loan,2026-03-26,9076.12,18,504.23
C001102,107057,Vehicle Finance,2026-02-16,44762.48,34,1316.54
C001103,102289,Personal Loan,2025-05-10,10972.73,31,353.96
C001104,107892,Vehicle Finance,2025-10-13,90613.94,60,1510.23
C001105,102883,Personal Loan,2025-02-02,4411.37,23,191.8
C001106,108630,Personal Loan,2025-02-10,3513.57,18,195.2
C001107,105185,Credit Card,2026-03-05,4936.45,6,822.74
C001108,100345,Payroll Loan,2025-07-03,5258.4,42,125.2
C001109,107185,Payroll Loan,2025-09-27,14487.1,24,603.63
C001110,109916,Personal Loan,2026-05-24,6451.79,22,293.26
C001111,102123,Payroll Loan,2026-01-17,25415.15,17,1495.01
C001112,107648,Personal Loan,2025-11-01,7956.85,19,418.78
C001113,102824,Payroll Loan,2025-10-29,6311.8,46,137.21
C001114,105450,Credit Card,2026-06-04,3019.28,6,503.21
C001115,101859,Vehicle Finance,2025-07-18,32966.57,46,716.66
C001116,103993,Payroll Loan,2025-03-30,11337.78,42,269.95
C001117,107202,Personal Loan,2026-05-20,5802.27,23,252.27
C001118,109882,Credit Card,2025-02-07,2518.56,20,125.93
C001119,102727,Credit Card,2026-04-10,9189.27,21,437.58
C001120,100929,Personal Loan,2025-12-27,12233.5,35,349.53
C001121,107030,Personal Loan,2025-04-16,6397.39,30,213.25
C001122,107682,Vehicle Finance,2025-06-01,39302.95,28,1403.68
C001123,103631,Personal Loan,2025-08-07,5807.25,18,322.62
C001124,101357,Payroll Loan,2025-11-09,14338.75,16,896.17
C001125,102418,Personal Loan,2025-10-04,3381.06,34,99.44
C001126,105592,Credit Card,2025-07-20,4463.45,23,194.06
C001127,101277,Credit Card,2025-10-26,5921.42,9,657.94
C001128,104658,Credit Card,2025-05-17,4016.21,19,211.38
C001129,103058,Personal Loan,2025-01-02,10475.24,16,654.7
C001130,101076,Vehicle Finance,2025-02-18,65025.99,49,1327.06
C001131,100496,Payroll Loan,2025-07-05,6859.83,45,152.44
C001132,101785,Personal Loan,2025-10-29,13604.8,26,523.26
C001133,107393,Personal Loan,2025-03-03,5622.65,33,170.38
C001134,103615,Payroll Loan,2025-01-30,8872.24,18,492.9
C001135,103152,Payroll Loan,2026-02-24,7350.35,19,386.86
C001136,103251,Credit Card,2026-01-28,6547.56,12,545.63
C001137,100057,Payroll Loan,2025-09-23,6487.43,14,463.39
C001138,102349,Payroll Loan,2025-05-24,11988.03,34,352.59
C001139,108205,Personal Loan,2025-12-08,16928.81,14,1209.2
C001140,104865,Personal Loan,2025-03-19,8297.0,34,244.03
C001141,107098,Credit Card,2025-01-06,7926.67,15,528.44
C001142,105950,Credit Card,2026-03-30,6627.64,21,315.6
C001143,100262,Payroll Loan,2026-02-22,9945.63,22,452.07
C001144,107155,Vehicle Finance,2026-05-08,40199.34,32,1256.23
C001145,104989,Personal Loan,2026-03-28,3653.63,30,121.79
C001146,103232,Personal Loan,2025-03-11,5551.65,19,292.19
C001147,100796,Payroll Loan,2025-02-01,10017.22,48,208.69
C001148,106492,Credit Card,2026-06-04,3138.06,20,156.9
C001149,105700,Personal Loan,2026-04-28,5128.93,21,244.23
C001150,106082,Credit Card,2025-09-14,2667.81,6,444.64
C001151,105959,Credit Card,2025-11-06,2716.6,22,123.48
C001152,107035,Vehicle Finance,2025-03-07,38783.78,31,1251.09
C001153,107845,Payroll Loan,2025-04-29,4658.16,24,194.09
C001154,109563,Personal Loan,2025-07-21,1925.05,19,101.32
C001155,109688,Credit Card,2025-05-08,2157.72,23,93.81
C001156,109010,Personal Loan,2025-10-27,8202.68,20,410.13
C001157,109866,Credit Card,2025-07-31,4645.62,13,357.36
C001158,108375,Payroll Loan,2025-05-24,8072.73,39,206.99
C001159,103958,Credit Card,2025-05-09,7603.11,19,400.16
C001160,107108,Credit Card,2026-03-03,2311.79,16,144.49
C001161,105689,Credit Card,2025-12-19,8317.6,13,639.82
C001162,102814,Credit Card,2025-03-06,3925.15,22,178.42
C001163,100090,Payroll Loan,2026-02-18,18207.05,16,1137.94
C001164,101469,Credit Card,2026-04-28,7377.18,11,670.65
C001165,109737,Credit Card,2025-05-19,4721.73,11,429.25
C001166,106949,Personal Loan,2025-08-16,7914.83,20,395.74
C001167,108720,Personal Loan,2025-03-01,6047.3,16,377.96
C001168,105892,Vehicle Finance,2026-06-18,55250.01,32,1726.56
C001169,101502,Vehicle Finance,2026-01-29,15784.02,36,438.44
C001170,105671,Payroll Loan,2025-09-02,16503.15,13,1269.47
C001171,109173,Credit Card,2025-02-17,1540.79,19,81.09
C001172,107078,Vehicle Finance,2025-01-09,64546.05,41,1574.29
C001173,102984,Credit Card,2025-09-07,5170.04,9,574.45
C001174,106287,Personal Loan,2025-08-02,10323.14,19,543.32
C001175,106278,Credit Card,2025-08-24,11941.44,11,1085.59
C001176,102306,Vehicle Finance,2025-08-04,20524.5,53,387.25
C001177,104987,Credit Card,2026-06-04,9755.12,21,464.53
C001178,109134,Payroll Loan,2025-07-15,9450.11,47,201.07
C001179,105651,Credit Card,2025-08-13,4616.17,17,271.54
C001180,108808,Credit Card,2026-02-15,6588.07,15,439.2
C001181,106990,Credit Card,2025-07-10,6790.48,20,339.52
C001182,101261,Payroll Loan,2025-11-16,9568.5,41,233.38
C001183,105499,Credit Card,2026-02-04,10805.13,11,982.28
C001184,105958,Personal Loan,2026-05-10,17543.88,23,762.78
C001185,106588,Vehicle Finance,2025-01-18,41932.33,50,838.65
C001186,109098,Personal Loan,2025-12-08,4153.98,19,218.63
C001187,103749,Personal Loan,2025-10-17,5574.17,24,232.26
C001188,106675,Payroll Loan,2025-11-16,11636.7,47,247.59
C001189,108378,Vehicle Finance,2026-06-22,18379.01,50,367.58
C001190,105233,Personal Loan,2025-05-29,21000.0,27,777.78
C001191,100404,Vehicle Finance,2026-03-25,24953.43,32,779.79
C001192,109132,Personal Loan,2025-12-28,11440.79,19,602.15
C001193,102188,Personal Loan,2025-08-16,5902.8,20,295.14
C001194,107711,Credit Card,2026-01-18,2587.83,22,117.63
C001195,107372,Personal Loan,2026-03-03,4151.29,26,159.66
C001196,106574,Personal Loan,2025-01-25,15340.95,22,697.32
C001197,107773,Credit Card,2025-10-29,6448.89,15,429.93
C001198,104324,Payroll Loan,2025-01-29,6869.29,14,490.66
C001199,101052,Personal Loan,2025-01-16,6143.34,32,191.98
C001200,107762,Vehicle Finance,2025-04-25,15699.45,45,348.88
C001201,105519,Personal Loan,2025-04-20,19279.82,20,963.99
C001202,108709,Personal Loan,2025-11-15,8806.14,13,677.4
C001203,103170,Vehicle Finance,2026-03-29,27837.94,31,898.0
C001204,101644,Payroll Loan,2025-12-14,15650.13,48,326.04
C001205,101712,Personal Loan,2026-04-06,16169.78,36,449.16
C001206,106969,Personal Loan,2025-07-14,9968.11,22,453.1
C001207,100838,Credit Card,2026-05-10,6082.57,10,608.26
C001208,106981,Payroll Loan,2025-05-14,14324.82,19,753.94
C001209,102385,Vehicle Finance,2026-02-08,81793.64,31,2638.5
C001210,101467,Vehicle Finance,2025-03-31,40747.22,57,714.86
C001211,103499,Personal Loan,2025-11-13,4514.6,20,225.73
C001212,108479,Payroll Loan,2025-06-14,11515.76,48,239.91
C001213,100592,Payroll Loan,2025-12-02,11613.52,15,774.23
C001214,108656,Payroll Loan,2025-09-05,11161.7,24,465.07
C001215,109109,Personal Loan,2025-03-02,8660.54,23,376.55
C001216,101353,Personal Loan,2025-11-24,5776.29,12,481.36
C001217,103593,Personal Loan,2026-02-11,11408.27,13,877.56
C001218,107320,Personal Loan,2026-04-21,9677.98,15,645.2
C001219,104628,Vehicle Finance,2026-05-13,22827.34,56,407.63
C001220,102355,Vehicle Finance,2025-12-13,15201.59,26,584.68
C001221,105329,Payroll Loan,2025-12-18,8322.74,17,489.57
C001222,102312,Credit Card,2025-10-26,4228.9,11,384.45
C001223,100090,Personal Loan,2026-05-25,4732.46,22,215.11
C001224,101264,Personal Loan,2025-07-08,3392.47,35,96.93
C001225,109129,Payroll Loan,2025-09-30,11592.43,15,772.83
C001226,106873,Payroll Loan,2025-08-24,16447.84,38,432.84
C001227,108199,Personal Loan,2025-06-29,5094.8,18,283.04
C001228,109076,Payroll Loan,2025-12-19,9379.4,44,213.17
C001229,101754,Vehicle Finance,2025-02-02,36809.02,49,751.2
C001230,105744,Credit Card,2025-12-14,4584.3,6,764.05
C001231,103468,Credit Card,2026-04-02,4381.11,21,208.62
C001232,102585,Credit Card,2025-04-26,5000.06,11,454.55
C001233,103590,Personal Loan,2025-05-11,3662.21,29,126.28
C001234,101893,Vehicle Finance,2026-03-19,37706.45,57,661.52
C001235,105643,Personal Loan,2025-06-11,2042.66,35,58.36
C001236,101674,Vehicle Finance,2026-03-30,88828.84,24,3701.2
C001237,101162,Personal Loan,2025-12-09,6631.62,34,195.05
C001238,102050,Credit Card,2026-06-20,3262.56,16,203.91
C001239,106217,Personal Loan,2025-09-18,21000.0,21,1000.0
C001240,105534,Personal Loan,2026-05-04,18170.07,36,504.72
C001241,108274,Personal Loan,2026-05-19,21000.0,23,913.04
C001242,109950,Credit Card,2025-02-25,2541.86,9,282.43
C001243,102316,Vehicle Finance,2025-04-29,114000.0,41,2780.49
C001244,109348,Vehicle Finance,2025-08-26,25113.03,39,643.92
C001245,102814,Vehicle Finance,2025-05-29,47914.55,46,1041.62
C001246,100940,Personal Loan,2025-02-01,8095.78,36,224.88
C001247,108065,Payroll Loan,2026-06-15,7129.22,47,151.69
C001248,102018,Vehicle Finance,2026-02-24,24557.3,49,501.17
C001249,102703,Credit Card,2025-07-11,2639.92,11,239.99
C001250,106814,Payroll Loan,2026-04-22,13123.43,25,524.94
C001251,108056,Personal Loan,2026-05-25,4984.13,15,332.28
C001252,106897,Credit Card,2025-09-25,4435.49,23,192.85
C001253,101427,Personal Loan,2025-03-14,9812.42,23,426.63
C001254,102103,Payroll Loan,2025-04-12,10092.13,33,305.82
C001255,105239,Personal Loan,2026-03-28,6888.8,20,344.44
C001256,109564,Personal Loan,2025-09-08,5323.82,27,197.18
C001257,101680,Personal Loan,2025-10-05,8722.74,34,256.55
C001258,105870,Payroll Loan,2025-03-13,8693.16,48,181.11
C001259,109989,Personal Loan,2025-01-19,6534.7,29,225.33
C001260,105290,Payroll Loan,2025-02-19,3714.9,18,206.38
C001261,102662,Payroll Loan,2026-01-19,10548.94,46,229.32
C001262,108229,Payroll Loan,2025-03-08,4469.14,47,95.09
C001263,101725,Personal Loan,2026-04-04,4413.8,32,137.93
C001264,103753,Credit Card,2025-02-25,5367.83,20,268.39
C001265,101852,Vehicle Finance,2025-04-10,33642.83,26,1293.96
C001266,107145,Vehicle Finance,2026-05-03,53082.23,32,1658.82
C001267,109804,Personal Loan,2025-10-18,3577.86,16,223.62
C001268,109184,Payroll Loan,2025-01-17,3588.66,33,108.75
C001269,100784,Personal Loan,2025-04-16,14693.68,30,489.79
C001270,109493,Payroll Loan,2025-06-04,33000.0,13,2538.46
C001271,105965,Personal Loan,2025-05-27,5441.37,34,160.04
C001272,100398,Credit Card,2025-04-23,5806.63,8,725.83
C001273,101284,Credit Card,2025-07-09,9988.59,18,554.92
C001274,100729,Personal Loan,2025-09-01,6995.56,36,194.32
C001275,104619,Credit Card,2025-02-18,4323.09,14,308.79
C001276,107083,Personal Loan,2025-05-20,19463.89,16,1216.49
C001277,104558,Personal Loan,2026-06-21,10109.4,28,361.05
C001278,100045,Credit Card,2025-05-17,6864.28,7,980.61
C001279,103012,Credit Card,2025-03-29,6071.46,14,433.68
C001280,106633,Credit Card,2026-05-03,3548.73,14,253.48
C001281,104853,Payroll Loan,2025-02-14,5933.49,44,134.85
C001282,108223,Credit Card,2025-12-28,3516.28,19,185.07
C001283,107585,Vehicle Finance,2025-02-03,20655.92,54,382.52
C001284,100900,Payroll Loan,2025-06-11,12976.3,20,648.81
C001285,107093,Payroll Loan,2026-01-07,3537.47,32,110.55
C001286,100235,Vehicle Finance,2025-06-25,14287.29,45,317.5
C001287,100411,Payroll Loan,2025-12-05,7123.33,41,173.74
C001288,105086,Payroll Loan,2025-07-21,13618.54,20,680.93
C001289,109819,Credit Card,2025-07-07,3168.16,19,166.75
C001290,109874,Payroll Loan,2025-08-05,28092.81,16,1755.8
C001291,107665,Personal Loan,2025-01-28,15808.71,13,1216.05
C001292,105350,Personal Loan,2025-04-13,6733.7,12,561.14
C001293,107429,Personal Loan,2025-11-24,4632.54,21,220.6
C001294,109752,Personal Loan,2025-07-11,6920.09,22,314.55
C001295,109903,Credit Card,2026-06-13,6270.9,17,368.88
C001296,107017,Personal Loan,2026-04-23,8620.58,17,507.09
C001297,101968,Vehicle Finance,2026-02-08,81364.18,56,1452.93
C001298,103025,Vehicle Finance,2026-01-28,22681.17,57,397.92
C001299,103409,Personal Loan,2026-03-13,12553.37,23,545.8
C001300,102417,Payroll Loan,2025-01-21,5393.18,28,192.61
C001301,109582,Payroll Loan,2025-04-23,4100.12,15,273.34
C001302,106059,Personal Loan,2026-03-19,3404.67,15,226.98
C001303,104069,Credit Card,2026-05-18,2056.33,19,108.23
C001304,103326,Credit Card,2025-08-10,2712.43,22,123.29
C001305,108186,Credit Card,2025-10-20,5779.96,15,385.33
C001306,102388,Personal Loan,2026-01-31,7122.17,26,273.93
C001307,107256,Personal Loan,2025-08-31,4436.11,15,295.74
C001308,103945,Personal Loan,2025-08-03,3110.45,17,182.97
C001309,100510,Credit Card,2026-06-27,7383.56,17,434.33
C001310,105328,Vehicle Finance,2026-02-28,35356.67,48,736.6
C001311,101019,Credit Card,2026-05-25,5202.85,6,867.14
C001312,109235,Credit Card,2025-12-29,5058.09,23,219.92
C001313,102148,Credit Card,2025-02-16,3593.91,23,156.26
C001314,109557,Credit Card,2026-01-03,7359.64,21,350.46
C001315,106618,Personal Loan,2025-07-25,12033.21,30,401.11
C001316,107304,Credit Card,2026-04-27,4927.81,13,379.06
C001317,101193,Personal Loan,2026-05-17,8543.35,19,449.65
C001318,102418,Personal Loan,2026-03-27,6404.87,22,291.13
C001319,100047,Payroll Loan,2025-10-23,11888.62,32,371.52
C001320,104608,Credit Card,2025-09-26,2367.24,22,107.6
C001321,102862,Credit Card,2025-06-17,3373.47,10,337.35
C001322,100982,Vehicle Finance,2025-12-28,100885.12,49,2058.88
C001323,103141,Credit Card,2025-12-04,4626.93,10,462.69
C001324,105705,Personal Loan,2025-07-26,5144.38,12,428.7
C001325,105405,Personal Loan,2026-06-08,1845.68,25,73.83
C001326,106407,Vehicle Finance,2025-12-27,25547.51,33,774.17
C001327,108329,Credit Card,2025-06-01,2123.31,14,151.66
C001328,103976,Personal Loan,2025-05-26,6969.17,34,204.98
C001329,108809,Personal Loan,2025-03-20,21000.0,17,1235.29
C001330,102188,Personal Loan,2025-11-09,16743.57,16,1046.47
C001331,105190,Vehicle Finance,2025-08-22,54379.89,33,1647.88
C001332,109873,Personal Loan,2026-03-21,21000.0,30,700.0
C001333,100107,Credit Card,2025-02-21,9375.28,10,937.53
C001334,100397,Personal Loan,2025-10-03,12958.26,12,1079.86
C001335,105441,Credit Card,2025-02-23,5281.83,10,528.18
C001336,107315,Personal Loan,2026-01-08,9199.48,21,438.07
C001337,101338,Personal Loan,2025-11-05,21000.0,23,913.04
C001338,106876,Personal Loan,2025-06-07,7004.34,14,500.31
C001339,100365,Personal Loan,2026-06-26,7957.78,28,284.21
C001340,105608,Payroll Loan,2026-03-24,11887.42,29,409.91
C001341,102029,Personal Loan,2025-04-17,9898.4,24,412.43
C001342,101871,Payroll Loan,2025-09-15,12290.18,38,323.43
C001343,109808,Personal Loan,2026-01-11,4872.27,25,194.89
C001344,108542,Personal Loan,2025-08-05,12315.3,22,559.79
C001345,103528,Personal Loan,2025-09-12,7352.93,12,612.74
C001346,106104,Vehicle Finance,2025-01-17,37619.11,52,723.44
C001347,109806,Payroll Loan,2025-09-22,13006.9,16,812.93
C001348,106781,Credit Card,2025-02-24,2139.24,16,133.7
C001349,107259,Credit Card,2026-04-04,3645.04,16,227.82
C001350,107090,Vehicle Finance,2025-03-09,28943.03,55,526.24
C001351,105078,Personal Loan,2025-02-04,13720.8,24,571.7
C001352,101203,Credit Card,2025-09-23,2193.85,22,99.72
C001353,100242,Credit Card,2025-08-08,2470.43,17,145.32
C001354,104664,Personal Loan,2025-02-12,10370.71,28,370.38
C001355,105807,Credit Card,2025-11-14,4545.42,13,349.65
C001356,107895,Credit Card,2025-12-05,3266.55,10,326.66
C001357,100324,Vehicle Finance,2025-11-23,86126.48,31,2778.27
C001358,103979,Vehicle Finance,2025-03-27,13384.43,56,239.01
C001359,103601,Credit Card,2025-01-18,3101.22,6,516.87
C001360,107315,Vehicle Finance,2025-12-06,29776.83,45,661.71
C001361,105611,Personal Loan,2026-06-11,7447.82,24,310.33
C001362,103758,Credit Card,2025-10-07,3769.15,6,628.19
C001363,107215,Payroll Loan,2026-02-11,32847.81,25,1313.91
C001364,108036,Personal Loan,2025-06-05,5761.43,21,274.35
C001365,106298,Vehicle Finance,2025-02-13,55975.33,38,1473.04
C001366,108457,Personal Loan,2025-09-11,8779.07,17,516.42
C001367,105392,Vehicle Finance,2025-02-05,114000.0,32,3562.5
C001368,108337,Personal Loan,2025-09-09,14037.7,25,561.51
C001369,107329,Payroll Loan,2025-06-29,20301.32,20,1015.07
C001370,106532,Payroll Loan,2025-03-14,14892.85,16,930.8
C001371,104856,Personal Loan,2026-05-21,9463.13,29,326.31
C001372,105044,Payroll Loan,2025-09-10,11468.9,38,301.81
C001373,106766,Personal Loan,2025-12-18,13869.28,22,630.42
C001374,108547,Personal Loan,2025-12-17,2099.15,34,61.74
C001375,107228,Payroll Loan,2026-04-28,16676.97,27,617.67
C001376,103794,Vehicle Finance,2026-01-14,29988.27,27,1110.68
C001377,100443,Personal Loan,2025-06-02,13811.2,33,418.52
C001378,109623,Personal Loan,2026-05-03,9201.52,26,353.9
C001379,102552,Personal Loan,2026-03-30,4695.4,23,204.15
C001380,108311,Payroll Loan,2026-01-30,7492.81,38,197.18
C001381,100995,Personal Loan,2025-03-26,4848.2,20,242.41
C001382,102689,Personal Loan,2025-10-19,7081.35,27,262.27
C001383,100255,Payroll Loan,2026-06-20,11441.04,46,248.72
C001384,103758,Vehicle Finance,2025-06-13,31057.71,39,796.35
C001385,100916,Payroll Loan,2026-05-06,15702.98,42,373.88
C001386,108960,Vehicle Finance,2025-09-12,69747.74,31,2249.93
C001387,104081,Vehicle Finance,2025-10-13,27636.37,41,674.06
C001388,102527,Payroll Loan,2026-06-17,6716.91,45,149.26
C001389,103084,Payroll Loan,2025-06-07,5890.99,30,196.37
C001390,100822,Personal Loan,2026-05-31,4412.88,36,122.58
C001391,102048,Credit Card,2026-03-19,5688.61,24,237.03
C001392,100784,Vehicle Finance,2026-02-07,33490.63,48,697.72
C001393,100043,Personal Loan,2025-01-27,13012.33,14,929.45
C001394,108665,Personal Loan,2025-01-19,2088.91,21,99.47
C001395,106820,Vehicle Finance,2025-07-01,27501.64,56,491.1
C001396,103712,Personal Loan,2025-02-05,7184.21,23,312.36
C001397,102519,Payroll Loan,2025-07-04,10534.51,38,277.22
C001398,102112,Personal Loan,2026-06-17,15641.71,19,823.25
C001399,103710,Vehicle Finance,2026-03-08,23636.55,46,513.84
C001400,102672,Credit Card,2026-03-19,4497.13,13,345.93
C001401,108098,Vehicle Finance,2025-11-21,18262.81,32,570.71
C001402,105928,Vehicle Finance,2025-09-24,42441.11,52,816.18
C001403,100866,Credit Card,2025-08-05,4109.24,10,410.92
C001404,104189,Personal Loan,2025-08-07,10797.28,36,299.92
C001405,101438,Vehicle Finance,2025-08-14,45187.57,26,1737.98
C001406,101426,Payroll Loan,2025-04-10,16468.33,30,548.94
C001407,106379,Credit Card,2025-01-27,4047.45,6,674.58
C001408,104919,Personal Loan,2025-10-11,3525.2,16,220.32
C001409,101870,Payroll Loan,2025-10-11,12578.52,18,698.81
C001410,106537,Payroll Loan,2025-12-22,8727.55,29,300.95
C001411,104464,Personal Loan,2025-04-13,11622.77,24,484.28
C001412,103948,Payroll Loan,2025-03-12,20528.08,22,933.09
C001413,100256,Vehicle Finance,2026-06-04,21558.96,29,743.41
C001414,106169,Payroll Loan,2025-09-16,28334.83,42,674.64
C001415,102760,Credit Card,2025-06-01,2039.84,9,226.65
C001416,107022,Personal Loan,2025-07-14,16947.04,24,706.13
C001417,103299,Personal Loan,2025-02-01,8864.8,12,738.73
C001418,106506,Vehicle Finance,2026-04-30,75077.93,31,2421.87
C001419,106245,Personal Loan,2026-03-15,11114.13,21,529.24
C001420,101425,Credit Card,2026-01-24,2692.3,18,149.57
C001421,100926,Personal Loan,2026-03-10,3139.98,25,125.6
C001422,104364,Personal Loan,2026-05-09,2494.48,21,118.78
C001423,102741,Credit Card,2025-12-21,5910.64,12,492.55
C001424,109092,Credit Card,2025-07-15,4591.7,7,655.96
C001425,101215,Personal Loan,2025-02-22,8605.17,14,614.66
C001426,101587,Personal Loan,2025-03-30,6504.22,32,203.26
C001427,104754,Credit Card,2025-08-31,4638.05,14,331.29
C001428,108751,Personal Loan,2026-03-30,8770.72,18,487.26
C001429,104260,Personal Loan,2025-07-04,4834.64,36,134.3
C001430,104465,Payroll Loan,2025-08-20,14167.72,44,321.99
C001431,109139,Personal Loan,2026-06-01,15176.89,22,689.86
C001432,106033,Payroll Loan,2025-11-09,7996.52,26,307.56
C001433,108668,Vehicle Finance,2026-04-29,35262.05,50,705.24
C001434,103149,Payroll Loan,2026-01-29,6750.06,33,204.55
C001435,101709,Vehicle Finance,2025-10-10,26295.74,45,584.35
C001436,107271,Credit Card,2025-12-06,1782.21,6,297.04
C001437,102522,Payroll Loan,2026-02-03,10223.99,38,269.05
C001438,101791,Personal Loan,2026-03-15,9641.69,34,283.58
C001439,106121,Personal Loan,2026-01-20,4279.64,23,186.07
C001440,107628,Vehicle Finance,2025-04-07,37108.0,57,651.02
C001441,109043,Credit Card,2025-05-16,3251.51,21,154.83
C001442,101429,Credit Card,2025-02-17,3319.46,12,276.62
C001443,108858,Payroll Loan,2025-06-06,3564.35,14,254.6
C001444,101724,Personal Loan,2025-07-04,9655.21,20,482.76
C001445,106932,Personal Loan,2025-03-10,2963.62,15,197.57
C001446,100086,Personal Loan,2025-10-15,5911.67,23,257.03
C001447,105186,Personal Loan,2026-05-26,10177.42,22,462.61
C001448,108632,Personal Loan,2026-02-17,4795.46,27,177.61
C001449,101669,Personal Loan,2026-04-18,14562.27,14,1040.16
C001450,108442,Personal Loan,2026-03-08,9979.44,12,831.62
C001451,100832,Personal Loan,2026-04-18,3840.06,30,128.0
C001452,103910,Credit Card,2025-11-07,7037.94,6,1172.99
C001453,101831,Credit Card,2025-09-21,5214.55,11,474.05
C001454,100032,Payroll Loan,2026-02-27,15666.53,47,333.33
C001455,102771,Personal Loan,2025-11-23,11059.45,34,325.28
C001456,109331,Credit Card,2025-11-09,2730.22,21,130.01
C001457,108967,Credit Card,2026-04-09,3256.84,20,162.84
C001458,101714,Payroll Loan,2025-05-14,3331.39,27,123.38
C001459,105504,Credit Card,2025-02-09,5530.63,13,425.43
C001460,101491,Personal Loan,2026-02-13,7349.13,35,209.98
C001461,109028,Personal Loan,2026-01-19,4797.4,35,137.07
C001462,102112,Credit Card,2025-11-22,2072.65,10,207.26
C001463,108856,Credit Card,2025-04-01,1988.44,14,142.03
C001464,102573,Personal Loan,2025-11-06,2248.59,14,160.61
C001465,101437,Credit Card,2025-09-24,6443.47,18,357.97
C001466,109314,Personal Loan,2026-03-18,6798.26,33,206.01
C001467,101388,Payroll Loan,2025-05-17,10424.22,23,453.23
C001468,106281,Payroll Loan,2025-01-21,3491.03,40,87.28
C001469,106318,Payroll Loan,2026-01-05,7757.38,34,228.16
C001470,103412,Payroll Loan,2025-05-07,11496.82,15,766.45
C001471,107104,Payroll Loan,2025-07-15,9944.89,22,452.04
C001472,107640,Personal Loan,2026-01-10,4669.7,12,389.14
C001473,106167,Credit Card,2025-07-13,2541.45,15,169.43
C001474,107730,Personal Loan,2025-04-30,4100.85,23,178.3
C001475,102750,Vehicle Finance,2025-01-15,113804.55,60,1896.74
C001476,102464,Personal Loan,2025-04-16,8389.92,15,559.33
C001477,104937,Credit Card,2025-01-06,9403.99,10,940.4
C001478,101744,Personal Loan,2026-06-04,3209.24,19,168.91
C001479,101126,Payroll Loan,2025-06-21,7920.37,40,198.01
C001480,101526,Payroll Loan,2026-05-24,9680.08,48,201.67
C001481,100294,Payroll Loan,2025-07-24,6254.39,20,312.72
C001482,103565,Personal Loan,2025-09-14,14622.75,23,635.77
C001483,102926,Payroll Loan,2025-03-08,26318.28,24,1096.6
C001484,100283,Personal Loan,2025-02-26,2571.38,18,142.85
C001485,106727,Personal Loan,2025-05-08,7113.33,30,237.11
C001486,104410,Credit Card,2026-03-05,2392.14,20,119.61
C001487,103012,Personal Loan,2026-06-05,5976.87,16,373.55
C001488,102012,Payroll Loan,2026-03-04,8926.67,40,223.17
C001489,104797,Payroll Loan,2025-06-11,20391.19,20,1019.56
C001490,107674,Credit Card,2025-07-15,4105.81,17,241.52
C001491,100304,Vehicle Finance,2025-05-12,69041.56,35,1972.62
C001492,103298,Payroll Loan,2026-02-18,11240.57,33,340.62
C001493,104140,Credit Card,2026-04-07,1359.24,11,123.57
C001494,106510,Personal Loan,2025-02-18,5342.15,33,161.88
C001495,108294,Vehicle Finance,2025-03-19,46528.08,52,894.77
C001496,106824,Vehicle Finance,2025-09-06,63442.22,46,1379.18
C001497,106188,Payroll Loan,2026-05-20,22826.46,26,877.94
C001498,107955,Payroll Loan,2025-01-27,13838.02,22,629.0
C001499,106337,Credit Card,2025-05-20,6077.11,14,434.08
C001500,104753,Personal Loan,2026-04-27,7015.38,18,389.74
C001501,106683,Credit Card,2025-09-16,4094.38,13,314.95
C001502,103999,Vehicle Finance,2025-07-10,57304.85,34,1685.44
C001503,108937,Vehicle Finance,2026-03-26,18262.63,33,553.41
C001504,102572,Payroll Loan,2025-04-03,13778.26,21,656.11
C001505,106401,Payroll Loan,2025-04-05,4857.48,13,373.65
C001506,100097,Vehicle Finance,2025-03-21,33599.0,26,1292.27
C001507,107271,Payroll Loan,2026-04-01,29899.14,28,1067.83
C001508,101575,Personal Loan,2025-02-28,7177.9,19,377.78
C001509,105815,Personal Loan,2025-12-20,8707.54,31,280.89
C001510,102221,Credit Card,2025-03-01,2180.15,6,363.36
C001511,100345,Vehicle Finance,2026-01-19,35947.1,29,1239.56
C001512,106584,Credit Card,2025-09-16,3813.05,17,224.3
C001513,106865,Personal Loan,2025-05-26,7372.32,35,210.64
C001514,107911,Vehicle Finance,2025-04-05,35599.17,27,1318.49
C001515,107608,Credit Card,2026-01-05,8583.23,12,715.27
C001516,104589,Vehicle Finance,2026-02-21,23005.81,55,418.29
C001517,109304,Personal Loan,2025-11-14,12492.48,34,367.43
C001518,108218,Vehicle Finance,2025-10-06,36515.18,56,652.06
C001519,100551,Credit Card,2025-10-01,5605.17,19,295.01
C001520,103739,Credit Card,2026-04-22,3116.02,20,155.8
C001521,106763,Credit Card,2025-07-26,2625.94,11,238.72
C001522,106544,Vehicle Finance,2026-03-27,47014.81,28,1679.1
C001523,108640,Personal Loan,2025-03-03,16154.9,13,1242.68
C001524,105572,Personal Loan,2026-02-07,13513.46,12,1126.12
C001525,104106,Personal Loan,2026-06-06,4434.17,14,316.73
C001526,101503,Credit Card,2025-04-04,5455.33,7,779.33
C001527,109722,Payroll Loan,2025-04-21,17587.95,39,450.97
C001528,104622,Credit Card,2025-09-09,5344.8,18,296.93
C001529,108226,Credit Card,2025-12-01,3250.61,23,141.33
C001530,109677,Credit Card,2026-05-16,5216.43,14,372.6
C001531,106705,Payroll Loan,2025-09-25,10356.86,16,647.3
C001532,101500,Payroll Loan,2026-02-22,5946.04,13,457.39
C001533,105264,Payroll Loan,2025-07-26,11979.39,41,292.18
C001534,104058,Personal Loan,2025-10-25,3050.4,12,254.2
C001535,106121,Credit Card,2025-05-03,10596.68,19,557.72
C001536,103325,Credit Card,2025-10-27,3258.81,10,325.88
C001537,101456,Personal Loan,2026-05-04,7840.14,35,224.0
C001538,107463,Vehicle Finance,2025-07-08,24640.12,45,547.56
C001539,109001,Personal Loan,2026-04-19,4067.32,15,271.15
C001540,100386,Vehicle Finance,2026-04-08,36587.21,29,1261.63
C001541,102170,Vehicle Finance,2025-11-30,75903.88,38,1997.47
C001542,104531,Personal Loan,2026-05-07,7086.84,24,295.29
C001543,107147,Vehicle Finance,2026-04-04,34282.49,41,836.16
C001544,102646,Personal Loan,2026-01-09,5863.14,31,189.13
C001545,105728,Payroll Loan,2026-05-20,18690.0,25,747.6
C001546,102978,Personal Loan,2026-06-30,14016.24,16,876.02
C001547,103558,Vehicle Finance,2025-06-24,39498.01,57,692.95
C001548,104073,Vehicle Finance,2026-03-04,30422.2,38,800.58
C001549,103765,Vehicle Finance,2025-09-14,17642.95,32,551.34
C001550,102917,Vehicle Finance,2026-03-26,46393.01,34,1364.5
C001551,101655,Payroll Loan,2025-03-22,14377.11,20,718.86
C001552,105678,Credit Card,2025-10-02,2609.67,18,144.98
C001553,107722,Personal Loan,2025-11-10,4360.48,28,155.73
C001554,102872,Payroll Loan,2025-09-14,19182.93,30,639.43
C001555,103019,Credit Card,2026-05-30,2162.94,12,180.24
C001556,109174,Personal Loan,2025-07-20,2136.78,26,82.18
C001557,103036,Vehicle Finance,2025-11-25,93054.31,51,1824.59
C001558,104475,Personal Loan,2025-09-25,15248.02,14,1089.14
C001559,103421,Credit Card,2025-10-07,3606.21,22,163.92
C001560,101551,Vehicle Finance,2025-11-23,11685.39,44,265.58
C001561,103788,Personal Loan,2025-11-05,9433.69,17,554.92
C001562,102892,Credit Card,2025-10-23,5072.91,16,317.06
C001563,103287,Personal Loan,2026-05-21,9485.65,18,526.98
C001564,107973,Credit Card,2025-04-22,4833.59,10,483.36
C001565,108996,Payroll Loan,2025-03-17,8533.21,46,185.5
C001566,101090,Personal Loan,2025-08-29,11532.56,14,823.75
C001567,101740,Personal Loan,2026-04-07,12624.55,26,485.56
C001568,103798,Personal Loan,2025-09-29,10566.63,29,364.37
C001569,105391,Vehicle Finance,2025-07-16,42753.14,48,890.69
C001570,109488,Payroll Loan,2025-10-23,4512.39,39,115.7
C001571,108284,Personal Loan,2026-06-08,5421.08,12,451.76
C001572,100012,Personal Loan,2025-01-31,5322.55,33,161.29
C001573,107061,Credit Card,2025-12-06,4721.3,11,429.21
C001574,109713,Credit Card,2026-02-03,8355.42,9,928.38
C001575,101809,Personal Loan,2025-07-22,1750.0,29,60.34
C001576,103591,Personal Loan,2026-06-13,5447.82,27,201.77
C001577,102587,Personal Loan,2025-11-02,9199.49,27,340.72
C001578,102111,Personal Loan,2025-04-13,4617.71,24,192.4
C001579,103987,Vehicle Finance,2025-08-22,68053.51,56,1215.24
C001580,108256,Personal Loan,2026-04-19,6271.7,36,174.21
C001581,100757,Personal Loan,2026-04-23,17786.18,36,494.06
C001582,104693,Payroll Loan,2025-04-22,13012.26,16,813.27
C001583,109133,Personal Loan,2025-07-13,4414.92,28,157.68
C001584,101057,Credit Card,2025-01-29,5401.84,16,337.62
C001585,107738,Vehicle Finance,2025-03-01,11848.49,36,329.12
C001586,106668,Vehicle Finance,2026-02-11,47188.57,33,1429.96
C001587,102047,Payroll Loan,2025-10-19,10983.5,14,784.54
C001588,107781,Credit Card,2026-04-16,3612.33,14,258.02
C001589,102224,Personal Loan,2025-01-08,6120.25,33,185.46
C001590,104510,Credit Card,2026-04-06,3916.47,9,435.16
C001591,108981,Credit Card,2025-12-11,4171.71,10,417.17
C001592,107145,Credit Card,2025-02-18,7438.21,20,371.91
C001593,104879,Personal Loan,2025-12-29,15019.63,27,556.28
C001594,101072,Personal Loan,2025-01-04,10320.74,17,607.1
C001595,100994,Payroll Loan,2026-06-02,6570.55,21,312.88
C001596,100319,Vehicle Finance,2026-04-30,107409.71,47,2285.31
C001597,100609,Vehicle Finance,2025-06-29,34002.34,48,708.38
C001598,102190,Credit Card,2025-05-21,2287.2,14,163.37
C001599,105114,Credit Card,2025-01-26,5719.73,15,381.32
C001600,109809,Credit Card,2025-04-28,3981.4,9,442.38
C001601,108456,Personal Loan,2025-11-07,1750.0,32,54.69
C001602,101755,Payroll Loan,2026-04-07,17561.13,26,675.43
C001603,108659,Personal Loan,2025-04-04,11687.84,19,615.15
C001604,109198,Vehicle Finance,2025-06-09,55666.54,25,2226.66
C001605,105849,Payroll Loan,2025-05-23,18173.41,47,386.67
C001606,102971,Credit Card,2025-09-27,6940.71,23,301.77
C001607,103509,Vehicle Finance,2025-01-12,32092.41,26,1234.32
C001608,104917,Payroll Loan,2026-05-21,7606.36,14,543.31
C001609,102380,Personal Loan,2025-04-09,7872.67,23,342.29
C001610,107043,Vehicle Finance,2026-01-14,13535.14,35,386.72
C001611,106659,Payroll Loan,2025-10-01,13468.79,13,1036.06
C001612,101699,Credit Card,2025-08-26,3968.63,9,440.96
C001613,100349,Vehicle Finance,2025-05-12,39627.01,36,1100.75
C001614,101997,Payroll Loan,2025-10-02,4460.37,34,131.19
C001615,103815,Credit Card,2025-10-01,1337.3,8,167.16
C001616,102531,Payroll Loan,2025-06-29,13303.91,34,391.29
C001617,105623,Credit Card,2025-09-08,5676.09,21,270.29
C001618,104771,Personal Loan,2026-04-13,7715.92,15,514.39
C001619,103908,Payroll Loan,2025-10-27,19051.84,36,529.22
C001620,103461,Payroll Loan,2025-10-30,8307.23,17,488.66
C001621,107252,Credit Card,2025-09-04,4936.9,19,259.84
C001622,100860,Personal Loan,2026-03-24,7576.23,36,210.45
C001623,103517,Payroll Loan,2025-10-18,6024.6,22,273.85
C001624,102673,Credit Card,2026-06-29,3894.23,24,162.26
C001625,107733,Personal Loan,2025-04-26,4732.87,20,236.64
C001626,108275,Vehicle Finance,2025-09-15,48356.8,43,1124.58
C001627,108443,Payroll Loan,2026-06-24,7924.13,35,226.4
C001628,105166,Credit Card,2025-01-12,5463.22,20,273.16
C001629,109192,Credit Card,2026-04-25,4913.03,22,223.32
C001630,109475,Credit Card,2026-05-01,2809.35,8,351.17
C001631,109098,Vehicle Finance,2025-08-20,30649.38,42,729.75
C001632,102774,Credit Card,2025-05-12,4674.08,18,259.67
C001633,103641,Personal Loan,2026-05-11,8252.74,36,229.24
C001634,102621,Personal Loan,2025-05-21,8008.67,23,348.2
C001635,106580,Payroll Loan,2025-12-29,14135.68,26,543.68
C001636,104257,Personal Loan,2025-07-04,3709.73,32,115.93
C001637,106389,Vehicle Finance,2025-01-03,52868.89,47,1124.87
C001638,100795,Personal Loan,2026-06-13,2648.74,13,203.75
C001639,101353,Payroll Loan,2025-07-26,14110.99,40,352.77
C001640,103163,Personal Loan,2025-12-19,3882.87,33,117.66
C001641,109758,Credit Card,2025-09-24,2062.73,19,108.56
C001642,103605,Vehicle Finance,2026-02-08,72532.45,40,1813.31
C001643,102724,Vehicle Finance,2025-01-30,63045.13,52,1212.41
C001644,106217,Personal Loan,2025-03-16,5938.75,19,312.57
C001645,109951,Payroll Loan,2026-05-12,13551.38,45,301.14
C001646,101420,Personal Loan,2025-07-25,6502.3,13,500.18
C001647,103722,Vehicle Finance,2025-06-25,114000.0,45,2533.33
C001648,108887,Personal Loan,2025-05-13,7513.98,29,259.1
C001649,109540,Credit Card,2026-01-25,4200.51,22,190.93
C001650,108763,Personal Loan,2025-01-10,8661.05,25,346.44
C001651,103564,Credit Card,2026-02-22,2716.54,15,181.1
C001652,105298,Vehicle Finance,2025-12-25,26223.42,35,749.24
C001653,108740,Credit Card,2025-12-09,3896.85,9,432.98
C001654,104209,Personal Loan,2025-01-06,5479.87,34,161.17
C001655,108877,Credit Card,2025-03-31,4450.4,18,247.24
C001656,106986,Personal Loan,2026-04-20,13618.16,20,680.91
C001657,101889,Payroll Loan,2026-05-16,5325.22,19,280.27
C001658,102040,Credit Card,2025-12-26,2842.37,6,473.73
C001659,105833,Personal Loan,2025-02-03,8719.9,26,335.38
C001660,105640,Credit Card,2025-10-18,6500.78,19,342.15
C001661,108787,Payroll Loan,2025-11-02,6903.28,17,406.08
C001662,102872,Personal Loan,2025-09-01,5739.14,25,229.57
C001663,107207,Personal Loan,2026-03-10,3392.42,23,147.5
C001664,109229,Vehicle Finance,2025-08-27,114000.0,28,4071.43
C001665,107080,Personal Loan,2025-12-19,14262.1,14,1018.72
C001666,104805,Credit Card,2025-06-21,11453.29,24,477.22
C001667,109468,Payroll Loan,2026-01-26,7949.06,34,233.8
C001668,105061,Vehicle Finance,2026-01-02,26193.06,29,903.21
C001669,104300,Payroll Loan,2026-02-20,11961.19,29,412.45
C001670,107626,Personal Loan,2025-11-28,4096.94,30,136.56
C001671,101471,Payroll Loan,2026-03-21,20339.01,13,1564.54
C001672,107844,Personal Loan,2025-06-21,2069.54,20,103.48
C001673,102374,Payroll Loan,2025-03-03,19143.49,22,870.16
C001674,102354,Payroll Loan,2026-06-04,8634.6,42,205.59
C001675,101101,Vehicle Finance,2026-04-05,20184.69,50,403.69
C001676,106097,Personal Loan,2025-07-28,9594.84,36,266.52
C001677,101297,Personal Loan,2026-01-19,7481.36,22,340.06
C001678,108660,Vehicle Finance,2026-01-31,51967.57,32,1623.99
C001679,100630,Payroll Loan,2025-05-09,6069.94,19,319.47
C001680,104132,Credit Card,2025-09-01,3383.84,13,260.3
C001681,104257,Credit Card,2025-02-14,3198.72,8,399.84
C001682,101112,Credit Card,2025-03-03,8195.78,7,1170.83
C001683,109024,Vehicle Finance,2026-04-05,36612.1,39,938.77
C001684,108685,Credit Card,2026-05-12,3886.63,17,228.63
C001685,109588,Personal Loan,2025-06-06,2762.33,32,86.32
C001686,108959,Credit Card,2026-03-11,2213.72,14,158.12
C001687,101115,Credit Card,2025-10-08,5414.97,14,386.78
C001688,101531,Credit Card,2025-04-07,7624.78,24,317.7
C001689,109352,Personal Loan,2025-05-26,11576.27,13,890.48
C001690,102149,Credit Card,2025-08-25,6127.85,8,765.98
C001691,106389,Personal Loan,2026-06-04,13159.97,34,387.06
C001692,102392,Personal Loan,2026-04-11,4317.01,25,172.68
C001693,107347,Credit Card,2025-10-25,2577.66,7,368.24
C001694,108350,Vehicle Finance,2026-02-06,15951.41,44,362.53
C001695,101305,Personal Loan,2026-01-21,5783.15,32,180.72
C001696,109558,Payroll Loan,2025-12-25,17516.7,22,796.21
C001697,103644,Personal Loan,2026-06-14,6454.72,29,222.58
C001698,103950,Vehicle Finance,2026-03-22,30292.42,27,1121.94
C001699,109827,Vehicle Finance,2025-01-23,22998.06,42,547.57
C001700,109344,Vehicle Finance,2025-06-23,68191.45,60,1136.52
C001701,106648,Personal Loan,2025-02-01,7578.13,30,252.6
C001702,100207,Personal Loan,2026-04-08,9221.57,21,439.12
C001703,103389,Personal Loan,2025-02-11,21000.0,16,1312.5
C001704,103965,Personal Loan,2026-05-11,11406.25,27,422.45
C001705,109036,Personal Loan,2025-05-15,16119.57,19,848.4
C001706,101162,Payroll Loan,2025-02-01,6028.53,17,354.62
C001707,108850,Personal Loan,2025-06-25,6373.95,12,531.16
C001708,109855,Personal Loan,2026-05-15,6952.35,22,316.02
C001709,102317,Credit Card,2025-07-16,5240.92,13,403.15
C001710,101965,Personal Loan,2026-06-11,5762.57,22,261.94
C001711,109857,Credit Card,2026-04-12,4841.45,24,201.73
C001712,109343,Vehicle Finance,2025-07-30,32300.17,54,598.15
C001713,104237,Payroll Loan,2025-07-29,12788.07,22,581.28
C001714,107766,Personal Loan,2026-05-01,4632.44,31,149.43
C001715,109730,Personal Loan,2025-11-16,5313.77,25,212.55
C001716,108908,Personal Loan,2025-01-30,4566.84,20,228.34
C001717,103208,Vehicle Finance,2025-12-03,14918.97,59,252.86
C001718,105082,Personal Loan,2026-01-17,8997.95,22,409.0
C001719,100937,Credit Card,2025-04-30,3236.44,8,404.56
C001720,105119,Credit Card,2025-09-13,6628.46,13,509.88
C001721,100441,Credit Card,2025-07-01,4944.97,18,274.72
C001722,101476,Vehicle Finance,2025-09-23,23996.7,43,558.06
C001723,103943,Vehicle Finance,2026-01-25,59481.13,50,1189.62
C001724,101249,Personal Loan,2026-05-14,10307.61,18,572.64
C001725,102786,Payroll Loan,2026-05-23,4965.41,21,236.45
C001726,106609,Personal Loan,2025-12-07,3924.45,20,196.22
C001727,109518,Payroll Loan,2025-08-01,5226.14,14,373.3
C001728,102746,Payroll Loan,2026-05-04,14169.92,21,674.76
C001729,106362,Personal Loan,2025-10-04,7130.35,26,274.24
C001730,104748,Payroll Loan,2025-04-09,5959.57,35,170.27
C001731,106577,Payroll Loan,2025-04-22,3901.94,16,243.87
C001732,101227,Credit Card,2026-01-27,5012.47,20,250.62
C001733,107282,Payroll Loan,2025-10-20,8489.89,45,188.66
C001734,105895,Vehicle Finance,2025-05-09,39815.16,44,904.89
C001735,105803,Credit Card,2025-09-07,3723.29,18,206.85
C001736,100778,Vehicle Finance,2025-03-30,55180.05,37,1491.35
C001737,109661,Payroll Loan,2026-05-06,10493.15,37,283.6
C001738,101742,Credit Card,2026-04-20,5068.93,11,460.81
C001739,100141,Personal Loan,2026-06-09,1750.0,21,83.33
C001740,101470,Credit Card,2025-11-19,2180.94,10,218.09
C001741,106813,Credit Card,2025-07-24,5437.94,8,679.74
C001742,101377,Payroll Loan,2025-03-19,2887.88,29,99.58
C001743,109400,Personal Loan,2025-11-07,10142.32,18,563.46
C001744,106253,Credit Card,2025-10-23,5626.75,15,375.12
C001745,103187,Credit Card,2025-09-03,7041.87,11,640.17
C001746,100366,Credit Card,2025-12-20,4791.33,6,798.56
C001747,100964,Credit Card,2025-08-01,2668.18,19,140.43
C001748,106733,Personal Loan,2026-05-05,21000.0,26,807.69
C001749,104832,Personal Loan,2026-05-16,12100.0,30,403.33
C001750,106739,Personal Loan,2025-04-15,4133.46,20,206.67
C001751,103922,Credit Card,2025-01-20,5280.89,7,754.41
C001752,101995,Personal Loan,2025-04-13,21000.0,36,583.33
C001753,108847,Payroll Loan,2025-05-29,22759.11,33,689.67
C001754,104731,Vehicle Finance,2026-01-29,26336.54,55,478.85
C001755,109259,Personal Loan,2025-05-02,6182.96,15,412.2
C001756,101761,Payroll Loan,2025-08-08,19605.98,21,933.62
C001757,106039,Personal Loan,2025-08-22,2111.04,25,84.44
C001758,102982,Personal Loan,2026-01-25,13272.84,17,780.76
C001759,102940,Personal Loan,2025-09-18,6226.34,14,444.74
C001760,107781,Credit Card,2025-04-19,10570.93,21,503.38
C001761,100196,Personal Loan,2026-03-28,15076.74,25,603.07
C001762,105065,Payroll Loan,2025-12-15,13150.42,32,410.95
C001763,104680,Credit Card,2026-03-12,4428.37,12,369.03
C001764,109648,Personal Loan,2025-04-21,6286.39,22,285.74
C001765,100457,Credit Card,2026-06-01,7231.86,9,803.54
C001766,109383,Payroll Loan,2025-08-17,7971.64,33,241.56
C001767,109838,Payroll Loan,2025-09-27,8914.36,46,193.79
C001768,102168,Personal Loan,2026-05-10,10878.9,14,777.06
C001769,106161,Payroll Loan,2025-12-14,12917.89,24,538.25
C001770,108131,Vehicle Finance,2025-05-02,14035.34,34,412.8
C001771,109857,Vehicle Finance,2026-01-15,52685.4,38,1386.46
C001772,103422,Vehicle Finance,2025-04-30,27023.45,40,675.59
C001773,102746,Credit Card,2025-08-02,13500.0,23,586.96
C001774,103835,Vehicle Finance,2026-01-19,40388.29,39,1035.6
C001775,102934,Credit Card,2026-01-15,4028.51,6,671.42
C001776,105956,Personal Loan,2025-05-12,3793.79,20,189.69
C001777,109324,Personal Loan,2025-01-25,5067.3,18,281.52
C001778,105043,Payroll Loan,2025-11-01,14587.7,30,486.26
C001779,108116,Vehicle Finance,2025-01-12,66828.72,52,1285.17
C001780,109355,Credit Card,2025-11-12,5306.44,13,408.19
C001781,109729,Personal Loan,2025-08-18,4948.39,12,412.37
C001782,109057,Personal Loan,2026-04-17,5144.53,22,233.84
C001783,103622,Personal Loan,2026-06-02,2844.33,33,86.19
C001784,104479,Credit Card,2025-01-29,2961.76,17,174.22
C001785,102648,Personal Loan,2026-04-26,3430.44,21,163.35
C001786,108268,Credit Card,2026-05-24,4554.74,19,239.72
C001787,106017,Personal Loan,2025-11-27,4565.67,12,380.47
C001788,109139,Personal Loan,2026-01-04,12693.82,26,488.22
C001789,108907,Credit Card,2025-04-07,4683.14,20,234.16
C001790,107239,Credit Card,2026-04-14,6855.83,21,326.47
C001791,109782,Payroll Loan,2025-01-06,12815.47,16,800.97
C001792,106980,Credit Card,2025-09-02,4966.91,7,709.56
C001793,101592,Personal Loan,2026-06-10,7787.67,19,409.88
C001794,105643,Personal Loan,2025-03-19,3215.98,19,169.26
C001795,107230,Credit Card,2025-08-15,7677.19,16,479.82
C001796,106923,Vehicle Finance,2026-04-17,35225.1,40,880.63
C001797,104039,Personal Loan,2026-06-20,9281.75,20,464.09
C001798,101483,Credit Card,2025-08-14,3716.42,12,309.7
C001799,104626,Credit Card,2025-03-24,3866.67,21,184.13
C001800,102061,Personal Loan,2025-10-26,4859.26,14,347.09
C001801,107892,Credit Card,2026-01-14,10447.1,22,474.87
C001802,103678,Personal Loan,2025-08-05,8089.15,27,299.6
C001803,109879,Credit Card,2026-02-09,2075.24,15,138.35
C001804,109435,Personal Loan,2025-02-11,7296.91,34,214.62
C001805,108102,Credit Card,2025-03-24,4335.28,11,394.12
C001806,102987,Vehicle Finance,2025-05-01,29824.32,54,552.3
C001807,103421,Personal Loan,2025-06-03,8970.1,22,407.73
C001808,101287,Personal Loan,2026-06-05,8875.4,32,277.36
C001809,100905,Payroll Loan,2025-12-01,6714.27,25,268.57
C001810,104630,Payroll Loan,2025-11-22,6480.53,33,196.38
C001811,103280,Vehicle Finance,2026-03-15,46265.49,30,1542.18
C001812,103393,Credit Card,2025-10-06,2870.61,20,143.53
C001813,107225,Payroll Loan,2025-10-31,6246.93,12,520.58
C001814,109905,Personal Loan,2025-01-22,12926.27,31,416.98
C001815,100163,Vehicle Finance,2026-03-09,46996.23,47,999.92
C001816,103872,Vehicle Finance,2026-04-24,66657.56,55,1211.96
C001817,102375,Personal Loan,2025-11-26,10560.99,13,812.38
C001818,105632,Personal Loan,2026-06-22,1750.0,30,58.33
C001819,101870,Payroll Loan,2026-02-06,15752.79,27,583.44
C001820,109655,Credit Card,2025-02-04,3223.27,17,189.6
C001821,106211,Credit Card,2025-03-07,4422.82,6,737.14
C001822,108911,Credit Card,2026-02-07,5713.96,10,571.4
C001823,106336,Vehicle Finance,2026-02-02,48107.72,27,1781.77
C001824,109027,Credit Card,2026-06-08,5112.49,19,269.08
C001825,103445,Credit Card,2025-07-24,4922.23,11,447.48
C001826,107922,Vehicle Finance,2026-05-23,21408.0,57,375.58
C001827,103703,Personal Loan,2025-12-29,21000.0,34,617.65
C001828,103624,Personal Loan,2025-12-24,4032.42,21,192.02
C001829,104056,Credit Card,2025-12-19,3278.2,8,409.78
C001830,107740,Credit Card,2025-10-24,4013.89,7,573.41
C001831,107934,Vehicle Finance,2025-01-31,32352.18,28,1155.44
C001832,105986,Personal Loan,2025-02-07,3468.16,26,133.39
C001833,102573,Credit Card,2025-10-01,2411.89,14,172.28
C001834,103630,Vehicle Finance,2025-10-24,45551.19,55,828.2
C001835,105386,Credit Card,2026-02-20,6106.57,15,407.1
C001836,105311,Credit Card,2026-04-21,5430.76,8,678.84
C001837,104660,Payroll Loan,2025-09-10,7560.86,47,160.87
C001838,108646,Personal Loan,2025-03-25,20140.68,17,1184.75
C001839,100182,Credit Card,2025-12-18,2081.24,11,189.2
C001840,100657,Credit Card,2025-03-25,7154.11,18,397.45
C001841,102148,Personal Loan,2025-08-13,12379.88,27,458.51
C001842,108988,Credit Card,2026-03-20,6824.77,15,454.98
C001843,101687,Personal Loan,2026-03-22,9077.16,19,477.75
C001844,107102,Credit Card,2026-06-14,7223.46,14,515.96
C001845,109586,Credit Card,2025-11-13,4255.52,6,709.25
C001846,103269,Payroll Loan,2025-02-15,10373.23,25,414.93
C001847,108543,Payroll Loan,2026-05-06,17409.73,13,1339.21
C001848,104025,Payroll Loan,2025-03-25,13904.89,47,295.85
C001849,104920,Credit Card,2025-08-15,5447.03,20,272.35
C001850,104321,Credit Card,2025-08-07,4278.93,7,611.28
C001851,102967,Credit Card,2025-12-22,2946.43,9,327.38
C001852,104331,Credit Card,2026-05-27,2344.61,17,137.92
C001853,101549,Payroll Loan,2025-12-03,8821.81,33,267.33
C001854,100207,Personal Loan,2025-02-18,7305.09,36,202.92
C001855,103101,Credit Card,2025-03-25,7373.68,24,307.24
C001856,101811,Personal Loan,2025-01-21,2754.42,26,105.94
C001857,104090,Personal Loan,2025-07-03,8033.87,12,669.49
C001858,104359,Credit Card,2026-05-20,3500.22,10,350.02
C001859,105817,Credit Card,2025-01-27,5560.59,15,370.71
C001860,100908,Vehicle Finance,2025-08-23,18005.85,35,514.45
C001861,107172,Vehicle Finance,2026-01-15,45716.47,51,896.4
C001862,101404,Personal Loan,2025-11-11,5839.51,19,307.34
C001863,102312,Credit Card,2026-02-07,2327.91,8,290.99
C001864,109286,Personal Loan,2025-07-12,2640.93,21,125.76
C001865,108502,Credit Card,2026-05-17,1624.89,21,77.38
C001866,105661,Vehicle Finance,2025-12-12,30837.72,32,963.68
C001867,102389,Credit Card,2025-02-12,2212.4,12,184.37
C001868,109043,Personal Loan,2025-10-18,4743.14,24,197.63
C001869,109894,Vehicle Finance,2025-10-22,73800.98,32,2306.28
C001870,106497,Vehicle Finance,2025-01-10,42627.17,34,1253.74
C001871,102578,Credit Card,2025-06-04,9486.73,18,527.04
C001872,103561,Payroll Loan,2025-04-08,6680.23,16,417.51
C001873,100131,Credit Card,2026-06-20,2852.99,15,190.2
C001874,108114,Payroll Loan,2025-01-30,12592.24,36,349.78
C001875,109623,Credit Card,2025-11-13,8498.64,19,447.3
C001876,105780,Personal Loan,2025-02-27,6693.93,32,209.19
C001877,105432,Vehicle Finance,2025-04-20,35514.68,60,591.91
C001878,105264,Credit Card,2025-03-29,6772.35,12,564.36
C001879,102796,Credit Card,2026-06-01,2787.41,15,185.83
C001880,100919,Payroll Loan,2026-05-11,9415.27,29,324.66
C001881,103020,Vehicle Finance,2026-05-12,43688.7,55,794.34
C001882,102055,Credit Card,2025-04-25,1783.03,8,222.88
C001883,107742,Personal Loan,2025-01-09,5917.61,27,219.17
C001884,100406,Personal Loan,2026-06-25,6279.37,33,190.28
C001885,108632,Personal Loan,2025-07-28,4810.6,26,185.02
C001886,100855,Personal Loan,2026-05-08,8029.94,21,382.38
C001887,105230,Credit Card,2025-11-26,6280.48,21,299.07
C001888,108911,Personal Loan,2025-08-21,14592.33,27,540.46
C001889,102745,Personal Loan,2026-02-03,7397.4,28,264.19
C001890,107912,Credit Card,2025-02-10,7110.27,8,888.78
C001891,100960,Payroll Loan,2026-05-16,12764.26,22,580.19
C001892,102218,Personal Loan,2026-06-11,11105.26,26,427.13
C001893,109090,Vehicle Finance,2025-07-20,33099.74,50,661.99
C001894,102421,Personal Loan,2026-02-13,21000.0,25,840.0
C001895,106603,Payroll Loan,2025-05-11,5472.96,31,176.55
C001896,104903,Vehicle Finance,2025-06-25,59017.08,43,1372.49
C001897,101766,Credit Card,2025-09-23,4117.63,6,686.27
C001898,103304,Vehicle Finance,2025-05-29,57274.29,41,1396.93
C001899,106000,Payroll Loan,2026-01-02,22848.47,35,652.81
C001900,105549,Vehicle Finance,2026-04-29,17261.9,57,302.84
C001901,108281,Payroll Loan,2026-02-02,11733.05,35,335.23
C001902,102169,Vehicle Finance,2026-03-03,22596.44,53,426.35
C001903,104740,Credit Card,2026-05-24,9047.01,14,646.22
C001904,104074,Personal Loan,2025-04-25,4053.54,29,139.78
C001905,101760,Personal Loan,2025-06-13,9616.12,12,801.34
C001906,109161,Credit Card,2025-04-25,3394.65,14,242.48
C001907,102931,Personal Loan,2025-05-04,3453.71,33,104.66
C001908,104594,Personal Loan,2026-03-13,4915.19,12,409.6
C001909,106491,Personal Loan,2025-12-20,8120.64,18,451.15
C001910,108754,Personal Loan,2026-04-19,9251.5,16,578.22
C001911,101661,Credit Card,2026-06-25,5013.02,6,835.5
C001912,105315,Personal Loan,2025-10-15,9773.29,35,279.24
C001913,100607,Payroll Loan,2025-07-18,18871.55,40,471.79
C001914,104269,Personal Loan,2025-03-25,12695.1,20,634.76
C001915,109741,Payroll Loan,2025-12-04,31268.16,27,1158.08
C001916,105105,Vehicle Finance,2025-05-14,17815.53,58,307.16
C001917,109721,Credit Card,2025-12-03,9607.55,10,960.75
C001918,107411,Credit Card,2025-12-23,7196.6,24,299.86
C001919,102883,Personal Loan,2026-06-22,4460.19,19,234.75
C001920,109985,Vehicle Finance,2025-04-05,80663.25,42,1920.55
C001921,107089,Personal Loan,2025-11-08,5355.68,20,267.78
C001922,100296,Payroll Loan,2025-01-18,4755.56,28,169.84
C001923,107892,Payroll Loan,2025-10-12,4352.54,12,362.71
C001924,105170,Vehicle Finance,2025-06-13,60400.77,24,2516.7
C001925,109753,Vehicle Finance,2025-05-29,44238.49,57,776.11
C001926,106721,Personal Loan,2025-12-18,14834.57,21,706.41
C001927,101262,Personal Loan,2025-01-21,16026.54,29,552.64
C001928,104047,Personal Loan,2025-09-25,7783.07,29,268.38
C001929,107676,Credit Card,2026-01-23,4766.47,15,317.76
C001930,105717,Credit Card,2026-06-07,5554.57,8,694.32
C001931,100348,Vehicle Finance,2026-06-11,80082.21,29,2761.46
C001932,100536,Vehicle Finance,2025-03-15,42724.28,42,1017.24
C001933,102816,Personal Loan,2025-01-27,7598.67,21,361.84
C001934,102805,Credit Card,2026-05-22,6358.61,11,578.06
C001935,105662,Personal Loan,2026-03-22,6043.71,21,287.8
C001936,103773,Personal Loan,2025-09-16,10849.0,29,374.1
C001937,102833,Personal Loan,2025-08-07,3488.12,13,268.32
C001938,104063,Vehicle Finance,2026-05-31,24923.31,25,996.93
C001939,101866,Credit Card,2025-09-11,9660.46,16,603.78
C001940,106816,Personal Loan,2025-04-09,3270.54,27,121.13
C001941,100455,Personal Loan,2025-05-14,8048.53,20,402.43
C001942,109024,Credit Card,2025-05-23,5114.73,19,269.2
C001943,107651,Credit Card,2025-11-25,2463.16,14,175.94
C001944,100611,Personal Loan,2025-07-17,10364.05,23,450.61
C001945,106527,Payroll Loan,2025-06-15,7908.01,45,175.73
C001946,104493,Credit Card,2025-03-10,5251.42,22,238.7
C001947,105849,Payroll Loan,2025-03-29,21294.05,14,1521.0
C001948,103978,Payroll Loan,2025-04-15,14899.1,38,392.08
C001949,102985,Credit Card,2025-03-11,3606.24,11,327.84
C001950,109648,Personal Loan,2025-08-12,5552.5,14,396.61
C001951,101820,Credit Card,2025-12-19,5924.34,14,423.17
C001952,107060,Vehicle Finance,2025-11-02,39899.36,34,1173.51
C001953,105058,Personal Loan,2025-03-08,14399.77,15,959.98
C001954,109549,Personal Loan,2025-11-10,5044.88,15,336.33
C001955,104760,Personal Loan,2025-09-17,4961.26,21,236.25
C001956,105033,Vehicle Finance,2025-01-04,48509.38,59,822.19
C001957,108838,Credit Card,2025-04-03,7460.03,8,932.5
C001958,106278,Payroll Loan,2026-03-13,27460.52,16,1716.28
C001959,104501,Credit Card,2025-05-22,5139.03,12,428.25
C001960,108545,Personal Loan,2025-06-15,14824.55,22,673.84
C001961,108440,Payroll Loan,2025-04-04,5424.17,46,117.92
C001962,100367,Payroll Loan,2026-02-07,11459.79,41,279.51
C001963,102313,Vehicle Finance,2025-08-05,22775.72,47,484.59
C001964,109254,Payroll Loan,2025-05-29,8768.29,45,194.85
C001965,109147,Credit Card,2025-09-12,7243.43,12,603.62
C001966,104762,Personal Loan,2025-06-05,19845.13,35,567.0
C001967,103681,Personal Loan,2025-10-07,2651.78,12,220.98
C001968,109614,Credit Card,2025-11-22,4775.91,11,434.17
C001969,100408,Payroll Loan,2025-02-10,11727.93,37,316.97
C001970,100094,Personal Loan,2025-01-10,8377.45,18,465.41
C001971,106364,Payroll Loan,2026-02-28,3908.48,47,83.16
C001972,100940,Personal Loan,2025-03-06,4430.85,29,152.79
C001973,101972,Credit Card,2025-02-23,1819.98,24,75.83
C001974,100749,Credit Card,2026-06-13,2867.4,23,124.67
C001975,109334,Personal Loan,2026-05-04,6697.12,13,515.16
C001976,100560,Personal Loan,2025-09-08,6356.54,22,288.93
C001977,109151,Personal Loan,2025-02-06,9969.81,14,712.13
C001978,101338,Vehicle Finance,2026-03-28,36377.86,58,627.2
C001979,108962,Personal Loan,2026-05-20,5217.14,14,372.65
C001980,103332,Credit Card,2026-03-24,2436.27,22,110.74
C001981,104260,Vehicle Finance,2026-06-06,45236.44,36,1256.57
C001982,101342,Vehicle Finance,2025-01-04,47515.9,32,1484.87
C001983,102802,Personal Loan,2026-05-15,4962.6,34,145.96
C001984,101452,Credit Card,2025-09-10,3310.31,8,413.79
C001985,102100,Payroll Loan,2025-06-23,19202.58,33,581.9
C001986,104500,Credit Card,2025-12-06,4787.63,21,227.98
C001987,104863,Vehicle Finance,2026-06-26,75899.5,24,3162.48
C001988,106267,Personal Loan,2026-03-10,3089.22,21,147.11
C001989,109172,Credit Card,2025-07-08,4569.54,15,304.64
C001990,100450,Credit Card,2026-06-12,4389.23,12,365.77
C001991,102731,Personal Loan,2025-05-22,9058.74,15,603.92
C001992,105745,Credit Card,2025-03-19,2727.33,19,143.54
C001993,104704,Personal Loan,2026-04-05,6964.86,12,580.4
C001994,105820,Personal Loan,2026-01-20,7747.91,19,407.78
C001995,102939,Credit Card,2025-03-01,5362.04,6,893.67
C001996,103210,Personal Loan,2025-08-29,3526.47,24,146.94
C001997,107109,Personal Loan,2025-03-03,6551.35,17,385.37
C001998,101886,Credit Card,2025-08-04,2692.09,10,269.21
C001999,100846,Personal Loan,2025-11-10,14576.97,31,470.22
C002000,106326,Personal Loan,2025-01-01,7690.73,27,284.84
C002001,105672,Personal Loan,2025-07-16,4910.62,17,288.86
C002002,107814,Credit Card,2026-06-25,6160.17,20,308.01
C002003,106555,Payroll Loan,2025-07-07,17705.91,25,708.24
C002004,102841,Credit Card,2025-12-04,2207.59,17,129.86
C002005,104743,Payroll Loan,2025-07-17,6813.45,33,206.47
C002006,105099,Payroll Loan,2025-12-10,7270.64,42,173.11
C002007,101007,Payroll Loan,2025-05-05,13495.07,31,435.32
C002008,100989,Vehicle Finance,2026-05-27,14741.64,31,475.54
C002009,109691,Credit Card,2025-06-26,2706.94,12,225.58
C002010,107819,Credit Card,2025-05-08,4403.91,11,400.36
C002011,108219,Personal Loan,2025-02-23,16341.96,13,1257.07
C002012,106628,Personal Loan,2026-01-20,5070.7,14,362.19
C002013,108509,Payroll Loan,2026-02-13,21334.24,43,496.15
C002014,104284,Vehicle Finance,2025-09-09,53446.49,30,1781.55
C002015,101628,Payroll Loan,2025-03-03,8391.02,41,204.66
C002016,106053,Personal Loan,2025-09-24,9324.77,15,621.65
C002017,100526,Personal Loan,2025-11-23,5863.51,30,195.45
C002018,109551,Personal Loan,2026-03-05,10023.02,22,455.59
C002019,106105,Credit Card,2025-02-17,2932.1,9,325.79
C002020,105620,Personal Loan,2025-05-27,5611.85,19,295.36
C002021,107062,Credit Card,2026-06-08,2914.73,24,121.45
C002022,104272,Credit Card,2026-05-27,3606.94,11,327.9
C002023,106370,Personal Loan,2025-08-06,6109.96,12,509.16
C002024,104528,Personal Loan,2025-09-24,3570.68,21,170.03
C002025,102221,Credit Card,2025-09-03,7400.59,22,336.39
C002026,101820,Payroll Loan,2025-10-09,19571.16,22,889.6
C002027,101438,Credit Card,2026-03-02,4214.38,20,210.72
C002028,109100,Credit Card,2025-08-02,9309.78,17,547.63
C002029,103634,Credit Card,2025-05-21,5334.15,22,242.46
C002030,105510,Payroll Loan,2025-02-11,8447.36,43,196.45
C002031,101954,Vehicle Finance,2025-09-15,32779.57,52,630.38
C002032,103950,Personal Loan,2025-10-30,9256.85,36,257.13
C002033,104783,Personal Loan,2026-01-08,4163.15,34,122.45
C002034,109363,Vehicle Finance,2025-12-25,16474.01,45,366.09
C002035,108986,Personal Loan,2025-07-11,6826.95,27,252.85
C002036,105510,Payroll Loan,2025-01-28,12337.21,27,456.93
C002037,103109,Credit Card,2025-09-05,3140.82,14,224.34
C002038,101463,Credit Card,2025-06-11,5306.38,22,241.2
C002039,109511,Payroll Loan,2025-05-03,14385.04,40,359.63
C002040,106934,Vehicle Finance,2026-03-30,36396.65,27,1348.02
C002041,103413,Payroll Loan,2025-09-05,9326.71,46,202.75
C002042,109671,Credit Card,2025-09-28,2305.44,16,144.09
C002043,106855,Personal Loan,2025-12-10,11659.46,29,402.05
C002044,108269,Personal Loan,2025-11-26,12300.28,13,946.18
C002045,102653,Personal Loan,2026-05-25,4235.91,36,117.66
C002046,103805,Payroll Loan,2025-07-20,15528.07,25,621.12
C002047,104062,Payroll Loan,2025-12-09,3057.2,13,235.17
C002048,108087,Vehicle Finance,2025-02-01,71311.97,27,2641.18
C002049,108552,Credit Card,2025-01-07,5261.62,7,751.66
C002050,104813,Personal Loan,2025-11-02,3612.28,17,212.49
C002051,106016,Credit Card,2025-02-19,3616.78,20,180.84
C002052,104047,Personal Loan,2025-05-20,5925.74,16,370.36
C002053,103969,Personal Loan,2026-01-20,3066.65,29,105.75
C002054,105556,Payroll Loan,2026-01-23,12019.85,46,261.3
C002055,109018,Personal Loan,2025-07-09,13420.12,18,745.56
C002056,100768,Credit Card,2025-08-05,3039.48,9,337.72
C002057,102828,Vehicle Finance,2026-05-10,36994.49,47,787.12
C002058,102643,Personal Loan,2025-10-05,6723.09,29,231.83
C002059,105848,Credit Card,2025-07-14,2159.35,7,308.48
C002060,105793,Payroll Loan,2025-11-03,2750.0,23,119.57
C002061,109059,Credit Card,2025-08-10,5116.94,10,511.69
C002062,101173,Personal Loan,2026-01-30,15615.98,17,918.59
C002063,107117,Payroll Loan,2025-08-21,10534.7,32,329.21
C002064,104103,Personal Loan,2026-03-20,6157.45,17,362.2
C002065,100664,Payroll Loan,2025-04-28,11774.99,13,905.77
C002066,108276,Payroll Loan,2025-02-25,13219.4,19,695.76
C002067,100057,Payroll Loan,2026-01-22,4524.33,13,348.03
C002068,108939,Credit Card,2025-02-20,1892.89,11,172.08
C002069,102693,Payroll Loan,2025-10-24,12086.37,40,302.16
C002070,101826,Payroll Loan,2025-03-29,4650.28,42,110.72
C002071,103055,Payroll Loan,2025-04-05,10250.12,22,465.91
C002072,109447,Vehicle Finance,2025-12-26,37868.18,38,996.53
C002073,108049,Personal Loan,2026-06-06,10937.67,27,405.1
C002074,104671,Payroll Loan,2025-05-18,15591.27,32,487.23
C002075,103416,Personal Loan,2025-05-10,6009.76,31,193.86
C002076,101521,Credit Card,2026-02-27,2385.62,20,119.28
C002077,105310,Credit Card,2025-08-19,7265.19,21,345.96
C002078,107506,Vehicle Finance,2025-07-29,50915.99,52,979.15
C002079,101071,Personal Loan,2025-07-02,12951.1,22,588.69
C002080,100853,Personal Loan,2025-08-18,6086.86,29,209.89
C002081,107710,Personal Loan,2025-09-02,2616.35,15,174.42
C002082,107317,Payroll Loan,2025-11-02,22552.26,18,1252.9
C002083,104320,Vehicle Finance,2025-10-21,36904.02,40,922.6
C002084,106985,Personal Loan,2025-12-03,11386.36,35,325.32
C002085,105094,Personal Loan,2025-10-24,3175.41,13,244.26
C002086,106375,Personal Loan,2025-01-10,4834.44,22,219.75
C002087,101943,Credit Card,2026-01-24,6712.17,16,419.51
C002088,108279,Personal Loan,2025-08-15,5061.05,15,337.4
C002089,107960,Personal Loan,2025-02-07,5282.27,14,377.3
C002090,108230,Payroll Loan,2026-03-22,12220.49,22,555.48
C002091,101674,Credit Card,2025-07-14,4811.94,21,229.14
C002092,104408,Personal Loan,2025-11-30,12650.93,13,973.15
C002093,102931,Credit Card,2026-04-22,9230.77,7,1318.68
C002094,105163,Personal Loan,2025-05-31,13711.32,33,415.49
C002095,104279,Personal Loan,2025-02-25,21000.0,36,583.33
C002096,104178,Personal Loan,2026-05-23,4933.67,35,140.96
C002097,109104,Credit Card,2026-01-02,2407.01,18,133.72
C002098,106135,Personal Loan,2026-06-13,3542.45,21,168.69
C002099,109628,Credit Card,2025-10-12,8166.86,16,510.43
C002100,105226,Credit Card,2025-09-11,3886.84,18,215.94
C002101,107486,Personal Loan,2025-12-26,3853.57,32,120.42
C002102,102965,Vehicle Finance,2025-07-09,29332.86,46,637.67
C002103,104713,Vehicle Finance,2026-01-23,85690.09,48,1785.21
C002104,104231,Payroll Loan,2026-04-22,16416.03,43,381.77
C002105,107658,Credit Card,2026-03-26,1694.17,22,77.01
C002106,105649,Personal Loan,2025-06-03,6124.01,21,291.62
C002107,103222,Credit Card,2025-09-25,3293.23,10,329.32
C002108,108002,Vehicle Finance,2026-02-02,24242.06,52,466.19
C002109,107938,Personal Loan,2025-02-08,5214.51,18,289.7
C002110,101349,Personal Loan,2026-01-10,4935.35,19,259.76
C002111,103990,Credit Card,2025-09-26,1125.0,13,86.54
C002112,105623,Personal Loan,2025-12-13,9890.55,27,366.32
C002113,108912,Payroll Loan,2025-06-30,7222.91,30,240.76
C002114,109385,Personal Loan,2025-03-29,4343.59,26,167.06
C002115,102495,Vehicle Finance,2025-03-28,20652.24,33,625.83
C002116,104087,Credit Card,2025-04-07,3550.62,11,322.78
C002117,101451,Payroll Loan,2026-05-29,12444.62,44,282.83
C002118,100686,Personal Loan,2025-07-31,6419.0,27,237.74
C002119,103362,Credit Card,2025-03-12,3894.21,15,259.61
C002120,108496,Vehicle Finance,2025-10-24,31738.11,44,721.32
C002121,104016,Vehicle Finance,2026-05-26,41709.23,60,695.15
C002122,102123,Personal Loan,2025-07-19,9303.03,34,273.62
C002123,102422,Personal Loan,2025-06-19,2350.37,30,78.35
C002124,106975,Payroll Loan,2026-02-04,9804.11,30,326.8
C002125,105501,Credit Card,2026-01-02,3560.56,7,508.65
C002126,104618,Personal Loan,2025-06-01,6334.11,35,180.97
C002127,103647,Credit Card,2025-01-02,4742.54,20,237.13
C002128,109409,Personal Loan,2025-11-27,9587.18,13,737.48
C002129,101413,Personal Loan,2026-05-19,2889.65,16,180.6
C002130,107739,Vehicle Finance,2025-05-14,29453.59,44,669.4
C002131,109963,Personal Loan,2025-08-28,2575.55,30,85.85
C002132,108020,Vehicle Finance,2025-08-29,69555.05,56,1242.05
C002133,105400,Personal Loan,2025-09-14,5690.21,27,210.75
C002134,106010,Vehicle Finance,2025-08-21,54656.3,31,1763.11
C002135,108555,Vehicle Finance,2025-08-27,26253.81,28,937.64
C002136,101395,Personal Loan,2025-10-06,6153.95,23,267.56
C002137,108089,Credit Card,2026-06-08,3326.39,21,158.4
C002138,101695,Vehicle Finance,2026-02-16,25460.08,58,438.97
C002139,101454,Credit Card,2025-04-11,5316.16,24,221.51
C002140,100443,Payroll Loan,2025-07-06,13773.91,43,320.32
C002141,101031,Personal Loan,2026-04-03,5280.55,32,165.02
C002142,106295,Vehicle Finance,2025-12-19,31350.41,40,783.76
C002143,100916,Credit Card,2025-09-24,4135.93,12,344.66
C002144,106903,Vehicle Finance,2026-05-05,41650.74,38,1096.07
C002145,100935,Credit Card,2025-09-19,4575.12,11,415.92
C002146,102060,Credit Card,2025-06-20,10600.12,21,504.77
C002147,103640,Personal Loan,2026-01-29,10029.54,35,286.56
C002148,108591,Credit Card,2025-10-08,7642.55,19,402.24
C002149,101540,Personal Loan,2025-03-21,6227.39,24,259.47
C002150,103535,Personal Loan,2025-06-14,14709.83,13,1131.53
C002151,101083,Credit Card,2026-04-02,8548.51,23,371.67
C002152,102192,Payroll Loan,2026-03-30,9799.73,43,227.9
C002153,105357,Payroll Loan,2026-02-02,22334.09,36,620.39
C002154,107509,Credit Card,2025-06-08,3373.84,15,224.92
C002155,105255,Personal Loan,2025-04-02,1966.83,30,65.56
C002156,106266,Credit Card,2026-06-22,3732.18,6,622.03
C002157,103538,Payroll Loan,2025-10-09,8584.33,15,572.29
C002158,101997,Payroll Loan,2025-02-06,6183.31,41,150.81
C002159,106599,Payroll Loan,2026-04-27,15274.65,14,1091.05
C002160,108327,Credit Card,2026-05-04,3886.44,13,298.96
C002161,106008,Vehicle Finance,2025-09-16,19438.54,37,525.37
C002162,101050,Vehicle Finance,2026-03-14,23779.88,31,767.09
C002163,109963,Credit Card,2026-04-22,5568.8,6,928.13
C002164,101901,Vehicle Finance,2025-03-26,42852.66,32,1339.15
C002165,105471,Vehicle Finance,2025-11-15,56197.52,32,1756.17
C002166,107675,Credit Card,2025-12-31,2163.6,7,309.09
C002167,109809,Payroll Loan,2026-06-29,20121.14,45,447.14
C002168,105407,Personal Loan,2025-01-21,12610.9,25,504.44
C002169,109178,Personal Loan,2025-03-11,3980.07,24,165.84
C002170,104330,Personal Loan,2025-01-30,10250.84,13,788.53
C002171,100798,Credit Card,2026-05-20,4323.61,24,180.15
C002172,101520,Payroll Loan,2025-11-06,4400.85,14,314.35
C002173,109167,Credit Card,2025-06-03,6183.04,7,883.29
C002174,100896,Vehicle Finance,2025-11-17,26863.84,44,610.54
C002175,109225,Credit Card,2025-05-22,6484.26,10,648.43
C002176,104350,Personal Loan,2025-06-19,4060.81,25,162.43
C002177,109544,Vehicle Finance,2025-03-11,46881.74,56,837.17
C002178,109839,Credit Card,2026-04-21,4928.09,17,289.89
C002179,100785,Credit Card,2025-12-02,2095.79,15,139.72
C002180,106224,Credit Card,2025-11-27,3775.43,24,157.31
C002181,100295,Payroll Loan,2025-06-27,15861.05,26,610.04
C002182,103179,Vehicle Finance,2025-12-18,54620.38,56,975.36
C002183,109480,Personal Loan,2026-04-13,13393.63,31,432.05
C002184,109992,Vehicle Finance,2025-11-28,34702.27,57,608.81
C002185,101377,Payroll Loan,2026-04-09,10827.23,47,230.37
C002186,109978,Payroll Loan,2025-08-09,10679.44,33,323.62
C002187,101827,Payroll Loan,2026-03-01,12907.91,25,516.32
C002188,103378,Credit Card,2025-02-07,3090.78,20,154.54
C002189,105201,Payroll Loan,2026-03-05,5563.11,22,252.87
C002190,102176,Credit Card,2025-11-05,4169.04,20,208.45
C002191,100630,Vehicle Finance,2025-06-01,22988.02,31,741.55
C002192,101942,Credit Card,2026-03-27,4376.71,18,243.15
C002193,100634,Credit Card,2025-11-26,5292.68,22,240.58
C002194,105879,Credit Card,2026-05-10,2123.3,14,151.66
C002195,106404,Vehicle Finance,2026-01-21,46030.3,39,1180.26
C002196,103142,Payroll Loan,2025-03-16,10873.39,47,231.35
C002197,108367,Payroll Loan,2026-06-20,6213.64,20,310.68
C002198,107798,Payroll Loan,2026-02-05,5589.11,24,232.88
C002199,103370,Personal Loan,2026-04-10,11088.99,24,462.04
C002200,103544,Personal Loan,2025-04-25,6125.31,34,180.16
C002201,103984,Payroll Loan,2026-01-01,11973.2,32,374.16
C002202,106091,Payroll Loan,2025-04-24,9314.58,35,266.13
C002203,108419,Personal Loan,2025-12-18,6849.35,18,380.52
C002204,102489,Credit Card,2025-02-05,5153.89,9,572.65
C002205,103328,Personal Loan,2025-02-04,14190.1,18,788.34
C002206,104810,Payroll Loan,2026-06-15,18584.74,20,929.24
C002207,102529,Vehicle Finance,2025-03-07,53196.84,30,1773.23
C002208,106581,Vehicle Finance,2026-02-13,35153.79,54,651.0
C002209,100806,Personal Loan,2026-01-14,4811.1,28,171.82
C002210,109907,Personal Loan,2025-07-04,12325.41,20,616.27
C002211,102812,Payroll Loan,2025-01-22,4604.26,43,107.08
C002212,103042,Credit Card,2026-04-12,2047.99,12,170.67
C002213,102718,Personal Loan,2025-11-27,6477.84,33,196.3
C002214,107550,Personal Loan,2025-03-21,3570.91,27,132.26
C002215,101694,Credit Card,2025-11-04,3541.12,17,208.3
C002216,106055,Payroll Loan,2025-07-06,21291.33,47,453.01
C002217,106696,Vehicle Finance,2025-11-29,38310.46,40,957.76
C002218,107550,Credit Card,2025-01-27,3895.69,23,169.38
C002219,105302,Payroll Loan,2025-05-12,8792.81,20,439.64
C002220,106127,Vehicle Finance,2025-08-27,19626.72,57,344.33
C002221,104561,Payroll Loan,2026-05-15,16023.78,26,616.3
C002222,101082,Vehicle Finance,2025-05-19,15269.26,57,267.88
C002223,100144,Personal Loan,2025-04-11,9599.96,26,369.23
C002224,102379,Payroll Loan,2026-06-25,12716.9,48,264.94
C002225,107123,Payroll Loan,2025-10-04,6418.81,13,493.75
C002226,107127,Personal Loan,2025-04-14,6890.33,30,229.68
C002227,105983,Credit Card,2025-02-03,6361.92,12,530.16
C002228,107422,Credit Card,2025-04-04,3352.64,15,223.51
C002229,108013,Payroll Loan,2025-06-26,16126.02,46,350.57
C002230,106296,Credit Card,2025-01-26,3698.45,9,410.94
C002231,104764,Payroll Loan,2025-03-08,10325.28,36,286.81
C002232,101978,Credit Card,2025-10-03,2387.11,15,159.14
C002233,101170,Vehicle Finance,2026-04-12,64572.7,45,1434.95
C002234,101076,Personal Loan,2025-02-13,9659.18,30,321.97
C002235,101076,Payroll Loan,2026-02-03,15867.16,48,330.57
C002236,107363,Payroll Loan,2026-02-21,5261.32,23,228.75
C002237,106808,Personal Loan,2026-05-07,2575.69,14,183.98
C002238,106374,Credit Card,2025-08-17,5153.92,21,245.42
C002239,105085,Personal Loan,2026-03-04,4055.69,26,155.99
C002240,105585,Credit Card,2026-06-27,4161.08,18,231.17
C002241,102557,Personal Loan,2025-12-24,6966.95,24,290.29
C002242,100190,Payroll Loan,2025-02-08,10992.68,31,354.6
C002243,108324,Credit Card,2025-07-30,2625.7,8,328.21
C002244,106194,Credit Card,2025-08-31,5719.25,12,476.6
C002245,109478,Personal Loan,2026-01-14,3766.61,24,156.94
C002246,107790,Personal Loan,2026-06-14,7641.01,18,424.5
C002247,103854,Credit Card,2025-02-03,2615.06,9,290.56
C002248,104644,Personal Loan,2025-08-23,3759.41,32,117.48
C002249,103855,Personal Loan,2026-03-24,17725.22,16,1107.83
C002250,100511,Payroll Loan,2025-07-09,7655.29,32,239.23
C002251,102067,Vehicle Finance,2026-05-22,22188.48,44,504.28
C002252,102899,Vehicle Finance,2025-03-16,18793.89,56,335.61
C002253,108881,Payroll Loan,2025-07-03,9991.71,32,312.24
C002254,101742,Credit Card,2025-11-27,5304.85,13,408.07
C002255,100487,Vehicle Finance,2025-12-07,61755.95,50,1235.12
C002256,106185,Credit Card,2025-06-21,6916.54,12,576.38
C002257,103024,Personal Loan,2026-03-29,8568.22,36,238.01
C002258,101219,Personal Loan,2025-11-09,4842.31,21,230.59
C002259,103850,Personal Loan,2025-09-16,2354.13,34,69.24
C002260,100410,Personal Loan,2026-05-18,3568.53,12,297.38
C002261,104455,Payroll Loan,2025-08-19,11635.92,24,484.83
C002262,108183,Payroll Loan,2025-11-11,5786.12,39,148.36
C002263,105641,Personal Loan,2026-01-08,4587.28,27,169.9
C002264,109220,Payroll Loan,2025-02-04,12153.01,39,311.62
C002265,109945,Payroll Loan,2025-04-03,7406.46,35,211.61
C002266,108440,Personal Loan,2025-09-27,7196.68,34,211.67
C002267,107680,Vehicle Finance,2025-09-24,56138.57,32,1754.33
C002268,105837,Vehicle Finance,2026-01-22,14236.17,53,268.61
C002269,100852,Personal Loan,2025-11-14,2958.91,26,113.8
C002270,103567,Vehicle Finance,2025-11-23,81020.32,52,1558.08
C002271,109118,Personal Loan,2025-12-29,3999.97,29,137.93
C002272,100804,Credit Card,2025-03-16,3568.36,21,169.92
C002273,107772,Personal Loan,2025-09-28,6257.13,27,231.75
C002274,103904,Vehicle Finance,2025-08-21,45769.73,49,934.08
C002275,109287,Vehicle Finance,2026-01-17,50434.32,51,988.91
C002276,101836,Credit Card,2025-10-17,3081.78,8,385.22
C002277,104275,Personal Loan,2025-09-18,6523.51,30,217.45
C002278,108082,Personal Loan,2025-07-30,21000.0,25,840.0
C002279,104144,Credit Card,2026-04-21,3332.57,22,151.48
C002280,108337,Personal Loan,2026-05-20,5056.27,33,153.22
C002281,103623,Personal Loan,2026-02-03,8448.54,13,649.89
C002282,104697,Vehicle Finance,2026-06-22,34176.42,50,683.53
C002283,107117,Payroll Loan,2025-01-19,6226.64,33,188.69
C002284,103074,Credit Card,2026-02-20,4688.01,18,260.44
C002285,108094,Credit Card,2025-10-10,5002.69,18,277.93
C002286,106993,Payroll Loan,2026-05-19,17127.98,13,1317.54
C002287,108736,Credit Card,2025-07-06,4895.56,6,815.93
C002288,106275,Vehicle Finance,2026-05-27,63819.11,42,1519.5
C002289,108613,Payroll Loan,2025-04-29,9120.04,41,222.44
C002290,105810,Personal Loan,2025-07-10,5090.7,32,159.08
C002291,104605,Personal Loan,2025-08-17,3730.77,24,155.45
C002292,109256,Personal Loan,2025-07-06,2257.32,30,75.24
C002293,104332,Vehicle Finance,2025-06-20,45107.3,37,1219.12
C002294,102798,Credit Card,2025-01-23,13334.34,10,1333.43
C002295,108123,Personal Loan,2025-06-05,12277.13,35,350.78
C002296,103310,Credit Card,2025-04-29,5146.84,10,514.68
C002297,100263,Credit Card,2025-06-06,8436.02,19,444.0
C002298,100546,Payroll Loan,2025-03-26,23159.53,36,643.32
C002299,107274,Vehicle Finance,2026-05-08,12898.66,35,368.53
C002300,102198,Vehicle Finance,2025-04-02,31544.11,46,685.74
C002301,103837,Credit Card,2025-01-18,6692.48,15,446.17
C002302,104696,Personal Loan,2025-03-28,4172.44,23,181.41
C002303,103848,Vehicle Finance,2025-02-10,18705.24,32,584.54
C002304,108206,Personal Loan,2025-07-03,5402.46,22,245.57
C002305,108423,Personal Loan,2026-02-04,5599.45,34,164.69
C002306,101891,Vehicle Finance,2025-12-21,33823.96,52,650.46
C002307,100615,Payroll Loan,2025-12-23,18278.41,40,456.96
C002308,105231,Vehicle Finance,2026-04-17,30500.01,37,824.32
C002309,108481,Credit Card,2025-02-13,3779.05,14,269.93
C002310,103090,Vehicle Finance,2025-04-10,43549.95,44,989.77
C002311,103986,Vehicle Finance,2026-03-22,60479.74,40,1511.99
C002312,107855,Credit Card,2025-12-21,4437.95,7,633.99
C002313,104311,Payroll Loan,2026-06-06,12241.29,29,422.11
C002314,106381,Credit Card,2025-10-09,3392.94,24,141.37
C002315,108844,Payroll Loan,2025-08-19,23838.61,31,768.99
C002316,100549,Personal Loan,2025-12-20,6087.78,33,184.48
C002317,100516,Personal Loan,2025-04-16,3800.27,23,165.23
C002318,101628,Personal Loan,2025-01-04,2414.76,28,86.24
C002319,105230,Credit Card,2025-07-12,5582.74,18,310.15
C002320,107638,Credit Card,2026-04-05,3979.2,20,198.96
C002321,101246,Credit Card,2025-06-15,7240.53,8,905.07
C002322,106785,Payroll Loan,2025-08-02,16493.34,19,868.07
C002323,100826,Personal Loan,2025-07-28,16487.69,30,549.59
C002324,101163,Credit Card,2026-03-05,3537.2,13,272.09
C002325,109300,Vehicle Finance,2025-04-06,39285.64,35,1122.45
C002326,103019,Personal Loan,2025-07-06,2833.64,27,104.95
C002327,104155,Vehicle Finance,2026-06-08,29164.0,53,550.26
C002328,102721,Credit Card,2026-06-10,5624.84,12,468.74
C002329,103409,Payroll Loan,2025-03-04,6032.41,21,287.26
C002330,104715,Credit Card,2026-01-03,9723.91,6,1620.65
C002331,102060,Credit Card,2026-03-10,2580.27,24,107.51
C002332,100260,Payroll Loan,2026-05-22,11756.53,29,405.4
C002333,107005,Credit Card,2025-09-11,6796.97,11,617.91
C002334,105303,Personal Loan,2025-08-15,11858.65,18,658.81
C002335,105417,Credit Card,2026-04-22,6882.69,8,860.34
C002336,101664,Personal Loan,2025-06-12,6475.19,30,215.84
C002337,107187,Personal Loan,2026-02-16,2323.53,12,193.63
C002338,107345,Payroll Loan,2025-09-05,33000.0,40,825.0
C002339,104821,Personal Loan,2025-11-13,5060.39,36,140.57
C002340,105481,Payroll Loan,2025-03-20,7604.6,35,217.27
C002341,103798,Credit Card,2025-11-20,8800.03,15,586.67
C002342,107873,Credit Card,2025-05-01,3937.44,12,328.12
C002343,109175,Credit Card,2025-07-31,2426.42,20,121.32
C002344,106300,Credit Card,2025-07-26,2789.46,14,199.25
C002345,101028,Payroll Loan,2025-08-23,10414.15,32,325.44
C002346,109095,Credit Card,2025-07-05,3055.2,20,152.76
C002347,105475,Personal Loan,2026-06-16,5648.28,25,225.93
C002348,109549,Payroll Loan,2025-01-24,7893.49,42,187.94
C002349,107278,Vehicle Finance,2025-11-23,83882.77,50,1677.66
C002350,106226,Personal Loan,2025-04-28,8482.77,13,652.52
C002351,103170,Payroll Loan,2025-06-16,14128.47,27,523.28
C002352,106274,Vehicle Finance,2025-12-03,60789.53,55,1105.26
C002353,102271,Personal Loan,2025-01-31,13344.23,25,533.77
C002354,103554,Credit Card,2026-05-05,2410.83,13,185.45
C002355,106438,Payroll Loan,2026-01-28,13989.5,46,304.12
C002356,109340,Payroll Loan,2025-04-19,15998.23,37,432.38
C002357,105392,Personal Loan,2026-05-05,9806.13,27,363.19
C002358,108148,Credit Card,2025-04-26,5042.43,16,315.15
C002359,104374,Personal Loan,2026-02-24,8287.37,35,236.78
C002360,102494,Vehicle Finance,2026-02-11,48541.53,44,1103.22
C002361,100940,Personal Loan,2025-10-29,4114.68,27,152.4
C002362,102638,Personal Loan,2025-12-15,14979.57,36,416.1
C002363,101135,Payroll Loan,2025-09-27,5528.86,19,290.99
C002364,107419,Vehicle Finance,2026-04-29,30280.07,54,560.74
C002365,101031,Credit Card,2025-01-22,3697.1,13,284.39
C002366,103511,Vehicle Finance,2025-03-21,39286.81,31,1267.32
C002367,108797,Personal Loan,2026-03-03,3534.86,15,235.66
C002368,108226,Credit Card,2026-05-08,5618.11,23,244.27
C002369,108339,Vehicle Finance,2025-10-10,66006.82,45,1466.82
C002370,109167,Personal Loan,2025-06-01,10008.29,26,384.93
C002371,105098,Personal Loan,2025-11-29,3108.31,29,107.18
C002372,101155,Vehicle Finance,2025-05-31,35210.68,31,1135.83
C002373,102214,Payroll Loan,2025-06-08,17272.1,38,454.53
C002374,105209,Vehicle Finance,2025-08-18,33151.71,38,872.41
C002375,101996,Credit Card,2025-03-01,5856.45,16,366.03
C002376,108879,Personal Loan,2026-06-10,3988.83,14,284.92
C002377,104326,Credit Card,2025-11-11,4875.09,11,443.19
C002378,105516,Credit Card,2025-02-26,5565.16,6,927.53
C002379,101138,Vehicle Finance,2025-02-15,43386.17,57,761.16
C002380,101456,Vehicle Finance,2025-12-06,28411.35,52,546.37
C002381,107990,Personal Loan,2025-01-03,14580.82,30,486.03
C002382,107914,Payroll Loan,2026-04-10,13815.09,48,287.81
C002383,106036,Credit Card,2026-01-23,4041.2,12,336.77
C002384,102054,Personal Loan,2026-06-01,9938.63,21,473.27
C002385,104633,Credit Card,2025-10-14,2958.43,18,164.36
C002386,104954,Credit Card,2026-02-25,7190.21,22,326.83
C002387,102555,Personal Loan,2026-05-17,6980.85,19,367.41
C002388,109678,Vehicle Finance,2025-02-04,31377.25,24,1307.39
C002389,104326,Vehicle Finance,2025-08-12,38042.71,28,1358.67
C002390,108897,Vehicle Finance,2026-03-25,46662.59,33,1414.02
C002391,105220,Payroll Loan,2025-03-08,5758.46,34,169.37
C002392,106096,Credit Card,2026-03-01,4792.27,6,798.71
C002393,109744,Payroll Loan,2026-01-25,16741.78,31,540.06
C002394,101570,Credit Card,2026-06-01,8433.35,13,648.72
C002395,105842,Payroll Loan,2025-08-25,11133.76,41,271.56
C002396,103862,Personal Loan,2025-04-09,6719.74,20,335.99
C002397,101936,Personal Loan,2025-08-04,2871.72,18,159.54
C002398,102372,Vehicle Finance,2025-10-02,27644.64,55,502.63
C002399,101863,Vehicle Finance,2025-12-30,42713.96,48,889.87
C002400,106761,Personal Loan,2025-08-05,14550.39,14,1039.31
C002401,106309,Credit Card,2025-09-25,4971.08,23,216.13
C002402,107612,Personal Loan,2026-01-14,17726.29,30,590.88
C002403,108089,Personal Loan,2025-06-28,13842.79,35,395.51
C002404,106242,Personal Loan,2025-03-29,12043.18,17,708.42
C002405,103202,Payroll Loan,2026-02-01,8544.55,12,712.05
C002406,106082,Personal Loan,2025-01-24,4158.11,16,259.88
C002407,106121,Vehicle Finance,2025-12-26,40700.49,52,782.7
C002408,103130,Credit Card,2025-06-22,2821.82,18,156.77
C002409,108853,Personal Loan,2026-05-22,9694.56,33,293.77
C002410,104526,Personal Loan,2026-01-30,4214.78,34,123.96
C002411,104849,Personal Loan,2025-12-19,5147.1,27,190.63
C002412,109825,Payroll Loan,2025-12-15,11488.03,42,273.52
C002413,104600,Personal Loan,2025-11-03,5442.74,26,209.34
C002414,109091,Credit Card,2025-06-12,4458.89,7,636.98
C002415,103547,Personal Loan,2025-10-17,4581.37,12,381.78
C002416,107129,Payroll Loan,2025-11-21,9352.47,35,267.21
C002417,109510,Credit Card,2026-06-11,3171.72,16,198.23
C002418,108674,Payroll Loan,2025-10-17,5420.66,30,180.69
C002419,101757,Payroll Loan,2025-11-17,11708.42,20,585.42
C002420,107081,Payroll Loan,2025-06-20,18972.86,12,1581.07
C002421,102118,Personal Loan,2025-06-20,7540.8,17,443.58
C002422,106390,Credit Card,2025-01-11,3062.06,24,127.59
C002423,107457,Credit Card,2026-06-30,2843.33,13,218.72
C002424,107570,Personal Loan,2025-10-03,3758.47,30,125.28
C002425,108647,Personal Loan,2025-05-05,8236.38,19,433.49
C002426,102471,Vehicle Finance,2025-01-06,39411.92,54,729.85
C002427,101491,Payroll Loan,2025-11-03,7059.39,33,213.92
C002428,109641,Payroll Loan,2026-01-22,3060.62,22,139.12
C002429,106545,Payroll Loan,2025-01-04,11120.03,47,236.6
C002430,104342,Personal Loan,2025-04-27,4500.93,25,180.04
C002431,104263,Credit Card,2025-12-04,6957.14,20,347.86
C002432,100441,Personal Loan,2025-06-22,9518.88,23,413.86
C002433,109858,Payroll Loan,2025-09-13,13359.65,15,890.64
C002434,101876,Vehicle Finance,2025-03-03,23554.28,37,636.6
C002435,107017,Credit Card,2025-12-21,5149.5,23,223.89
C002436,106622,Payroll Loan,2025-11-02,10301.84,23,447.91
C002437,109626,Vehicle Finance,2026-06-13,57103.33,53,1077.42
C002438,106648,Personal Loan,2025-03-04,7169.42,21,341.4
C002439,109267,Personal Loan,2026-03-26,9125.62,23,396.77
C002440,105421,Personal Loan,2025-08-28,4594.98,24,191.46
C002441,105301,Credit Card,2026-05-28,4013.48,10,401.35
C002442,105022,Payroll Loan,2025-12-30,13431.79,22,610.54
C002443,109293,Payroll Loan,2025-11-26,6878.13,40,171.95
C002444,106339,Payroll Loan,2026-06-14,13031.56,46,283.29
C002445,109120,Personal Loan,2026-02-08,13528.48,34,397.9
C002446,107215,Personal Loan,2025-10-07,3377.78,34,99.35
C002447,105519,Personal Loan,2025-06-29,3555.59,30,118.52
C002448,102019,Credit Card,2025-05-05,2793.2,13,214.86
C002449,106558,Credit Card,2025-05-12,2222.16,16,138.88
C002450,102056,Credit Card,2026-01-10,5238.58,15,349.24
C002451,107365,Personal Loan,2025-05-09,6185.52,31,199.53
C002452,100363,Credit Card,2025-06-17,4443.93,16,277.75
C002453,104215,Personal Loan,2026-01-15,5839.6,31,188.37
C002454,106040,Personal Loan,2025-06-01,10571.84,23,459.65
C002455,103655,Credit Card,2026-03-14,2436.42,22,110.75
C002456,103732,Payroll Loan,2025-12-13,12297.75,29,424.06
C002457,100545,Credit Card,2025-01-26,4948.61,19,260.45
C002458,109366,Personal Loan,2025-02-01,6901.12,28,246.47
C002459,100365,Personal Loan,2026-01-06,18422.9,31,594.29
C002460,103353,Payroll Loan,2025-08-01,3287.07,47,69.94
C002461,108958,Credit Card,2025-04-24,2427.09,24,101.13
C002462,105649,Payroll Loan,2025-07-20,11460.53,43,266.52
C002463,104886,Vehicle Finance,2025-03-09,41803.09,46,908.76
C002464,103460,Vehicle Finance,2025-03-25,26257.57,55,477.41
C002465,100613,Credit Card,2026-03-28,3004.24,24,125.18
C002466,103563,Payroll Loan,2025-11-27,6403.29,21,304.92
C002467,105380,Payroll Loan,2026-06-25,9624.86,24,401.04
C002468,103629,Credit Card,2026-02-26,6382.5,8,797.81
C002469,104725,Payroll Loan,2025-01-15,19236.39,47,409.28
C002470,106103,Credit Card,2025-06-17,5784.02,24,241.0
C002471,104439,Credit Card,2026-03-22,4519.2,19,237.85
C002472,103666,Payroll Loan,2025-07-23,16049.14,39,411.52
C002473,108637,Personal Loan,2025-09-06,7030.32,16,439.4
C002474,101479,Personal Loan,2025-07-27,9644.68,33,292.26
C002475,105312,Personal Loan,2025-05-30,10640.03,35,304.0
C002476,101651,Credit Card,2025-11-15,3801.23,14,271.52
C002477,101370,Payroll Loan,2025-02-13,8993.22,27,333.08
C002478,105273,Personal Loan,2026-02-23,4979.24,13,383.02
C002479,100426,Vehicle Finance,2025-02-21,41608.57,46,904.53
C002480,104340,Credit Card,2025-03-21,3493.36,23,151.89
C002481,102886,Credit Card,2026-01-24,5527.1,16,345.44
C002482,108730,Personal Loan,2025-01-09,5708.17,21,271.82
C002483,102092,Personal Loan,2025-07-15,10762.26,19,566.43
C002484,100421,Personal Loan,2026-02-10,3510.45,29,121.05
C002485,100669,Personal Loan,2025-06-17,7219.38,16,451.21
C002486,102649,Personal Loan,2025-07-07,14307.77,32,447.12
C002487,100176,Vehicle Finance,2026-06-06,32346.93,51,634.25
C002488,106921,Credit Card,2025-10-13,4208.97,8,526.12
C002489,100402,Credit Card,2025-08-02,10075.01,24,419.79
C002490,106843,Credit Card,2025-12-29,3420.1,23,148.7
C002491,102413,Personal Loan,2025-10-25,9553.08,16,597.07
C002492,100766,Credit Card,2026-06-27,2884.14,14,206.01
C002493,103876,Personal Loan,2025-05-22,4634.07,36,128.72
C002494,102469,Credit Card,2026-02-22,4476.88,24,186.54
C002495,105158,Payroll Loan,2025-09-14,12561.62,19,661.14
C002496,102280,Credit Card,2025-06-28,5468.57,12,455.71
C002497,109320,Vehicle Finance,2025-07-22,40159.06,27,1487.37
C002498,109595,Vehicle Finance,2025-04-11,51370.86,29,1771.41
C002499,103457,Credit Card,2026-03-03,2650.27,6,441.71
C002500,109209,Payroll Loan,2025-10-21,4612.01,22,209.64
C002501,109743,Credit Card,2026-01-23,7541.97,23,327.91
C002502,109820,Personal Loan,2025-10-01,5094.39,26,195.94
C002503,103195,Credit Card,2026-05-01,5200.61,12,433.38
C002504,101465,Personal Loan,2025-03-09,16538.77,35,472.54
C002505,106500,Vehicle Finance,2025-08-06,35702.5,41,870.79
C002506,106954,Vehicle Finance,2025-09-08,48218.42,58,831.35
C002507,104850,Credit Card,2026-06-08,8175.33,16,510.96
C002508,105227,Payroll Loan,2026-06-11,22433.36,16,1402.08
C002509,103714,Personal Loan,2025-12-02,12245.15,22,556.6
C002510,107514,Credit Card,2025-10-22,4451.55,23,193.55
C002511,108317,Credit Card,2025-04-01,4042.1,12,336.84
C002512,102116,Credit Card,2026-06-25,3045.9,21,145.04
C002513,108846,Personal Loan,2025-07-28,9320.28,25,372.81
C002514,100298,Vehicle Finance,2025-04-18,45278.82,57,794.37
C002515,106689,Payroll Loan,2025-01-14,6239.07,14,445.65
C002516,101133,Personal Loan,2025-11-10,5232.74,21,249.18
C002517,101975,Credit Card,2025-03-09,6854.95,18,380.83
C002518,105056,Credit Card,2025-02-24,8786.62,20,439.33
C002519,102544,Payroll Loan,2025-05-05,23424.6,14,1673.19
C002520,109796,Personal Loan,2026-02-11,15453.95,26,594.38
C002521,107353,Payroll Loan,2025-12-20,7973.94,32,249.19
C002522,100351,Personal Loan,2025-06-09,3676.38,14,262.6
C002523,103156,Vehicle Finance,2026-05-28,80089.41,47,1704.03
C002524,105873,Vehicle Finance,2026-06-08,32138.55,49,655.89
C002525,101519,Credit Card,2025-03-07,4169.55,21,198.55
C002526,101976,Personal Loan,2025-01-14,14832.61,22,674.21
C002527,100357,Personal Loan,2026-06-12,2743.24,23,119.27
C002528,100724,Payroll Loan,2025-11-05,15112.56,36,419.79
C002529,109569,Credit Card,2026-03-14,2811.79,18,156.21
C002530,106240,Credit Card,2026-01-20,2876.19,20,143.81
C002531,102946,Personal Loan,2026-04-12,5871.74,27,217.47
C002532,103749,Payroll Loan,2025-08-24,9019.03,46,196.07
C002533,105277,Credit Card,2025-09-10,5121.69,16,320.11
C002534,107433,Payroll Loan,2026-06-12,31569.03,40,789.23
C002535,102915,Personal Loan,2025-12-25,7521.95,36,208.94
C002536,103687,Personal Loan,2025-06-13,7990.81,35,228.31
C002537,104958,Credit Card,2025-09-02,6161.63,17,362.45
C002538,101001,Credit Card,2025-01-13,8041.67,24,335.07
C002539,102035,Payroll Loan,2026-06-29,4702.74,38,123.76
C002540,107328,Personal Loan,2026-01-09,7080.46,26,272.33
C002541,108220,Credit Card,2025-10-01,6991.3,6,1165.22
C002542,106531,Personal Loan,2025-10-08,15025.62,17,883.86
C002543,109259,Vehicle Finance,2026-06-28,41190.83,42,980.73
C002544,109033,Payroll Loan,2025-11-29,15602.8,19,821.2
C002545,106549,Credit Card,2025-04-09,4772.46,13,367.11
C002546,106966,Personal Loan,2025-10-29,7966.54,22,362.12
C002547,103324,Credit Card,2025-01-21,7955.89,15,530.39
C002548,100129,Vehicle Finance,2026-01-29,31438.46,24,1309.94
C002549,102770,Vehicle Finance,2026-01-21,67777.66,60,1129.63
C002550,108290,Personal Loan,2025-09-16,9517.68,19,500.93
C002551,107458,Credit Card,2026-03-04,5363.69,13,412.59
C002552,105531,Credit Card,2025-02-07,6469.87,17,380.58
C002553,105585,Personal Loan,2025-02-16,10093.83,14,720.99
C002554,100115,Personal Loan,2025-02-01,5274.57,18,293.03
C002555,101879,Vehicle Finance,2025-10-09,44711.78,28,1596.85
C002556,108024,Credit Card,2025-01-17,13500.0,9,1500.0
C002557,109249,Personal Loan,2025-05-14,8524.56,29,293.95
C002558,107706,Payroll Loan,2026-06-11,8190.78,26,315.03
C002559,102121,Credit Card,2025-04-16,2850.17,17,167.66
C002560,109997,Personal Loan,2026-06-07,3889.6,36,108.04
C002561,104991,Payroll Loan,2026-03-07,9471.46,34,278.57
C002562,104828,Credit Card,2025-08-01,5448.43,21,259.45
C002563,104166,Personal Loan,2026-02-02,4093.02,24,170.54
C002564,107788,Payroll Loan,2026-01-02,10402.31,19,547.49
C002565,107037,Vehicle Finance,2025-12-06,32053.87,48,667.79
C002566,107133,Vehicle Finance,2025-01-29,11115.01,58,191.64
C002567,100016,Personal Loan,2025-02-05,3907.47,23,169.89
C002568,104951,Payroll Loan,2026-01-22,20050.39,19,1055.28
C002569,101344,Personal Loan,2025-07-27,15118.54,12,1259.88
C002570,101740,Personal Loan,2025-09-07,10606.36,21,505.06
C002571,107309,Payroll Loan,2025-12-24,20876.62,15,1391.77
C002572,104442,Personal Loan,2025-09-30,2863.81,22,130.17
C002573,109129,Payroll Loan,2025-07-14,26048.5,45,578.86
C002574,101564,Personal Loan,2025-02-25,14125.09,34,415.44
C002575,109508,Personal Loan,2026-06-20,7337.19,14,524.08
C002576,103047,Credit Card,2025-08-02,5543.48,17,326.09
C002577,106426,Vehicle Finance,2026-03-13,31752.66,60,529.21
C002578,108727,Personal Loan,2025-04-10,5090.67,13,391.59
C002579,101459,Personal Loan,2025-07-01,6267.4,32,195.86
C002580,102535,Personal Loan,2025-01-04,8573.28,15,571.55
C002581,103014,Payroll Loan,2025-02-03,8947.16,30,298.24
C002582,108265,Personal Loan,2025-08-14,17036.67,36,473.24
C002583,109211,Payroll Loan,2025-06-30,12798.0,28,457.07
C002584,100324,Credit Card,2025-02-26,8696.59,10,869.66
C002585,107936,Credit Card,2025-05-03,3949.83,14,282.13
C002586,104886,Credit Card,2025-04-12,4403.49,21,209.69
C002587,107013,Personal Loan,2026-02-20,15584.22,20,779.21
C002588,107408,Payroll Loan,2025-06-18,5258.91,42,125.21
C002589,106629,Credit Card,2025-06-27,4485.02,21,213.57
C002590,108656,Payroll Loan,2025-09-05,7176.4,16,448.52
C002591,102202,Vehicle Finance,2025-04-12,34930.54,47,743.2
C002592,100252,Credit Card,2025-05-12,3967.41,21,188.92
C002593,105236,Credit Card,2025-04-22,4116.46,7,588.07
C002594,107964,Personal Loan,2026-06-05,4919.2,31,158.68
C002595,102132,Personal Loan,2025-12-02,5179.74,22,235.44
C002596,108913,Credit Card,2026-05-17,7696.26,22,349.83
C002597,101239,Vehicle Finance,2026-04-17,93566.4,47,1990.77
C002598,101535,Personal Loan,2025-05-16,13110.25,18,728.35
C002599,108821,Payroll Loan,2025-01-25,9417.22,34,276.98
C002600,100524,Personal Loan,2025-09-03,7448.02,29,256.83
C002601,109750,Payroll Loan,2025-07-17,27610.49,16,1725.66
C002602,102043,Credit Card,2025-11-28,3124.55,23,135.85
C002603,101639,Payroll Loan,2025-03-27,11322.26,23,492.27
C002604,102369,Vehicle Finance,2025-04-12,39496.4,40,987.41
C002605,108287,Vehicle Finance,2025-04-23,11197.78,35,319.94
C002606,101903,Personal Loan,2025-12-10,6991.06,33,211.85
C002607,106206,Payroll Loan,2025-04-07,4636.48,31,149.56
C002608,105908,Vehicle Finance,2025-08-18,12775.48,57,224.13
C002609,106575,Credit Card,2025-05-23,4358.15,17,256.36
C002610,102531,Personal Loan,2025-01-17,13312.78,30,443.76
C002611,107906,Personal Loan,2025-04-07,16245.26,17,955.6
C002612,107213,Payroll Loan,2025-05-21,8888.72,32,277.77
C002613,106456,Vehicle Finance,2026-03-21,26881.89,30,896.06
C002614,105151,Vehicle Finance,2025-04-11,42159.58,33,1277.56
C002615,104765,Personal Loan,2025-11-14,6959.03,36,193.31
C002616,104565,Payroll Loan,2026-03-26,14824.68,26,570.18
C002617,108742,Credit Card,2026-06-13,3062.5,7,437.5
C002618,108680,Vehicle Finance,2025-09-29,44812.75,30,1493.76
C002619,102434,Payroll Loan,2025-01-21,19051.08,35,544.32
C002620,105958,Credit Card,2025-04-09,4605.66,23,200.25
C002621,107353,Payroll Loan,2025-10-27,19558.96,42,465.69
C002622,102645,Personal Loan,2025-11-07,13664.37,29,471.19
C002623,101838,Vehicle Finance,2026-06-19,33392.76,31,1077.19
C002624,100894,Credit Card,2025-08-27,6489.57,19,341.56
C002625,101504,Personal Loan,2025-08-26,6349.0,30,211.63
C002626,105388,Credit Card,2025-08-22,2448.79,11,222.62
C002627,104749,Credit Card,2025-06-01,2009.87,6,334.98
C002628,107474,Personal Loan,2025-04-20,13362.45,21,636.31
C002629,108093,Vehicle Finance,2026-05-26,34760.3,38,914.74
C002630,106742,Payroll Loan,2025-12-15,8580.55,43,199.55
C002631,104463,Credit Card,2026-04-15,3598.55,9,399.84
C002632,108049,Credit Card,2026-03-24,2841.32,6,473.55
C002633,108929,Credit Card,2026-04-24,3247.39,8,405.92
C002634,107786,Personal Loan,2025-09-22,21000.0,26,807.69
C002635,106451,Credit Card,2025-06-07,9556.34,21,455.06
C002636,105196,Payroll Loan,2025-03-23,11288.69,28,403.17
C002637,102928,Payroll Loan,2026-03-30,8042.06,15,536.14
C002638,102648,Personal Loan,2025-05-23,8713.84,35,248.97
C002639,109120,Personal Loan,2026-04-07,7774.85,35,222.14
C002640,108247,Personal Loan,2025-06-21,5286.73,20,264.34
C002641,108715,Vehicle Finance,2025-03-19,38248.57,29,1318.92
C002642,104397,Personal Loan,2026-04-28,7644.21,21,364.01
C002643,107566,Credit Card,2025-07-12,1759.48,14,125.68
C002644,101391,Personal Loan,2025-12-07,14086.52,28,503.09
C002645,109010,Credit Card,2025-08-11,8018.39,16,501.15
C002646,108931,Payroll Loan,2026-05-21,27080.67,47,576.18
C002647,106157,Personal Loan,2025-04-14,10428.09,26,401.08
C002648,102056,Personal Loan,2025-06-25,3696.62,32,115.52
C002649,107883,Personal Loan,2026-02-28,19048.69,24,793.7
C002650,101666,Payroll Loan,2026-04-22,7251.95,23,315.3
C002651,100518,Credit Card,2025-11-14,1583.52,13,121.81
C002652,101910,Personal Loan,2026-03-09,7633.13,14,545.22
C002653,104619,Vehicle Finance,2025-12-02,34150.04,59,578.81
C002654,102079,Payroll Loan,2026-06-03,6277.33,48,130.78
C002655,106826,Credit Card,2026-06-09,5167.01,24,215.29
C002656,102769,Vehicle Finance,2025-05-13,19674.65,41,479.87
C002657,107777,Personal Loan,2025-07-09,9797.44,17,576.32
C002658,105662,Payroll Loan,2026-06-02,8239.0,21,392.33
C002659,106270,Payroll Loan,2025-06-06,3473.69,22,157.9
C002660,102129,Personal Loan,2025-12-27,4830.74,12,402.56
C002661,106017,Vehicle Finance,2026-06-28,31415.44,39,805.52
C002662,108648,Personal Loan,2026-02-06,6880.33,21,327.63
C002663,105595,Credit Card,2025-12-23,5020.32,18,278.91
C002664,104298,Payroll Loan,2025-04-12,12022.08,20,601.1
C002665,105877,Personal Loan,2025-04-27,4516.39,29,155.74
C002666,104728,Personal Loan,2025-04-28,7275.6,32,227.36
C002667,100070,Vehicle Finance,2025-02-12,29386.26,30,979.54
C002668,106902,Personal Loan,2026-06-27,5980.09,19,314.74
C002669,104994,Personal Loan,2026-04-01,11796.79,21,561.75
C002670,100564,Personal Loan,2026-03-05,7676.1,35,219.32
C002671,108736,Vehicle Finance,2026-02-26,24964.29,54,462.3
C002672,103155,Personal Loan,2026-05-01,3281.31,26,126.2
C002673,107737,Payroll Loan,2026-01-22,6573.34,34,193.33
C002674,106863,Payroll Loan,2025-05-24,5383.41,14,384.53
C002675,105503,Credit Card,2025-05-08,5702.38,24,237.6
C002676,103833,Personal Loan,2025-09-28,9984.78,31,322.09
C002677,108837,Personal Loan,2025-04-18,10220.85,30,340.7
C002678,100928,Credit Card,2025-10-17,5052.64,7,721.81
C002679,101811,Credit Card,2026-02-04,8364.81,24,348.53
C002680,104909,Personal Loan,2025-05-26,12661.93,18,703.44
C002681,100139,Payroll Loan,2025-04-30,10120.47,41,246.84
C002682,102175,Credit Card,2025-03-20,2612.62,20,130.63
C002683,101215,Personal Loan,2025-10-28,5384.59,35,153.85
C002684,108818,Payroll Loan,2025-04-12,7871.38,15,524.76
C002685,100417,Credit Card,2026-05-16,10560.1,14,754.29
C002686,101192,Payroll Loan,2025-06-24,22336.13,40,558.4
C002687,108634,Payroll Loan,2026-03-09,11059.92,28,395.0
C002688,100760,Personal Loan,2025-08-19,4694.54,24,195.61
C002689,102738,Credit Card,2026-04-08,3251.7,12,270.97
C002690,105601,Personal Loan,2025-01-11,3509.68,28,125.35
C002691,100702,Vehicle Finance,2025-05-02,23197.58,37,626.96
C002692,102006,Personal Loan,2025-09-18,21000.0,21,1000.0
C002693,109215,Vehicle Finance,2025-10-22,42085.18,34,1237.8
C002694,108597,Payroll Loan,2025-10-16,3005.0,40,75.12
C002695,106486,Personal Loan,2026-01-11,20794.34,29,717.05
C002696,101780,Vehicle Finance,2025-09-17,30240.23,41,737.57
C002697,109595,Payroll Loan,2026-03-01,12946.68,33,392.32
C002698,104739,Vehicle Finance,2025-11-20,21102.41,59,357.67
C002699,103847,Personal Loan,2026-05-10,5626.83,31,181.51
C002700,107518,Credit Card,2025-02-18,5303.44,16,331.46
C002701,106936,Personal Loan,2026-01-14,6210.79,21,295.75
C002702,100509,Vehicle Finance,2026-04-27,32343.04,40,808.58
C002703,106241,Credit Card,2025-02-06,7874.73,15,524.98
C002704,109997,Personal Loan,2025-05-08,5742.84,35,164.08
C002705,106790,Personal Loan,2025-05-11,10833.11,16,677.07
C002706,107672,Personal Loan,2025-08-27,4831.55,16,301.97
C002707,106746,Payroll Loan,2025-10-09,6950.11,29,239.66
C002708,103360,Personal Loan,2026-04-13,15397.13,25,615.89
C002709,102011,Payroll Loan,2025-07-29,17659.92,22,802.72
C002710,104712,Payroll Loan,2026-01-26,7725.35,29,266.39
C002711,102937,Credit Card,2026-04-04,2760.32,17,162.37
C002712,101557,Payroll Loan,2026-01-30,10651.27,34,313.27
C002713,106267,Credit Card,2026-05-17,3919.84,22,178.17
C002714,103937,Personal Loan,2026-03-14,9080.03,28,324.29
C002715,106941,Personal Loan,2025-07-23,5638.63,12,469.89
C002716,103146,Payroll Loan,2026-06-12,11597.67,45,257.73
C002717,102122,Payroll Loan,2026-06-01,26035.97,26,1001.38
C002718,103075,Payroll Loan,2025-01-23,13595.33,44,308.98
C002719,100079,Vehicle Finance,2026-06-11,27722.97,26,1066.27
C002720,107707,Personal Loan,2026-06-29,9019.3,14,644.24
C002721,106856,Personal Loan,2026-04-09,4239.5,13,326.12
C002722,108015,Payroll Loan,2026-05-26,9698.2,31,312.85
C002723,106725,Personal Loan,2026-03-31,9811.62,14,700.83
C002724,103661,Credit Card,2025-03-19,8617.94,10,861.79
C002725,108840,Payroll Loan,2025-01-17,4626.86,27,171.37
C002726,101161,Payroll Loan,2025-06-10,11451.76,44,260.27
C002727,106319,Vehicle Finance,2025-01-20,49138.64,29,1694.44
C002728,100434,Vehicle Finance,2025-12-26,39566.77,38,1041.23
C002729,107444,Credit Card,2026-04-16,2930.62,16,183.16
C002730,109517,Vehicle Finance,2026-04-26,47469.8,58,818.44
C002731,106175,Personal Loan,2025-02-22,8842.96,25,353.72
C002732,101032,Personal Loan,2025-10-24,3239.88,17,190.58
C002733,100808,Personal Loan,2025-10-17,7322.89,13,563.3
C002734,106535,Personal Loan,2025-10-08,13309.32,23,578.67
C002735,104758,Personal Loan,2026-05-07,10470.38,25,418.82
C002736,100905,Payroll Loan,2025-03-07,17540.62,30,584.69
C002737,106141,Credit Card,2025-02-08,5635.62,20,281.78
C002738,107938,Payroll Loan,2026-01-31,15530.24,47,330.43
C002739,106384,Credit Card,2025-11-28,3062.61,6,510.44
C002740,103607,Credit Card,2025-09-30,6871.18,8,858.9
C002741,109861,Vehicle Finance,2025-04-09,38939.04,50,778.78
C002742,103294,Credit Card,2025-02-26,8531.65,6,1421.94
C002743,109946,Personal Loan,2025-12-09,7715.7,33,233.81
C002744,100248,Credit Card,2026-05-14,2208.03,16,138.0
C002745,100925,Credit Card,2026-06-03,4550.45,20,227.52
C002746,109646,Vehicle Finance,2025-05-10,80230.88,25,3209.24
C002747,101313,Credit Card,2025-11-14,2226.75,9,247.42
C002748,104842,Payroll Loan,2025-10-18,15795.12,34,464.56
C002749,106695,Vehicle Finance,2026-06-03,30757.87,30,1025.26
C002750,101496,Personal Loan,2026-04-01,4413.77,16,275.86
C002751,101669,Personal Loan,2025-03-09,19173.89,24,798.91
C002752,101273,Payroll Loan,2026-01-04,16485.18,21,785.01
C002753,107025,Payroll Loan,2026-03-22,8885.45,37,240.15
C002754,106814,Payroll Loan,2025-05-09,10420.69,24,434.2
C002755,107366,Credit Card,2025-07-09,6021.72,23,261.81
C002756,102076,Payroll Loan,2026-06-30,9494.13,45,210.98
C002757,108953,Credit Card,2025-07-23,4671.16,17,274.77
C002758,104957,Personal Loan,2025-02-20,5987.34,23,260.32
C002759,102619,Personal Loan,2026-06-16,7857.27,28,280.62
C002760,101936,Payroll Loan,2026-03-16,21098.45,32,659.33
C002761,104022,Payroll Loan,2025-02-02,12388.37,20,619.42
C002762,103835,Personal Loan,2025-09-11,5283.59,36,146.77
C002763,108342,Personal Loan,2026-02-17,4779.14,25,191.17
C002764,107659,Payroll Loan,2025-02-09,24649.96,47,524.47
C002765,106471,Credit Card,2025-08-29,5959.64,10,595.96
C002766,100278,Credit Card,2025-05-13,3641.72,16,227.61
C002767,104674,Personal Loan,2025-03-11,5876.72,26,226.03
C002768,102285,Vehicle Finance,2025-02-15,26810.32,31,864.85
C002769,105766,Vehicle Finance,2025-11-03,48930.37,27,1812.24
C002770,109214,Personal Loan,2025-04-24,9312.25,21,443.44
C002771,108959,Personal Loan,2026-01-31,3025.73,23,131.55
C002772,106590,Payroll Loan,2026-04-29,19250.65,13,1480.82
C002773,102077,Personal Loan,2025-10-06,3947.36,14,281.95
C002774,108835,Credit Card,2025-06-09,6978.43,11,634.4
C002775,106313,Vehicle Finance,2025-04-20,32489.3,35,928.27
C002776,100243,Vehicle Finance,2025-11-30,26457.53,40,661.44
C002777,100336,Payroll Loan,2026-01-21,33000.0,42,785.71
C002778,108779,Credit Card,2025-04-19,5652.26,21,269.16
C002779,101107,Credit Card,2025-07-07,6031.02,20,301.55
C002780,107814,Vehicle Finance,2025-05-14,99838.51,31,3220.6
C002781,100239,Payroll Loan,2026-03-06,4097.23,22,186.24
C002782,101259,Payroll Loan,2025-07-12,11841.29,42,281.94
C002783,100090,Credit Card,2025-12-12,2834.21,15,188.95
C002784,104426,Vehicle Finance,2026-06-02,35549.74,46,772.82
C002785,108091,Payroll Loan,2025-05-26,18388.78,20,919.44
C002786,103877,Personal Loan,2025-04-26,14265.81,36,396.27
C002787,103254,Payroll Loan,2025-07-17,9005.39,33,272.89
C002788,108641,Personal Loan,2025-12-25,10527.89,23,457.73
C002789,105591,Vehicle Finance,2025-07-31,20773.08,40,519.33
C002790,106628,Personal Loan,2025-07-23,7680.1,13,590.78
C002791,107339,Vehicle Finance,2026-04-14,29802.21,50,596.04
C002792,107383,Personal Loan,2025-03-19,6155.77,31,198.57
C002793,101607,Personal Loan,2025-11-22,4342.18,32,135.69
C002794,109140,Credit Card,2025-10-30,1769.61,9,196.62
C002795,106370,Payroll Loan,2025-08-17,5477.42,30,182.58
C002796,103132,Personal Loan,2025-07-23,1873.7,32,58.55
C002797,106428,Vehicle Finance,2025-12-23,45561.85,34,1340.05
C002798,100683,Personal Loan,2026-04-22,7967.65,19,419.35
C002799,108398,Vehicle Finance,2025-02-11,55186.36,46,1199.7
C002800,104355,Personal Loan,2026-05-21,10857.22,32,339.29
C002801,100592,Personal Loan,2025-01-07,2900.06,28,103.57
C002802,109395,Credit Card,2025-11-08,2058.46,24,85.77
C002803,104357,Personal Loan,2025-08-05,4226.05,32,132.06
C002804,106756,Credit Card,2025-06-10,5145.96,24,214.42
C002805,107501,Personal Loan,2026-03-14,12098.27,29,417.18
C002806,100365,Credit Card,2025-10-18,4101.27,16,256.33
C002807,103819,Personal Loan,2025-05-01,9722.62,36,270.07
C002808,109841,Credit Card,2026-04-29,4068.8,23,176.9
C002809,105502,Personal Loan,2025-07-06,11773.47,35,336.38
C002810,105400,Credit Card,2026-01-04,5708.38,12,475.7
C002811,109687,Personal Loan,2025-03-18,6850.14,32,214.07
C002812,103961,Personal Loan,2025-02-17,3787.39,21,180.35
C002813,104538,Credit Card,2025-11-24,10481.29,20,524.06
C002814,104946,Credit Card,2025-02-05,8061.55,10,806.16
C002815,108794,Personal Loan,2026-06-03,2427.43,33,73.56
C002816,105372,Vehicle Finance,2025-03-26,45884.54,34,1349.55
C002817,106381,Personal Loan,2025-10-02,4684.71,21,223.08
C002818,109203,Personal Loan,2025-11-06,4445.78,36,123.49
C002819,101946,Credit Card,2026-04-10,4019.72,24,167.49
C002820,103637,Payroll Loan,2025-04-02,10315.45,17,606.79
C002821,106131,Vehicle Finance,2026-05-23,40428.32,33,1225.1
C002822,106619,Vehicle Finance,2025-05-19,53112.65,48,1106.51
C002823,101996,Vehicle Finance,2026-06-10,30153.69,33,913.75
C002824,101146,Credit Card,2025-10-16,2650.06,18,147.23
C002825,104390,Personal Loan,2025-05-27,2886.6,36,80.18
C002826,104241,Vehicle Finance,2025-11-06,114000.0,30,3800.0
C002827,103182,Personal Loan,2026-02-17,6948.07,26,267.23
C002828,109289,Credit Card,2026-03-27,7674.76,19,403.93
C002829,102012,Payroll Loan,2025-06-01,9340.1,21,444.77
C002830,107632,Personal Loan,2025-08-27,9190.52,35,262.59
C002831,109090,Vehicle Finance,2025-10-03,65586.91,27,2429.14
C002832,109294,Personal Loan,2026-03-01,8043.46,18,446.86
C002833,108714,Vehicle Finance,2026-01-13,77497.53,31,2499.92
C002834,101288,Vehicle Finance,2025-02-13,44869.12,53,846.59
C002835,107385,Credit Card,2025-01-29,4699.23,16,293.7
C002836,104665,Credit Card,2025-10-24,6170.26,6,1028.38
C002837,109988,Vehicle Finance,2026-03-14,45025.64,47,957.99
C002838,105248,Personal Loan,2025-08-23,17814.24,18,989.68
C002839,101749,Personal Loan,2025-05-28,8742.14,18,485.67
C002840,100942,Payroll Loan,2026-05-20,11161.06,27,413.37
C002841,106878,Payroll Loan,2025-05-22,11136.49,42,265.15
C002842,105209,Personal Loan,2026-01-29,5525.35,31,178.24
C002843,103333,Payroll Loan,2025-03-20,10447.59,31,337.02
C002844,103797,Payroll Loan,2026-01-13,6118.8,41,149.24
C002845,107755,Credit Card,2025-09-08,5850.01,14,417.86
C002846,100090,Vehicle Finance,2026-05-10,22211.49,24,925.48
C002847,101755,Personal Loan,2025-11-09,9370.78,32,292.84
C002848,101092,Payroll Loan,2025-05-16,14963.0,31,482.68
C002849,105304,Vehicle Finance,2025-10-04,66557.27,59,1128.09
C002850,104885,Personal Loan,2026-02-18,7383.33,29,254.6
C002851,107789,Credit Card,2025-08-12,4010.12,16,250.63
C002852,101084,Payroll Loan,2026-04-18,9219.81,45,204.88
C002853,104867,Payroll Loan,2026-04-09,8330.85,33,252.45
C002854,103994,Payroll Loan,2026-06-27,4980.98,26,191.58
C002855,107666,Personal Loan,2025-10-14,11211.18,26,431.2
C002856,109876,Credit Card,2025-08-23,8983.89,15,598.93
C002857,101990,Payroll Loan,2025-07-08,7074.59,43,164.53
C002858,104398,Payroll Loan,2025-12-30,18288.68,32,571.52
C002859,105202,Credit Card,2025-10-23,2962.14,19,155.9
C002860,105652,Credit Card,2025-04-13,5282.07,10,528.21
C002861,102188,Payroll Loan,2026-05-17,15098.29,16,943.64
C002862,104175,Credit Card,2025-11-02,3423.41,14,244.53
C002863,107272,Personal Loan,2025-08-22,21000.0,15,1400.0
C002864,101072,Vehicle Finance,2025-09-01,68866.74,44,1565.15
C002865,107388,Payroll Loan,2025-06-18,4468.22,28,159.58
C002866,108089,Personal Loan,2025-03-17,11523.16,27,426.78
C002867,109629,Vehicle Finance,2025-02-09,92052.32,51,1804.95
C002868,107340,Payroll Loan,2026-05-17,10216.55,25,408.66
C002869,102548,Credit Card,2026-02-13,2704.61,14,193.19
C002870,104444,Vehicle Finance,2026-05-08,35171.36,60,586.19
C002871,108015,Credit Card,2026-01-20,8726.49,22,396.66
C002872,101908,Credit Card,2026-06-08,5769.33,18,320.52
C002873,107402,Credit Card,2026-05-07,3158.49,10,315.85
C002874,107310,Personal Loan,2025-04-09,9889.46,13,760.73
C002875,100751,Payroll Loan,2025-10-09,12131.53,47,258.12
C002876,103294,Personal Loan,2025-01-11,10008.57,23,435.16
C002877,103178,Credit Card,2025-01-08,5805.86,23,252.43
C002878,104876,Credit Card,2026-02-10,3445.41,10,344.54
C002879,107436,Personal Loan,2025-09-18,9565.74,23,415.9
C002880,102556,Personal Loan,2025-05-28,11775.94,35,336.46
C002881,100561,Vehicle Finance,2025-09-07,85946.05,37,2322.87
C002882,104218,Personal Loan,2025-12-10,2848.41,25,113.94
C002883,109379,Payroll Loan,2026-03-24,19246.72,21,916.51
C002884,109117,Payroll Loan,2025-10-19,7662.65,43,178.2
C002885,104221,Payroll Loan,2025-09-29,7971.98,28,284.71
C002886,102988,Payroll Loan,2025-11-12,6974.3,37,188.49
C002887,103715,Personal Loan,2025-03-18,3909.55,17,229.97
C002888,103877,Credit Card,2025-09-28,3772.85,10,377.28
C002889,102717,Vehicle Finance,2025-06-14,56794.68,49,1159.08
C002890,105077,Personal Loan,2025-01-06,12212.91,12,1017.74
C002891,105389,Vehicle Finance,2026-01-12,52087.71,52,1001.69
C002892,102842,Personal Loan,2025-05-26,12871.5,17,757.15
C002893,107053,Payroll Loan,2025-12-22,6338.17,42,150.91
C002894,109688,Payroll Loan,2026-05-19,22191.33,45,493.14
C002895,107443,Payroll Loan,2025-01-07,14034.94,18,779.72
C002896,101047,Personal Loan,2025-08-19,5880.98,15,392.07
C002897,104332,Personal Loan,2025-06-06,11651.99,29,401.79
C002898,101228,Personal Loan,2025-06-22,13474.14,31,434.65
C002899,103446,Payroll Loan,2026-06-17,10147.44,20,507.37
C002900,106286,Credit Card,2025-01-14,7778.72,19,409.41
C002901,109383,Credit Card,2025-11-06,3553.38,13,273.34
C002902,106091,Personal Loan,2025-07-22,3360.15,30,112.01
C002903,102299,Vehicle Finance,2025-02-19,39795.77,42,947.52
C002904,102846,Vehicle Finance,2025-05-02,16439.13,33,498.16
C002905,105125,Payroll Loan,2025-03-31,4396.76,32,137.4
C002906,100761,Credit Card,2025-10-12,4445.45,7,635.06
C002907,102192,Personal Loan,2025-04-23,7657.28,15,510.49
C002908,101316,Vehicle Finance,2026-01-14,71606.72,29,2469.2
C002909,109958,Credit Card,2025-04-06,2294.59,22,104.3
C002910,102223,Credit Card,2025-02-03,10965.97,21,522.19
C002911,104990,Vehicle Finance,2026-01-30,25445.85,26,978.69
C002912,104000,Payroll Loan,2026-01-24,13488.34,38,354.96
C002913,107264,Vehicle Finance,2025-05-09,52646.97,60,877.45
C002914,105601,Personal Loan,2025-01-13,5754.57,20,287.73
C002915,102685,Payroll Loan,2025-08-12,24425.76,16,1526.61
C002916,106197,Payroll Loan,2026-01-09,10102.72,48,210.47
C002917,108268,Personal Loan,2025-02-03,7530.59,12,627.55
C002918,106956,Credit Card,2025-03-26,1286.58,8,160.82
C002919,102531,Vehicle Finance,2025-11-18,26089.16,54,483.13
C002920,100487,Vehicle Finance,2025-07-10,114000.0,47,2425.53
C002921,107126,Payroll Loan,2026-05-01,13749.42,41,335.35
C002922,105468,Payroll Loan,2025-03-09,9960.85,20,498.04
C002923,100689,Personal Loan,2026-02-09,8965.71,30,298.86
C002924,100442,Credit Card,2025-10-30,2311.55,11,210.14
C002925,101379,Personal Loan,2025-05-30,3752.9,36,104.25
C002926,106516,Credit Card,2026-03-09,4294.54,16,268.41
C002927,102533,Payroll Loan,2025-05-11,7824.34,33,237.1
C002928,103188,Personal Loan,2025-11-02,9989.88,24,416.24
C002929,109962,Personal Loan,2025-09-04,4245.12,35,121.29
C002930,106078,Payroll Loan,2026-05-09,7130.24,35,203.72
C002931,100806,Vehicle Finance,2025-03-01,59909.67,60,998.49
C002932,104770,Personal Loan,2025-01-18,10885.25,30,362.84
C002933,103375,Vehicle Finance,2025-12-16,28679.94,28,1024.28
C002934,108155,Vehicle Finance,2025-07-15,36403.01,43,846.58
C002935,105595,Credit Card,2026-06-25,4113.78,15,274.25
C002936,100978,Vehicle Finance,2025-07-27,49224.07,37,1330.38
C002937,103171,Personal Loan,2025-09-12,13548.65,19,713.09
C002938,105342,Credit Card,2025-06-24,3984.28,13,306.48
C002939,103190,Vehicle Finance,2025-10-25,33470.64,28,1195.38
C002940,103118,Personal Loan,2025-08-18,18454.72,14,1318.19
C002941,109894,Payroll Loan,2025-01-29,9552.75,26,367.41
C002942,100127,Payroll Loan,2025-11-09,5959.76,25,238.39
C002943,103167,Payroll Loan,2025-09-12,4478.41,13,344.49
C002944,105382,Credit Card,2025-04-16,5423.54,12,451.96
C002945,107722,Personal Loan,2025-09-03,2081.07,18,115.62
C002946,107822,Payroll Loan,2025-04-20,7335.87,15,489.06
C002947,102265,Personal Loan,2025-02-09,5747.08,29,198.18
C002948,106139,Credit Card,2025-03-19,2573.91,20,128.7
C002949,107020,Payroll Loan,2026-03-06,14864.85,27,550.55
C002950,100470,Payroll Loan,2025-06-12,22912.88,20,1145.64
C002951,105600,Credit Card,2025-09-19,2617.74,10,261.77
C002952,106477,Payroll Loan,2025-12-19,7119.4,22,323.61
C002953,101704,Personal Loan,2025-11-30,11804.68,24,491.86
C002954,107169,Personal Loan,2025-10-08,14004.33,25,560.17
C002955,104057,Credit Card,2025-06-15,11099.95,24,462.5
C002956,100721,Payroll Loan,2025-06-06,3783.71,39,97.02
C002957,104369,Personal Loan,2025-08-30,5574.94,36,154.86
C002958,103858,Vehicle Finance,2026-06-09,31679.52,33,959.99
C002959,107407,Payroll Loan,2025-07-30,8830.46,12,735.87
C002960,102986,Payroll Loan,2025-12-12,12347.62,46,268.43
C002961,107618,Vehicle Finance,2025-06-24,15977.68,50,319.55
C002962,107496,Payroll Loan,2025-05-28,20625.16,46,448.37
C002963,106255,Vehicle Finance,2025-12-16,38599.47,29,1331.02
C002964,103683,Personal Loan,2025-01-26,3254.72,31,104.99
C002965,101167,Credit Card,2025-06-15,5959.56,6,993.26
C002966,102080,Personal Loan,2025-05-09,6530.76,21,310.99
C002967,103004,Credit Card,2025-03-12,6657.48,17,391.62
C002968,105311,Personal Loan,2025-09-24,12584.82,35,359.57
C002969,109343,Vehicle Finance,2025-04-18,41908.7,48,873.1
C002970,107595,Credit Card,2025-04-23,3774.83,12,314.57
C002971,108776,Payroll Loan,2025-12-07,20404.41,33,618.32
C002972,103925,Personal Loan,2025-06-26,3095.98,27,114.67
C002973,100575,Credit Card,2026-01-20,2831.03,7,404.43
C002974,108966,Payroll Loan,2026-06-24,18534.86,29,639.13
C002975,109383,Credit Card,2025-08-31,1787.35,23,77.71
C002976,106508,Personal Loan,2026-05-26,6537.6,36,181.6
C002977,104849,Credit Card,2025-06-06,2583.13,10,258.31
C002978,101162,Payroll Loan,2025-10-06,5115.38,15,341.03
C002979,107815,Personal Loan,2025-09-22,10831.19,33,328.22
C002980,109763,Payroll Loan,2026-04-03,3895.26,15,259.68
C002981,104869,Personal Loan,2025-06-13,3720.47,14,265.75
C002982,107236,Payroll Loan,2025-06-03,11407.33,19,600.39
C002983,100937,Vehicle Finance,2025-09-23,50376.64,40,1259.42
C002984,102361,Personal Loan,2026-02-12,10166.96,18,564.83
C002985,106228,Credit Card,2026-05-17,2498.81,15,166.59
C002986,103097,Credit Card,2026-05-04,3997.56,11,363.41
C002987,101018,Credit Card,2025-01-17,3919.38,20,195.97
C002988,104720,Personal Loan,2026-03-31,2825.72,20,141.29
C002989,107227,Personal Loan,2025-05-29,6142.09,24,255.92
C002990,100217,Personal Loan,2025-12-12,7415.04,19,390.27
C002991,103604,Vehicle Finance,2026-02-16,22260.28,44,505.92
C002992,108950,Personal Loan,2026-03-29,5703.38,28,203.69
C002993,100484,Credit Card,2025-05-20,2975.51,7,425.07
C002994,100805,Vehicle Finance,2025-01-04,22340.48,30,744.68
C002995,109217,Personal Loan,2026-04-27,4562.94,26,175.5
C002996,101713,Credit Card,2025-07-30,3068.56,19,161.5
C002997,105460,Credit Card,2026-02-15,8613.07,7,1230.44
C002998,105361,Credit Card,2026-02-24,3481.56,15,232.1
C002999,106011,Credit Card,2025-12-18,6193.4,22,281.52
C003000,107970,Credit Card,2025-08-11,3444.51,24,143.52
C003001,106469,Personal Loan,2025-02-28,13307.39,33,403.25
C003002,109385,Credit Card,2025-04-13,5878.92,15,391.93
C003003,106394,Personal Loan,2025-12-12,6413.05,30,213.77
C003004,101155,Credit Card,2026-02-27,5686.26,19,299.28
C003005,105988,Credit Card,2025-09-28,4205.14,16,262.82
C003006,100155,Credit Card,2025-11-30,6169.93,14,440.71
C003007,103818,Credit Card,2025-08-30,2091.87,24,87.16
C003008,106992,Personal Loan,2025-10-14,11068.22,28,395.29
C003009,109603,Credit Card,2026-05-23,1828.35,7,261.19
C003010,102705,Credit Card,2025-07-05,8699.88,16,543.74
C003011,100966,Vehicle Finance,2026-05-04,30347.83,57,532.42
C003012,101323,Vehicle Finance,2025-02-23,44886.14,43,1043.86
C003013,104055,Payroll Loan,2025-01-13,13419.41,30,447.31
C003014,100043,Payroll Loan,2026-04-17,8797.02,46,191.24
C003015,103205,Personal Loan,2025-10-13,21000.0,27,777.78
C003016,109641,Personal Loan,2025-04-20,4598.64,32,143.71
C003017,103608,Payroll Loan,2025-01-19,5755.66,41,140.38
C003018,107339,Credit Card,2025-12-13,2872.06,13,220.93
C003019,101519,Personal Loan,2025-08-18,13515.22,20,675.76
C003020,103434,Vehicle Finance,2025-06-10,35957.81,50,719.16
C003021,104724,Personal Loan,2026-06-25,3835.99,35,109.6
C003022,105979,Credit Card,2025-05-06,3090.97,20,154.55
C003023,105403,Personal Loan,2026-04-24,7580.79,27,280.77
C003024,108903,Personal Loan,2025-09-01,3909.31,28,139.62
C003025,109663,Personal Loan,2025-04-18,5322.69,32,166.33
C003026,109119,Payroll Loan,2026-02-04,12191.07,19,641.64
C003027,107501,Personal Loan,2026-04-06,8790.87,28,313.96
C003028,105348,Credit Card,2025-05-06,5268.49,10,526.85
C003029,106805,Personal Loan,2025-11-10,11683.41,23,507.97
C003030,109387,Personal Loan,2025-02-20,6237.63,14,445.54
C003031,106612,Personal Loan,2025-12-23,21000.0,34,617.65
C003032,107578,Personal Loan,2025-09-22,5446.55,25,217.86
C003033,106354,Credit Card,2026-04-05,8140.93,23,353.95
C003034,105471,Credit Card,2025-10-27,3635.61,7,519.37
C003035,104146,Personal Loan,2025-05-15,5174.58,15,344.97
C003036,103813,Payroll Loan,2025-12-25,12579.41,35,359.41
C003037,103857,Vehicle Finance,2025-07-26,36978.93,39,948.18
C003038,109367,Payroll Loan,2025-09-04,15264.6,32,477.02
C003039,101482,Vehicle Finance,2025-11-28,38228.3,47,813.37
C003040,101948,Personal Loan,2025-07-31,7398.44,26,284.56
C003041,104205,Personal Loan,2025-05-03,2968.5,29,102.36
C003042,105443,Personal Loan,2025-03-25,11712.86,25,468.51
C003043,101312,Credit Card,2026-06-10,5286.06,7,755.15
C003044,101329,Credit Card,2025-06-13,5048.61,24,210.36
C003045,103264,Personal Loan,2026-03-27,5317.82,12,443.15
C003046,101336,Payroll Loan,2025-05-16,14067.76,12,1172.31
C003047,108026,Payroll Loan,2026-01-28,9549.25,14,682.09
C003048,100600,Personal Loan,2025-03-14,8998.6,18,499.92
C003049,108363,Personal Loan,2025-05-16,8396.67,18,466.48
C003050,103101,Payroll Loan,2026-06-06,18354.79,45,407.88
C003051,106436,Payroll Loan,2026-05-13,23561.87,43,547.95
C003052,107991,Vehicle Finance,2025-04-11,29661.91,51,581.61
C003053,103641,Payroll Loan,2025-09-30,8843.42,29,304.95
C003054,101842,Payroll Loan,2025-11-09,11546.45,42,274.92
C003055,107662,Payroll Loan,2026-04-17,9672.97,42,230.31
C003056,108325,Credit Card,2025-08-08,5354.4,14,382.46
C003057,105148,Vehicle Finance,2026-04-28,51509.2,27,1907.75
C003058,109937,Vehicle Finance,2025-10-27,43468.74,38,1143.91
C003059,107427,Credit Card,2025-06-12,5615.41,21,267.4
C003060,105255,Personal Loan,2025-11-16,4308.95,36,119.69
C003061,107863,Credit Card,2025-02-15,3255.36,21,155.02
C003062,107877,Credit Card,2025-10-12,4547.18,21,216.53
C003063,106905,Credit Card,2025-02-13,3641.85,18,202.32
C003064,106681,Payroll Loan,2025-06-30,15994.06,27,592.37
C003065,108387,Payroll Loan,2026-01-22,5127.24,23,222.92
C003066,104596,Personal Loan,2025-07-06,4787.72,31,154.44
C003067,105321,Credit Card,2026-06-26,7869.58,7,1124.23
C003068,102849,Credit Card,2025-04-04,4963.72,17,291.98
C003069,103490,Personal Loan,2026-05-04,4398.75,33,133.3
C003070,106715,Credit Card,2025-08-14,1408.57,18,78.25
C003071,108267,Credit Card,2025-12-22,4590.25,7,655.75
C003072,102307,Payroll Loan,2025-07-17,4669.58,20,233.48
C003073,109873,Vehicle Finance,2025-09-29,43844.79,33,1328.63
C003074,103686,Payroll Loan,2026-06-26,11463.51,34,337.16
C003075,106848,Personal Loan,2025-04-16,8100.92,20,405.05
C003076,101547,Vehicle Finance,2025-02-20,30933.59,32,966.67
C003077,107665,Credit Card,2025-10-29,4858.88,8,607.36
C003078,105778,Credit Card,2025-11-12,3161.26,20,158.06
C003079,106170,Personal Loan,2026-04-26,7737.16,17,455.13
C003080,101647,Vehicle Finance,2026-06-25,49370.94,51,968.06
C003081,105637,Personal Loan,2025-11-17,10122.74,16,632.67
C003082,108021,Payroll Loan,2026-05-22,11314.11,24,471.42
C003083,102678,Payroll Loan,2025-02-21,4716.99,44,107.2
C003084,104757,Vehicle Finance,2026-01-14,87951.5,47,1871.31
C003085,105505,Credit Card,2025-10-16,4690.21,10,469.02
C003086,107137,Credit Card,2025-08-05,5930.07,18,329.45
C003087,106954,Vehicle Finance,2026-04-10,37061.29,39,950.29
C003088,104542,Credit Card,2026-02-02,4189.63,12,349.14
C003089,104650,Payroll Loan,2025-02-08,3509.41,23,152.58
C003090,107745,Vehicle Finance,2026-05-27,60089.53,43,1397.43
C003091,100138,Personal Loan,2025-09-29,3186.68,19,167.72
C003092,108852,Payroll Loan,2025-10-24,19493.51,45,433.19
C003093,103792,Credit Card,2025-04-08,6649.0,11,604.45
C003094,104683,Personal Loan,2025-07-07,4529.77,21,215.7
C003095,101411,Personal Loan,2026-01-25,6892.14,21,328.2
C003096,103694,Credit Card,2025-01-08,7948.83,12,662.4
C003097,104730,Credit Card,2025-08-02,6219.94,8,777.49
C003098,107193,Personal Loan,2025-10-04,16253.71,12,1354.48
C003099,108395,Credit Card,2026-05-15,4945.34,21,235.49
C003100,109656,Personal Loan,2025-02-20,5094.81,31,164.35
C003101,109155,Vehicle Finance,2026-04-28,24475.33,38,644.09
C003102,101762,Personal Loan,2025-06-23,6188.08,30,206.27
C003103,104699,Payroll Loan,2025-05-23,2750.0,24,114.58
C003104,107465,Personal Loan,2025-12-06,13587.55,28,485.27
C003105,107116,Personal Loan,2025-08-25,5360.1,26,206.16
C003106,100036,Credit Card,2025-06-01,3591.52,22,163.25
C003107,108536,Personal Loan,2025-04-28,9541.37,26,366.98
C003108,109813,Credit Card,2025-05-03,2917.47,10,291.75
C003109,109743,Personal Loan,2025-05-05,9494.93,25,379.8
C003110,107969,Personal Loan,2025-11-18,15380.38,29,530.36
C003111,106501,Vehicle Finance,2025-09-08,41435.64,57,726.94
C003112,109462,Payroll Loan,2025-02-09,13597.23,31,438.62
C003113,100186,Personal Loan,2025-05-10,13741.72,20,687.09
C003114,101071,Personal Loan,2026-05-22,6617.67,16,413.6
C003115,106637,Credit Card,2026-03-22,2897.15,14,206.94
C003116,100512,Payroll Loan,2026-06-21,10777.69,31,347.67
C003117,103189,Vehicle Finance,2026-01-14,47088.12,42,1121.15
C003118,104369,Vehicle Finance,2026-06-25,27015.84,51,529.72
C003119,108110,Personal Loan,2026-01-10,11198.48,33,339.35
C003120,100594,Vehicle Finance,2025-01-04,20844.9,38,548.55
C003121,108470,Personal Loan,2025-10-31,14188.09,21,675.62
C003122,100543,Personal Loan,2025-01-02,8516.77,32,266.15
C003123,107684,Credit Card,2025-03-17,3577.6,11,325.24
C003124,100918,Vehicle Finance,2025-02-26,72295.86,52,1390.3
C003125,107971,Credit Card,2025-01-28,8047.44,19,423.55
C003126,100616,Credit Card,2026-05-16,3593.9,22,163.36
C003127,109257,Personal Loan,2025-03-30,9864.11,28,352.29
C003128,100976,Vehicle Finance,2026-04-20,44233.36,41,1078.86
C003129,104572,Credit Card,2025-06-20,10245.77,17,602.69
C003130,103666,Personal Loan,2025-01-10,4376.56,21,208.41
C003131,104008,Payroll Loan,2025-07-03,10090.9,41,246.12
C003132,105016,Credit Card,2025-02-09,6466.1,13,497.39
C003133,107868,Payroll Loan,2025-06-20,16212.05,25,648.48
C003134,101038,Credit Card,2025-06-15,2791.04,15,186.07
C003135,100312,Payroll Loan,2025-01-28,10061.24,13,773.94
C003136,106407,Personal Loan,2025-06-02,8481.48,30,282.72
C003137,100215,Payroll Loan,2025-03-04,13542.48,22,615.57
C003138,106081,Payroll Loan,2025-01-01,9282.79,34,273.02
C003139,101186,Personal Loan,2025-12-07,4357.58,29,150.26
C003140,102955,Credit Card,2025-02-14,6058.97,10,605.9
C003141,105423,Personal Loan,2026-01-14,6212.58,14,443.76
C003142,103036,Credit Card,2026-01-06,8135.55,14,581.11
C003143,105042,Payroll Loan,2026-04-07,7266.98,37,196.4
C003144,109848,Personal Loan,2025-11-19,2454.78,13,188.83
C003145,104241,Vehicle Finance,2025-08-21,49566.26,50,991.33
C003146,103003,Personal Loan,2025-07-13,9171.9,30,305.73
C003147,101684,Credit Card,2025-05-10,3128.14,13,240.63
C003148,109058,Personal Loan,2025-05-14,15248.96,14,1089.21
C003149,109649,Payroll Loan,2025-04-19,3307.57,48,68.91
C003150,102043,Personal Loan,2025-09-17,3129.88,34,92.06
C003151,101288,Personal Loan,2025-12-16,8972.53,32,280.39
C003152,101796,Payroll Loan,2025-12-15,6389.51,38,168.14
C003153,107390,Credit Card,2026-02-01,3124.67,19,164.46
C003154,108603,Vehicle Finance,2025-06-16,37707.28,29,1300.25
C003155,100259,Credit Card,2026-06-02,2431.62,21,115.79
C003156,106071,Payroll Loan,2025-03-14,7336.54,36,203.79
C003157,105289,Payroll Loan,2026-01-22,9756.54,40,243.91
C003158,107657,Vehicle Finance,2026-05-16,41109.06,56,734.09
C003159,107405,Vehicle Finance,2026-04-02,22200.4,57,389.48
C003160,105756,Credit Card,2025-03-05,4007.84,7,572.55
C003161,104248,Credit Card,2026-01-07,8596.01,17,505.65
C003162,109730,Personal Loan,2026-04-03,5924.96,22,269.32
C003163,102872,Personal Loan,2025-07-10,12904.81,23,561.08
C003164,100291,Vehicle Finance,2025-11-04,20942.07,26,805.46
C003165,107873,Payroll Loan,2025-09-23,12685.19,19,667.64
C003166,101502,Personal Loan,2025-09-14,3369.98,27,124.81
C003167,107884,Vehicle Finance,2025-12-27,14050.09,35,401.43
C003168,101111,Personal Loan,2025-05-20,8323.55,16,520.22
C003169,109474,Credit Card,2025-06-20,5740.94,7,820.13
C003170,106714,Payroll Loan,2026-01-18,11592.74,24,483.03
C003171,109597,Personal Loan,2025-02-25,6429.72,16,401.86
C003172,103140,Credit Card,2025-09-26,4711.54,17,277.15
C003173,104124,Credit Card,2026-02-13,2295.27,11,208.66
C003174,107867,Payroll Loan,2025-02-26,15485.04,32,483.91
C003175,108560,Personal Loan,2025-05-20,4242.2,17,249.54
C003176,101241,Payroll Loan,2026-03-25,9315.16,38,245.14
C003177,104812,Payroll Loan,2025-10-06,19329.39,27,715.9
C003178,102302,Payroll Loan,2026-01-10,16974.41,38,446.7
C003179,103454,Credit Card,2026-04-08,8353.99,21,397.81
C003180,100658,Personal Loan,2026-02-25,8215.44,36,228.21
C003181,105303,Vehicle Finance,2025-07-13,33747.29,53,636.74
C003182,109933,Personal Loan,2025-05-05,7446.6,24,310.28
C003183,108088,Personal Loan,2025-12-26,5858.69,15,390.58
C003184,107175,Payroll Loan,2025-06-25,5956.51,45,132.37
C003185,100044,Payroll Loan,2025-06-01,17242.61,18,957.92
C003186,101090,Personal Loan,2025-06-29,5948.6,35,169.96
C003187,106683,Vehicle Finance,2025-09-23,22533.23,49,459.86
C003188,106470,Personal Loan,2025-03-29,3405.26,29,117.42
C003189,101149,Personal Loan,2025-05-07,2895.6,15,193.04
C003190,104397,Payroll Loan,2026-04-27,8476.31,30,282.54
C003191,109515,Payroll Loan,2026-05-04,15289.5,36,424.71
C003192,109162,Vehicle Finance,2025-07-19,72207.33,60,1203.46
C003193,106737,Payroll Loan,2025-02-05,18179.23,28,649.26
C003194,101341,Personal Loan,2025-06-17,12441.76,14,888.7
C003195,102445,Credit Card,2025-08-18,3668.08,10,366.81
C003196,100279,Personal Loan,2025-09-17,9436.33,20,471.82
C003197,101383,Vehicle Finance,2025-07-27,30618.39,60,510.31
C003198,101541,Credit Card,2026-06-07,6095.91,8,761.99
C003199,109071,Personal Loan,2026-03-11,10743.59,26,413.22
C003200,109376,Personal Loan,2025-07-19,7545.18,31,243.39
C003201,107897,Personal Loan,2026-06-23,11627.25,13,894.4
C003202,109292,Vehicle Finance,2026-05-23,17191.82,28,613.99
C003203,105641,Personal Loan,2025-07-02,5343.57,30,178.12
C003204,100687,Personal Loan,2026-05-25,6510.73,34,191.49
C003205,107908,Personal Loan,2026-05-23,21000.0,26,807.69
C003206,105233,Personal Loan,2025-06-25,6390.83,35,182.6
C003207,101293,Vehicle Finance,2025-06-15,24687.54,45,548.61
C003208,106845,Personal Loan,2025-11-21,9329.84,18,518.32
C003209,102556,Credit Card,2026-03-23,6297.98,13,484.46
C003210,100043,Personal Loan,2025-12-17,7372.94,25,294.92
C003211,101130,Personal Loan,2025-11-29,1844.52,35,52.7
C003212,100165,Vehicle Finance,2025-06-06,75592.87,27,2799.74
C003213,104540,Personal Loan,2026-01-23,4551.64,26,175.06
C003214,100664,Personal Loan,2026-06-26,3833.64,14,273.83
C003215,105667,Credit Card,2026-03-23,5945.55,7,849.36
C003216,107044,Personal Loan,2025-11-22,6534.16,35,186.69
C003217,107310,Credit Card,2025-02-14,2305.16,14,164.65
C003218,109401,Personal Loan,2026-01-26,5513.2,29,190.11
C003219,109611,Personal Loan,2025-11-02,7871.55,36,218.65
C003220,100682,Personal Loan,2026-01-13,4729.82,22,214.99
C003221,103454,Personal Loan,2026-01-05,5107.72,24,212.82
C003222,101439,Credit Card,2025-05-03,3001.5,7,428.79
C003223,103023,Credit Card,2025-11-02,2530.03,18,140.56
C003224,104674,Personal Loan,2025-11-21,8258.29,22,375.38
C003225,108635,Personal Loan,2025-10-09,5549.38,24,231.22
C003226,104427,Vehicle Finance,2026-04-17,79553.97,58,1371.62
C003227,102477,Personal Loan,2025-12-05,4741.7,35,135.48
C003228,102123,Credit Card,2026-02-21,4947.64,20,247.38
C003229,107540,Payroll Loan,2026-01-02,7855.72,23,341.55
C003230,102004,Credit Card,2025-09-07,13500.0,17,794.12
C003231,107193,Personal Loan,2025-12-30,8454.63,22,384.3
C003232,101396,Personal Loan,2025-10-24,3412.28,27,126.38
C003233,109871,Vehicle Finance,2025-11-20,38585.83,42,918.71
C003234,102506,Payroll Loan,2025-12-17,33000.0,42,785.71
C003235,109893,Personal Loan,2025-11-10,6210.73,26,238.87
C003236,108415,Personal Loan,2025-07-22,7233.73,15,482.25
C003237,105407,Credit Card,2026-01-10,7352.02,7,1050.29
C003238,104576,Credit Card,2025-07-01,2238.26,11,203.48
C003239,102825,Payroll Loan,2025-11-03,4354.21,29,150.15
C003240,109178,Credit Card,2025-09-03,5030.28,8,628.78
C003241,109405,Personal Loan,2025-10-26,5829.28,24,242.89
C003242,108418,Credit Card,2026-06-30,9876.98,19,519.84
C003243,108404,Personal Loan,2025-11-30,7947.1,25,317.88
C003244,105289,Payroll Loan,2026-01-18,16888.78,45,375.31
C003245,105241,Vehicle Finance,2025-07-21,47089.46,44,1070.21
C003246,108243,Payroll Loan,2025-03-14,9897.93,26,380.69
C003247,105535,Personal Loan,2026-06-07,9988.92,26,384.19
C003248,101644,Credit Card,2025-03-10,7242.55,24,301.77
C003249,100304,Credit Card,2025-12-16,3143.3,22,142.88
C003250,106408,Personal Loan,2025-03-16,4493.51,31,144.95
C003251,109266,Vehicle Finance,2026-01-29,35780.32,49,730.21
C003252,109405,Credit Card,2026-04-27,4483.17,8,560.4
C003253,103610,Credit Card,2025-01-16,6817.43,21,324.64
C003254,106196,Personal Loan,2025-03-21,20591.55,32,643.49
C003255,106071,Personal Loan,2025-09-16,13914.21,21,662.58
C003256,104907,Personal Loan,2025-09-04,8291.19,18,460.62
C003257,106006,Personal Loan,2025-03-11,3687.94,22,167.63
C003258,106557,Credit Card,2025-12-18,2357.69,13,181.36
C003259,101073,Personal Loan,2025-05-25,13158.5,35,375.96
C003260,101367,Personal Loan,2026-03-19,5369.01,30,178.97
C003261,102416,Personal Loan,2025-06-10,7647.61,12,637.3
C003262,102945,Payroll Loan,2025-06-26,8154.79,19,429.2
C003263,106743,Vehicle Finance,2026-01-05,34751.65,55,631.85
C003264,102523,Credit Card,2025-05-07,9296.29,7,1328.04
C003265,107313,Payroll Loan,2025-05-30,11685.77,27,432.81
C003266,101183,Credit Card,2025-02-26,4105.8,19,216.09
C003267,105627,Personal Loan,2025-04-27,4706.39,22,213.93
C003268,107081,Credit Card,2025-02-13,6832.47,15,455.5
C003269,107767,Payroll Loan,2025-03-08,7617.38,32,238.04
C003270,106342,Vehicle Finance,2025-03-24,27952.52,25,1118.1
C003271,107686,Payroll Loan,2025-11-16,3539.6,25,141.58
C003272,108727,Credit Card,2026-01-10,4715.13,23,205.01
C003273,105689,Credit Card,2025-10-15,4453.72,10,445.37
C003274,106981,Credit Card,2025-02-07,4637.59,16,289.85
C003275,102055,Vehicle Finance,2026-06-28,27151.97,50,543.04
C003276,108119,Personal Loan,2025-12-21,5392.91,16,337.06
C003277,102168,Credit Card,2026-04-14,6422.07,17,377.77
C003278,101392,Payroll Loan,2026-04-14,11326.62,29,390.57
C003279,101213,Personal Loan,2025-07-18,9009.79,27,333.7
C003280,100656,Credit Card,2025-10-10,3486.58,12,290.55
C003281,108265,Credit Card,2025-02-11,7504.4,22,341.11
C003282,103706,Personal Loan,2026-05-29,17753.13,28,634.04
C003283,101684,Credit Card,2026-06-22,2284.18,7,326.31
C003284,101310,Personal Loan,2025-09-11,6716.88,25,268.68
C003285,105576,Personal Loan,2026-01-19,7492.14,18,416.23
C003286,107677,Personal Loan,2025-09-14,14738.93,13,1133.76
C003287,100726,Personal Loan,2025-04-22,8204.95,21,390.71
C003288,104334,Vehicle Finance,2025-03-28,30813.06,50,616.26
C003289,104282,Vehicle Finance,2026-05-07,114000.0,58,1965.52
C003290,109386,Credit Card,2025-12-13,4790.13,9,532.24
C003291,100068,Payroll Loan,2025-04-23,15778.41,23,686.02
C003292,100881,Credit Card,2026-02-20,3366.22,16,210.39
C003293,102415,Credit Card,2026-05-29,8457.0,20,422.85
C003294,109462,Credit Card,2025-04-20,5379.08,22,244.5
C003295,100274,Payroll Loan,2025-05-23,6653.39,31,214.63
C003296,107274,Credit Card,2025-12-01,3273.16,18,181.84
C003297,104588,Personal Loan,2025-04-05,5973.24,26,229.74
C003298,108037,Personal Loan,2025-08-15,8012.58,13,616.35
C003299,102296,Personal Loan,2025-12-17,9596.38,21,456.97
C003300,104926,Payroll Loan,2026-06-21,23878.63,26,918.41
C003301,104837,Credit Card,2026-05-10,2178.98,8,272.37
C003302,103641,Vehicle Finance,2025-02-10,86390.1,47,1838.09
C003303,103360,Vehicle Finance,2025-11-16,54386.46,25,2175.46
C003304,107245,Payroll Loan,2025-08-03,10580.56,27,391.87
C003305,101510,Credit Card,2025-05-10,4295.06,24,178.96
C003306,109791,Personal Loan,2025-08-14,3301.84,35,94.34
C003307,108921,Vehicle Finance,2026-06-18,34934.87,51,685.0
C003308,100262,Personal Loan,2025-09-13,7702.55,16,481.41
C003309,108945,Payroll Loan,2025-11-22,15312.45,46,332.88
C003310,105972,Credit Card,2025-06-15,6347.47,12,528.96
C003311,109215,Personal Loan,2026-05-23,6692.74,21,318.7
C003312,102475,Personal Loan,2025-06-04,3560.69,18,197.82
C003313,108485,Credit Card,2025-05-07,3009.88,10,300.99
C003314,104001,Vehicle Finance,2025-07-12,62315.93,60,1038.6
C003315,104862,Personal Loan,2025-05-31,3041.61,29,104.88
C003316,105745,Credit Card,2025-03-30,10118.24,7,1445.46
C003317,107781,Personal Loan,2026-01-16,4461.0,25,178.44
C003318,102169,Payroll Loan,2025-03-12,8199.3,30,273.31
C003319,100259,Payroll Loan,2025-04-04,8312.2,43,193.31
C003320,100105,Vehicle Finance,2026-05-03,57436.68,59,973.5
C003321,108858,Vehicle Finance,2025-03-06,29578.55,40,739.46
C003322,100689,Personal Loan,2025-10-03,8174.89,18,454.16
C003323,100658,Personal Loan,2026-05-23,10388.39,17,611.08
C003324,100258,Credit Card,2026-03-03,5126.34,11,466.03
C003325,103304,Payroll Loan,2026-04-22,23282.44,40,582.06
C003326,100451,Vehicle Finance,2025-07-07,40731.37,38,1071.88
C003327,104651,Payroll Loan,2026-06-22,15146.55,18,841.47
C003328,101652,Payroll Loan,2026-05-23,6914.0,13,531.85
C003329,102754,Credit Card,2025-08-03,5373.3,16,335.83
C003330,104442,Personal Loan,2026-03-20,6692.8,28,239.03
C003331,104837,Payroll Loan,2025-02-07,7874.98,17,463.23
C003332,104524,Personal Loan,2026-06-10,8077.83,32,252.43
C003333,100772,Payroll Loan,2025-06-28,5931.05,35,169.46
C003334,100120,Personal Loan,2026-02-25,16554.7,32,517.33
C003335,107690,Vehicle Finance,2025-05-12,17942.94,31,578.8
C003336,100266,Personal Loan,2026-01-27,10827.99,32,338.37
C003337,103980,Personal Loan,2026-03-06,11314.17,21,538.77
C003338,102530,Vehicle Finance,2025-11-20,32318.65,47,687.63
C003339,100369,Vehicle Finance,2025-01-10,28598.58,38,752.59
C003340,100496,Credit Card,2026-03-11,2581.64,20,129.08
C003341,101077,Vehicle Finance,2026-05-30,90045.69,58,1552.51
C003342,102054,Credit Card,2025-06-22,2848.02,8,356.0
C003343,107643,Credit Card,2026-06-18,3511.19,23,152.66
C003344,100352,Payroll Loan,2025-02-07,10435.42,39,267.57
C003345,108113,Payroll Loan,2025-08-04,21528.02,27,797.33
C003346,100866,Personal Loan,2025-07-16,3317.76,26,127.61
C003347,101765,Vehicle Finance,2025-12-12,23170.25,42,551.67
C003348,106607,Personal Loan,2026-02-27,9047.12,36,251.31
C003349,109475,Personal Loan,2026-03-28,19974.0,17,1174.94
C003350,101347,Personal Loan,2025-02-27,6598.55,15,439.9
C003351,106664,Payroll Loan,2026-04-30,14582.07,40,364.55
C003352,104461,Credit Card,2026-05-02,3866.47,6,644.41
C003353,107918,Payroll Loan,2025-07-18,12174.0,24,507.25
C003354,108077,Personal Loan,2025-10-21,5289.65,17,311.16
C003355,107239,Payroll Loan,2025-11-18,6510.25,12,542.52
C003356,100581,Credit Card,2026-03-13,1657.85,10,165.78
C003357,103050,Personal Loan,2025-07-16,3380.54,24,140.86
C003358,102703,Personal Loan,2025-10-05,11406.9,18,633.72
C003359,107201,Credit Card,2026-01-13,4928.39,15,328.56
C003360,106256,Personal Loan,2026-04-05,10912.72,26,419.72
C003361,105122,Personal Loan,2025-06-29,4544.47,32,142.01
C003362,101735,Payroll Loan,2026-06-28,8675.87,31,279.87
C003363,101364,Vehicle Finance,2026-04-11,20935.05,55,380.64
C003364,105200,Vehicle Finance,2026-03-18,83643.69,57,1467.43
C003365,109926,Vehicle Finance,2025-11-25,31105.7,42,740.61
C003366,106931,Credit Card,2026-04-24,1843.63,23,80.16
C003367,101683,Credit Card,2026-03-03,2429.47,13,186.88
C003368,109490,Payroll Loan,2026-03-26,10019.69,16,626.23
C003369,102752,Credit Card,2025-02-21,5541.42,22,251.88
C003370,109742,Payroll Loan,2025-09-03,6658.59,33,201.78
C003371,108028,Credit Card,2026-04-10,6415.44,8,801.93
C003372,101632,Vehicle Finance,2025-07-13,74661.29,25,2986.45
C003373,100604,Credit Card,2025-07-29,3193.41,21,152.07
C003374,108761,Personal Loan,2025-11-05,10741.58,27,397.84
C003375,100108,Credit Card,2026-02-19,4596.08,13,353.54
C003376,100524,Vehicle Finance,2025-04-23,39810.97,38,1047.66
C003377,104826,Personal Loan,2025-12-21,12797.72,32,399.93
C003378,104503,Personal Loan,2025-08-29,5702.23,24,237.59
C003379,104315,Credit Card,2026-06-03,4826.76,20,241.34
C003380,104698,Payroll Loan,2025-03-14,8005.43,15,533.7
C003381,102218,Credit Card,2025-02-01,1732.48,12,144.37
C003382,100843,Vehicle Finance,2025-06-13,38744.37,51,759.69
C003383,103926,Payroll Loan,2026-06-03,5423.24,12,451.94
C003384,103160,Personal Loan,2026-01-20,3405.18,34,100.15
C003385,104076,Personal Loan,2025-08-19,5640.5,26,216.94
C003386,107776,Personal Loan,2025-02-10,13823.46,21,658.26
C003387,100032,Personal Loan,2025-11-26,6812.54,17,400.74
C003388,102142,Vehicle Finance,2026-05-18,23925.17,44,543.75
C003389,109132,Personal Loan,2026-02-15,9345.26,35,267.01
C003390,106231,Personal Loan,2025-01-28,14416.64,28,514.88
C003391,105092,Personal Loan,2026-04-15,7322.53,24,305.11
C003392,109632,Personal Loan,2025-05-19,2738.21,12,228.18
C003393,104107,Credit Card,2026-03-09,3424.58,6,570.76
C003394,100528,Personal Loan,2026-06-08,2942.74,21,140.13
C003395,109505,Credit Card,2025-07-04,3953.88,16,247.12
C003396,100149,Credit Card,2026-04-21,4960.39,18,275.58
C003397,107831,Credit Card,2025-12-04,5261.26,10,526.13
C003398,102656,Vehicle Finance,2025-02-22,57311.77,40,1432.79
C003399,107757,Vehicle Finance,2025-07-28,27174.02,50,543.48
C003400,100969,Credit Card,2026-04-22,2188.03,23,95.13
C003401,103020,Personal Loan,2025-08-07,4451.68,20,222.58
C003402,100840,Personal Loan,2026-04-08,7869.24,29,271.35
C003403,105928,Vehicle Finance,2025-09-05,43148.1,47,918.04
C003404,104118,Payroll Loan,2025-09-20,12268.91,33,371.79
C003405,102199,Vehicle Finance,2026-06-17,20392.84,29,703.2
C003406,106522,Personal Loan,2026-04-20,11091.0,17,652.41
C003407,100030,Personal Loan,2026-04-14,4040.85,16,252.55
C003408,107425,Personal Loan,2025-09-22,5172.94,31,166.87
C003409,100957,Payroll Loan,2025-12-10,12035.49,48,250.74
C003410,101088,Personal Loan,2025-03-21,3785.5,30,126.18
C003411,102855,Payroll Loan,2026-04-28,8539.66,47,181.69
C003412,105711,Payroll Loan,2025-05-03,8640.08,18,480.0
C003413,108481,Vehicle Finance,2025-01-14,38896.06,24,1620.67
C003414,107169,Vehicle Finance,2025-07-01,27070.49,32,845.95
C003415,103379,Personal Loan,2025-06-30,11142.46,16,696.4
C003416,106161,Credit Card,2025-07-05,4165.16,13,320.4
C003417,108256,Personal Loan,2025-04-11,3246.82,33,98.39
C003418,104645,Personal Loan,2026-02-08,20221.06,19,1064.27
C003419,107405,Personal Loan,2025-03-27,3893.02,23,169.26
C003420,104411,Vehicle Finance,2025-04-28,81722.13,32,2553.82
C003421,104265,Personal Loan,2026-03-01,9898.61,34,291.14
C003422,107793,Credit Card,2026-02-13,9563.76,14,683.13
C003423,107893,Personal Loan,2026-06-15,5434.97,16,339.69
C003424,102309,Credit Card,2025-10-29,5237.64,10,523.76
C003425,101106,Vehicle Finance,2025-05-21,55581.63,31,1792.96
C003426,101858,Credit Card,2025-11-22,11391.11,18,632.84
C003427,109123,Personal Loan,2025-02-23,14894.54,24,620.61
C003428,100598,Credit Card,2026-01-24,3341.04,15,222.74
C003429,108084,Personal Loan,2025-08-18,8364.02,14,597.43
C003430,104024,Credit Card,2026-03-07,3763.92,17,221.41
C003431,108658,Vehicle Finance,2025-06-06,31283.04,41,763.0
C003432,106646,Credit Card,2025-07-29,5555.48,7,793.64
C003433,107090,Personal Loan,2025-07-16,6927.9,36,192.44
C003434,105244,Payroll Loan,2026-01-08,4227.85,13,325.22
C003435,104249,Vehicle Finance,2025-12-27,32141.74,60,535.7
C003436,100849,Credit Card,2025-01-25,9261.5,24,385.9
C003437,103117,Personal Loan,2026-05-04,6346.72,27,235.06
C003438,109925,Credit Card,2026-02-25,7387.3,6,1231.22
C003439,104167,Payroll Loan,2026-03-17,24848.0,43,577.86
C003440,103714,Payroll Loan,2026-02-21,7034.68,17,413.8
C003441,109964,Credit Card,2025-07-20,3515.43,17,206.79
C003442,100029,Vehicle Finance,2026-06-15,44662.17,59,756.99
C003443,106322,Personal Loan,2026-02-15,4485.34,21,213.59
C003444,106058,Personal Loan,2025-04-09,2869.25,24,119.55
C003445,106991,Credit Card,2025-06-03,2638.85,13,202.99
C003446,100074,Personal Loan,2025-03-13,17241.86,17,1014.23
C003447,108069,Personal Loan,2026-02-15,5876.8,17,345.69
C003448,109016,Personal Loan,2026-05-19,6120.09,30,204.0
C003449,106556,Personal Loan,2026-02-19,17505.54,34,514.87
C003450,106007,Credit Card,2025-07-02,11077.22,9,1230.8
C003451,105344,Credit Card,2026-04-27,4509.85,11,409.99
C003452,103293,Vehicle Finance,2025-11-28,43771.46,47,931.31
C003453,109099,Vehicle Finance,2025-07-30,94439.99,42,2248.57
C003454,103357,Payroll Loan,2026-06-06,16378.43,48,341.22
C003455,107892,Personal Loan,2025-10-01,8855.56,29,305.36
C003456,101036,Credit Card,2026-01-04,2460.44,9,273.38
C003457,101251,Credit Card,2025-11-13,3680.16,12,306.68
C003458,104208,Vehicle Finance,2025-05-25,92822.39,51,1820.05
C003459,100232,Payroll Loan,2026-01-30,4726.13,17,278.01
C003460,105018,Personal Loan,2025-03-10,19121.1,17,1124.77
C003461,105792,Payroll Loan,2025-08-29,21187.25,38,557.56
C003462,101519,Vehicle Finance,2025-07-07,57294.26,43,1332.42
C003463,106018,Payroll Loan,2026-04-13,4896.01,36,136.0
C003464,106784,Vehicle Finance,2025-12-31,114000.0,42,2714.29
C003465,101944,Personal Loan,2025-07-27,5453.37,18,302.96
C003466,103187,Credit Card,2026-06-03,3837.53,9,426.39
C003467,108109,Payroll Loan,2026-04-22,29328.4,26,1128.02
C003468,100681,Personal Loan,2025-02-04,4864.21,36,135.12
C003469,106605,Payroll Loan,2025-12-05,10646.13,25,425.85
C003470,102475,Credit Card,2025-08-25,6122.72,9,680.3
C003471,107082,Payroll Loan,2025-01-30,14442.13,12,1203.51
C003472,100362,Payroll Loan,2026-03-15,9813.4,29,338.39
C003473,108254,Personal Loan,2025-06-21,3837.04,24,159.88
C003474,109098,Vehicle Finance,2026-04-23,36509.46,51,715.87
C003475,105906,Credit Card,2025-08-22,5271.39,13,405.49
C003476,104604,Payroll Loan,2026-04-13,15524.48,22,705.66
C003477,107029,Personal Loan,2026-01-01,10233.48,16,639.59
C003478,109599,Payroll Loan,2026-03-01,16834.17,34,495.12
C003479,106646,Personal Loan,2025-12-01,3740.27,15,249.35
C003480,106145,Credit Card,2025-04-11,6860.26,9,762.25
C003481,105122,Credit Card,2025-09-24,3385.91,20,169.3
C003482,100426,Credit Card,2025-07-11,4355.32,18,241.96
C003483,101243,Personal Loan,2025-04-13,3208.37,27,118.83
C003484,101725,Vehicle Finance,2025-11-18,78351.54,51,1536.3
C003485,100631,Personal Loan,2025-12-30,9140.42,35,261.15
C003486,105319,Credit Card,2025-03-15,4746.44,18,263.69
C003487,103941,Vehicle Finance,2026-05-14,75057.86,48,1563.71
C003488,100086,Payroll Loan,2025-08-02,8898.84,12,741.57
C003489,105375,Personal Loan,2025-09-18,6280.63,30,209.35
C003490,106121,Vehicle Finance,2025-04-26,54602.34,31,1761.37
C003491,102018,Payroll Loan,2025-04-22,12359.43,36,343.32
C003492,108740,Credit Card,2025-06-11,3689.56,21,175.69
C003493,103138,Personal Loan,2025-04-05,3209.71,24,133.74
C003494,103188,Payroll Loan,2026-03-10,6071.92,17,357.17
C003495,109198,Personal Loan,2025-05-04,9754.96,23,424.13
C003496,108395,Credit Card,2026-01-10,11958.86,13,919.91
C003497,103828,Credit Card,2025-05-09,8596.24,12,716.35
C003498,109245,Personal Loan,2025-01-04,6197.8,32,193.68
C003499,105977,Credit Card,2025-09-02,6798.86,19,357.83
C003500,102540,Credit Card,2026-05-26,3698.73,23,160.81
C003501,104553,Credit Card,2025-03-18,1804.62,6,300.77
C003502,104720,Credit Card,2025-10-15,7391.27,7,1055.9
C003503,100389,Personal Loan,2025-10-02,10166.93,22,462.13
C003504,103137,Personal Loan,2025-12-24,20277.06,18,1126.5
C003505,106595,Personal Loan,2025-08-26,11629.73,14,830.7
C003506,102852,Personal Loan,2025-12-05,6194.75,26,238.26
C003507,106035,Vehicle Finance,2025-03-24,56395.11,34,1658.68
C003508,100092,Personal Loan,2025-02-08,6067.78,20,303.39
C003509,102260,Payroll Loan,2025-04-14,24963.44,42,594.37
C003510,102307,Personal Loan,2026-05-01,6182.98,23,268.83
C003511,106449,Payroll Loan,2025-07-08,9987.88,37,269.94
C003512,107933,Vehicle Finance,2026-01-09,74115.27,45,1647.01
C003513,104009,Credit Card,2026-05-21,8120.66,12,676.72
C003514,108994,Personal Loan,2025-05-21,7708.01,13,592.92
C003515,109763,Payroll Loan,2025-03-25,5002.78,24,208.45
C003516,102935,Personal Loan,2025-02-16,17811.94,18,989.55
C003517,104135,Personal Loan,2026-01-19,21000.0,19,1105.26
C003518,100357,Payroll Loan,2026-06-27,13032.95,23,566.65
C003519,103585,Vehicle Finance,2025-09-23,35421.57,28,1265.06
C003520,107510,Personal Loan,2026-05-26,15859.06,24,660.79
C003521,108078,Personal Loan,2025-10-02,4424.0,14,316.0
C003522,107024,Personal Loan,2026-01-30,7178.35,28,256.37
C003523,104601,Personal Loan,2025-05-13,4809.13,13,369.93
C003524,102834,Personal Loan,2025-10-19,16622.39,18,923.47
C003525,105028,Personal Loan,2025-03-13,10015.86,29,345.37
C003526,108144,Personal Loan,2025-11-20,4673.88,31,150.77
C003527,109044,Credit Card,2025-05-21,2554.02,20,127.7
C003528,107579,Credit Card,2025-09-27,3104.78,20,155.24
C003529,104440,Credit Card,2025-06-11,5034.43,14,359.6
C003530,100926,Personal Loan,2026-04-16,3236.74,32,101.15
C003531,107464,Credit Card,2026-02-25,1883.28,18,104.63
C003532,104871,Payroll Loan,2026-02-09,5303.9,47,112.85
C003533,100521,Payroll Loan,2026-01-23,14275.5,17,839.74
C003534,101674,Payroll Loan,2025-02-07,12619.61,32,394.36
C003535,109971,Personal Loan,2025-07-23,6816.53,34,200.49
C003536,101680,Payroll Loan,2025-06-28,18155.53,40,453.89
C003537,104198,Personal Loan,2025-03-25,4740.8,17,278.87
C003538,103746,Personal Loan,2026-01-31,10652.22,27,394.53
C003539,104878,Vehicle Finance,2026-01-07,32092.41,49,654.95
C003540,101585,Personal Loan,2026-06-23,7450.75,31,240.35
C003541,103762,Credit Card,2026-06-10,3710.64,11,337.33
C003542,108298,Payroll Loan,2026-02-19,6567.38,44,149.26
C003543,101043,Credit Card,2026-04-04,2887.83,20,144.39
C003544,104443,Credit Card,2025-09-28,2598.58,6,433.1
C003545,108145,Personal Loan,2025-04-14,11034.42,31,355.95
C003546,108714,Credit Card,2026-02-24,3728.78,18,207.15
C003547,108778,Personal Loan,2025-08-05,4455.14,31,143.71
C003548,105477,Personal Loan,2026-01-31,11716.2,18,650.9
C003549,100373,Vehicle Finance,2026-01-25,14814.97,47,315.21
C003550,106006,Payroll Loan,2026-01-24,6390.97,14,456.5
C003551,109379,Personal Loan,2025-06-26,3394.89,27,125.74
C003552,105698,Payroll Loan,2026-06-01,11031.15,19,580.59
C003553,106770,Vehicle Finance,2026-05-11,37215.52,44,845.81
C003554,101846,Personal Loan,2025-12-03,7800.84,22,354.58
C003555,107271,Credit Card,2026-06-19,4335.04,9,481.67
C003556,101365,Credit Card,2025-10-10,3698.5,23,160.8
C003557,103702,Payroll Loan,2026-06-16,12296.41,30,409.88
C003558,102992,Personal Loan,2026-02-10,8224.4,19,432.86
C003559,100310,Personal Loan,2025-08-13,1750.0,34,51.47
C003560,106707,Vehicle Finance,2026-04-29,44500.95,38,1171.08
C003561,101169,Personal Loan,2026-05-31,4109.67,18,228.32
C003562,108650,Credit Card,2025-12-08,7528.02,15,501.87
C003563,108456,Credit Card,2025-06-10,4943.0,6,823.83
C003564,101541,Vehicle Finance,2025-01-11,25450.34,35,727.15
C003565,104960,Payroll Loan,2025-04-12,17457.5,22,793.52
C003566,100829,Personal Loan,2025-02-09,3734.96,15,249.0
C003567,101974,Personal Loan,2026-04-10,7301.96,33,221.27
C003568,108467,Vehicle Finance,2026-03-31,57692.5,51,1131.23
C003569,103376,Credit Card,2025-10-01,9526.07,14,680.43
C003570,103587,Credit Card,2025-10-03,4431.67,7,633.1
C003571,109050,Credit Card,2026-02-17,3574.73,16,223.42
C003572,102523,Personal Loan,2026-06-24,4246.89,24,176.95
C003573,102038,Payroll Loan,2025-11-19,6813.84,34,200.41
C003574,100085,Personal Loan,2025-04-29,6666.78,35,190.48
C003575,108022,Credit Card,2025-10-05,13500.0,24,562.5
C003576,102009,Credit Card,2026-01-22,5938.52,23,258.2
C003577,104317,Personal Loan,2026-01-18,11684.23,29,402.9
C003578,100424,Vehicle Finance,2025-08-17,64087.63,44,1456.54
C003579,105155,Vehicle Finance,2025-03-22,49376.53,59,836.89
C003580,106927,Personal Loan,2025-01-11,4451.9,24,185.5
C003581,103259,Vehicle Finance,2026-01-03,61746.19,27,2286.9
C003582,100688,Vehicle Finance,2025-07-20,74335.95,34,2186.35
C003583,102140,Vehicle Finance,2026-06-13,54641.87,34,1607.11
C003584,107517,Vehicle Finance,2025-04-16,21407.5,44,486.53
C003585,108776,Payroll Loan,2025-09-30,5541.39,26,213.13
C003586,106862,Payroll Loan,2025-10-24,20266.14,29,698.83
C003587,109222,Credit Card,2025-01-12,3776.59,14,269.76
C003588,100333,Payroll Loan,2026-04-20,13012.78,16,813.3
C003589,107782,Personal Loan,2025-06-17,11330.05,18,629.45
C003590,109925,Personal Loan,2026-06-26,8885.8,12,740.48
C003591,108812,Vehicle Finance,2025-05-04,36634.9,45,814.11
C003592,109792,Credit Card,2025-10-28,8328.8,7,1189.83
C003593,105095,Credit Card,2026-03-19,5187.9,11,471.63
C003594,109474,Credit Card,2026-05-23,3200.47,13,246.19
C003595,104416,Personal Loan,2025-03-22,4741.9,14,338.71
C003596,102459,Personal Loan,2026-04-22,3773.22,36,104.81
C003597,108595,Personal Loan,2025-12-19,4179.32,34,122.92
C003598,106683,Vehicle Finance,2025-04-18,73599.55,59,1247.45
C003599,106863,Vehicle Finance,2025-08-10,51204.24,60,853.4
C003600,104482,Credit Card,2025-01-15,2196.53,12,183.04
C003601,109954,Credit Card,2026-06-12,2977.95,23,129.48
C003602,103338,Personal Loan,2026-04-15,10084.76,33,305.6
C003603,106126,Credit Card,2025-05-11,4149.14,16,259.32
C003604,104247,Vehicle Finance,2025-11-10,67368.31,24,2807.01
C003605,103346,Personal Loan,2025-11-27,6914.79,29,238.44
C003606,106959,Credit Card,2026-03-01,4669.23,22,212.24
C003607,101329,Credit Card,2025-09-08,2958.91,10,295.89
C003608,101084,Credit Card,2025-12-19,5489.77,10,548.98
C003609,106477,Personal Loan,2025-11-09,6237.61,29,215.09
C003610,104445,Vehicle Finance,2025-05-04,53702.11,49,1095.96
C003611,101427,Credit Card,2026-02-27,5081.54,10,508.15
C003612,109366,Personal Loan,2025-09-04,8282.29,12,690.19
C003613,109366,Payroll Loan,2025-05-14,10234.88,28,365.53
C003614,106111,Personal Loan,2025-07-11,7357.28,27,272.49
C003615,103742,Personal Loan,2026-03-11,5672.64,31,182.99
C003616,109175,Credit Card,2026-01-15,2782.06,22,126.46
C003617,102004,Vehicle Finance,2026-06-04,18796.43,40,469.91
C003618,100258,Credit Card,2025-01-31,2015.7,17,118.57
C003619,106076,Vehicle Finance,2025-08-31,17624.71,42,419.64
C003620,105680,Payroll Loan,2025-09-02,11349.95,45,252.22
C003621,102788,Payroll Loan,2025-10-28,9576.35,41,233.57
C003622,106973,Credit Card,2025-05-14,3645.97,18,202.55
C003623,102321,Credit Card,2025-11-29,1915.34,8,239.42
C003624,103384,Vehicle Finance,2026-01-22,36456.47,32,1139.26
C003625,101416,Credit Card,2025-02-05,6158.27,15,410.55
C003626,101236,Credit Card,2025-09-11,7323.75,15,488.25
C003627,101094,Credit Card,2026-04-26,3020.05,14,215.72
C003628,100899,Personal Loan,2026-01-18,6661.34,17,391.84
C003629,101991,Credit Card,2025-09-05,4207.01,21,200.33
C003630,105402,Personal Loan,2026-03-10,9272.99,23,403.17
C003631,103918,Credit Card,2026-04-07,4810.15,23,209.14
C003632,101926,Credit Card,2026-02-24,3275.83,14,233.99
C003633,101223,Payroll Loan,2026-06-29,4711.61,45,104.7
C003634,100501,Personal Loan,2026-05-20,7742.67,29,266.99
C003635,106292,Personal Loan,2025-04-09,8972.29,17,527.78
C003636,108300,Personal Loan,2025-02-23,10662.51,35,304.64
C003637,102442,Credit Card,2025-04-23,5814.99,22,264.32
C003638,108049,Personal Loan,2025-02-15,4599.74,32,143.74
C003639,107188,Personal Loan,2025-12-01,14310.48,23,622.19
C003640,107471,Personal Loan,2025-05-08,5790.43,36,160.85
C003641,102901,Credit Card,2025-11-24,4269.4,24,177.89
C003642,105477,Personal Loan,2025-09-06,6329.93,23,275.21
C003643,105656,Vehicle Finance,2025-05-24,17389.53,54,322.03
C003644,105162,Personal Loan,2025-09-30,5489.11,34,161.44
C003645,107447,Credit Card,2026-01-30,3462.51,14,247.32
C003646,105495,Personal Loan,2026-05-05,8351.3,20,417.56
C003647,105779,Personal Loan,2026-03-10,21000.0,27,777.78
C003648,107727,Payroll Loan,2026-06-24,10724.78,23,466.29
C003649,102553,Personal Loan,2025-08-20,16682.69,23,725.33
C003650,106607,Personal Loan,2025-07-04,3600.2,24,150.01
C003651,106812,Credit Card,2026-02-04,7760.67,24,323.36
C003652,101442,Personal Loan,2026-06-03,7421.08,33,224.88
C003653,107205,Personal Loan,2025-03-08,1750.0,33,53.03
C003654,103481,Personal Loan,2025-05-20,5708.46,33,172.98
C003655,106944,Vehicle Finance,2025-01-25,13999.87,45,311.11
C003656,106834,Vehicle Finance,2025-04-11,38804.18,47,825.62
C003657,102672,Payroll Loan,2025-07-18,15225.97,31,491.16
C003658,105511,Personal Loan,2026-01-13,5053.15,22,229.69
C003659,105109,Payroll Loan,2025-12-13,10525.99,40,263.15
C003660,109316,Personal Loan,2025-07-26,7812.14,32,244.13
C003661,101743,Personal Loan,2025-07-13,7651.64,26,294.29
C003662,102786,Personal Loan,2026-03-13,4031.13,32,125.97
C003663,104078,Credit Card,2026-03-22,3317.18,17,195.13
C003664,107223,Personal Loan,2026-05-10,8373.11,31,270.1
C003665,102323,Personal Loan,2025-11-02,2360.83,26,90.8
C003666,107110,Credit Card,2025-11-08,6220.24,9,691.14
C003667,101480,Personal Loan,2025-05-01,9680.84,20,484.04
C003668,107557,Credit Card,2026-04-21,5882.94,23,255.78
C003669,107602,Vehicle Finance,2026-05-21,45655.21,53,861.42
C003670,106422,Personal Loan,2025-06-22,11919.49,20,595.97
C003671,109836,Payroll Loan,2025-06-07,27165.79,29,936.75
C003672,108881,Personal Loan,2025-02-05,8139.45,26,313.06
C003673,106840,Personal Loan,2026-02-16,6721.44,34,197.69
C003674,107812,Credit Card,2025-10-27,1936.2,20,96.81
C003675,106552,Payroll Loan,2025-07-01,18274.6,16,1142.16
C003676,108157,Vehicle Finance,2026-06-11,31759.62,28,1134.27
C003677,108086,Payroll Loan,2025-04-22,9008.86,22,409.49
C003678,104459,Personal Loan,2025-12-04,10087.73,18,560.43
C003679,101453,Personal Loan,2025-02-27,4992.38,30,166.41
C003680,100698,Credit Card,2026-02-02,4097.9,18,227.66
C003681,102884,Credit Card,2025-01-13,5958.49,15,397.23
C003682,105469,Personal Loan,2026-05-13,8230.4,22,374.11
C003683,102894,Credit Card,2025-09-12,4107.16,16,256.7
C003684,104796,Credit Card,2026-03-01,3154.41,15,210.29
C003685,102031,Personal Loan,2025-04-06,13724.85,35,392.14
C003686,109286,Personal Loan,2025-11-25,6660.83,13,512.37
C003687,104293,Vehicle Finance,2025-03-01,74881.98,31,2415.55
C003688,106777,Vehicle Finance,2026-03-20,35981.48,53,678.9
C003689,105556,Vehicle Finance,2025-01-11,31876.47,32,996.14
C003690,107915,Payroll Loan,2025-07-02,9129.82,20,456.49
C003691,105691,Personal Loan,2026-06-07,5752.73,15,383.52
C003692,106986,Credit Card,2025-11-14,10161.84,19,534.83
C003693,108379,Payroll Loan,2025-08-05,5690.73,45,126.46
C003694,106364,Vehicle Finance,2026-04-29,44955.08,48,936.56
C003695,106378,Credit Card,2025-03-13,2625.78,15,175.05
C003696,109137,Credit Card,2025-08-17,3807.47,6,634.58
C003697,107133,Personal Loan,2026-02-19,5023.61,23,218.42
C003698,100673,Vehicle Finance,2026-03-26,44454.82,25,1778.19
C003699,108011,Personal Loan,2026-01-03,5978.03,14,427.0
C003700,108738,Payroll Loan,2026-02-03,7790.75,15,519.38
C003701,105961,Personal Loan,2025-03-12,8077.86,15,538.52
C003702,108040,Personal Loan,2025-06-30,9791.4,15,652.76
C003703,100832,Vehicle Finance,2026-02-14,42271.45,58,728.82
C003704,109932,Vehicle Finance,2025-12-20,52663.84,49,1074.77
C003705,108688,Credit Card,2026-06-07,4544.44,15,302.96
C003706,101358,Credit Card,2025-08-29,6410.41,21,305.26
C003707,106566,Payroll Loan,2026-06-13,15107.2,46,328.42
C003708,108427,Vehicle Finance,2025-07-11,28682.86,31,925.25
C003709,107359,Credit Card,2025-04-07,4697.61,11,427.06
C003710,102443,Personal Loan,2026-01-16,7980.1,33,241.82
C003711,102310,Payroll Loan,2026-04-21,7354.94,40,183.87
C003712,100619,Personal Loan,2025-03-26,10722.72,19,564.35
C003713,105417,Credit Card,2026-05-04,3512.53,20,175.63
C003714,102514,Payroll Loan,2025-12-26,23071.87,39,591.59
C003715,105720,Credit Card,2025-09-10,3084.74,8,385.59
C003716,101491,Vehicle Finance,2025-03-26,23047.75,42,548.76
C003717,104122,Vehicle Finance,2025-04-23,69218.79,29,2386.85
C003718,102867,Personal Loan,2025-09-24,2736.67,18,152.04
C003719,101377,Credit Card,2025-07-17,2602.41,17,153.08
C003720,109150,Credit Card,2026-02-20,4779.55,14,341.4
C003721,101104,Credit Card,2025-07-01,7468.91,20,373.45
C003722,106559,Personal Loan,2025-12-29,4360.22,26,167.7
C003723,104406,Credit Card,2025-09-16,8625.41,9,958.38
C003724,105710,Personal Loan,2025-07-27,4232.94,27,156.78
C003725,102729,Vehicle Finance,2026-03-29,35864.49,46,779.66
C003726,108721,Personal Loan,2025-09-03,4377.44,21,208.45
C003727,103519,Credit Card,2025-09-10,6905.45,11,627.77
C003728,108988,Personal Loan,2025-05-15,4436.33,25,177.45
C003729,103799,Credit Card,2025-12-22,5922.76,19,311.72
C003730,109636,Payroll Loan,2025-08-15,16630.78,17,978.28
C003731,107325,Credit Card,2025-01-12,6347.66,10,634.77
C003732,108770,Credit Card,2026-05-09,4272.26,12,356.02
C003733,101188,Payroll Loan,2025-09-08,3379.03,28,120.68
C003734,108182,Payroll Loan,2026-04-06,12478.32,22,567.2
C003735,107200,Personal Loan,2025-01-26,6263.19,18,347.96
C003736,100322,Vehicle Finance,2025-02-23,64448.9,37,1741.86
C003737,100596,Vehicle Finance,2025-07-25,20749.0,26,798.04
C003738,105573,Personal Loan,2025-04-10,3034.71,36,84.3
C003739,106387,Vehicle Finance,2025-01-17,33278.71,44,756.33
C003740,103923,Credit Card,2025-01-21,3201.4,19,168.49
C003741,109235,Payroll Loan,2026-01-04,12484.51,28,445.88
C003742,100628,Payroll Loan,2025-08-16,9691.6,38,255.04
C003743,103511,Personal Loan,2025-03-28,5306.9,26,204.11
C003744,100908,Vehicle Finance,2026-03-29,36460.05,46,792.61
C003745,109920,Payroll Loan,2025-08-06,33000.0,24,1375.0
C003746,104287,Credit Card,2025-11-12,3329.75,12,277.48
C003747,100290,Payroll Loan,2025-06-04,8522.58,17,501.33
C003748,109456,Vehicle Finance,2025-05-09,18953.8,59,321.25
C003749,107335,Vehicle Finance,2026-06-14,76582.92,30,2552.76
C003750,104545,Vehicle Finance,2025-08-04,10984.0,38,289.05
C003751,105936,Payroll Loan,2026-04-03,6068.65,39,155.61
C003752,107730,Personal Loan,2025-02-21,5270.82,12,439.23
C003753,102529,Vehicle Finance,2025-05-16,26520.3,46,576.53
C003754,102123,Credit Card,2025-07-29,4429.04,9,492.12
C003755,108477,Personal Loan,2025-07-31,16208.42,15,1080.56
C003756,102361,Vehicle Finance,2025-07-24,69492.82,41,1694.95
C003757,106633,Payroll Loan,2025-09-03,10022.82,28,357.96
C003758,108429,Vehicle Finance,2025-05-27,17268.63,27,639.58
C003759,100586,Credit Card,2026-01-16,5934.03,8,741.75
C003760,102903,Personal Loan,2025-04-25,10530.15,20,526.51
C003761,100489,Payroll Loan,2026-02-04,4694.68,32,146.71
C003762,106492,Credit Card,2025-04-28,3356.95,21,159.85
C003763,101942,Payroll Loan,2025-11-08,6237.98,18,346.55
C003764,100025,Payroll Loan,2025-03-20,10433.04,22,474.23
C003765,108119,Credit Card,2025-11-24,4056.2,9,450.69
C003766,100280,Personal Loan,2025-03-17,12864.51,29,443.6
C003767,105588,Vehicle Finance,2025-06-29,34670.48,37,937.04
C003768,104749,Personal Loan,2026-06-19,5472.39,20,273.62
C003769,103034,Credit Card,2025-04-04,3496.07,14,249.72
C003770,105897,Payroll Loan,2025-12-23,8988.02,44,204.27
C003771,106054,Vehicle Finance,2026-06-20,72160.97,38,1898.97
C003772,100788,Vehicle Finance,2025-12-17,28939.31,33,876.95
C003773,100868,Personal Loan,2025-09-01,6086.36,13,468.18
C003774,107878,Credit Card,2025-08-03,5759.94,15,384.0
C003775,101659,Payroll Loan,2025-07-23,8039.82,31,259.35
C003776,100654,Credit Card,2025-04-02,6167.6,16,385.48
C003777,101884,Credit Card,2025-08-17,4457.25,17,262.19
C003778,106590,Vehicle Finance,2025-09-24,46609.49,41,1136.82
C003779,101820,Vehicle Finance,2025-08-25,44503.8,40,1112.6
C003780,106742,Personal Loan,2025-07-24,1877.56,29,64.74
C003781,109496,Personal Loan,2026-06-14,4846.55,15,323.1
C003782,104393,Payroll Loan,2025-05-13,33000.0,48,687.5
C003783,109776,Credit Card,2026-03-28,8889.97,11,808.18
C003784,104624,Personal Loan,2026-02-19,4431.94,24,184.66
C003785,108924,Credit Card,2026-02-15,2507.69,22,113.99
C003786,100024,Credit Card,2025-05-08,5947.05,16,371.69
C003787,107149,Payroll Loan,2026-06-05,27353.03,12,2279.42
C003788,105342,Personal Loan,2026-01-28,10641.4,21,506.73
C003789,108568,Personal Loan,2025-01-01,6093.1,25,243.72
C003790,103023,Personal Loan,2025-03-10,4209.98,26,161.92
C003791,108807,Personal Loan,2025-12-18,6212.17,36,172.56
C003792,102269,Personal Loan,2025-09-30,3224.35,19,169.7
C003793,104686,Payroll Loan,2025-10-27,12092.48,31,390.08
C003794,101080,Payroll Loan,2026-01-06,8347.4,18,463.74
C003795,101867,Credit Card,2025-10-19,4529.23,24,188.72
C003796,106135,Credit Card,2026-01-11,2258.24,15,150.55
C003797,103552,Credit Card,2025-03-25,4773.37,21,227.3
C003798,108559,Credit Card,2026-06-19,4598.73,14,328.48
C003799,109191,Payroll Loan,2025-09-13,7482.01,38,196.9
C003800,101250,Payroll Loan,2025-09-05,4746.66,45,105.48
C003801,108026,Personal Loan,2026-06-10,4434.88,29,152.93
C003802,107290,Credit Card,2025-07-26,5311.85,22,241.45
C003803,106417,Personal Loan,2025-12-23,11655.87,24,485.66
C003804,104802,Personal Loan,2026-02-11,3478.54,30,115.95
C003805,106547,Personal Loan,2025-11-02,4659.88,16,291.24
C003806,100100,Vehicle Finance,2025-02-05,27432.23,27,1016.01
C003807,102389,Personal Loan,2025-05-08,14379.08,20,718.95
C003808,104894,Payroll Loan,2025-09-26,5295.44,36,147.1
C003809,108423,Credit Card,2026-01-06,3311.03,20,165.55
C003810,108458,Vehicle Finance,2026-04-21,17802.24,41,434.2
C003811,105522,Credit Card,2025-03-24,7341.95,12,611.83
C003812,109579,Credit Card,2025-05-25,3076.48,10,307.65
C003813,109327,Credit Card,2025-10-31,5700.67,15,380.04
C003814,104668,Personal Loan,2025-10-02,3988.22,16,249.26
C003815,100718,Personal Loan,2025-02-21,5549.8,22,252.26
C003816,104498,Personal Loan,2025-03-30,8578.98,18,476.61
C003817,106946,Credit Card,2025-09-15,8666.32,15,577.75
C003818,103437,Vehicle Finance,2026-05-31,17652.56,43,410.52
C003819,109039,Personal Loan,2025-02-11,2630.99,34,77.38
C003820,103786,Vehicle Finance,2026-04-09,32702.61,35,934.36
C003821,108200,Personal Loan,2026-03-26,13396.47,27,496.17
C003822,104761,Credit Card,2026-02-23,4109.75,15,273.98
C003823,104269,Credit Card,2025-03-26,8684.44,12,723.7
C003824,100796,Personal Loan,2025-03-22,3500.1,18,194.45
C003825,102837,Payroll Loan,2025-07-09,11891.48,29,410.05
C003826,106480,Vehicle Finance,2025-10-02,69710.09,57,1222.98
C003827,104690,Credit Card,2026-01-01,6139.1,7,877.01
C003828,103568,Credit Card,2025-04-27,5669.76,6,944.96
C003829,101019,Credit Card,2026-03-31,4483.47,15,298.9
C003830,106607,Personal Loan,2026-05-17,10117.18,35,289.06
C003831,106005,Vehicle Finance,2026-04-21,26425.18,36,734.03
C003832,106327,Payroll Loan,2026-05-23,15434.59,40,385.86
C003833,100990,Payroll Loan,2026-06-19,5535.57,16,345.97
C003834,108862,Personal Loan,2026-02-03,15971.08,29,550.73
C003835,102101,Personal Loan,2025-02-18,14134.08,34,415.71
C003836,102813,Personal Loan,2025-12-26,6138.5,15,409.23
C003837,102186,Payroll Loan,2026-01-18,9243.61,18,513.53
C003838,109356,Payroll Loan,2025-05-14,10267.58,23,446.42
C003839,104975,Vehicle Finance,2025-01-09,70300.53,37,1900.01
C003840,106593,Credit Card,2025-02-09,2467.03,6,411.17
C003841,107163,Personal Loan,2026-03-07,11582.63,18,643.48
C003842,106218,Credit Card,2026-04-03,2805.6,12,233.8
C003843,107318,Personal Loan,2025-02-06,6876.94,15,458.46
C003844,105550,Personal Loan,2025-05-11,6948.79,20,347.44
C003845,106359,Vehicle Finance,2025-11-18,46960.96,32,1467.53
C003846,102043,Payroll Loan,2025-05-26,13425.0,32,419.53
C003847,104287,Personal Loan,2025-11-02,7226.86,26,277.96
C003848,100072,Personal Loan,2025-05-21,7002.49,17,411.91
C003849,105109,Credit Card,2025-10-21,2424.71,17,142.63
C003850,105578,Personal Loan,2025-07-10,4533.24,25,181.33
C003851,105244,Personal Loan,2025-02-05,9148.93,22,415.86
C003852,109149,Credit Card,2025-06-27,3959.34,24,164.97
C003853,104939,Personal Loan,2026-01-21,6336.57,22,288.03
C003854,108474,Personal Loan,2025-05-20,7048.07,31,227.36
C003855,105393,Payroll Loan,2025-06-01,13996.46,21,666.5
C003856,100773,Credit Card,2025-03-11,9343.62,22,424.71
C003857,100471,Credit Card,2025-03-09,3561.15,21,169.58
C003858,103109,Personal Loan,2026-02-28,4923.06,18,273.5
C003859,107837,Credit Card,2025-01-08,6156.77,6,1026.13
C003860,104780,Personal Loan,2026-05-30,6044.34,30,201.48
C003861,103664,Payroll Loan,2026-06-28,10156.9,44,230.84
C003862,104884,Credit Card,2025-03-24,13500.0,23,586.96
C003863,109435,Credit Card,2026-02-12,3963.44,18,220.19
C003864,101852,Personal Loan,2025-11-11,4585.75,27,169.84
C003865,105972,Vehicle Finance,2026-04-16,18342.01,41,447.37
C003866,106824,Personal Loan,2025-08-29,7531.39,13,579.34
C003867,108274,Vehicle Finance,2025-02-12,39434.03,25,1577.36
C003868,104846,Personal Loan,2025-09-03,5335.95,17,313.88
C003869,109348,Personal Loan,2025-02-04,7412.45,22,336.93
C003870,108596,Personal Loan,2026-02-17,5298.55,23,230.37
C003871,100993,Credit Card,2025-07-04,2720.1,20,136.0
C003872,102509,Personal Loan,2026-02-16,3336.74,36,92.69
C003873,102488,Payroll Loan,2026-01-28,9227.5,15,615.17
C003874,109095,Credit Card,2025-02-04,5856.1,16,366.01
C003875,101183,Vehicle Finance,2025-11-17,21283.44,57,373.39
C003876,108252,Vehicle Finance,2026-05-02,47680.61,27,1765.95
C003877,109680,Vehicle Finance,2026-01-31,52671.95,53,993.81
C003878,104145,Personal Loan,2025-01-08,8914.21,27,330.16
C003879,101418,Vehicle Finance,2025-09-16,51134.33,54,946.93
C003880,108097,Personal Loan,2025-08-28,2712.69,14,193.76
C003881,104343,Vehicle Finance,2025-01-25,46623.0,57,817.95
C003882,106348,Vehicle Finance,2025-02-21,44050.96,54,815.76
C003883,102955,Personal Loan,2025-12-30,12207.54,22,554.89
C003884,104535,Credit Card,2025-12-30,5286.69,10,528.67
C003885,103920,Credit Card,2025-10-21,4301.82,23,187.04
C003886,105114,Personal Loan,2025-08-16,21000.0,36,583.33
C003887,100156,Vehicle Finance,2025-05-12,12011.86,34,353.29
C003888,105487,Payroll Loan,2025-03-18,13543.44,37,366.04
C003889,102821,Payroll Loan,2026-02-21,5643.36,26,217.05
C003890,102276,Personal Loan,2025-07-04,11881.93,33,360.06
C003891,109253,Personal Loan,2026-01-12,8559.42,25,342.38
C003892,101533,Personal Loan,2025-05-22,16928.29,36,470.23
C003893,108328,Credit Card,2025-09-01,9557.83,12,796.49
C003894,107868,Payroll Loan,2025-12-23,30026.58,35,857.9
C003895,103873,Personal Loan,2026-01-31,8194.01,32,256.06
C003896,100869,Credit Card,2026-01-01,4511.21,21,214.82
C003897,106627,Credit Card,2025-12-21,6500.15,6,1083.36
C003898,106890,Personal Loan,2025-10-27,5379.47,20,268.97
C003899,101986,Personal Loan,2026-04-26,3830.49,25,153.22
C003900,108792,Personal Loan,2026-03-02,10660.08,12,888.34
C003901,103224,Vehicle Finance,2025-01-08,35380.67,49,722.05
C003902,104365,Personal Loan,2025-01-13,6821.31,22,310.06
C003903,109368,Vehicle Finance,2026-03-05,21381.46,46,464.81
C003904,107749,Payroll Loan,2025-12-25,4281.85,46,93.08
C003905,104423,Personal Loan,2025-03-28,7568.6,20,378.43
C003906,108643,Personal Loan,2025-12-23,7197.88,27,266.59
C003907,103346,Credit Card,2025-04-23,5426.05,17,319.18
C003908,102832,Payroll Loan,2025-09-10,14234.1,22,647.0
C003909,106862,Credit Card,2025-03-04,5926.14,20,296.31
C003910,102505,Credit Card,2026-04-03,7593.56,6,1265.59
C003911,105526,Personal Loan,2025-01-01,2893.88,12,241.16
C003912,105315,Personal Loan,2025-02-10,6207.08,31,200.23
C003913,105163,Payroll Loan,2026-06-15,8570.44,18,476.14
C003914,109081,Payroll Loan,2026-02-20,4784.13,29,164.97
C003915,103792,Vehicle Finance,2025-05-28,29559.34,43,687.43
C003916,106947,Payroll Loan,2025-06-21,18553.04,46,403.33
C003917,104124,Personal Loan,2025-03-08,10497.45,16,656.09
C003918,101836,Personal Loan,2025-01-18,4335.62,18,240.87
C003919,103617,Credit Card,2025-02-01,8850.79,16,553.17
C003920,104002,Credit Card,2025-01-13,6041.45,18,335.64
C003921,101743,Personal Loan,2026-03-16,2944.33,18,163.57
C003922,105796,Vehicle Finance,2025-05-14,93292.57,60,1554.88
C003923,109954,Credit Card,2025-09-10,3099.3,11,281.75
C003924,103719,Vehicle Finance,2025-11-17,21381.42,59,362.4
C003925,105554,Personal Loan,2026-01-10,4832.5,34,142.13
C003926,101925,Payroll Loan,2025-12-03,6942.96,44,157.79
C003927,103023,Payroll Loan,2025-09-25,15116.18,21,719.82
C003928,108116,Payroll Loan,2025-03-04,5221.19,44,118.66
C003929,101553,Credit Card,2025-09-05,4746.53,24,197.77
C003930,106894,Payroll Loan,2025-06-08,12706.92,43,295.51
C003931,109519,Payroll Loan,2025-06-02,12864.08,27,476.45
C003932,107858,Credit Card,2025-02-26,4179.43,14,298.53
C003933,107650,Vehicle Finance,2025-04-23,40012.86,39,1025.97
C003934,101622,Credit Card,2026-04-02,2118.22,11,192.57
C003935,100775,Personal Loan,2025-11-02,10724.95,22,487.5
C003936,101532,Personal Loan,2026-04-11,10413.32,36,289.26
C003937,108249,Payroll Loan,2026-03-05,6531.61,43,151.9
C003938,100957,Vehicle Finance,2025-04-22,16815.05,47,357.77
C003939,101384,Personal Loan,2026-06-27,21000.0,21,1000.0
C003940,106554,Payroll Loan,2026-05-06,21222.53,14,1515.9
C003941,100594,Payroll Loan,2026-01-11,7318.64,33,221.78
C003942,109028,Credit Card,2025-02-14,4008.78,6,668.13
C003943,106899,Payroll Loan,2026-02-14,8984.55,18,499.14
C003944,108537,Payroll Loan,2025-10-21,8233.1,47,175.17
C003945,106901,Personal Loan,2026-05-09,2882.08,22,131.0
C003946,102592,Credit Card,2026-01-27,7430.4,9,825.6
C003947,106257,Personal Loan,2025-01-07,7063.8,19,371.78
C003948,103366,Credit Card,2025-08-07,13500.0,23,586.96
C003949,109450,Personal Loan,2025-02-07,7032.03,14,502.29
C003950,104800,Vehicle Finance,2025-02-22,111242.36,44,2528.24
C003951,106085,Payroll Loan,2025-01-06,4430.65,31,142.92
C003952,100195,Personal Loan,2026-02-22,12277.67,17,722.22
C003953,101451,Payroll Loan,2025-05-11,6684.68,40,167.12
C003954,106726,Personal Loan,2026-03-06,11223.14,36,311.75
C003955,109355,Personal Loan,2026-02-07,21000.0,18,1166.67
C003956,102176,Personal Loan,2025-06-28,5441.02,27,201.52
C003957,109493,Payroll Loan,2025-12-22,7472.69,21,355.84
C003958,108143,Vehicle Finance,2025-01-13,21744.3,32,679.51
C003959,107057,Vehicle Finance,2025-04-20,46276.29,31,1492.78
C003960,105161,Payroll Loan,2026-05-18,11971.57,29,412.81
C003961,100031,Vehicle Finance,2025-01-21,14484.25,47,308.18
C003962,101551,Payroll Loan,2025-02-14,8252.03,18,458.45
C003963,101126,Personal Loan,2025-12-19,9914.69,16,619.67
C003964,107496,Personal Loan,2025-05-23,11782.47,30,392.75
C003965,102710,Credit Card,2025-05-30,4521.54,9,502.39
C003966,108085,Payroll Loan,2025-08-26,14476.77,33,438.69
C003967,107462,Credit Card,2026-06-07,5498.56,8,687.32
C003968,108552,Personal Loan,2025-09-01,7631.61,24,317.98
C003969,108711,Payroll Loan,2025-07-30,16155.94,45,359.02
C003970,101059,Personal Loan,2025-10-13,7831.52,26,301.21
C003971,106638,Vehicle Finance,2025-11-03,69383.07,41,1692.27
C003972,104702,Credit Card,2025-04-26,3641.8,6,606.97
C003973,107699,Vehicle Finance,2025-02-11,19162.81,60,319.38
C003974,100518,Payroll Loan,2025-07-31,8892.87,28,317.6
C003975,104413,Credit Card,2025-10-14,6382.55,12,531.88
C003976,109584,Payroll Loan,2026-05-24,8914.99,45,198.11
C003977,100087,Personal Loan,2025-06-05,4442.06,34,130.65
C003978,104671,Credit Card,2026-04-29,7567.39,14,540.53
C003979,103052,Credit Card,2025-08-15,2263.23,20,113.16
C003980,107633,Vehicle Finance,2025-02-19,28929.48,33,876.65
C003981,104162,Vehicle Finance,2025-01-20,52229.55,37,1411.61
C003982,102501,Payroll Loan,2026-03-03,5562.66,36,154.52
C003983,105859,Personal Loan,2025-10-16,16305.08,23,708.92
C003984,102102,Personal Loan,2025-10-28,7458.47,31,240.6
C003985,105112,Vehicle Finance,2026-03-04,18455.19,55,335.55
C003986,104816,Payroll Loan,2025-01-19,7290.05,32,227.81
C003987,109950,Payroll Loan,2025-02-14,10218.92,47,217.42
C003988,106081,Payroll Loan,2026-03-07,11450.67,30,381.69
C003989,109205,Credit Card,2025-08-13,6392.22,15,426.15
C003990,102727,Personal Loan,2025-03-26,7903.86,25,316.15
C003991,100422,Credit Card,2026-02-04,2756.51,20,137.83
C003992,103484,Credit Card,2025-05-14,2778.59,17,163.45
C003993,104509,Vehicle Finance,2025-10-07,33715.63,28,1204.13
C003994,104154,Payroll Loan,2025-02-11,6562.58,28,234.38
C003995,100062,Payroll Loan,2025-06-02,24678.69,22,1121.76
C003996,100101,Payroll Loan,2026-02-23,8302.31,41,202.5
C003997,105535,Personal Loan,2025-01-14,21000.0,27,777.78
C003998,102403,Personal Loan,2026-01-21,12084.5,16,755.28
C003999,103574,Personal Loan,2025-01-21,6946.34,24,289.43
C004000,107733,Personal Loan,2026-04-02,7417.09,27,274.71
C004001,103844,Credit Card,2026-04-20,2862.22,23,124.44
C004002,108130,Credit Card,2025-10-04,3655.26,20,182.76
C004003,104924,Vehicle Finance,2026-03-19,20328.64,53,383.56
C004004,107364,Credit Card,2025-08-24,4835.18,24,201.47
C004005,102865,Personal Loan,2026-01-04,6687.25,13,514.4
C004006,101395,Payroll Loan,2025-10-28,11956.34,25,478.25
C004007,102602,Personal Loan,2025-10-23,13764.94,14,983.21
C004008,101419,Vehicle Finance,2025-01-05,25570.63,55,464.92
C004009,104752,Payroll Loan,2025-11-27,10991.96,33,333.09
C004010,103107,Credit Card,2026-03-01,5142.08,22,233.73
C004011,102652,Personal Loan,2026-06-13,12145.31,28,433.76
C004012,102141,Personal Loan,2026-03-29,2881.68,18,160.09
C004013,104082,Credit Card,2025-07-28,3415.83,20,170.79
C004014,100227,Credit Card,2025-02-02,10832.13,23,470.96
C004015,103793,Payroll Loan,2025-01-25,9763.63,18,542.42
C004016,102215,Personal Loan,2026-05-12,5580.8,30,186.03
C004017,105353,Payroll Loan,2026-01-18,14511.81,38,381.89
C004018,104854,Personal Loan,2025-08-13,10958.66,21,521.84
C004019,104573,Vehicle Finance,2025-02-13,70023.9,43,1628.46
C004020,106080,Credit Card,2025-05-10,6908.95,11,628.09
C004021,100563,Payroll Loan,2025-04-23,7403.99,24,308.5
C004022,100896,Vehicle Finance,2025-01-22,27104.13,38,713.27
C004023,104797,Personal Loan,2025-05-24,2802.84,13,215.6
C004024,103757,Credit Card,2026-06-20,2834.26,16,177.14
C004025,102989,Credit Card,2026-05-14,3220.97,7,460.14
C004026,103767,Payroll Loan,2025-12-29,29794.82,26,1145.95
C004027,102451,Credit Card,2025-06-04,9340.71,9,1037.86
C004028,101331,Credit Card,2025-12-03,2576.93,17,151.58
C004029,102260,Payroll Loan,2025-04-26,29453.85,13,2265.68
C004030,109479,Personal Loan,2025-03-22,9106.9,14,650.49
C004031,101172,Personal Loan,2025-05-12,7548.73,19,397.3
C004032,109937,Credit Card,2026-03-15,4076.96,10,407.7
C004033,106753,Credit Card,2026-03-25,2566.26,12,213.86
C004034,101132,Payroll Loan,2025-11-18,6706.05,33,203.21
C004035,107928,Personal Loan,2026-04-26,10025.0,30,334.17
C004036,102733,Vehicle Finance,2025-07-14,65697.83,47,1397.83
C004037,104881,Personal Loan,2025-01-21,4800.93,31,154.87
C004038,100117,Credit Card,2025-12-08,2854.52,8,356.82
C004039,100176,Personal Loan,2026-02-10,6917.55,35,197.64
C004040,107895,Credit Card,2025-03-17,2526.98,20,126.35
C004041,105878,Vehicle Finance,2025-03-04,29107.74,39,746.35
C004042,104191,Vehicle Finance,2025-08-20,72784.3,33,2205.58
C004043,109385,Personal Loan,2025-12-15,7309.27,27,270.71
C004044,109817,Credit Card,2025-03-27,4454.04,16,278.38
C004045,109659,Vehicle Finance,2025-12-27,53967.36,46,1173.2
C004046,104954,Personal Loan,2025-03-04,7187.68,12,598.97
C004047,108288,Credit Card,2025-06-20,5636.23,14,402.59
C004048,100684,Payroll Loan,2026-06-27,29620.91,47,630.23
C004049,107307,Payroll Loan,2025-01-29,11456.84,24,477.37
C004050,108206,Payroll Loan,2025-06-05,12536.94,12,1044.75
C004051,100029,Credit Card,2025-06-18,7513.82,10,751.38
C004052,107837,Payroll Loan,2025-01-07,15369.91,40,384.25
C004053,108871,Credit Card,2025-12-28,4683.68,24,195.15
C004054,102014,Vehicle Finance,2025-04-30,10378.27,35,296.52
C004055,109207,Personal Loan,2025-07-23,11046.86,23,480.3
C004056,101817,Credit Card,2025-07-19,2624.6,24,109.36
C004057,109455,Credit Card,2026-03-26,2487.94,20,124.4
C004058,109334,Payroll Loan,2025-01-08,7855.92,33,238.06
C004059,104883,Payroll Loan,2025-08-23,6664.24,39,170.88
C004060,109955,Vehicle Finance,2025-12-09,9500.0,58,163.79
C004061,105284,Payroll Loan,2026-04-17,11650.1,31,375.81
C004062,107163,Personal Loan,2025-10-13,5062.52,21,241.07
C004063,104518,Personal Loan,2025-03-24,4086.85,27,151.36
C004064,101710,Vehicle Finance,2025-07-06,26883.92,51,527.14
C004065,103147,Payroll Loan,2025-06-08,4871.01,37,131.65
C004066,101978,Payroll Loan,2026-04-30,14709.84,36,408.61
C004067,101954,Vehicle Finance,2026-01-01,16225.27,36,450.7
C004068,106663,Credit Card,2025-05-13,2694.23,15,179.62
C004069,100661,Vehicle Finance,2026-01-10,19032.34,50,380.65
C004070,100857,Payroll Loan,2025-02-19,20138.48,38,529.96
C004071,109292,Payroll Loan,2026-03-01,13716.74,33,415.66
C004072,101993,Personal Loan,2025-02-26,10622.87,27,393.44
C004073,105923,Personal Loan,2025-01-29,10096.3,33,305.95
C004074,100087,Personal Loan,2026-03-09,5009.26,17,294.66
C004075,107468,Payroll Loan,2025-10-22,12889.75,14,920.7
C004076,105411,Credit Card,2025-07-06,1852.32,12,154.36
C004077,100247,Personal Loan,2025-04-22,2455.59,18,136.42
C004078,106164,Credit Card,2026-05-08,3047.69,6,507.95
C004079,101615,Vehicle Finance,2025-12-30,25322.34,54,468.93
C004080,109690,Credit Card,2025-02-14,5835.86,23,253.73
C004081,105040,Credit Card,2025-05-07,4400.63,18,244.48
C004082,100958,Credit Card,2025-10-22,2804.84,10,280.48
C004083,104767,Personal Loan,2025-12-10,7694.25,33,233.16
C004084,109164,Payroll Loan,2025-06-08,12786.88,36,355.19
C004085,107991,Payroll Loan,2025-02-13,16771.2,25,670.85
C004086,103051,Personal Loan,2026-05-29,7587.94,19,399.37
C004087,105162,Credit Card,2026-04-29,5623.09,9,624.79
C004088,108815,Credit Card,2025-09-18,4348.23,14,310.59
C004089,103948,Vehicle Finance,2025-05-31,35945.96,45,798.8
C004090,106779,Personal Loan,2025-05-29,6938.73,15,462.58
C004091,104730,Credit Card,2025-04-16,3869.77,15,257.98
C004092,103301,Credit Card,2025-01-18,2019.42,14,144.24
C004093,101416,Personal Loan,2026-06-30,9074.28,17,533.78
C004094,108844,Vehicle Finance,2025-09-24,42024.12,58,724.55
C004095,105432,Credit Card,2025-05-06,5261.87,24,219.24
C004096,105961,Personal Loan,2025-03-26,18926.95,24,788.62
C004097,100270,Payroll Loan,2025-09-26,16950.81,29,584.51
C004098,106539,Credit Card,2025-02-10,3252.54,10,325.25
C004099,102062,Credit Card,2026-03-30,4269.35,24,177.89
C004100,108917,Vehicle Finance,2025-03-24,76174.78,29,2626.72
C004101,106600,Personal Loan,2026-05-27,2174.48,19,114.45
C004102,104544,Payroll Loan,2025-10-13,11960.35,14,854.31
C004103,103880,Personal Loan,2025-08-28,12436.18,31,401.17
C004104,101126,Credit Card,2025-05-15,2059.75,16,128.73
C004105,107088,Personal Loan,2025-11-29,19832.21,13,1525.55
C004106,100808,Credit Card,2025-08-19,6918.07,22,314.46
C004107,109578,Vehicle Finance,2025-06-12,32584.7,41,794.75
C004108,103233,Vehicle Finance,2025-10-13,55975.12,46,1216.85
C004109,109112,Payroll Loan,2025-01-23,20905.03,23,908.91
C004110,108576,Payroll Loan,2025-01-27,22404.79,33,678.93
C004111,104656,Personal Loan,2026-06-25,9370.99,16,585.69
C004112,109501,Payroll Loan,2025-10-31,22543.19,44,512.35
C004113,106877,Personal Loan,2026-04-20,9639.59,13,741.51
C004114,105637,Credit Card,2025-09-03,4249.12,18,236.06
C004115,102485,Payroll Loan,2026-05-01,6498.89,39,166.64
C004116,105704,Personal Loan,2025-10-31,9515.84,12,792.99
C004117,106107,Credit Card,2025-12-11,4747.02,14,339.07
C004118,102473,Credit Card,2026-01-17,3525.98,9,391.78
C004119,105735,Vehicle Finance,2025-05-12,24029.54,42,572.13
C004120,108830,Payroll Loan,2026-01-23,12627.85,26,485.69
C004121,104853,Credit Card,2025-02-06,3746.99,17,220.41
C004122,103907,Credit Card,2026-01-15,6650.21,22,302.28
C004123,106055,Personal Loan,2025-09-26,11986.56,22,544.84
C004124,104824,Personal Loan,2025-02-11,2812.42,16,175.78
C004125,106633,Credit Card,2025-05-11,5474.66,9,608.3
C004126,109601,Payroll Loan,2026-05-09,11155.18,40,278.88
C004127,107275,Credit Card,2025-09-12,3625.61,20,181.28
C004128,107967,Vehicle Finance,2026-03-19,30895.94,51,605.8
C004129,102197,Payroll Loan,2026-02-11,29437.75,45,654.17
C004130,107639,Payroll Loan,2026-04-25,19131.6,37,517.07
C004131,100614,Credit Card,2026-02-05,4247.52,9,471.95
C004132,104513,Personal Loan,2025-04-04,10303.24,32,321.98
C004133,101960,Credit Card,2025-11-30,5257.36,12,438.11
C004134,101445,Personal Loan,2025-11-17,10360.07,28,370.0
C004135,109681,Vehicle Finance,2026-06-28,51029.85,37,1379.19
C004136,103488,Payroll Loan,2026-05-25,15239.9,48,317.5
C004137,105398,Payroll Loan,2025-11-05,18269.87,27,676.66
C004138,104330,Credit Card,2026-05-25,10849.14,22,493.14
C004139,107188,Personal Loan,2026-05-30,15144.63,32,473.27
C004140,107976,Personal Loan,2025-07-22,5750.17,21,273.82
C004141,100454,Personal Loan,2025-07-01,4284.37,29,147.74
C004142,107693,Personal Loan,2026-04-11,8322.15,21,396.29
C004143,106610,Personal Loan,2025-12-24,7600.6,12,633.38
C004144,109203,Credit Card,2025-09-10,3148.13,12,262.34
C004145,100794,Personal Loan,2026-05-14,7046.65,16,440.42
C004146,100719,Personal Loan,2025-02-14,4446.16,18,247.01
C004147,102372,Payroll Loan,2025-11-29,11411.39,35,326.04
C004148,104415,Credit Card,2026-06-16,6798.33,11,618.03
C004149,106782,Credit Card,2026-04-06,5139.2,12,428.27
C004150,108304,Credit Card,2025-06-18,4041.79,22,183.72
C004151,106800,Payroll Loan,2026-04-13,8880.1,19,467.37
C004152,104676,Credit Card,2025-06-07,4698.07,22,213.55
C004153,101341,Personal Loan,2025-01-06,8788.14,30,292.94
C004154,102316,Credit Card,2026-05-07,6005.54,19,316.08
C004155,104133,Vehicle Finance,2026-04-24,17781.9,30,592.73
C004156,107979,Payroll Loan,2026-02-11,9842.67,31,317.51
C004157,108940,Vehicle Finance,2026-04-30,21591.92,52,415.23
C004158,100506,Credit Card,2025-07-18,5762.43,11,523.86
C004159,109191,Payroll Loan,2025-03-21,11745.49,32,367.05
C004160,103620,Personal Loan,2026-03-12,6305.15,34,185.45
C004161,106089,Payroll Loan,2025-08-04,8886.62,18,493.7
C004162,106865,Vehicle Finance,2025-01-11,37351.59,39,957.73
C004163,103922,Payroll Loan,2025-07-15,7368.75,18,409.38
C004164,101603,Credit Card,2025-11-14,3281.79,24,136.74
C004165,102006,Vehicle Finance,2025-12-10,41024.23,54,759.71
C004166,108389,Personal Loan,2025-05-28,2331.36,14,166.53
C004167,106609,Personal Loan,2025-07-12,5307.09,14,379.08
C004168,103974,Credit Card,2025-10-30,4748.81,8,593.6
C004169,109781,Personal Loan,2026-03-31,7197.69,35,205.65
C004170,103811,Personal Loan,2025-06-30,4555.5,14,325.39
C004171,107464,Credit Card,2025-08-09,5497.23,19,289.33
C004172,109492,Personal Loan,2026-01-29,6705.69,12,558.81
C004173,103613,Credit Card,2025-04-01,11054.83,11,1004.98
C004174,101469,Vehicle Finance,2025-12-13,48553.04,32,1517.28
C004175,104571,Personal Loan,2025-03-25,11630.91,22,528.68
C004176,104364,Credit Card,2026-01-28,3976.56,23,172.89
C004177,105452,Personal Loan,2026-05-26,3794.0,26,145.92
C004178,105113,Personal Loan,2026-01-23,6943.26,20,347.16
C004179,106239,Personal Loan,2025-11-10,11483.35,28,410.12
C004180,100969,Personal Loan,2026-02-13,3066.78,32,95.84
C004181,108542,Personal Loan,2025-11-09,9885.21,12,823.77
C004182,103157,Credit Card,2026-06-22,4152.72,13,319.44
C004183,107832,Credit Card,2025-02-26,5262.45,19,276.97
C004184,105325,Personal Loan,2025-08-30,3131.01,33,94.88
C004185,103303,Vehicle Finance,2025-11-15,13738.03,31,443.16
C004186,109222,Payroll Loan,2026-02-17,4836.27,40,120.91
C004187,102754,Vehicle Finance,2025-06-23,74518.42,37,2014.01
C004188,104700,Payroll Loan,2025-05-01,21790.98,47,463.64
C004189,102985,Personal Loan,2025-05-31,6833.78,34,200.99
C004190,105587,Credit Card,2026-06-10,4693.58,21,223.5
C004191,101139,Credit Card,2025-12-16,5390.86,24,224.62
C004192,106752,Credit Card,2026-04-10,2559.2,19,134.69
C004193,100259,Vehicle Finance,2026-01-16,90594.36,33,2745.28
C004194,101458,Credit Card,2025-02-22,4470.02,21,212.86
C004195,109854,Payroll Loan,2026-01-23,14764.81,19,777.1
C004196,101472,Vehicle Finance,2026-03-14,43874.36,45,974.99
C004197,103139,Credit Card,2026-05-20,5314.3,22,241.56
C004198,104784,Personal Loan,2025-11-15,6275.1,16,392.19
C004199,104941,Vehicle Finance,2025-06-29,27067.85,52,520.54
C004200,106243,Credit Card,2025-08-08,3894.83,23,169.34
C004201,100939,Credit Card,2026-01-30,4559.71,24,189.99
C004202,103175,Payroll Loan,2025-03-02,12222.17,31,394.26
C004203,104398,Credit Card,2026-03-14,3427.01,17,201.59
C004204,100814,Credit Card,2025-12-07,2732.31,24,113.85
C004205,100014,Vehicle Finance,2025-09-03,41105.94,53,775.58
C004206,107555,Personal Loan,2025-10-13,8299.35,20,414.97
C004207,108926,Credit Card,2025-01-02,7118.79,8,889.85
C004208,106994,Vehicle Finance,2026-04-02,35974.04,50,719.48
C004209,109653,Payroll Loan,2026-05-30,33000.0,19,1736.84
C004210,109084,Payroll Loan,2025-08-05,11763.19,45,261.4
C004211,109547,Personal Loan,2026-01-01,20366.81,32,636.46
C004212,107917,Personal Loan,2025-10-12,6944.12,35,198.4
C004213,101934,Vehicle Finance,2025-03-23,32750.14,57,574.56
C004214,107407,Personal Loan,2025-08-24,12069.59,19,635.24
C004215,108093,Personal Loan,2026-03-13,8233.28,32,257.29
C004216,105229,Vehicle Finance,2025-02-13,52636.7,43,1224.11
C004217,103449,Credit Card,2025-11-06,2102.88,14,150.21
C004218,109380,Personal Loan,2025-09-10,4633.97,18,257.44
C004219,106559,Payroll Loan,2025-09-26,18379.03,26,706.89
C004220,106883,Credit Card,2026-06-07,5304.99,9,589.44
C004221,109265,Credit Card,2025-08-11,3394.08,6,565.68
C004222,101117,Personal Loan,2025-01-10,6432.42,22,292.38
C004223,105486,Personal Loan,2025-10-26,8213.59,12,684.47
C004224,107776,Personal Loan,2026-02-06,5385.06,23,234.13
C004225,104020,Payroll Loan,2026-03-26,21234.49,15,1415.63
C004226,102250,Payroll Loan,2025-08-20,29894.89,19,1573.42
C004227,105216,Personal Loan,2025-07-19,7210.19,24,300.42
C004228,108076,Vehicle Finance,2025-04-08,40126.2,42,955.39
C004229,106214,Vehicle Finance,2025-05-23,27509.58,42,654.99
C004230,109902,Personal Loan,2026-01-08,5319.22,23,231.27
C004231,105493,Payroll Loan,2025-11-12,7641.31,25,305.65
C004232,101302,Credit Card,2025-07-21,6524.87,9,724.99
C004233,101327,Vehicle Finance,2026-05-15,14606.01,45,324.58
C004234,100805,Personal Loan,2026-06-26,8897.7,29,306.82
C004235,107240,Personal Loan,2026-01-01,7769.36,14,554.95
C004236,107808,Credit Card,2025-10-10,4910.99,12,409.25
C004237,100148,Credit Card,2026-01-30,4129.61,16,258.1
C004238,107985,Credit Card,2025-08-14,5496.3,11,499.66
C004239,106695,Payroll Loan,2025-04-22,5676.96,18,315.39
C004240,106741,Credit Card,2026-06-10,4417.13,7,631.02
C004241,104199,Payroll Loan,2026-04-07,16508.82,47,351.25
C004242,104656,Credit Card,2025-06-05,12215.16,17,718.54
C004243,100040,Payroll Loan,2025-01-23,17354.61,18,964.14
C004244,108580,Personal Loan,2026-06-14,2765.07,21,131.67
C004245,107105,Personal Loan,2026-06-20,10708.78,13,823.75
C004246,106626,Payroll Loan,2026-02-27,8307.12,14,593.37
C004247,109530,Personal Loan,2025-11-12,4686.91,33,142.03
C004248,108642,Personal Loan,2025-10-26,5334.59,29,183.95
C004249,102040,Credit Card,2025-02-08,3583.75,22,162.9
C004250,103346,Credit Card,2025-07-22,3423.53,9,380.39
C004251,102759,Personal Loan,2025-06-16,18939.65,17,1114.1
C004252,103412,Credit Card,2025-02-07,4242.92,14,303.07
C004253,101078,Personal Loan,2025-02-13,2746.18,36,76.28
C004254,106103,Personal Loan,2026-05-30,19199.22,19,1010.49
C004255,101302,Payroll Loan,2025-02-23,27285.94,35,779.6
C004256,106876,Personal Loan,2025-12-14,8469.89,21,403.33
C004257,109547,Vehicle Finance,2026-06-08,21852.0,49,445.96
C004258,101338,Personal Loan,2025-10-14,10211.35,16,638.21
C004259,102852,Payroll Loan,2025-05-09,14346.92,21,683.19
C004260,101589,Personal Loan,2025-12-23,10060.58,27,372.61
C004261,107929,Personal Loan,2025-03-25,2851.4,24,118.81
C004262,108329,Vehicle Finance,2026-04-30,62506.39,52,1202.05
C004263,106400,Personal Loan,2025-06-03,2853.46,24,118.89
C004264,105743,Personal Loan,2025-06-12,5540.54,27,205.21
C004265,105214,Personal Loan,2025-11-07,3543.21,27,131.23
C004266,102291,Vehicle Finance,2025-10-11,25667.05,55,466.67
C004267,106093,Payroll Loan,2026-05-11,33000.0,36,916.67
C004268,103334,Vehicle Finance,2026-03-23,65041.6,47,1383.86
C004269,103891,Credit Card,2025-05-19,9574.52,6,1595.75
C004270,108176,Payroll Loan,2026-04-28,11497.05,17,676.3
C004271,108861,Payroll Loan,2025-05-16,16464.5,32,514.52
C004272,102119,Payroll Loan,2026-01-24,13052.05,15,870.14
C004273,106420,Credit Card,2026-03-30,3284.0,12,273.67
C004274,106050,Personal Loan,2025-11-18,8462.66,33,256.44
C004275,109493,Personal Loan,2025-05-15,4021.82,12,335.15
C004276,105086,Personal Loan,2025-08-01,14014.26,20,700.71
C004277,104058,Credit Card,2026-04-24,5850.54,17,344.15
C004278,109555,Vehicle Finance,2025-05-14,51744.43,28,1848.02
C004279,109444,Vehicle Finance,2025-03-26,38541.48,31,1243.27
C004280,107622,Payroll Loan,2025-12-18,8744.31,30,291.48
C004281,109347,Personal Loan,2026-04-02,7464.23,15,497.62
C004282,107166,Payroll Loan,2026-01-25,21146.79,21,1006.99
C004283,103312,Credit Card,2025-06-23,5827.58,13,448.28
C004284,107530,Credit Card,2025-09-21,5639.11,24,234.96
C004285,109956,Personal Loan,2025-07-30,7385.17,17,434.42
C004286,109473,Personal Loan,2026-06-01,6121.36,31,197.46
C004287,107672,Credit Card,2025-11-19,4582.52,17,269.56
C004288,102563,Payroll Loan,2025-03-27,9097.69,43,211.57
C004289,107724,Credit Card,2025-01-29,3385.74,15,225.72
C004290,100346,Credit Card,2025-10-10,2789.05,12,232.42
C004291,106266,Personal Loan,2025-08-30,9767.54,20,488.38
C004292,102899,Credit Card,2026-01-03,3449.39,24,143.72
C004293,101501,Credit Card,2025-10-10,5722.05,7,817.44
C004294,109122,Personal Loan,2026-05-30,7939.32,28,283.55
C004295,107437,Credit Card,2026-02-22,4542.16,13,349.4
C004296,106991,Personal Loan,2025-05-24,9863.72,31,318.18
C004297,106187,Credit Card,2026-04-08,4047.39,19,213.02
C004298,101559,Payroll Loan,2025-05-14,8410.03,19,442.63
C004299,105322,Payroll Loan,2026-01-22,13049.93,12,1087.49
C004300,103398,Personal Loan,2025-09-22,9134.18,30,304.47
C004301,109932,Credit Card,2025-09-11,3379.88,9,375.54
C004302,106011,Credit Card,2026-01-19,4647.05,16,290.44
C004303,108592,Credit Card,2025-06-23,8405.72,17,494.45
C004304,101630,Personal Loan,2025-06-21,20777.06,17,1222.18
C004305,102941,Credit Card,2025-01-05,13500.0,6,2250.0
C004306,105988,Vehicle Finance,2025-10-05,52199.94,52,1003.84
C004307,109728,Payroll Loan,2026-06-13,10981.27,21,522.92
C004308,100741,Payroll Loan,2025-03-11,13876.11,48,289.09
C004309,101184,Credit Card,2026-02-12,5047.53,8,630.94
C004310,107269,Personal Loan,2026-05-24,5770.39,24,240.43
C004311,101105,Credit Card,2026-01-12,4785.21,22,217.51
C004312,103005,Payroll Loan,2025-04-18,10238.54,41,249.72
C004313,106598,Personal Loan,2025-05-31,3816.38,13,293.57
C004314,104274,Payroll Loan,2025-05-19,8297.8,19,436.73
C004315,107594,Personal Loan,2025-01-06,7818.53,26,300.71
C004316,100141,Payroll Loan,2025-08-20,8068.75,21,384.23
C004317,106444,Payroll Loan,2025-10-23,8460.16,28,302.15
C004318,106447,Payroll Loan,2025-03-17,8563.04,36,237.86
C004319,102677,Vehicle Finance,2026-05-02,23589.62,34,693.81
C004320,106860,Payroll Loan,2026-06-06,5380.92,33,163.06
C004321,104319,Vehicle Finance,2025-02-13,22599.08,46,491.28
C004322,108738,Personal Loan,2025-12-24,3705.84,32,115.81
C004323,107674,Vehicle Finance,2026-01-29,80245.4,53,1514.06
C004324,107276,Payroll Loan,2025-12-27,6631.04,38,174.5
C004325,105250,Personal Loan,2026-02-02,3926.78,19,206.67
C004326,106765,Vehicle Finance,2025-04-20,76446.63,46,1661.88
C004327,101407,Credit Card,2025-02-14,7727.57,12,643.96
C004328,104209,Payroll Loan,2025-07-05,25151.39,24,1047.97
C004329,103671,Personal Loan,2026-02-28,3572.34,15,238.16
C004330,100726,Personal Loan,2025-04-16,6463.4,27,239.39
C004331,108091,Personal Loan,2025-12-26,5037.57,35,143.93
C004332,106446,Credit Card,2025-02-13,3032.6,11,275.69
C004333,103305,Credit Card,2025-02-18,2384.79,8,298.1
C004334,100221,Vehicle Finance,2025-08-23,39627.02,43,921.56
C004335,109694,Vehicle Finance,2025-05-27,12905.52,51,253.05
C004336,106581,Vehicle Finance,2025-09-08,100992.74,56,1803.44
C004337,108071,Personal Loan,2025-05-06,6974.48,29,240.5
C004338,100749,Personal Loan,2026-01-04,7013.34,27,259.75
C004339,109148,Vehicle Finance,2025-02-23,45486.15,55,827.02
C004340,100595,Payroll Loan,2025-08-30,16625.17,16,1039.07
C004341,109135,Vehicle Finance,2025-12-08,32911.39,50,658.23
C004342,105672,Credit Card,2026-06-25,4476.51,12,373.04
C004343,108693,Payroll Loan,2026-01-30,11698.87,18,649.94
C004344,109202,Credit Card,2025-09-24,6157.48,9,684.16
C004345,108790,Personal Loan,2026-02-21,8518.7,31,274.8
C004346,107233,Vehicle Finance,2025-09-03,84687.99,59,1435.39
C004347,101046,Personal Loan,2025-03-05,4551.64,33,137.93
C004348,107005,Payroll Loan,2025-05-26,3962.85,32,123.84
C004349,105257,Payroll Loan,2025-02-27,9624.26,12,802.02
C004350,107946,Personal Loan,2025-12-02,7266.43,34,213.72
C004351,109805,Credit Card,2025-03-11,3098.59,20,154.93
C004352,104607,Personal Loan,2026-03-20,5069.09,18,281.62
C004353,102708,Personal Loan,2025-02-01,5068.76,15,337.92
C004354,107298,Personal Loan,2026-06-12,8600.98,18,477.83
C004355,102404,Personal Loan,2026-04-07,13615.61,22,618.89
C004356,104783,Credit Card,2025-03-20,5655.31,16,353.46
C004357,107048,Vehicle Finance,2025-08-05,40337.95,52,775.73
C004358,109498,Credit Card,2025-01-15,3409.71,16,213.11
C004359,107369,Payroll Loan,2026-04-02,3432.42,39,88.01
C004360,107124,Payroll Loan,2026-06-19,15391.74,13,1183.98
C004361,105195,Personal Loan,2025-10-19,6068.83,19,319.41
C004362,103019,Vehicle Finance,2025-08-16,98236.54,58,1693.73
C004363,108523,Payroll Loan,2026-01-05,11630.92,30,387.7
C004364,103652,Payroll Loan,2026-01-03,11693.89,33,354.36
C004365,102139,Credit Card,2025-08-22,3114.66,13,239.59
C004366,106394,Personal Loan,2026-06-03,3845.0,34,113.09
C004367,109155,Vehicle Finance,2026-06-10,58076.4,49,1185.23
C004368,104750,Personal Loan,2025-01-14,6652.36,29,229.39
C004369,103698,Personal Loan,2026-03-28,18526.87,13,1425.14
C004370,101558,Personal Loan,2025-04-04,11312.93,12,942.74
C004371,108153,Credit Card,2026-06-01,4025.86,16,251.62
C004372,106335,Credit Card,2026-03-09,2403.31,9,267.03
C004373,101802,Credit Card,2025-08-17,3601.45,17,211.85
C004374,106187,Payroll Loan,2026-01-08,17189.35,17,1011.14
C004375,103724,Credit Card,2025-06-25,4596.65,14,328.33
C004376,100168,Vehicle Finance,2025-09-01,31707.03,60,528.45
C004377,106400,Payroll Loan,2025-06-22,6766.04,13,520.46
C004378,103819,Personal Loan,2026-06-08,3039.38,33,92.1
C004379,102085,Vehicle Finance,2026-05-27,26317.27,49,537.09
C004380,107326,Personal Loan,2025-12-27,5956.14,12,496.34
C004381,102090,Payroll Loan,2025-07-01,11754.45,22,534.29
C004382,101808,Personal Loan,2025-01-16,21000.0,31,677.42
C004383,101809,Personal Loan,2025-04-11,6138.38,34,180.54
C004384,108523,Credit Card,2025-02-25,4607.14,11,418.83
C004385,104297,Payroll Loan,2025-06-01,3070.96,33,93.06
C004386,105676,Payroll Loan,2026-04-29,3442.62,44,78.24
C004387,108261,Personal Loan,2025-12-14,3781.97,19,199.05
C004388,104069,Payroll Loan,2026-06-08,17026.49,31,549.24
C004389,102685,Personal Loan,2025-05-31,14401.84,27,533.4
C004390,109869,Personal Loan,2025-05-14,7219.32,33,218.77
C004391,106089,Personal Loan,2025-09-20,6999.44,18,388.86
C004392,106379,Personal Loan,2025-05-03,3963.0,20,198.15
C004393,102955,Credit Card,2026-05-04,6378.36,11,579.85
C004394,109258,Credit Card,2025-01-24,8308.94,10,830.89
C004395,103320,Credit Card,2025-12-21,3361.98,19,176.95
C004396,109991,Credit Card,2025-03-05,1957.61,17,115.15
C004397,106204,Credit Card,2026-01-13,4273.68,15,284.91
C004398,104592,Payroll Loan,2025-05-13,8251.3,30,275.04
C004399,107159,Personal Loan,2026-02-06,4843.06,15,322.87
C004400,103617,Vehicle Finance,2026-05-13,32476.06,58,559.93
C004401,108285,Payroll Loan,2025-05-23,11250.82,37,304.08
C004402,108682,Personal Loan,2025-03-15,3980.21,14,284.3
C004403,100987,Personal Loan,2025-09-28,5528.69,32,172.77
C004404,100103,Personal Loan,2025-02-11,5008.24,13,385.25
C004405,100687,Credit Card,2026-03-26,4863.42,10,486.34
C004406,104626,Personal Loan,2026-06-19,10885.4,29,375.36
C004407,106643,Personal Loan,2026-06-27,8179.85,30,272.66
C004408,106441,Vehicle Finance,2025-03-01,56017.03,38,1474.13
C004409,102583,Vehicle Finance,2026-06-29,49984.82,28,1785.17
C004410,108105,Payroll Loan,2025-04-04,7086.28,46,154.05
C004411,100914,Credit Card,2025-03-21,8151.33,14,582.24
C004412,106852,Payroll Loan,2025-10-15,20146.9,34,592.56
C004413,104663,Vehicle Finance,2025-11-06,66763.73,49,1362.53
C004414,100202,Credit Card,2025-05-29,4161.95,14,297.28
C004415,108618,Credit Card,2026-01-03,3926.12,17,230.95
C004416,106750,Personal Loan,2025-08-16,4471.76,28,159.71
C004417,105550,Personal Loan,2026-03-23,8420.42,27,311.87
C004418,106530,Personal Loan,2025-08-16,4221.76,34,124.17
C004419,103121,Personal Loan,2025-12-01,4644.86,14,331.78
C004420,100093,Credit Card,2025-11-10,4424.75,18,245.82
C004421,103795,Payroll Loan,2026-03-30,7995.31,25,319.81
C004422,102991,Vehicle Finance,2025-01-11,19664.02,42,468.19
C004423,106951,Personal Loan,2025-03-30,10072.12,30,335.74
C004424,104699,Personal Loan,2026-03-19,5513.53,25,220.54
C004425,109633,Vehicle Finance,2025-05-05,48169.29,28,1720.33
C004426,106327,Vehicle Finance,2025-07-14,38030.48,31,1226.79
C004427,106790,Payroll Loan,2025-10-07,7910.91,18,439.5
C004428,106805,Payroll Loan,2026-06-28,11338.41,41,276.55
C004429,102924,Payroll Loan,2026-04-26,12955.95,32,404.87
C004430,105436,Credit Card,2026-04-13,4155.35,10,415.54
C004431,109102,Payroll Loan,2025-11-15,18805.58,15,1253.71
C004432,109932,Payroll Loan,2025-01-10,7671.65,47,163.23
C004433,103196,Personal Loan,2025-04-20,11453.1,13,881.01
C004434,106860,Credit Card,2026-04-04,4188.58,13,322.2
C004435,100820,Vehicle Finance,2025-07-15,37697.59,58,649.96
C004436,101653,Credit Card,2025-04-20,4111.08,18,228.39
C004437,104104,Vehicle Finance,2025-04-14,20521.95,34,603.59
C004438,107285,Personal Loan,2025-01-01,6430.06,14,459.29
C004439,101805,Credit Card,2025-08-31,2221.65,7,317.38
C004440,102147,Personal Loan,2025-01-25,2881.41,24,120.06
C004441,107156,Personal Loan,2025-04-27,13370.7,18,742.82
C004442,101682,Payroll Loan,2026-04-15,12720.75,21,605.75
C004443,100725,Payroll Loan,2025-11-20,10021.99,15,668.13
C004444,106307,Payroll Loan,2025-07-12,6179.78,47,131.48
C004445,105034,Payroll Loan,2025-10-19,12906.83,30,430.23
C004446,105146,Personal Loan,2025-06-30,6080.16,28,217.15
C004447,105528,Credit Card,2026-02-11,1950.73,11,177.34
C004448,109466,Personal Loan,2026-03-15,5104.87,31,164.67
C004449,109460,Vehicle Finance,2025-10-13,26724.27,53,504.23
C004450,105831,Credit Card,2026-06-27,5869.55,14,419.25
C004451,106570,Payroll Loan,2025-01-29,13336.0,12,1111.33
C004452,105218,Payroll Loan,2026-05-06,8643.26,46,187.9
C004453,103664,Credit Card,2025-11-12,3923.04,17,230.77
C004454,101364,Vehicle Finance,2026-06-10,42745.09,26,1644.04
C004455,106486,Vehicle Finance,2025-10-03,37700.37,56,673.22
C004456,108616,Credit Card,2025-02-18,2573.68,13,197.98
C004457,107023,Personal Loan,2025-12-21,5856.38,13,450.49
C004458,103170,Vehicle Finance,2025-08-11,27666.56,56,494.05
C004459,106120,Personal Loan,2026-05-17,4435.59,22,201.62
C004460,104168,Personal Loan,2025-05-14,8085.36,31,260.82
C004461,109747,Payroll Loan,2025-01-19,10079.19,21,479.96
C004462,105028,Personal Loan,2025-12-04,6030.89,28,215.39
C004463,104689,Vehicle Finance,2025-09-30,40896.45,32,1278.01
C004464,109565,Credit Card,2026-06-13,8228.84,9,914.32
C004465,101910,Vehicle Finance,2025-11-11,114000.0,58,1965.52
C004466,102586,Payroll Loan,2026-06-12,10950.81,47,233.0
C004467,102017,Payroll Loan,2026-04-01,6734.8,46,146.41
C004468,106848,Personal Loan,2025-12-29,7812.14,25,312.49
C004469,106865,Vehicle Finance,2026-04-08,30753.13,45,683.4
C004470,107056,Personal Loan,2026-02-28,9981.33,28,356.48
C004471,109289,Payroll Loan,2025-11-19,9900.8,35,282.88
C004472,100250,Personal Loan,2026-04-22,6183.16,13,475.63
C004473,102458,Payroll Loan,2025-07-31,3832.16,31,123.62
C004474,103924,Payroll Loan,2025-08-29,13411.87,44,304.82
C004475,102120,Payroll Loan,2025-06-09,10488.85,24,437.04
C004476,100409,Credit Card,2025-10-29,5094.22,18,283.01
C004477,102382,Vehicle Finance,2025-11-20,42343.17,28,1512.26
C004478,101451,Credit Card,2026-04-23,7996.22,22,363.46
C004479,109419,Personal Loan,2025-01-01,7862.62,29,271.12
C004480,100776,Personal Loan,2025-08-02,5268.1,16,329.26
C004481,102144,Credit Card,2025-06-06,2672.74,8,334.09
C004482,102529,Credit Card,2025-07-24,6503.44,8,812.93
C004483,107125,Payroll Loan,2025-10-19,12526.64,41,305.53
C004484,106936,Personal Loan,2026-04-01,9848.76,21,468.99
C004485,108676,Personal Loan,2025-06-09,5292.66,26,203.56
C004486,101483,Vehicle Finance,2026-04-22,80196.78,30,2673.23
C004487,108522,Personal Loan,2026-06-08,6699.37,27,248.12
C004488,103950,Credit Card,2026-02-20,3993.91,12,332.83
C004489,108217,Personal Loan,2025-01-03,2628.18,27,97.34
C004490,105729,Credit Card,2025-09-13,4299.87,12,358.32
C004491,104859,Personal Loan,2025-09-23,11035.64,23,479.81
C004492,102045,Vehicle Finance,2025-08-13,29802.62,26,1146.25
C004493,100346,Credit Card,2026-05-04,8236.1,8,1029.51
C004494,102585,Credit Card,2025-03-06,8826.41,8,1103.3
C004495,102228,Payroll Loan,2025-02-27,7913.49,26,304.36
C004496,105558,Credit Card,2025-06-25,12536.23,24,522.34
C004497,107161,Credit Card,2025-04-29,6318.84,13,486.06
C004498,106998,Credit Card,2025-05-07,5470.1,21,260.48
C004499,108294,Credit Card,2026-05-05,7200.3,10,720.03
C004500,104758,Payroll Loan,2025-04-12,9170.28,31,295.82
C004501,102410,Personal Loan,2025-01-30,3979.88,29,137.24
C004502,103632,Credit Card,2026-02-14,3940.85,24,164.2
C004503,103397,Personal Loan,2026-01-08,2255.16,19,118.69
C004504,108498,Personal Loan,2025-12-27,16524.05,31,533.03
C004505,106522,Credit Card,2025-11-29,4358.87,6,726.48
C004506,108333,Credit Card,2025-02-07,3573.71,12,297.81
C004507,102906,Credit Card,2026-06-14,3118.97,17,183.47
C004508,102716,Vehicle Finance,2025-03-31,27364.67,60,456.08
C004509,108414,Personal Loan,2025-03-29,2619.01,30,87.3
C004510,107165,Credit Card,2025-07-16,4130.34,13,317.72
C004511,100427,Credit Card,2025-04-07,3028.84,17,178.17
C004512,106236,Personal Loan,2025-08-28,6145.71,15,409.71
C004513,100248,Vehicle Finance,2025-08-06,48050.57,59,814.42
C004514,100704,Credit Card,2026-04-10,1716.41,22,78.02
C004515,100862,Personal Loan,2025-01-08,6342.31,25,253.69
C004516,100631,Credit Card,2025-01-22,3532.94,23,153.61
C004517,104636,Credit Card,2025-09-19,6244.0,8,780.5
C004518,100003,Personal Loan,2025-05-03,13389.59,36,371.93
C004519,105521,Vehicle Finance,2025-12-23,22629.17,52,435.18
C004520,101462,Personal Loan,2026-04-29,7085.61,35,202.45
C004521,102495,Payroll Loan,2025-04-12,4243.6,21,202.08
C004522,101186,Vehicle Finance,2025-07-22,44098.04,60,734.97
C004523,102501,Personal Loan,2025-03-02,2224.08,36,61.78
C004524,101022,Credit Card,2025-05-02,5660.3,14,404.31
C004525,105349,Personal Loan,2026-05-15,2869.78,30,95.66
C004526,104035,Payroll Loan,2025-11-15,6440.25,48,134.17
C004527,109089,Personal Loan,2025-01-25,3856.71,16,241.04
C004528,107220,Personal Loan,2026-06-09,6855.41,36,190.43
C004529,104059,Payroll Loan,2026-01-20,9798.73,27,362.92
C004530,104579,Payroll Loan,2026-05-26,9548.65,28,341.02
C004531,100193,Personal Loan,2025-09-29,11490.17,14,820.73
C004532,105518,Vehicle Finance,2025-10-14,31175.77,38,820.42
C004533,105545,Payroll Loan,2025-01-05,12258.7,19,645.19
C004534,103361,Personal Loan,2025-02-26,3731.64,17,219.51
C004535,103021,Payroll Loan,2025-07-20,26581.4,34,781.81
C004536,106577,Credit Card,2025-03-22,6626.05,20,331.3
C004537,106336,Payroll Loan,2025-02-12,3096.59,44,70.38
C004538,103315,Credit Card,2025-06-21,3123.77,12,260.31
C004539,107640,Payroll Loan,2025-12-23,13558.82,43,315.32
C004540,103101,Vehicle Finance,2026-04-16,45535.52,34,1339.28
C004541,104284,Payroll Loan,2025-04-30,8162.01,22,371.0
C004542,109450,Vehicle Finance,2026-03-13,37987.47,28,1356.7
C004543,106930,Personal Loan,2025-01-17,11573.85,31,373.35
C004544,104392,Credit Card,2026-06-18,2732.42,24,113.85
C004545,105806,Personal Loan,2025-09-17,6291.95,12,524.33
C004546,104469,Personal Loan,2025-10-04,8160.28,15,544.02
C004547,101751,Credit Card,2025-04-16,8361.09,6,1393.52
C004548,100727,Credit Card,2025-11-13,3449.92,20,172.5
C004549,108259,Credit Card,2026-02-09,7084.08,9,787.12
C004550,109214,Personal Loan,2025-06-22,6377.74,19,335.67
C004551,108914,Personal Loan,2025-01-04,9660.74,15,644.05
C004552,103686,Personal Loan,2025-10-07,3240.03,23,140.87
C004553,104166,Credit Card,2026-03-21,2848.96,20,142.45
C004554,106803,Personal Loan,2026-01-31,12305.64,28,439.49
C004555,103599,Payroll Loan,2025-11-15,7701.0,31,248.42
C004556,106712,Payroll Loan,2025-01-22,12030.03,18,668.34
C004557,104891,Payroll Loan,2025-05-04,6716.31,22,305.29
C004558,108859,Vehicle Finance,2026-04-30,37206.93,50,744.14
C004559,108632,Credit Card,2026-04-17,5804.81,21,276.42
C004560,108789,Vehicle Finance,2025-12-01,35064.05,39,899.08
C004561,108036,Credit Card,2026-06-29,3935.47,14,281.1
C004562,101538,Payroll Loan,2025-06-20,12243.75,40,306.09
C004563,107793,Payroll Loan,2026-04-20,23774.58,21,1132.12
C004564,101089,Personal Loan,2025-06-26,19353.14,17,1138.42
C004565,107194,Personal Loan,2025-01-05,12581.22,15,838.75
C004566,108892,Credit Card,2026-06-26,4962.71,24,206.78
C004567,108494,Personal Loan,2025-10-27,5725.45,12,477.12
C004568,102739,Credit Card,2025-06-12,9846.92,10,984.69
C004569,107167,Credit Card,2025-11-05,8182.24,12,681.85
C004570,108365,Credit Card,2025-11-02,13500.0,7,1928.57
C004571,100408,Personal Loan,2026-04-29,11027.68,27,408.43
C004572,104075,Credit Card,2025-07-16,5779.09,7,825.58
C004573,101669,Personal Loan,2026-03-29,7806.37,27,289.12
C004574,103486,Vehicle Finance,2025-10-30,25684.08,28,917.29
C004575,108961,Credit Card,2026-04-02,2178.35,12,181.53
C004576,101780,Personal Loan,2025-08-20,5444.72,27,201.66
C004577,106766,Payroll Loan,2025-02-06,17799.12,12,1483.26
C004578,109727,Personal Loan,2025-09-24,4546.39,36,126.29
C004579,108359,Payroll Loan,2025-06-17,7996.22,16,499.76
C004580,100640,Payroll Loan,2025-02-13,11277.53,13,867.5
C004581,109403,Vehicle Finance,2025-10-17,38107.26,34,1120.8
C004582,105236,Personal Loan,2025-02-04,4169.55,33,126.35
C004583,109958,Personal Loan,2025-10-17,3883.69,33,117.69
C004584,107189,Credit Card,2026-04-11,4590.25,19,241.59
C004585,107531,Personal Loan,2025-12-21,3579.35,13,275.33
C004586,104180,Payroll Loan,2026-04-09,14398.61,33,436.32
C004587,101568,Credit Card,2026-06-18,8719.22,16,544.95
C004588,102956,Credit Card,2026-06-19,2758.67,16,172.42
C004589,105019,Credit Card,2026-03-18,6144.96,11,558.63
C004590,101573,Credit Card,2025-12-02,8461.63,18,470.09
C004591,100182,Personal Loan,2025-12-25,8872.19,36,246.45
C004592,101951,Credit Card,2025-06-14,4750.88,17,279.46
C004593,107763,Credit Card,2026-04-09,2395.62,21,114.08
C004594,109449,Credit Card,2026-04-24,3992.93,20,199.65
C004595,108233,Payroll Loan,2025-11-06,33000.0,38,868.42
C004596,104129,Credit Card,2026-06-02,4623.19,10,462.32
C004597,105081,Credit Card,2026-05-30,1537.25,14,109.8
C004598,100328,Vehicle Finance,2025-06-10,68169.7,27,2524.8
C004599,105203,Credit Card,2026-01-30,7638.56,19,402.03
C004600,103912,Payroll Loan,2025-08-16,7962.03,40,199.05
C004601,103777,Credit Card,2026-04-16,7871.93,21,374.85
C004602,106109,Vehicle Finance,2025-10-04,37319.19,51,731.75
C004603,104186,Vehicle Finance,2026-04-06,32199.87,39,825.64
C004604,106183,Payroll Loan,2025-08-25,7148.17,44,162.46
C004605,108407,Personal Loan,2025-11-16,7388.45,15,492.56
C004606,100942,Payroll Loan,2025-11-15,10822.7,41,263.97
C004607,109003,Payroll Loan,2025-12-24,14596.98,48,304.1
C004608,102612,Vehicle Finance,2026-05-09,23577.64,46,512.56
C004609,107235,Payroll Loan,2025-11-07,33000.0,14,2357.14
C004610,107351,Credit Card,2026-05-15,8277.24,21,394.15
C004611,109896,Payroll Loan,2025-03-05,9537.78,32,298.06
C004612,109863,Vehicle Finance,2025-02-26,62402.84,40,1560.07
C004613,102067,Credit Card,2025-12-08,11875.39,17,698.55
C004614,105125,Vehicle Finance,2026-01-27,22524.51,40,563.11
C004615,109086,Vehicle Finance,2025-09-25,25936.3,56,463.15
C004616,100860,Personal Loan,2025-03-12,1750.0,12,145.83
C004617,106499,Credit Card,2026-04-19,5419.28,16,338.7
C004618,108748,Personal Loan,2025-06-28,15811.17,17,930.07
C004619,104600,Payroll Loan,2025-09-11,4238.18,34,124.65
C004620,104374,Personal Loan,2025-08-06,7461.49,34,219.46
C004621,104013,Credit Card,2025-05-03,4413.08,17,259.59
C004622,107339,Payroll Loan,2026-05-12,18353.62,44,417.13
C004623,101647,Vehicle Finance,2025-04-02,45188.85,46,982.37
C004624,102450,Personal Loan,2025-07-18,13571.19,20,678.56
C004625,100886,Vehicle Finance,2026-03-02,27137.78,31,875.41
C004626,108723,Payroll Loan,2025-11-25,14835.91,18,824.22
C004627,107822,Payroll Loan,2025-01-14,29883.61,31,963.99
C004628,102669,Credit Card,2025-12-13,5867.52,16,366.72
C004629,106056,Credit Card,2026-03-08,3655.39,12,304.62
C004630,106939,Vehicle Finance,2025-07-16,22308.68,49,455.28
C004631,102078,Vehicle Finance,2026-03-09,27469.84,56,490.53
C004632,104008,Credit Card,2026-01-17,6648.47,24,277.02
C004633,103538,Vehicle Finance,2025-10-03,75307.17,46,1637.11
C004634,103660,Payroll Loan,2025-10-15,18124.53,35,517.84
C004635,106618,Payroll Loan,2025-12-11,12581.92,48,262.12
C004636,101909,Payroll Loan,2025-06-26,8329.67,32,260.3
C004637,102444,Personal Loan,2025-04-07,7102.25,26,273.16
C004638,108394,Personal Loan,2025-09-07,11338.13,12,944.84
C004639,101889,Payroll Loan,2025-01-09,6957.38,14,496.96
C004640,104409,Personal Loan,2025-04-22,8564.2,19,450.75
C004641,107474,Vehicle Finance,2025-08-15,18221.84,49,371.87
C004642,104165,Personal Loan,2025-01-19,11293.25,29,389.42
C004643,104622,Personal Loan,2026-04-11,7861.87,21,374.37
C004644,101109,Vehicle Finance,2025-07-19,35521.11,46,772.2
C004645,104334,Personal Loan,2025-07-27,10389.85,33,314.84
C004646,101430,Credit Card,2026-05-16,2153.05,24,89.71
C004647,101561,Vehicle Finance,2026-03-11,48091.18,52,924.83
C004648,103699,Vehicle Finance,2025-07-27,29854.95,29,1029.48
C004649,106355,Credit Card,2025-05-26,12941.12,11,1176.47
C004650,100432,Vehicle Finance,2026-04-29,76329.67,55,1387.81
C004651,101133,Personal Loan,2025-08-03,10147.46,35,289.93
C004652,105989,Credit Card,2025-02-14,12843.63,9,1427.07
C004653,106150,Credit Card,2025-08-29,7604.39,16,475.27
C004654,101872,Vehicle Finance,2025-09-15,28716.07,49,586.04
C004655,100598,Personal Loan,2025-11-28,4620.09,28,165.0
C004656,107274,Payroll Loan,2025-06-10,7636.78,31,246.35
C004657,109634,Personal Loan,2026-03-20,2210.54,29,76.23
C004658,106473,Personal Loan,2025-08-16,11721.42,13,901.65
C004659,102412,Personal Loan,2025-10-14,14934.74,22,678.85
C004660,104716,Credit Card,2026-01-17,4290.54,21,204.31
C004661,108736,Credit Card,2026-03-11,7300.08,17,429.42
C004662,102024,Payroll Loan,2025-06-19,14659.31,16,916.21
C004663,100710,Credit Card,2025-01-12,4626.49,9,514.05
C004664,107743,Personal Loan,2025-03-17,4995.85,26,192.15
C004665,106548,Credit Card,2025-10-31,6423.92,19,338.1
C004666,109923,Personal Loan,2025-01-23,5764.29,17,339.08
C004667,104927,Payroll Loan,2025-09-08,3445.28,28,123.05
C004668,107112,Personal Loan,2025-06-14,4587.17,22,208.51
C004669,104548,Vehicle Finance,2025-06-16,53579.3,29,1847.56
C004670,107260,Payroll Loan,2026-01-27,8605.88,22,391.18
C004671,106752,Credit Card,2025-12-10,3368.28,17,198.13
C004672,101962,Vehicle Finance,2025-09-14,45692.55,35,1305.5
C004673,108377,Credit Card,2025-01-09,3053.2,21,145.39
C004674,104030,Personal Loan,2026-06-23,4874.73,21,232.13
C004675,104744,Personal Loan,2026-06-14,5481.88,29,189.03
C004676,100830,Vehicle Finance,2025-05-05,29151.85,38,767.15
C004677,102717,Payroll Loan,2025-12-25,16066.39,43,373.64
C004678,100823,Credit Card,2026-05-13,2247.94,12,187.33
C004679,109384,Personal Loan,2025-11-23,6260.85,20,313.04
C004680,104469,Credit Card,2026-03-26,8178.24,12,681.52
C004681,101390,Payroll Loan,2025-05-13,33000.0,40,825.0
C004682,102504,Credit Card,2026-02-28,3871.34,21,184.35
C004683,106602,Personal Loan,2025-08-10,4480.93,32,140.03
C004684,106456,Payroll Loan,2026-01-16,12903.3,26,496.28
C004685,106096,Payroll Loan,2025-05-11,14708.34,21,700.4
C004686,109321,Vehicle Finance,2025-01-12,27872.94,39,714.69
C004687,109672,Payroll Loan,2025-02-11,7026.58,16,439.16
C004688,104292,Personal Loan,2026-02-25,10002.69,18,555.71
C004689,107008,Personal Loan,2026-06-12,10773.65,18,598.54
C004690,101264,Vehicle Finance,2025-04-24,46387.2,26,1784.12
C004691,100830,Payroll Loan,2025-01-03,16984.39,13,1306.49
C004692,102065,Credit Card,2025-06-13,7249.8,12,604.15
C004693,103907,Payroll Loan,2026-04-02,20374.06,28,727.65
C004694,104576,Credit Card,2025-05-01,11853.16,22,538.78
C004695,109708,Credit Card,2025-08-21,2733.35,9,303.71
C004696,104631,Payroll Loan,2025-08-23,9352.36,38,246.11
C004697,104707,Personal Loan,2026-05-11,5525.25,35,157.86
C004698,105460,Credit Card,2025-04-28,3703.5,23,161.02
C004699,100973,Personal Loan,2026-04-23,6628.12,20,331.41
C004700,109020,Vehicle Finance,2026-04-11,49402.58,33,1497.05
C004701,102511,Vehicle Finance,2025-02-09,55302.36,55,1005.5
C004702,109114,Credit Card,2026-01-07,5882.76,10,588.28
C004703,107483,Payroll Loan,2025-03-31,10838.23,46,235.61
C004704,106407,Personal Loan,2025-12-18,12657.83,29,436.48
C004705,108875,Payroll Loan,2025-02-04,15545.65,45,345.46
C004706,101546,Credit Card,2026-02-09,13500.0,23,586.96
C004707,107234,Credit Card,2025-01-23,3546.0,7,506.57
C004708,101673,Credit Card,2025-06-23,4974.98,9,552.78
C004709,109977,Personal Loan,2026-01-18,2908.26,17,171.07
C004710,102996,Personal Loan,2025-10-29,2570.98,21,122.43
C004711,103492,Personal Loan,2025-04-01,7376.15,23,320.7
C004712,107247,Vehicle Finance,2025-12-18,37343.55,50,746.87
C004713,104072,Vehicle Finance,2026-05-14,42300.29,33,1281.83
C004714,108406,Personal Loan,2025-11-04,6285.84,13,483.53
C004715,103976,Credit Card,2025-01-29,6992.23,22,317.83
C004716,106544,Credit Card,2025-11-13,4753.77,16,297.11
C004717,101915,Credit Card,2025-01-25,1684.88,12,140.41
C004718,108448,Personal Loan,2025-02-03,14831.08,31,478.42
C004719,100259,Vehicle Finance,2025-04-09,58246.33,34,1713.13
C004720,102397,Payroll Loan,2025-09-06,9126.43,27,338.02
C004721,107863,Payroll Loan,2025-02-15,27434.23,13,2110.33
C004722,106806,Credit Card,2025-11-12,4762.43,21,226.78
C004723,101774,Credit Card,2025-05-08,6205.58,23,269.81
C004724,102730,Payroll Loan,2025-03-01,10488.82,19,552.04
C004725,102878,Personal Loan,2025-12-19,4822.05,16,301.38
C004726,106552,Personal Loan,2025-04-10,4288.5,36,119.12
C004727,103401,Credit Card,2025-04-01,3668.15,11,333.47
C004728,100283,Vehicle Finance,2025-11-07,10732.55,40,268.31
C004729,103882,Personal Loan,2025-11-09,4606.74,34,135.49
C004730,106098,Payroll Loan,2025-04-06,12222.22,20,611.11
C004731,103937,Personal Loan,2025-09-26,7750.47,25,310.02
C004732,108904,Credit Card,2025-10-07,2970.53,19,156.34
C004733,106539,Vehicle Finance,2025-05-10,17857.48,38,469.93
C004734,102619,Vehicle Finance,2025-05-01,27538.27,50,550.77
C004735,106493,Vehicle Finance,2026-06-09,40563.4,42,965.8
C004736,108645,Vehicle Finance,2025-04-07,51583.78,43,1199.62
C004737,109656,Personal Loan,2026-06-16,8456.35,19,445.07
C004738,100546,Credit Card,2026-03-09,4541.11,14,324.36
C004739,102730,Vehicle Finance,2025-02-05,29754.0,47,633.06
C004740,106555,Vehicle Finance,2026-03-19,30284.59,24,1261.86
C004741,100180,Credit Card,2025-08-06,8685.99,14,620.43
C004742,104196,Vehicle Finance,2025-06-30,30206.21,39,774.52
C004743,105936,Personal Loan,2025-11-09,2599.45,14,185.68
C004744,100279,Personal Loan,2025-06-26,9708.21,13,746.79
C004745,101170,Credit Card,2025-10-12,4180.0,19,220.0
C004746,106416,Credit Card,2025-08-14,6264.42,13,481.88
C004747,104718,Personal Loan,2025-10-26,14370.41,12,1197.53
C004748,101600,Personal Loan,2025-04-19,6153.41,22,279.7
C004749,100210,Credit Card,2026-04-21,1755.8,16,109.74
C004750,104966,Credit Card,2025-10-28,13500.0,15,900.0
C004751,109219,Credit Card,2026-03-10,3839.54,18,213.31
C004752,102465,Personal Loan,2026-06-15,6691.83,18,371.77
C004753,104192,Credit Card,2026-01-06,5009.67,6,834.94
C004754,101241,Personal Loan,2026-02-20,8159.89,34,240.0
C004755,103791,Vehicle Finance,2026-05-13,18955.53,44,430.81
C004756,101116,Personal Loan,2025-06-02,9953.86,12,829.49
C004757,102307,Vehicle Finance,2026-03-06,20925.97,26,804.84
C004758,106297,Vehicle Finance,2025-07-11,28769.5,45,639.32
C004759,104734,Credit Card,2025-03-06,4864.69,10,486.47
C004760,101980,Personal Loan,2025-04-16,10754.19,14,768.16
C004761,101400,Vehicle Finance,2026-02-28,24665.68,56,440.46
C004762,103091,Credit Card,2026-01-18,9127.65,19,480.4
C004763,108255,Credit Card,2026-03-05,7852.38,19,413.28
C004764,102020,Personal Loan,2025-07-04,10653.23,22,484.24
C004765,103259,Credit Card,2026-04-13,5108.98,9,567.66
C004766,101265,Payroll Loan,2026-04-24,28290.13,17,1664.13
C004767,106158,Credit Card,2025-01-18,3356.92,9,372.99
C004768,100028,Credit Card,2026-01-30,4810.55,15,320.7
C004769,101993,Payroll Loan,2026-06-29,8108.83,48,168.93
C004770,104814,Payroll Loan,2025-07-16,9429.31,26,362.67
C004771,106664,Personal Loan,2026-02-13,4746.95,36,131.86
C004772,107692,Personal Loan,2025-07-30,3024.91,21,144.04
C004773,107435,Vehicle Finance,2026-04-06,17654.19,36,490.39
C004774,100695,Personal Loan,2025-03-14,8684.63,21,413.55
C004775,105861,Personal Loan,2026-02-22,2781.15,28,99.33
C004776,101722,Payroll Loan,2025-09-14,8529.25,27,315.9
C004777,105935,Credit Card,2026-05-27,5365.15,9,596.13
C004778,108891,Personal Loan,2026-05-25,11973.15,15,798.21
C004779,100259,Personal Loan,2026-02-24,6454.2,14,461.01
C004780,109131,Credit Card,2025-12-15,11250.04,15,750.0
C004781,109263,Vehicle Finance,2025-06-28,39944.05,49,815.18
C004782,109612,Personal Loan,2025-09-21,6494.73,12,541.23
C004783,100337,Payroll Loan,2025-12-28,22977.25,13,1767.48
C004784,106281,Payroll Loan,2025-08-11,5324.21,24,221.84
C004785,102625,Vehicle Finance,2026-05-11,26795.09,40,669.88
C004786,100157,Credit Card,2025-12-01,3250.47,19,171.08
C004787,100626,Personal Loan,2025-09-29,4598.63,30,153.29
C004788,101279,Payroll Loan,2026-05-11,17237.39,25,689.5
C004789,104125,Vehicle Finance,2025-03-20,45439.32,47,966.79
C004790,102199,Personal Loan,2025-08-05,5202.26,32,162.57
C004791,100792,Vehicle Finance,2025-02-03,36631.36,24,1526.31
C004792,103525,Personal Loan,2025-12-02,4483.78,19,235.99
C004793,104824,Vehicle Finance,2026-06-20,62766.26,27,2324.68
C004794,103503,Personal Loan,2026-06-20,14232.37,28,508.3
C004795,106255,Credit Card,2026-03-05,6863.99,19,361.26
C004796,101778,Credit Card,2025-11-22,3477.36,24,144.89
C004797,103248,Personal Loan,2025-01-05,1934.32,31,62.4
C004798,101770,Personal Loan,2026-01-13,4066.9,27,150.63
C004799,102255,Personal Loan,2025-08-22,14588.75,34,429.08
C004800,109547,Vehicle Finance,2026-04-26,47378.84,24,1974.12
C004801,106441,Personal Loan,2026-05-19,5302.14,17,311.89
C004802,100906,Credit Card,2025-09-07,6069.72,7,867.1
C004803,101679,Credit Card,2026-06-17,4155.17,22,188.87
C004804,100192,Payroll Loan,2025-02-02,14409.69,40,360.24
C004805,108506,Payroll Loan,2026-02-15,6247.16,33,189.31
C004806,100248,Personal Loan,2025-08-28,7932.15,18,440.67
C004807,100777,Credit Card,2025-11-17,2022.85,12,168.57
C004808,105581,Credit Card,2025-03-14,3343.55,19,175.98
C004809,104638,Payroll Loan,2025-08-17,8488.81,21,404.23
C004810,102220,Personal Loan,2026-05-01,5447.92,33,165.09
C004811,104655,Personal Loan,2026-04-05,4208.55,26,161.87
C004812,104803,Personal Loan,2026-03-10,9893.49,27,366.43
C004813,101360,Personal Loan,2025-07-03,11794.94,21,561.66
C004814,104651,Credit Card,2026-02-21,2706.06,23,117.65
C004815,108090,Payroll Loan,2025-04-10,6765.76,13,520.44
C004816,109038,Vehicle Finance,2025-08-16,10318.1,32,322.44
C004817,106181,Vehicle Finance,2025-06-26,20301.46,59,344.09
C004818,101617,Vehicle Finance,2026-02-16,41919.7,43,974.88
C004819,107894,Personal Loan,2025-09-14,11033.78,22,501.54
C004820,103119,Vehicle Finance,2025-11-12,70023.98,44,1591.45
C004821,101576,Personal Loan,2025-03-13,15302.64,36,425.07
C004822,106796,Personal Loan,2025-02-27,14747.71,29,508.54
C004823,101824,Credit Card,2026-06-07,3076.84,10,307.68
C004824,105289,Credit Card,2025-03-26,4946.15,23,215.05
C004825,105056,Vehicle Finance,2025-02-07,68427.08,29,2359.55
C004826,105839,Credit Card,2026-03-28,2847.26,12,237.27
C004827,103528,Credit Card,2025-06-24,1591.2,6,265.2
C004828,104661,Personal Loan,2026-04-24,8664.03,28,309.43
C004829,101243,Credit Card,2025-07-14,4472.39,19,235.39
C004830,108205,Personal Loan,2025-12-18,9435.48,27,349.46
C004831,106700,Personal Loan,2025-06-23,9418.68,27,348.84
C004832,101208,Payroll Loan,2025-05-16,8239.39,34,242.33
C004833,108209,Payroll Loan,2026-02-27,14112.88,42,336.02
C004834,109529,Credit Card,2026-05-09,4637.99,11,421.64
C004835,107710,Personal Loan,2025-01-24,13989.12,15,932.61
C004836,101818,Vehicle Finance,2026-04-24,46921.11,40,1173.03
C004837,106770,Credit Card,2025-05-09,3355.77,22,152.54
C004838,101870,Personal Loan,2026-01-22,4607.41,27,170.64
C004839,107933,Personal Loan,2025-12-05,21000.0,12,1750.0
C004840,102313,Vehicle Finance,2026-02-21,27542.37,38,724.8
C004841,109189,Payroll Loan,2025-05-13,10806.11,31,348.58
C004842,107412,Personal Loan,2025-03-01,4232.35,27,156.75
C004843,108234,Payroll Loan,2025-07-02,26005.94,24,1083.58
C004844,105985,Vehicle Finance,2026-02-17,60444.43,35,1726.98
C004845,101077,Personal Loan,2025-02-22,5428.65,24,226.19
C004846,101031,Payroll Loan,2026-04-24,11866.81,24,494.45
C004847,108100,Personal Loan,2025-01-30,4747.29,20,237.36
C004848,108734,Credit Card,2026-01-06,2408.31,24,100.35
C004849,103810,Vehicle Finance,2026-03-02,39692.42,24,1653.85
C004850,109890,Personal Loan,2026-05-25,8312.3,34,244.48
C004851,102873,Credit Card,2026-01-28,3687.19,14,263.37
C004852,104976,Vehicle Finance,2025-02-19,45302.58,51,888.29
C004853,104350,Credit Card,2025-03-12,3239.46,17,190.56
C004854,100226,Vehicle Finance,2025-03-27,42846.49,40,1071.16
C004855,102734,Payroll Loan,2025-08-01,10065.9,43,234.09
C004856,105122,Personal Loan,2026-06-24,9389.59,16,586.85
C004857,100228,Vehicle Finance,2025-07-02,73823.68,26,2839.37
C004858,105793,Vehicle Finance,2026-04-25,42236.81,33,1279.9
C004859,105123,Payroll Loan,2025-02-23,17822.01,32,556.94
C004860,101961,Payroll Loan,2025-05-22,8301.28,43,193.05
C004861,105322,Vehicle Finance,2026-04-04,35318.29,26,1358.4
C004862,100343,Personal Loan,2026-05-23,10478.24,14,748.45
C004863,106488,Vehicle Finance,2026-01-21,38649.68,54,715.73
C004864,104873,Credit Card,2025-01-29,2580.25,9,286.69
C004865,103671,Personal Loan,2025-10-06,6988.71,23,303.86
C004866,108727,Payroll Loan,2025-09-05,11558.88,32,361.22
C004867,108336,Credit Card,2026-04-07,13500.0,14,964.29
C004868,102481,Vehicle Finance,2025-04-16,28431.21,24,1184.63
C004869,105424,Credit Card,2026-06-30,8124.65,20,406.23
C004870,103692,Payroll Loan,2026-05-20,22256.58,23,967.68
C004871,108691,Vehicle Finance,2026-04-19,77759.36,33,2356.34
C004872,109044,Personal Loan,2026-06-28,5067.6,33,153.56
C004873,108333,Credit Card,2026-01-08,6258.65,10,625.86
C004874,106100,Personal Loan,2025-03-02,5410.62,27,200.39
C004875,109825,Vehicle Finance,2025-03-16,14463.35,56,258.27
C004876,105694,Personal Loan,2026-04-28,15795.29,34,464.57
C004877,106362,Credit Card,2026-04-09,4571.03,14,326.5
C004878,103283,Payroll Loan,2025-02-05,32606.48,43,758.29
C004879,107186,Payroll Loan,2025-11-23,7836.93,42,186.59
C004880,109625,Personal Loan,2026-05-28,8423.39,18,467.97
C004881,105535,Personal Loan,2025-08-10,11287.76,22,513.08
C004882,106984,Payroll Loan,2026-05-18,10229.36,18,568.3
C004883,102798,Credit Card,2025-05-31,4477.26,8,559.66
C004884,101023,Personal Loan,2026-03-13,3953.85,32,123.56
C004885,103753,Credit Card,2025-08-10,3924.33,15,261.62
C004886,100469,Credit Card,2025-01-15,2790.19,18,155.01
C004887,109987,Credit Card,2025-06-28,2482.64,9,275.85
C004888,106167,Vehicle Finance,2025-05-27,63399.74,34,1864.7
C004889,107431,Credit Card,2025-10-17,3323.98,14,237.43
C004890,102691,Personal Loan,2025-10-20,6098.99,21,290.43
C004891,106001,Payroll Loan,2026-06-10,6597.35,46,143.42
C004892,101082,Payroll Loan,2025-09-02,12017.96,40,300.45
C004893,109242,Payroll Loan,2025-02-01,24414.16,41,595.47
C004894,107316,Personal Loan,2025-08-29,3492.34,30,116.41
C004895,102936,Personal Loan,2026-03-31,3966.53,31,127.95
C004896,108657,Credit Card,2026-01-12,4910.59,20,245.53
C004897,105442,Vehicle Finance,2026-05-17,25905.68,27,959.47
C004898,104494,Personal Loan,2025-03-21,5313.49,18,295.19
C004899,105181,Credit Card,2026-06-22,3875.94,17,228.0
C004900,103026,Personal Loan,2025-12-12,7352.59,13,565.58
C004901,104049,Personal Loan,2025-11-10,14706.99,12,1225.58
C004902,101361,Payroll Loan,2025-03-23,19784.1,24,824.34
C004903,100866,Personal Loan,2025-03-09,2378.72,21,113.27
C004904,106778,Payroll Loan,2025-05-25,6224.87,13,478.84
C004905,106296,Credit Card,2026-02-11,2827.51,18,157.08
C004906,100139,Credit Card,2025-11-19,5366.01,19,282.42
C004907,103726,Personal Loan,2025-12-07,5467.37,26,210.28
C004908,106819,Vehicle Finance,2026-01-12,52797.13,43,1227.84
C004909,101431,Payroll Loan,2026-01-20,9505.65,15,633.71
C004910,109562,Credit Card,2025-05-06,4647.97,19,244.63
C004911,103234,Personal Loan,2026-03-30,5373.21,32,167.91
C004912,103897,Personal Loan,2025-06-19,8012.74,33,242.81
C004913,106065,Personal Loan,2026-05-17,15749.55,22,715.89
C004914,107274,Credit Card,2026-02-21,2091.6,19,110.08
C004915,103442,Vehicle Finance,2025-02-08,39210.31,30,1307.01
C004916,100564,Vehicle Finance,2025-11-12,20569.78,59,348.64
C004917,105189,Payroll Loan,2025-11-12,10462.89,42,249.12
C004918,103412,Vehicle Finance,2025-06-19,43461.43,26,1671.59
C004919,102370,Vehicle Finance,2025-11-03,114000.0,36,3166.67
C004920,104569,Personal Loan,2025-10-27,6382.46,12,531.87
C004921,101582,Credit Card,2026-01-08,12245.72,21,583.13
C004922,106451,Vehicle Finance,2025-03-13,27759.79,34,816.46
C004923,106728,Payroll Loan,2025-06-14,4622.9,26,177.8
C004924,102999,Personal Loan,2025-08-18,3640.28,20,182.01
C004925,104141,Personal Loan,2025-09-26,6273.81,24,261.41
C004926,106477,Personal Loan,2026-03-07,9920.9,22,450.95
C004927,108557,Credit Card,2026-02-27,2147.05,10,214.7
C004928,107235,Credit Card,2026-04-26,4965.34,19,261.33
C004929,108909,Personal Loan,2025-05-20,2924.14,28,104.43
C004930,101551,Personal Loan,2025-01-05,3360.08,26,129.23
C004931,103052,Personal Loan,2025-07-13,5946.64,22,270.3
C004932,108430,Vehicle Finance,2026-01-19,56347.23,25,2253.89
C004933,102023,Personal Loan,2026-02-17,5237.11,33,158.7
C004934,106854,Vehicle Finance,2025-01-06,67384.33,44,1531.46
C004935,100735,Payroll Loan,2026-03-01,10740.36,19,565.28
C004936,109902,Credit Card,2026-02-11,3281.51,16,205.09
C004937,103027,Credit Card,2026-03-30,2727.74,16,170.48
C004938,107770,Credit Card,2026-04-09,4699.34,10,469.93
C004939,107950,Personal Loan,2025-12-27,5092.52,23,221.41
C004940,107614,Payroll Loan,2026-05-19,9402.8,17,553.11
C004941,102672,Personal Loan,2025-03-06,5297.33,29,182.67
C004942,100188,Payroll Loan,2025-02-21,3589.8,40,89.74
C004943,109940,Payroll Loan,2025-09-09,17767.01,15,1184.47
C004944,104224,Personal Loan,2025-01-07,5624.82,35,160.71
C004945,106897,Personal Loan,2025-11-23,16761.92,22,761.91
C004946,103083,Personal Loan,2025-07-21,9645.87,25,385.83
C004947,109880,Credit Card,2025-07-06,1851.83,11,168.35
C004948,107736,Vehicle Finance,2025-05-19,67440.4,59,1143.06
C004949,106573,Payroll Loan,2026-06-25,17341.3,18,963.41
C004950,106582,Payroll Loan,2025-08-13,7175.93,22,326.18
C004951,100678,Vehicle Finance,2026-04-17,42563.98,52,818.54
C004952,105109,Personal Loan,2025-04-01,8453.28,12,704.44
C004953,102735,Payroll Loan,2025-02-27,17477.31,41,426.28
C004954,103630,Vehicle Finance,2026-02-25,64172.05,49,1309.63
C004955,105447,Vehicle Finance,2026-02-24,66158.5,35,1890.24
C004956,101001,Credit Card,2025-12-24,1880.99,18,104.5
C004957,107785,Credit Card,2025-07-12,7148.2,23,310.79
C004958,103130,Vehicle Finance,2025-08-04,76919.4,56,1373.56
C004959,104597,Personal Loan,2025-01-05,8467.12,28,302.4
C004960,106032,Credit Card,2026-01-19,6350.95,9,705.66
C004961,100985,Vehicle Finance,2026-05-04,46238.19,43,1075.31
C004962,102942,Credit Card,2025-07-07,3554.21,9,394.91
C004963,102255,Personal Loan,2026-01-03,2628.32,29,90.63
C004964,101160,Personal Loan,2025-11-08,4435.63,31,143.08
C004965,106994,Personal Loan,2025-05-08,6018.62,22,273.57
C004966,100157,Credit Card,2025-09-04,3505.69,6,584.28
C004967,101506,Credit Card,2025-04-19,4877.04,23,212.05
C004968,109082,Personal Loan,2025-07-01,7086.0,21,337.43
C004969,106393,Vehicle Finance,2025-06-22,52834.88,50,1056.7
C004970,102233,Credit Card,2025-02-01,3270.17,10,327.02
C004971,107541,Vehicle Finance,2026-01-19,76447.04,60,1274.12
C004972,109326,Credit Card,2025-06-22,3245.24,6,540.87
C004973,103851,Payroll Loan,2025-11-06,16429.36,29,566.53
C004974,100226,Personal Loan,2025-09-12,3900.89,18,216.72
C004975,105008,Credit Card,2025-08-24,2908.92,7,415.56
C004976,104267,Personal Loan,2025-06-15,3912.36,16,244.52
C004977,102314,Credit Card,2026-03-29,4340.2,20,217.01
C004978,104946,Payroll Loan,2026-06-15,6375.26,25,255.01
C004979,103604,Payroll Loan,2025-04-04,4259.9,12,354.99
C004980,103945,Vehicle Finance,2025-04-12,40593.21,59,688.02
C004981,102845,Payroll Loan,2026-05-16,7759.98,23,337.39
C004982,100980,Vehicle Finance,2025-07-31,55665.12,29,1919.49
C004983,103475,Credit Card,2026-03-13,2190.02,9,243.34
C004984,108761,Credit Card,2026-01-10,6505.47,11,591.41
C004985,109020,Credit Card,2026-05-27,8863.2,22,402.87
C004986,109188,Personal Loan,2025-05-28,7437.81,17,437.52
C004987,102513,Payroll Loan,2026-01-26,24744.34,23,1075.84
C004988,107543,Personal Loan,2025-10-04,7593.84,29,261.86
C004989,100171,Personal Loan,2025-11-08,1750.0,14,125.0
C004990,101081,Vehicle Finance,2026-01-28,47568.59,50,951.37
C004991,107995,Personal Loan,2026-02-23,18934.03,24,788.92
C004992,102519,Personal Loan,2026-06-09,3279.12,29,113.07
C004993,108549,Vehicle Finance,2025-05-01,56955.59,60,949.26
C004994,102943,Vehicle Finance,2025-10-23,66270.57,43,1541.18
C004995,106338,Payroll Loan,2025-08-12,16688.4,40,417.21
C004996,109441,Vehicle Finance,2026-02-03,37391.57,53,705.5
C004997,105466,Payroll Loan,2026-02-15,9702.32,19,510.65
C004998,107997,Credit Card,2026-03-18,3570.34,22,162.29
C004999,109639,Vehicle Finance,2026-01-10,51594.86,30,1719.83
C005000,104361,Personal Loan,2025-07-10,2405.43,30,80.18
C005001,104857,Payroll Loan,2025-08-24,8673.74,48,180.7
C005002,105042,Credit Card,2025-09-08,3545.55,23,154.15
C005003,106844,Personal Loan,2025-09-29,13836.19,32,432.38
C005004,107978,Personal Loan,2026-04-18,10711.91,27,396.74
C005005,102164,Credit Card,2025-07-02,5679.61,10,567.96
C005006,100623,Payroll Loan,2025-12-15,7847.25,25,313.89
C005007,104235,Credit Card,2025-11-14,5822.0,13,447.85
C005008,103925,Personal Loan,2025-01-10,3795.8,31,122.45
C005009,105489,Personal Loan,2025-06-04,3576.72,21,170.32
C005010,100517,Vehicle Finance,2026-05-06,64328.36,28,2297.44
C005011,101648,Credit Card,2025-10-12,3456.82,16,216.05
C005012,109128,Credit Card,2025-08-09,3288.53,13,252.96
C005013,105742,Credit Card,2025-08-31,2618.51,6,436.42
C005014,104416,Credit Card,2026-01-28,7478.36,19,393.6
C005015,106117,Credit Card,2025-11-20,5060.74,22,230.03
C005016,101795,Personal Loan,2025-07-06,5674.83,16,354.68
C005017,103126,Personal Loan,2025-11-01,8402.87,13,646.37
C005018,109793,Vehicle Finance,2025-10-15,59192.42,36,1644.23
C005019,102145,Personal Loan,2025-03-10,13829.66,33,419.08
C005020,108778,Vehicle Finance,2025-09-23,32627.33,40,815.68
C005021,101606,Personal Loan,2025-04-21,8718.07,19,458.85
C005022,105082,Vehicle Finance,2025-02-07,10307.75,58,177.72
C005023,108118,Personal Loan,2026-05-17,4925.17,23,214.14
C005024,109246,Personal Loan,2025-08-03,10614.18,17,624.36
C005025,101942,Personal Loan,2026-03-16,7003.09,33,212.21
C005026,101826,Credit Card,2025-05-16,4041.69,13,310.9
C005027,103961,Credit Card,2025-03-29,4059.03,24,169.13
C005028,107647,Credit Card,2025-11-23,4664.74,13,358.83
C005029,101113,Payroll Loan,2025-04-30,8340.02,34,245.29
C005030,107733,Vehicle Finance,2026-06-08,66108.02,59,1120.47
C005031,105125,Personal Loan,2025-05-03,8352.55,23,363.15
C005032,105925,Payroll Loan,2026-03-02,23846.72,24,993.61
C005033,106864,Vehicle Finance,2025-04-23,28183.66,36,782.88
C005034,103967,Vehicle Finance,2026-05-14,45744.64,51,896.95
C005035,103871,Credit Card,2026-01-01,2187.81,13,168.29
C005036,102810,Personal Loan,2025-09-26,6492.51,13,499.42
C005037,100577,Payroll Loan,2025-06-10,7425.23,16,464.08
C005038,106436,Payroll Loan,2025-01-28,6678.6,27,247.36
C005039,106915,Payroll Loan,2025-10-11,4846.89,21,230.8
C005040,103228,Vehicle Finance,2025-05-14,16000.6,28,571.45
C005041,109933,Personal Loan,2025-08-14,3572.05,15,238.14
C005042,101302,Personal Loan,2025-09-20,8318.03,24,346.58
C005043,108581,Credit Card,2025-03-20,3407.6,16,212.98
C005044,108528,Personal Loan,2025-07-16,8253.42,25,330.14
C005045,100519,Personal Loan,2025-04-10,4226.37,28,150.94
C005046,107994,Personal Loan,2025-09-09,13620.15,19,716.85
C005047,101649,Payroll Loan,2025-11-19,8276.77,35,236.48
C005048,102977,Payroll Loan,2026-04-21,5591.25,20,279.56
C005049,106779,Credit Card,2025-04-22,3975.0,13,305.77
C005050,100080,Credit Card,2025-01-08,1816.1,22,82.55
C005051,102368,Payroll Loan,2025-11-26,7569.38,26,291.13
C005052,102381,Personal Loan,2025-04-26,4835.01,20,241.75
C005053,100454,Vehicle Finance,2025-10-09,50045.47,49,1021.34
C005054,105664,Vehicle Finance,2026-06-13,73427.84,39,1882.77
C005055,106636,Personal Loan,2025-08-03,4359.0,27,161.44
C005056,106876,Credit Card,2025-11-26,4531.86,14,323.7
C005057,107389,Personal Loan,2026-05-05,3881.97,16,242.62
C005058,104040,Credit Card,2025-07-20,5263.76,24,219.32
C005059,103770,Credit Card,2025-03-24,2651.72,23,115.29
C005060,108575,Personal Loan,2025-04-21,4596.11,18,255.34
C005061,100385,Personal Loan,2025-01-06,3765.04,20,188.25
C005062,102618,Payroll Loan,2025-08-23,4723.73,19,248.62
C005063,103200,Credit Card,2026-03-21,4663.64,8,582.96
C005064,109436,Credit Card,2026-03-18,3117.89,18,173.22
C005065,101863,Personal Loan,2025-04-25,4388.61,22,199.48
C005066,106474,Credit Card,2026-06-20,3279.32,14,234.24
C005067,103376,Personal Loan,2025-09-06,8649.17,28,308.9
C005068,107494,Vehicle Finance,2025-05-24,41469.22,35,1184.83
C005069,103823,Personal Loan,2025-03-12,9284.56,15,618.97
C005070,105399,Personal Loan,2026-03-16,21000.0,16,1312.5
C005071,101392,Payroll Loan,2026-04-21,17122.04,36,475.61
C005072,110000,Credit Card,2025-01-22,1977.34,14,141.24
C005073,100944,Personal Loan,2025-12-08,3830.09,13,294.62
C005074,101646,Credit Card,2026-02-15,5346.91,7,763.84
C005075,104298,Vehicle Finance,2026-06-16,27952.27,29,963.87
C005076,104542,Personal Loan,2026-04-06,14611.8,25,584.47
C005077,104654,Personal Loan,2025-09-30,8559.38,17,503.49
C005078,102640,Vehicle Finance,2025-06-16,16194.95,59,274.49
C005079,102251,Personal Loan,2026-06-18,6090.68,22,276.85
C005080,102704,Payroll Loan,2026-01-21,13863.16,37,374.68
C005081,104863,Credit Card,2025-05-22,2772.89,20,138.64
C005082,108122,Payroll Loan,2026-06-10,14360.49,21,683.83
C005083,101259,Personal Loan,2025-09-12,14930.29,15,995.35
C005084,105731,Personal Loan,2025-12-29,18265.78,19,961.36
C005085,104088,Credit Card,2025-09-29,5525.92,7,789.42
C005086,101037,Credit Card,2025-11-20,2795.02,10,279.5
C005087,104030,Credit Card,2025-09-16,1649.82,7,235.69
C005088,109294,Credit Card,2025-02-15,8679.7,24,361.65
C005089,101637,Personal Loan,2025-11-14,5345.06,12,445.42
C005090,101440,Credit Card,2025-04-29,3021.81,17,177.75
C005091,109625,Payroll Loan,2025-02-05,10995.93,15,733.06
C005092,107109,Credit Card,2025-05-29,5228.8,24,217.87
C005093,104074,Payroll Loan,2026-04-17,9021.11,27,334.12
C005094,106783,Vehicle Finance,2025-04-01,35961.31,32,1123.79
C005095,106107,Personal Loan,2026-01-23,3658.71,17,215.22
C005096,108264,Payroll Loan,2025-02-20,6367.94,41,155.32
C005097,103778,Credit Card,2025-11-11,4050.36,10,405.04
C005098,106379,Credit Card,2026-04-26,3733.58,13,287.2
C005099,101680,Personal Loan,2025-08-01,6718.35,36,186.62
C005100,103812,Personal Loan,2025-04-17,4576.17,29,157.8
C005101,101470,Personal Loan,2025-06-30,17170.78,22,780.49
C005102,102027,Personal Loan,2026-04-17,13387.75,29,461.65
C005103,107664,Payroll Loan,2026-05-10,13421.91,23,583.56
C005104,105398,Vehicle Finance,2026-05-27,61443.9,57,1077.96
C005105,100980,Personal Loan,2025-04-11,6890.03,27,255.19
C005106,100329,Personal Loan,2025-08-15,7154.89,12,596.24
C005107,109678,Personal Loan,2025-07-11,10989.11,25,439.56
C005108,105235,Credit Card,2025-06-04,4439.85,10,443.98
C005109,103653,Vehicle Finance,2025-05-18,31405.15,53,592.55
C005110,101729,Payroll Loan,2026-03-13,12034.36,42,286.53
C005111,102305,Personal Loan,2025-01-25,5293.47,29,182.53
C005112,106450,Payroll Loan,2026-06-19,10134.96,43,235.7
C005113,100783,Personal Loan,2026-03-01,7097.72,14,506.98
C005114,104119,Payroll Loan,2025-03-22,10696.35,18,594.24
C005115,107978,Credit Card,2025-11-08,2790.02,15,186.0
C005116,107592,Payroll Loan,2025-07-04,3627.56,14,259.11
C005117,104144,Payroll Loan,2025-05-02,4814.66,31,155.31
C005118,105903,Vehicle Finance,2026-02-25,31779.14,35,907.98
C005119,106813,Vehicle Finance,2025-08-12,32770.69,43,762.11
C005120,104988,Personal Loan,2025-01-03,11391.93,17,670.11
C005121,107039,Vehicle Finance,2025-07-23,33238.49,35,949.67
C005122,106578,Personal Loan,2025-07-26,8236.17,17,484.48
C005123,103254,Vehicle Finance,2025-06-23,24668.33,52,474.39
C005124,102218,Personal Loan,2025-03-09,6365.45,36,176.82
C005125,102595,Personal Loan,2026-01-17,16157.37,31,521.21
C005126,109232,Payroll Loan,2026-03-21,4416.96,25,176.68
C005127,101125,Credit Card,2026-05-06,2855.55,13,219.66
C005128,100708,Payroll Loan,2025-05-22,5781.19,14,412.94
C005129,107318,Personal Loan,2025-10-19,11618.57,13,893.74
C005130,103436,Payroll Loan,2025-12-04,18589.73,32,580.93
C005131,107984,Personal Loan,2025-04-12,3966.28,18,220.35
C005132,100574,Personal Loan,2025-11-10,9632.25,24,401.34
C005133,108167,Personal Loan,2025-07-14,8133.49,27,301.24
C005134,105861,Personal Loan,2026-05-23,18789.91,17,1105.29
C005135,100041,Personal Loan,2026-02-08,12548.27,25,501.93
C005136,103807,Payroll Loan,2025-02-12,15795.8,36,438.77
C005137,100276,Credit Card,2025-05-28,7076.02,14,505.43
C005138,100570,Credit Card,2025-09-20,3053.94,10,305.39
C005139,100696,Vehicle Finance,2025-01-25,66562.63,40,1664.07
C005140,106669,Credit Card,2026-05-04,7047.14,20,352.36
C005141,104884,Vehicle Finance,2026-05-15,38698.44,46,841.27
C005142,109582,Payroll Loan,2025-10-16,8563.57,31,276.24
C005143,106879,Personal Loan,2025-06-26,7306.81,35,208.77
C005144,101070,Personal Loan,2026-06-09,5460.73,20,273.04
C005145,108985,Personal Loan,2025-03-12,3077.17,20,153.86
C005146,102205,Credit Card,2025-05-12,4216.83,20,210.84
C005147,103320,Credit Card,2025-11-26,1741.75,16,108.86
C005148,102727,Credit Card,2025-09-20,5051.94,7,721.71
C005149,103970,Vehicle Finance,2025-04-13,52026.29,48,1083.88
C005150,106801,Vehicle Finance,2026-03-15,28980.95,37,783.27
C005151,101904,Personal Loan,2025-09-30,4855.35,29,167.43
C005152,103865,Payroll Loan,2025-09-02,6929.63,22,314.98
C005153,108591,Vehicle Finance,2025-05-19,24876.01,35,710.74
C005154,107547,Personal Loan,2025-05-17,8022.18,34,235.95
C005155,102931,Personal Loan,2026-05-10,9331.3,12,777.61
C005156,104629,Personal Loan,2025-03-02,3980.97,15,265.4
C005157,106759,Credit Card,2025-07-15,3787.76,14,270.55
C005158,100235,Vehicle Finance,2026-04-08,70697.97,24,2945.75
C005159,107716,Vehicle Finance,2026-04-24,52954.37,53,999.14
C005160,101740,Personal Loan,2025-03-19,9867.34,27,365.46
C005161,103982,Personal Loan,2025-10-06,14053.42,33,425.86
C005162,103201,Personal Loan,2025-03-15,7047.05,23,306.39
C005163,101107,Vehicle Finance,2026-06-01,16694.43,52,321.05
C005164,106343,Credit Card,2025-07-31,3596.69,10,359.67
C005165,103186,Personal Loan,2026-02-27,14591.63,20,729.58
C005166,106809,Personal Loan,2026-05-23,21000.0,14,1500.0
C005167,103205,Personal Loan,2026-04-02,5984.23,32,187.01
C005168,106401,Vehicle Finance,2025-11-12,36952.89,33,1119.78
C005169,109612,Personal Loan,2025-04-18,14435.2,21,687.39
C005170,100618,Vehicle Finance,2025-07-18,23558.97,56,420.7
C005171,100535,Personal Loan,2026-05-03,2748.02,12,229.0
C005172,103692,Credit Card,2026-05-17,5220.24,9,580.03
C005173,107851,Personal Loan,2025-07-08,7789.93,33,236.06
C005174,106352,Personal Loan,2025-06-04,7600.67,36,211.13
C005175,109717,Credit Card,2025-10-23,2310.75,24,96.28
C005176,106396,Payroll Loan,2025-01-14,15125.35,29,521.56
C005177,108636,Credit Card,2025-12-23,6211.74,12,517.64
C005178,105796,Personal Loan,2025-07-15,7328.44,24,305.35
C005179,101987,Payroll Loan,2026-05-07,29996.77,31,967.64
C005180,104261,Vehicle Finance,2025-12-11,26882.68,45,597.39
C005181,106344,Credit Card,2025-06-10,2811.99,8,351.5
C005182,100090,Credit Card,2026-05-03,7945.02,14,567.5
C005183,103858,Vehicle Finance,2026-02-10,35904.21,48,748.0
C005184,105592,Vehicle Finance,2025-12-07,53764.07,31,1734.32
C005185,104374,Personal Loan,2025-11-05,6761.61,13,520.12
C005186,102617,Vehicle Finance,2025-11-16,37554.39,39,962.93
C005187,104313,Personal Loan,2025-04-12,6892.31,34,202.72
C005188,103525,Credit Card,2026-01-29,2887.82,19,151.99
C005189,107332,Personal Loan,2025-06-07,9125.55,33,276.53
C005190,105975,Credit Card,2025-04-25,7450.13,21,354.77
C005191,109170,Credit Card,2026-05-14,2829.62,22,128.62
C005192,104785,Credit Card,2026-04-30,3734.56,11,339.51
C005193,106473,Payroll Loan,2025-01-26,10919.51,15,727.97
C005194,104324,Vehicle Finance,2025-11-18,30070.78,25,1202.83
C005195,107379,Vehicle Finance,2025-07-06,84842.18,53,1600.8
C005196,104056,Vehicle Finance,2025-10-17,19449.86,27,720.37
C005197,107780,Credit Card,2026-04-21,4062.69,11,369.34
C005198,107649,Vehicle Finance,2025-12-16,76754.86,51,1505.0
C005199,102238,Personal Loan,2025-09-20,3791.34,23,164.84
C005200,104949,Vehicle Finance,2025-02-22,26618.25,37,719.41
C005201,107818,Personal Loan,2025-04-20,2416.38,15,161.09
C005202,106196,Vehicle Finance,2025-12-11,43610.01,55,792.91
C005203,106492,Personal Loan,2025-09-07,4677.61,21,222.74
C005204,100940,Vehicle Finance,2025-03-07,17080.31,34,502.36
C005205,108954,Vehicle Finance,2025-02-23,21561.09,32,673.78
C005206,106103,Vehicle Finance,2025-10-01,18086.54,25,723.46
C005207,100748,Credit Card,2026-01-11,3930.29,16,245.64
C005208,100571,Credit Card,2026-03-26,3754.37,13,288.8
C005209,102430,Payroll Loan,2026-04-03,5348.47,45,118.85
C005210,107717,Personal Loan,2025-03-21,3591.48,32,112.23
C005211,106797,Payroll Loan,2025-01-15,9999.99,15,666.67
C005212,100106,Vehicle Finance,2025-08-08,38510.48,29,1327.95
C005213,103156,Personal Loan,2025-03-21,3259.57,20,162.98
C005214,107447,Credit Card,2025-12-11,3275.22,23,142.4
C005215,102425,Vehicle Finance,2025-12-10,49395.77,52,949.92
C005216,105293,Personal Loan,2025-12-20,7164.4,26,275.55
C005217,107790,Credit Card,2025-09-04,3470.35,8,433.79
C005218,107071,Credit Card,2025-03-31,5405.77,21,257.42
C005219,109649,Vehicle Finance,2025-09-27,25645.86,41,625.51
C005220,102447,Personal Loan,2025-07-01,8591.96,33,260.36
C005221,105181,Credit Card,2026-03-23,3864.77,8,483.1
C005222,105256,Credit Card,2025-01-10,4659.88,15,310.66
C005223,104260,Credit Card,2025-12-22,2553.78,11,232.16
C005224,108443,Payroll Loan,2026-03-11,12627.66,12,1052.3
C005225,103572,Payroll Loan,2025-12-16,7016.56,15,467.77
C005226,102127,Personal Loan,2026-03-21,4585.18,17,269.72
C005227,100105,Personal Loan,2026-04-10,6831.1,14,487.94
C005228,100259,Payroll Loan,2025-10-19,11433.19,33,346.46
C005229,100922,Personal Loan,2025-04-26,12476.27,27,462.08
C005230,107530,Personal Loan,2026-06-18,10385.67,24,432.74
C005231,105748,Personal Loan,2025-01-22,5089.53,27,188.5
C005232,107037,Credit Card,2025-03-02,9766.75,14,697.62
C005233,102332,Vehicle Finance,2025-11-24,39500.0,36,1097.22
C005234,101502,Personal Loan,2025-12-15,8532.35,33,258.56
C005235,107650,Personal Loan,2025-02-22,11827.49,13,909.81
C005236,103420,Credit Card,2025-04-20,6054.28,16,378.39
C005237,107761,Vehicle Finance,2025-06-11,26632.0,26,1024.31
C005238,104173,Credit Card,2025-07-10,2784.07,22,126.55
C005239,101310,Credit Card,2026-06-29,3638.0,16,227.38
C005240,100390,Personal Loan,2025-01-25,8612.14,32,269.13
C005241,100884,Personal Loan,2026-02-18,10639.46,36,295.54
C005242,103811,Credit Card,2025-03-17,3537.36,7,505.34
C005243,103125,Credit Card,2025-02-08,8671.84,10,867.18
C005244,100940,Personal Loan,2025-07-19,8093.11,16,505.82
C005245,102269,Vehicle Finance,2025-01-16,27972.13,60,466.2
C005246,109934,Personal Loan,2025-11-08,10268.78,17,604.05
C005247,106191,Personal Loan,2025-04-22,5889.19,18,327.18
C005248,109817,Payroll Loan,2025-09-23,18859.18,43,438.59
C005249,105087,Credit Card,2025-06-06,3684.34,24,153.51
C005250,105666,Vehicle Finance,2026-06-18,37420.7,24,1559.2
C005251,104988,Vehicle Finance,2026-04-24,78263.04,37,2115.22
C005252,104794,Payroll Loan,2026-03-13,15462.64,41,377.14
C005253,103014,Vehicle Finance,2026-05-30,39330.6,25,1573.22
C005254,109661,Personal Loan,2025-01-29,4855.81,20,242.79
C005255,100764,Personal Loan,2025-03-31,3943.93,22,179.27
C005256,106675,Payroll Loan,2025-01-15,11986.97,39,307.36
C005257,108806,Payroll Loan,2025-04-17,12455.63,28,444.84
C005258,101324,Payroll Loan,2026-05-11,17703.16,32,553.22
C005259,109305,Personal Loan,2026-04-02,16141.73,32,504.43
C005260,102123,Credit Card,2025-10-16,4058.51,10,405.85
C005261,109657,Credit Card,2025-11-24,2100.48,12,175.04
C005262,106555,Vehicle Finance,2026-06-23,27611.56,38,726.62
C005263,104563,Payroll Loan,2025-07-20,8770.11,26,337.31
C005264,109478,Payroll Loan,2025-01-21,12573.09,33,381.0
C005265,101922,Personal Loan,2025-08-17,9111.24,12,759.27
C005266,103324,Personal Loan,2026-05-17,20596.44,27,762.83
C005267,105928,Personal Loan,2025-10-16,6557.53,26,252.21
C005268,101170,Payroll Loan,2026-01-01,7334.72,48,152.81
C005269,101636,Payroll Loan,2025-11-09,14912.19,25,596.49
C005270,107591,Credit Card,2025-09-18,4390.88,13,337.76
C005271,101382,Personal Loan,2025-07-22,6807.23,30,226.91
C005272,102055,Credit Card,2025-05-27,5936.03,10,593.6
C005273,108924,Vehicle Finance,2025-10-15,36403.1,52,700.06
C005274,100964,Credit Card,2025-10-06,3191.75,22,145.08
C005275,106269,Credit Card,2026-01-26,3367.96,16,210.5
C005276,106899,Personal Loan,2026-01-17,3462.4,20,173.12
C005277,100897,Personal Loan,2025-11-24,8101.6,30,270.05
C005278,105463,Personal Loan,2025-05-03,9813.1,15,654.21
C005279,104120,Credit Card,2025-08-15,9540.53,22,433.66
C005280,104395,Personal Loan,2026-03-29,9730.41,16,608.15
C005281,103236,Credit Card,2025-07-10,2238.92,7,319.85
C005282,100534,Vehicle Finance,2026-04-10,35973.5,48,749.45
C005283,105029,Credit Card,2025-11-01,7378.73,10,737.87
C005284,100131,Payroll Loan,2025-12-16,16759.51,42,399.04
C005285,104203,Vehicle Finance,2025-10-27,27416.09,58,472.69
C005286,104167,Credit Card,2025-10-08,10875.56,9,1208.4
C005287,106078,Payroll Loan,2025-07-07,11046.56,27,409.13
C005288,106026,Personal Loan,2026-05-10,5028.21,21,239.44
C005289,107556,Personal Loan,2025-09-07,5674.32,18,315.24
C005290,108768,Personal Loan,2025-07-17,5900.76,19,310.57
C005291,105114,Credit Card,2025-06-16,4090.49,23,177.85
C005292,105968,Credit Card,2025-12-06,2694.84,19,141.83
C005293,105180,Credit Card,2025-01-05,4394.14,10,439.41
C005294,104875,Credit Card,2025-09-01,6183.86,7,883.41
C005295,106000,Vehicle Finance,2026-06-27,63190.52,35,1805.44
C005296,101759,Personal Loan,2025-06-20,8128.46,26,312.63
C005297,100327,Personal Loan,2025-01-30,10141.24,32,316.91
C005298,101575,Payroll Loan,2026-05-21,11874.68,34,349.26
C005299,101703,Personal Loan,2026-04-17,8092.23,29,279.04
C005300,106114,Vehicle Finance,2025-05-19,36618.96,56,653.91
C005301,101069,Credit Card,2026-03-07,4644.88,14,331.78
C005302,103549,Credit Card,2025-12-14,6647.86,8,830.98
C005303,101063,Credit Card,2025-07-03,9561.26,12,796.77
C005304,101559,Vehicle Finance,2025-06-01,20638.41,48,429.97
C005305,106424,Payroll Loan,2026-04-07,9577.94,27,354.74
C005306,103984,Vehicle Finance,2025-11-26,101799.7,43,2367.43
C005307,108124,Payroll Loan,2026-03-09,8106.19,44,184.23
C005308,107359,Payroll Loan,2026-02-19,19098.46,21,909.45
C005309,102476,Personal Loan,2025-01-21,4310.33,13,331.56
C005310,100779,Credit Card,2025-09-04,7658.01,16,478.63
C005311,109627,Payroll Loan,2026-04-25,20118.51,46,437.36
C005312,101331,Vehicle Finance,2025-08-26,22515.31,60,375.26
C005313,106824,Vehicle Finance,2025-06-15,49694.43,54,920.27
C005314,105854,Vehicle Finance,2025-09-26,28112.69,45,624.73
C005315,108205,Credit Card,2026-06-28,5019.32,10,501.93
C005316,105505,Credit Card,2025-10-20,5582.2,14,398.73
C005317,100081,Vehicle Finance,2025-12-18,42252.94,48,880.27
C005318,101547,Credit Card,2025-10-07,3761.04,10,376.1
C005319,108303,Credit Card,2025-01-16,3843.16,7,549.02
C005320,106016,Personal Loan,2025-03-29,3902.58,20,195.13
C005321,107696,Personal Loan,2026-06-21,12646.13,23,549.83
C005322,106323,Personal Loan,2025-11-23,12235.41,30,407.85
C005323,109825,Vehicle Finance,2025-03-21,18852.49,47,401.12
C005324,100830,Credit Card,2026-02-20,4793.77,12,399.48
C005325,100821,Payroll Loan,2025-06-03,12053.14,46,262.02
C005326,107257,Payroll Loan,2026-02-04,12512.07,36,347.56
C005327,100419,Vehicle Finance,2026-05-21,12365.01,37,334.19
C005328,101126,Credit Card,2025-12-28,3346.87,10,334.69
C005329,107252,Vehicle Finance,2026-04-16,28192.59,40,704.81
C005330,107585,Personal Loan,2025-08-04,17717.5,22,805.34
C005331,108449,Personal Loan,2026-05-03,9080.41,31,292.92
C005332,102417,Payroll Loan,2025-10-19,5010.36,23,217.84
C005333,106712,Personal Loan,2026-04-18,15735.26,33,476.83
C005334,102254,Personal Loan,2026-03-07,8238.13,19,433.59
C005335,109933,Personal Loan,2026-05-30,3996.72,12,333.06
C005336,106701,Vehicle Finance,2025-03-17,57599.98,31,1858.06
C005337,107700,Personal Loan,2025-09-27,5142.34,25,205.69
C005338,106623,Vehicle Finance,2025-09-20,53007.0,37,1432.62
C005339,109863,Payroll Loan,2025-08-17,16841.43,41,410.77
C005340,102701,Vehicle Finance,2025-09-12,31542.67,41,769.33
C005341,107632,Credit Card,2025-07-15,10131.44,13,779.34
C005342,109656,Payroll Loan,2025-12-12,28181.38,43,655.38
C005343,102116,Credit Card,2025-09-01,1590.35,17,93.55
C005344,103884,Credit Card,2026-01-29,5300.16,22,240.92
C005345,107045,Payroll Loan,2025-02-05,9321.82,43,216.79
C005346,104050,Personal Loan,2025-04-29,6891.59,12,574.3
C005347,107029,Payroll Loan,2026-04-15,22321.89,24,930.08
C005348,102007,Personal Loan,2025-04-12,8491.47,17,499.5
C005349,100755,Personal Loan,2026-02-04,8943.07,31,288.49
C005350,100582,Vehicle Finance,2025-03-24,104003.06,37,2810.89
C005351,101891,Payroll Loan,2025-09-19,13453.68,40,336.34
C005352,108193,Personal Loan,2025-12-15,11990.3,33,363.34
C005353,106766,Personal Loan,2026-01-25,9722.35,17,571.9
C005354,103346,Personal Loan,2025-11-23,13837.67,21,658.94
C005355,106725,Vehicle Finance,2026-03-29,16088.48,52,309.39
C005356,104903,Payroll Loan,2025-04-08,5388.83,45,119.75
C005357,101753,Credit Card,2025-03-19,7011.24,23,304.84
C005358,107841,Vehicle Finance,2025-11-24,52931.92,52,1017.92
C005359,100388,Personal Loan,2025-11-28,2216.69,18,123.15
C005360,101073,Payroll Loan,2026-03-05,17135.15,34,503.98
C005361,102584,Personal Loan,2025-06-27,3998.99,30,133.3
C005362,106182,Personal Loan,2025-03-23,14688.25,33,445.1
C005363,103554,Personal Loan,2025-05-31,8187.17,25,327.49
C005364,103633,Vehicle Finance,2025-04-24,15765.34,33,477.74
C005365,105387,Payroll Loan,2025-09-06,10133.66,44,230.31
C005366,108353,Credit Card,2025-05-01,3254.63,19,171.3
C005367,103279,Vehicle Finance,2025-03-12,27601.76,26,1061.61
C005368,103891,Credit Card,2025-12-29,3200.75,13,246.21
C005369,100382,Credit Card,2025-02-25,8583.67,13,660.28
C005370,109538,Personal Loan,2026-05-05,7029.22,28,251.04
C005371,108437,Personal Loan,2025-12-18,21000.0,19,1105.26
C005372,103736,Personal Loan,2025-01-29,9305.7,34,273.7
C005373,108480,Payroll Loan,2025-03-19,6862.92,14,490.21
C005374,100316,Payroll Loan,2026-04-15,16002.52,44,363.69
C005375,100729,Payroll Loan,2026-05-23,15722.53,13,1209.43
C005376,105473,Credit Card,2025-08-14,2527.03,19,133.0
C005377,105568,Vehicle Finance,2026-05-17,39900.45,46,867.4
C005378,101294,Vehicle Finance,2026-03-31,14312.04,48,298.17
C005379,105121,Payroll Loan,2025-12-26,33000.0,29,1137.93
C005380,101392,Credit Card,2026-03-31,1821.16,6,303.53
C005381,104544,Payroll Loan,2026-05-06,13838.56,13,1064.5
C005382,104820,Personal Loan,2025-12-19,4012.46,17,236.03
C005383,102083,Credit Card,2025-05-17,5580.27,24,232.51
C005384,102874,Payroll Loan,2025-05-13,6723.06,32,210.1
C005385,105164,Credit Card,2025-05-21,6642.56,10,664.26
C005386,105432,Personal Loan,2025-01-16,5493.1,34,161.56
C005387,109831,Vehicle Finance,2026-02-09,35087.4,60,584.79
C005388,106594,Personal Loan,2025-04-03,11198.9,36,311.08
C005389,107509,Payroll Loan,2025-10-12,5348.38,40,133.71
C005390,109001,Credit Card,2025-06-25,3732.56,12,311.05
C005391,103800,Payroll Loan,2026-03-19,10563.09,39,270.85
C005392,102875,Personal Loan,2026-02-26,5443.77,20,272.19
C005393,105858,Personal Loan,2025-09-02,7822.31,15,521.49
C005394,105107,Credit Card,2026-01-25,9818.81,8,1227.35
C005395,106416,Personal Loan,2025-02-20,3758.41,12,313.2
C005396,107613,Credit Card,2025-10-13,1758.0,22,79.91
C005397,106047,Personal Loan,2025-03-08,5118.61,17,301.09
C005398,105828,Personal Loan,2025-01-18,16064.7,19,845.51
C005399,108175,Vehicle Finance,2025-06-08,84333.38,43,1961.24
C005400,103611,Payroll Loan,2025-03-06,9350.55,19,492.13
C005401,101814,Credit Card,2025-06-16,2912.25,14,208.02
C005402,100862,Credit Card,2026-05-22,7654.98,22,347.95
C005403,101705,Credit Card,2026-03-12,6547.62,24,272.82
C005404,101901,Payroll Loan,2026-01-28,9281.27,43,215.84
C005405,104427,Credit Card,2025-10-08,3954.55,15,263.64
C005406,100369,Vehicle Finance,2026-05-15,42703.6,58,736.27
C005407,107735,Personal Loan,2026-01-14,10519.03,31,339.32
C005408,106147,Credit Card,2025-10-22,4524.37,15,301.62
C005409,102582,Personal Loan,2025-04-16,10261.58,17,603.62
C005410,105059,Personal Loan,2025-01-31,7423.0,19,390.68
C005411,100864,Payroll Loan,2026-05-18,10137.21,40,253.43
C005412,102995,Credit Card,2026-03-03,5610.52,19,295.29
C005413,104823,Credit Card,2025-02-19,6135.57,14,438.26
C005414,109497,Credit Card,2026-06-25,3856.47,22,175.29
C005415,106513,Vehicle Finance,2025-11-15,20830.46,46,452.84
C005416,105012,Payroll Loan,2025-10-06,10443.69,12,870.31
C005417,109957,Vehicle Finance,2025-07-02,75299.07,24,3137.46
C005418,109899,Credit Card,2025-02-17,3530.01,6,588.34
C005419,105347,Personal Loan,2026-02-01,9574.22,17,563.19
C005420,103678,Payroll Loan,2025-12-16,12804.68,38,336.97
C005421,103621,Vehicle Finance,2025-04-13,27838.19,37,752.38
C005422,106224,Personal Loan,2026-02-18,7526.15,35,215.03
C005423,107866,Payroll Loan,2025-11-23,3139.2,33,95.13
C005424,103101,Vehicle Finance,2026-03-30,39693.01,38,1044.55
C005425,108487,Credit Card,2026-03-29,3433.68,15,228.91
C005426,109322,Personal Loan,2026-02-15,9261.83,17,544.81
C005427,105664,Personal Loan,2025-12-09,3478.13,15,231.88
C005428,102567,Personal Loan,2026-06-19,9264.15,25,370.57
C005429,102974,Personal Loan,2025-06-04,5486.96,33,166.27
C005430,101964,Payroll Loan,2025-07-29,26032.57,28,929.73
C005431,102646,Payroll Loan,2026-05-18,13651.84,45,303.37
C005432,106368,Personal Loan,2026-02-09,7511.16,16,469.45
C005433,100508,Credit Card,2026-02-21,2263.89,16,141.49
C005434,103256,Payroll Loan,2026-01-30,8196.88,37,221.54
C005435,108471,Personal Loan,2025-06-14,5426.11,23,235.92
C005436,108721,Payroll Loan,2025-07-29,9263.72,28,330.85
C005437,100752,Vehicle Finance,2025-01-16,42815.14,54,792.87
C005438,101216,Vehicle Finance,2026-05-03,26112.88,48,544.02
C005439,102350,Payroll Loan,2025-07-10,11483.71,26,441.68
C005440,100613,Personal Loan,2025-05-11,6134.49,12,511.21
C005441,105676,Vehicle Finance,2025-11-13,27023.36,50,540.47
C005442,100275,Personal Loan,2026-01-06,6528.2,26,251.08
C005443,102457,Vehicle Finance,2025-09-16,54577.01,59,925.03
C005444,103034,Credit Card,2025-08-10,3928.63,8,491.08
C005445,108769,Credit Card,2025-05-19,2366.29,11,215.12
C005446,108061,Personal Loan,2025-06-02,5212.07,23,226.61
C005447,107465,Payroll Loan,2026-05-14,11506.34,14,821.88
C005448,109222,Payroll Loan,2025-03-03,33000.0,35,942.86
C005449,109828,Payroll Loan,2025-11-02,9103.31,28,325.12
C005450,109033,Credit Card,2025-01-05,6546.69,18,363.7
C005451,109437,Credit Card,2025-09-27,5968.35,11,542.58
C005452,109314,Payroll Loan,2025-05-03,33000.0,16,2062.5
C005453,102184,Personal Loan,2026-05-18,4390.13,27,162.6
C005454,102988,Credit Card,2026-01-28,6237.42,23,271.19
C005455,104749,Credit Card,2026-05-15,2147.44,24,89.48
C005456,105523,Credit Card,2025-09-14,7845.15,22,356.6
C005457,104545,Personal Loan,2025-08-23,8259.58,31,266.44
C005458,103506,Personal Loan,2026-02-22,13658.42,20,682.92
C005459,104380,Payroll Loan,2025-05-30,10019.43,27,371.09
C005460,107058,Personal Loan,2026-06-14,17797.99,27,659.18
C005461,107441,Payroll Loan,2025-11-06,9940.14,30,331.34
C005462,109088,Credit Card,2025-03-25,3174.05,15,211.6
C005463,108039,Personal Loan,2025-11-01,2321.38,34,68.28
C005464,101649,Credit Card,2025-07-09,8375.88,16,523.49
C005465,102022,Payroll Loan,2026-03-30,7479.66,18,415.54
C005466,104818,Personal Loan,2025-04-23,16393.11,22,745.14
C005467,108640,Credit Card,2025-12-31,4113.89,10,411.39
C005468,104488,Payroll Loan,2025-11-16,6179.99,45,137.33
C005469,101284,Personal Loan,2025-03-13,13717.44,36,381.04
C005470,109078,Payroll Loan,2026-02-23,16555.75,16,1034.73
C005471,105922,Personal Loan,2025-02-26,3135.2,24,130.63
C005472,108859,Credit Card,2025-04-27,5179.76,12,431.65
C005473,103608,Personal Loan,2025-06-25,4653.88,19,244.94
C005474,108613,Credit Card,2026-03-13,3528.33,18,196.02
C005475,100550,Personal Loan,2025-04-08,8010.79,20,400.54
C005476,107460,Payroll Loan,2025-01-22,25231.07,26,970.43
C005477,109840,Payroll Loan,2025-03-24,3764.83,20,188.24
C005478,109171,Payroll Loan,2025-12-21,4674.47,41,114.01
C005479,104613,Payroll Loan,2025-11-06,33000.0,21,1571.43
C005480,109970,Credit Card,2026-04-08,4394.89,14,313.92
C005481,109859,Personal Loan,2025-01-11,8782.74,18,487.93
C005482,101302,Payroll Loan,2026-05-17,7912.48,17,465.44
C005483,104894,Vehicle Finance,2026-01-15,26196.92,54,485.13
C005484,109119,Payroll Loan,2025-07-14,2750.0,30,91.67
C005485,108735,Credit Card,2025-10-24,8093.74,20,404.69
C005486,105523,Credit Card,2025-02-28,3989.6,9,443.29
C005487,102411,Credit Card,2025-12-02,8578.43,21,408.5
C005488,102688,Personal Loan,2025-10-01,5107.43,25,204.3
C005489,100923,Credit Card,2026-04-21,4911.79,23,213.56
C005490,105693,Personal Loan,2025-09-12,4376.54,28,156.3
C005491,100269,Payroll Loan,2026-04-05,13064.16,18,725.79
C005492,104963,Personal Loan,2025-12-08,2014.59,16,125.91
C005493,101754,Payroll Loan,2026-05-13,9468.55,19,498.34
C005494,105410,Credit Card,2025-11-13,3404.51,9,378.28
C005495,100563,Credit Card,2025-01-18,3409.34,11,309.94
C005496,103723,Credit Card,2025-04-19,2185.61,9,242.85
C005497,103454,Vehicle Finance,2025-01-21,65119.79,35,1860.57
C005498,106461,Credit Card,2025-01-25,7844.01,20,392.2
C005499,106810,Vehicle Finance,2025-03-20,27649.52,38,727.62
C005500,106772,Credit Card,2026-06-14,3913.33,10,391.33
C005501,104921,Personal Loan,2025-03-21,11905.69,21,566.94
C005502,100619,Payroll Loan,2025-08-14,4299.5,27,159.24
C005503,109029,Credit Card,2026-06-13,4135.66,11,375.97
C005504,107704,Credit Card,2025-11-10,6584.35,7,940.62
C005505,106676,Vehicle Finance,2025-08-23,21871.52,24,911.31
C005506,105451,Credit Card,2025-01-21,6531.04,18,362.84
C005507,105666,Vehicle Finance,2025-04-02,45000.43,51,882.36
C005508,108741,Personal Loan,2025-04-05,2658.86,35,75.97
C005509,103106,Vehicle Finance,2025-12-19,54212.78,45,1204.73
C005510,106509,Vehicle Finance,2025-09-26,64845.65,49,1323.38
C005511,109934,Personal Loan,2025-12-18,8450.87,30,281.7
C005512,109937,Personal Loan,2025-09-05,6848.06,22,311.28
C005513,107547,Credit Card,2025-10-25,3713.63,9,412.63
C005514,107424,Credit Card,2025-05-16,3003.03,15,200.2
C005515,101150,Personal Loan,2025-01-19,3036.29,13,233.56
C005516,104426,Payroll Loan,2026-03-15,7010.84,45,155.8
C005517,108362,Personal Loan,2025-08-16,11770.77,29,405.89
C005518,102388,Credit Card,2026-05-11,5061.34,9,562.37
C005519,103419,Payroll Loan,2025-05-04,9024.71,43,209.88
C005520,106331,Credit Card,2025-06-08,5912.97,6,985.5
C005521,109663,Vehicle Finance,2025-08-04,42822.31,31,1381.36
C005522,104974,Payroll Loan,2026-01-13,8708.85,15,580.59
C005523,108033,Credit Card,2025-02-25,11280.6,20,564.03
C005524,104323,Personal Loan,2025-03-29,5470.67,28,195.38
C005525,106544,Credit Card,2025-03-28,3576.25,7,510.89
C005526,108284,Personal Loan,2025-02-26,9359.91,26,360.0
C005527,108799,Personal Loan,2025-07-17,3493.08,12,291.09
C005528,109173,Vehicle Finance,2025-04-08,43762.0,59,741.73
C005529,108652,Vehicle Finance,2026-02-03,43251.54,40,1081.29
C005530,104570,Personal Loan,2025-03-22,7655.33,30,255.18
C005531,101037,Personal Loan,2025-01-06,8846.83,33,268.09
C005532,100310,Credit Card,2025-09-24,4323.18,20,216.16
C005533,109934,Vehicle Finance,2025-03-26,20211.53,43,470.04
C005534,108792,Credit Card,2025-04-25,5035.09,21,239.77
C005535,102945,Credit Card,2025-10-20,1641.16,24,68.38
C005536,100436,Payroll Loan,2025-05-20,17086.85,31,551.19
C005537,105842,Vehicle Finance,2025-02-12,15202.65,40,380.07
C005538,104493,Credit Card,2025-05-02,2276.51,23,98.98
C005539,104936,Credit Card,2026-05-02,5683.62,6,947.27
C005540,103319,Credit Card,2025-12-17,7462.66,23,324.46
C005541,100069,Credit Card,2025-07-15,2493.73,23,108.42
C005542,103610,Credit Card,2026-05-19,3089.66,11,280.88
C005543,104086,Credit Card,2025-11-26,4533.76,6,755.63
C005544,106396,Credit Card,2025-06-01,6174.39,11,561.31
C005545,102347,Personal Loan,2025-03-09,8201.97,24,341.75
C005546,108558,Credit Card,2025-05-14,4308.72,14,307.77
C005547,108203,Credit Card,2026-06-20,2984.02,14,213.14
C005548,107201,Payroll Loan,2025-03-09,10579.39,18,587.74
C005549,103769,Personal Loan,2025-12-09,6046.7,15,403.11
C005550,104357,Vehicle Finance,2026-06-22,26005.63,53,490.67
C005551,109412,Credit Card,2025-11-25,10026.42,12,835.54
C005552,107712,Payroll Loan,2026-03-26,13327.43,48,277.65
C005553,105708,Payroll Loan,2025-09-24,12581.08,47,267.68
C005554,106463,Credit Card,2025-07-19,3562.56,8,445.32
C005555,109754,Credit Card,2025-05-03,5650.22,18,313.9
C005556,104911,Vehicle Finance,2025-01-12,86360.24,26,3321.55
C005557,103604,Personal Loan,2025-11-03,15414.56,15,1027.64
C005558,103341,Vehicle Finance,2025-10-17,60349.03,47,1284.02
C005559,108720,Payroll Loan,2026-03-26,4992.87,17,293.7
C005560,104878,Vehicle Finance,2025-04-17,15819.53,52,304.22
C005561,103718,Credit Card,2025-05-20,4714.65,21,224.51
C005562,107865,Payroll Loan,2025-01-08,17691.58,33,536.11
C005563,108488,Personal Loan,2025-09-14,7316.42,20,365.82
C005564,106856,Personal Loan,2025-08-03,12241.33,27,453.38
C005565,108722,Credit Card,2025-02-02,3804.09,17,223.77
C005566,108081,Vehicle Finance,2025-12-28,12669.36,54,234.62
C005567,106713,Credit Card,2025-04-29,6697.91,18,372.11
C005568,109847,Vehicle Finance,2026-03-05,56119.66,41,1368.77
C005569,103759,Vehicle Finance,2025-12-30,29639.73,43,689.3
C005570,109705,Payroll Loan,2025-05-22,4564.42,24,190.18
C005571,103361,Vehicle Finance,2025-04-16,31314.76,56,559.19
C005572,109187,Credit Card,2025-09-22,1719.82,15,114.65
C005573,106933,Payroll Loan,2026-03-26,18275.94,35,522.17
C005574,107544,Vehicle Finance,2026-02-02,27840.36,45,618.67
C005575,109902,Personal Loan,2025-05-22,9071.03,27,335.96
C005576,109933,Credit Card,2026-06-25,7644.75,6,1274.12
C005577,109164,Credit Card,2025-03-27,4984.54,6,830.76
C005578,104749,Vehicle Finance,2026-05-19,15318.31,45,340.41
C005579,104739,Credit Card,2025-04-04,4314.3,24,179.76
C005580,101435,Credit Card,2025-06-21,8338.02,6,1389.67
C005581,103815,Personal Loan,2025-11-03,5184.61,24,216.03
C005582,108073,Personal Loan,2025-08-14,2517.25,15,167.82
C005583,105901,Credit Card,2025-02-23,4821.11,13,370.85
C005584,101731,Vehicle Finance,2026-05-22,32880.74,28,1174.31
C005585,103096,Personal Loan,2025-09-03,14107.04,30,470.23
C005586,105131,Personal Loan,2025-11-04,4952.32,15,330.15
C005587,102920,Personal Loan,2026-05-02,4506.9,15,300.46
C005588,109016,Personal Loan,2025-01-07,2870.07,33,86.97
C005589,108187,Credit Card,2025-09-22,3339.21,6,556.54
C005590,107846,Payroll Loan,2026-01-27,8867.62,21,422.27
C005591,108193,Credit Card,2026-03-05,4353.86,17,256.11
C005592,103157,Vehicle Finance,2025-09-10,33192.95,35,948.37
C005593,101499,Credit Card,2025-11-28,2873.6,17,169.04
C005594,102335,Credit Card,2026-02-20,3972.34,21,189.16
C005595,101486,Personal Loan,2025-04-23,8835.8,29,304.68
C005596,106085,Vehicle Finance,2026-05-15,26513.63,55,482.07
C005597,102393,Vehicle Finance,2026-01-19,92708.6,50,1854.17
C005598,107564,Personal Loan,2025-07-22,4683.28,36,130.09
C005599,108101,Payroll Loan,2025-03-24,8143.44,12,678.62
C005600,107645,Personal Loan,2025-09-11,15538.46,22,706.29
C005601,103054,Credit Card,2025-09-16,6534.45,22,297.02
C005602,107660,Personal Loan,2025-08-28,9394.74,24,391.45
C005603,101838,Vehicle Finance,2025-10-24,54270.07,38,1428.16
C005604,100029,Credit Card,2025-07-30,3674.09,13,282.62
C005605,106799,Credit Card,2025-11-19,6501.77,10,650.18
C005606,107011,Personal Loan,2025-09-21,2476.43,31,79.88
C005607,107972,Credit Card,2026-04-25,2437.24,10,243.72
C005608,106575,Credit Card,2025-12-06,2784.66,24,116.03
C005609,104904,Personal Loan,2025-11-28,7431.99,24,309.67
C005610,104013,Credit Card,2025-01-05,4881.68,19,256.93
C005611,107066,Credit Card,2025-06-07,12699.44,8,1587.43
C005612,109987,Credit Card,2026-04-19,3111.46,6,518.58
C005613,104202,Personal Loan,2025-07-05,3170.95,20,158.55
C005614,104489,Vehicle Finance,2026-04-21,82366.13,32,2573.94
C005615,102438,Credit Card,2025-03-08,2727.92,11,247.99
C005616,100703,Vehicle Finance,2025-04-11,31798.78,26,1223.03
C005617,107185,Credit Card,2025-01-29,3462.94,18,192.39
C005618,100597,Personal Loan,2025-03-07,14283.45,13,1098.73
C005619,100619,Vehicle Finance,2025-02-11,42569.15,28,1520.33
C005620,104260,Personal Loan,2026-01-22,21000.0,29,724.14
C005621,106540,Vehicle Finance,2025-12-28,25581.92,60,426.37
C005622,106160,Payroll Loan,2026-06-04,5302.54,41,129.33
C005623,109871,Vehicle Finance,2025-02-17,82095.32,30,2736.51
C005624,109991,Payroll Loan,2025-03-23,2750.0,36,76.39
C005625,103712,Credit Card,2025-11-25,2472.28,8,309.04
C005626,104356,Payroll Loan,2026-03-25,4221.08,34,124.15
C005627,103129,Payroll Loan,2025-12-12,10444.48,21,497.36
C005628,105734,Payroll Loan,2026-06-03,14795.95,17,870.35
C005629,106040,Personal Loan,2026-01-22,21000.0,14,1500.0
C005630,108432,Payroll Loan,2026-03-24,6633.15,30,221.1
C005631,103471,Personal Loan,2025-04-21,4321.14,26,166.2
C005632,107098,Payroll Loan,2025-10-28,3031.35,15,202.09
C005633,101233,Vehicle Finance,2025-06-30,42725.21,59,724.16
C005634,109111,Personal Loan,2026-05-19,7356.99,36,204.36
C005635,101045,Payroll Loan,2026-03-12,21966.25,40,549.16
C005636,106394,Credit Card,2025-01-07,7991.42,20,399.57
C005637,101426,Credit Card,2025-05-12,4935.07,22,224.32
C005638,109380,Payroll Loan,2026-04-16,8355.28,48,174.07
C005639,108550,Payroll Loan,2026-06-28,27464.93,48,572.19
C005640,106412,Credit Card,2026-01-14,3166.58,23,137.68
C005641,104187,Credit Card,2026-02-14,9306.3,19,489.81
C005642,101281,Personal Loan,2025-08-01,9197.28,22,418.06
C005643,109665,Credit Card,2026-05-17,2829.73,12,235.81
C005644,103436,Vehicle Finance,2026-04-15,91600.94,50,1832.02
C005645,101160,Credit Card,2026-01-20,5230.37,23,227.41
C005646,104636,Credit Card,2026-02-07,3871.93,6,645.32
C005647,100604,Credit Card,2025-03-05,4185.39,14,298.96
C005648,108010,Personal Loan,2026-03-11,8648.03,26,332.62
C005649,104236,Personal Loan,2026-05-11,4829.03,21,229.95
C005650,102971,Personal Loan,2025-06-05,8988.78,20,449.44
C005651,102573,Credit Card,2026-04-12,8461.64,21,402.94
C005652,104928,Vehicle Finance,2025-11-11,27262.79,51,534.56
C005653,100838,Credit Card,2026-06-27,4065.43,20,203.27
C005654,102243,Credit Card,2025-07-15,5920.05,15,394.67
C005655,103325,Payroll Loan,2026-04-16,16069.36,44,365.21
C005656,103745,Credit Card,2025-12-24,7893.42,13,607.19
C005657,100142,Payroll Loan,2025-09-08,7938.28,20,396.91
C005658,102803,Credit Card,2026-02-09,2636.3,20,131.82
C005659,103812,Vehicle Finance,2025-08-08,35030.88,26,1347.34
C005660,109396,Personal Loan,2025-12-20,9610.42,13,739.26
C005661,108903,Vehicle Finance,2025-09-30,31013.09,39,795.21
C005662,109044,Personal Loan,2026-04-25,2708.28,19,142.54
C005663,101807,Credit Card,2025-10-27,5738.73,22,260.85
C005664,107305,Vehicle Finance,2025-03-12,35460.4,51,695.3
C005665,100052,Personal Loan,2026-01-02,13236.72,30,441.22
C005666,101226,Payroll Loan,2025-10-29,20587.06,17,1211.0
C005667,100272,Personal Loan,2025-12-03,3991.58,32,124.74
C005668,109424,Payroll Loan,2025-10-20,7053.29,12,587.77
C005669,103012,Payroll Loan,2026-03-11,23592.84,43,548.67
C005670,101568,Personal Loan,2026-02-13,4029.95,29,138.96
C005671,101142,Vehicle Finance,2026-01-26,70716.73,60,1178.61
C005672,100546,Credit Card,2025-09-22,3062.24,17,180.13
C005673,101025,Vehicle Finance,2025-05-29,49400.6,46,1073.93
C005674,100442,Personal Loan,2025-05-19,4685.07,21,223.1
C005675,105927,Vehicle Finance,2025-06-14,35395.59,29,1220.54
C005676,102800,Credit Card,2025-05-19,2817.17,17,165.72
C005677,109598,Personal Loan,2026-02-04,6900.18,13,530.78
C005678,101611,Personal Loan,2025-07-02,11964.63,12,997.05
C005679,101897,Vehicle Finance,2026-05-11,20250.8,54,375.01
C005680,101707,Payroll Loan,2025-08-15,9095.87,23,395.47
C005681,103420,Payroll Loan,2026-03-17,7558.23,26,290.7
C005682,102840,Payroll Loan,2026-01-10,15628.39,35,446.53
C005683,109605,Vehicle Finance,2026-06-28,46218.81,36,1283.86
C005684,108821,Personal Loan,2025-08-18,5728.57,14,409.18
C005685,100899,Payroll Loan,2025-02-23,9502.58,43,220.99
C005686,109050,Payroll Loan,2025-05-01,6801.67,47,144.72
C005687,109839,Personal Loan,2025-03-05,18218.07,21,867.53
C005688,109063,Vehicle Finance,2025-03-16,20397.0,39,523.0
C005689,109102,Credit Card,2026-03-22,5944.82,18,330.27
C005690,107825,Credit Card,2026-01-20,3117.57,6,519.6
C005691,102709,Credit Card,2025-07-20,5530.44,17,325.32
C005692,106597,Payroll Loan,2025-03-02,4161.1,25,166.44
C005693,102402,Personal Loan,2026-05-04,5378.89,23,233.86
C005694,105893,Payroll Loan,2025-06-12,7854.48,18,436.36
C005695,100076,Personal Loan,2025-10-26,9141.14,16,571.32
C005696,109939,Credit Card,2025-04-27,5287.48,14,377.68
C005697,100020,Credit Card,2026-01-01,5122.2,7,731.74
C005698,103123,Credit Card,2025-02-16,3130.18,12,260.85
C005699,101043,Vehicle Finance,2025-06-23,67524.27,48,1406.76
C005700,107343,Personal Loan,2026-04-28,6940.76,27,257.07
C005701,106257,Payroll Loan,2025-01-11,12833.15,27,475.3
C005702,100650,Personal Loan,2025-02-09,5522.14,20,276.11
C005703,105842,Personal Loan,2025-11-18,7650.22,29,263.8
C005704,100879,Personal Loan,2025-05-10,2174.6,26,83.64
C005705,106699,Vehicle Finance,2025-07-07,28197.17,60,469.95
C005706,105851,Credit Card,2025-04-04,2206.76,22,100.31
C005707,100522,Credit Card,2025-03-09,5623.85,7,803.41
C005708,108571,Personal Loan,2026-04-11,4969.7,33,150.6
C005709,100756,Payroll Loan,2025-12-25,9903.21,43,230.31
C005710,109021,Personal Loan,2026-05-04,7100.77,14,507.2
C005711,107035,Payroll Loan,2026-05-26,10340.2,21,492.39
C005712,100276,Vehicle Finance,2025-10-30,79170.39,42,1885.01
C005713,103454,Credit Card,2025-01-30,3106.37,14,221.88
C005714,102844,Credit Card,2026-01-18,3208.07,14,229.15
C005715,109070,Credit Card,2026-03-25,4520.55,18,251.14
C005716,108555,Payroll Loan,2026-04-06,18483.14,41,450.81
C005717,103743,Credit Card,2026-02-20,3652.76,7,521.82
C005718,105506,Credit Card,2025-06-18,5112.77,17,300.75
C005719,102062,Personal Loan,2025-01-20,7484.24,28,267.29
C005720,101656,Credit Card,2025-10-10,4452.22,22,202.37
C005721,102613,Credit Card,2026-02-10,3041.94,24,126.75
C005722,104566,Payroll Loan,2025-01-05,23317.3,40,582.93
C005723,100136,Credit Card,2026-01-25,3402.99,11,309.36
C005724,107890,Vehicle Finance,2025-05-17,61345.53,60,1022.43
C005725,107689,Vehicle Finance,2025-02-27,26106.1,60,435.1
C005726,107772,Vehicle Finance,2025-10-13,18330.18,58,316.04
C005727,107319,Credit Card,2026-05-27,5429.79,14,387.84
C005728,108590,Credit Card,2025-07-02,6715.21,14,479.66
C005729,101245,Credit Card,2025-10-20,4564.75,8,570.59
C005730,100215,Credit Card,2025-03-19,2619.82,14,187.13
C005731,104214,Vehicle Finance,2025-10-27,41996.56,51,823.46
C005732,103086,Credit Card,2025-02-20,5910.96,14,422.21
C005733,107974,Payroll Loan,2026-05-23,6900.86,48,143.77
C005734,103032,Vehicle Finance,2026-04-10,29436.38,33,892.01
C005735,104567,Personal Loan,2025-06-19,7816.15,22,355.28
C005736,102591,Vehicle Finance,2026-02-15,79725.68,40,1993.14
C005737,108333,Personal Loan,2025-10-29,5018.19,13,386.01
C005738,104366,Personal Loan,2026-03-06,3695.5,19,194.5
C005739,106569,Credit Card,2025-05-05,2129.88,12,177.49
C005740,104145,Personal Loan,2026-01-07,10001.86,36,277.83
C005741,107203,Personal Loan,2026-05-22,11181.63,23,486.16
C005742,103999,Credit Card,2025-04-06,7652.2,8,956.52
C005743,109053,Personal Loan,2025-10-24,8458.2,19,445.17
C005744,104360,Payroll Loan,2026-02-07,33000.0,19,1736.84
C005745,103394,Credit Card,2026-02-12,3091.7,14,220.84
C005746,103122,Credit Card,2025-10-31,5631.52,18,312.86
C005747,107961,Credit Card,2025-11-08,7254.27,19,381.8
C005748,109812,Credit Card,2025-01-09,5235.2,13,402.71
C005749,105521,Credit Card,2025-11-17,3393.56,9,377.06
C005750,105706,Payroll Loan,2025-01-28,5606.79,18,311.49
C005751,109398,Personal Loan,2025-04-21,14075.1,17,827.95
C005752,104636,Vehicle Finance,2025-04-30,65908.14,37,1781.3
C005753,108497,Credit Card,2025-11-07,1770.26,20,88.51
C005754,102397,Vehicle Finance,2026-03-07,62095.72,34,1826.34
C005755,101237,Personal Loan,2025-07-09,3787.1,19,199.32
C005756,102556,Personal Loan,2025-11-24,7555.45,35,215.87
C005757,101109,Vehicle Finance,2025-08-21,29921.2,30,997.37
C005758,107594,Vehicle Finance,2025-11-23,18906.72,28,675.24
C005759,101403,Payroll Loan,2025-03-04,26776.38,41,653.08
C005760,104154,Credit Card,2026-06-24,3707.11,19,195.11
C005761,107506,Personal Loan,2025-07-03,8815.12,14,629.65
C005762,103257,Credit Card,2025-09-28,3626.99,18,201.5
C005763,108752,Personal Loan,2025-11-01,11728.27,27,434.38
C005764,101861,Personal Loan,2025-09-09,8362.23,15,557.48
C005765,107257,Personal Loan,2025-09-02,5550.31,27,205.57
C005766,109942,Personal Loan,2025-09-10,13136.36,13,1010.49
C005767,103125,Payroll Loan,2026-04-11,7518.47,15,501.23
C005768,103620,Vehicle Finance,2025-06-20,31612.79,45,702.51
C005769,107228,Personal Loan,2025-08-29,6724.08,18,373.56
C005770,101927,Credit Card,2025-04-30,3673.58,17,216.09
C005771,106305,Credit Card,2026-01-17,4458.57,7,636.94
C005772,107376,Payroll Loan,2025-02-08,19675.52,28,702.7
C005773,109526,Credit Card,2025-10-27,2501.82,18,138.99
C005774,109031,Payroll Loan,2025-06-20,11897.88,36,330.5
C005775,102424,Credit Card,2025-08-24,13500.0,22,613.64
C005776,107567,Credit Card,2025-03-06,2391.23,8,298.9
C005777,107879,Vehicle Finance,2025-08-16,20139.27,45,447.54
C005778,103723,Personal Loan,2025-03-23,1773.0,19,93.32
C005779,108887,Vehicle Finance,2026-04-26,19328.03,26,743.39
C005780,107327,Credit Card,2025-11-14,11910.23,24,496.26
C005781,104225,Personal Loan,2026-05-04,6614.38,28,236.23
C005782,103191,Personal Loan,2025-05-02,12325.08,35,352.15
C005783,101238,Vehicle Finance,2025-07-27,72958.21,28,2605.65
C005784,104877,Vehicle Finance,2025-04-02,51919.57,57,910.87
C005785,100879,Credit Card,2025-09-03,8097.88,15,539.86
C005786,101024,Personal Loan,2025-10-15,4787.7,15,319.18
C005787,106725,Personal Loan,2025-02-14,5250.39,13,403.88
C005788,102856,Personal Loan,2025-01-05,4546.32,30,151.54
C005789,105707,Personal Loan,2025-01-10,9858.74,32,308.09
C005790,105083,Credit Card,2025-11-10,2268.12,13,174.47
C005791,105674,Vehicle Finance,2025-11-14,45074.05,38,1186.16
C005792,100735,Credit Card,2025-07-30,4153.85,12,346.15
C005793,105619,Vehicle Finance,2025-01-02,36456.73,26,1402.18
C005794,107340,Credit Card,2025-06-06,7635.11,15,509.01
C005795,108001,Personal Loan,2025-03-10,9452.85,13,727.14
C005796,104129,Credit Card,2025-02-04,7634.57,7,1090.65
C005797,104564,Personal Loan,2025-04-29,6564.4,16,410.28
C005798,105302,Credit Card,2025-05-11,4753.64,14,339.55
C005799,106413,Payroll Loan,2025-03-13,31100.2,16,1943.76
C005800,104596,Credit Card,2026-02-18,5279.93,11,479.99
C005801,106482,Personal Loan,2026-06-04,19598.4,29,675.81
C005802,107109,Personal Loan,2025-08-19,5825.62,24,242.73
C005803,107357,Personal Loan,2025-06-08,2134.15,27,79.04
C005804,106362,Personal Loan,2025-12-17,7780.44,34,228.84
C005805,109659,Credit Card,2025-08-09,7006.08,6,1167.68
C005806,107051,Credit Card,2026-04-07,3052.43,10,305.24
C005807,109560,Credit Card,2026-02-27,5382.15,24,224.26
C005808,102323,Personal Loan,2026-04-06,14297.04,36,397.14
C005809,106516,Personal Loan,2025-04-26,15397.38,20,769.87
C005810,106279,Personal Loan,2026-03-19,4399.7,14,314.26
C005811,103608,Vehicle Finance,2025-07-25,45345.46,58,781.82
C005812,105210,Personal Loan,2025-03-18,6803.49,36,188.99
C005813,104087,Payroll Loan,2025-10-04,13505.42,21,643.12
C005814,100744,Personal Loan,2026-01-17,2980.99,20,149.05
C005815,103807,Vehicle Finance,2026-02-25,32056.56,41,781.87
C005816,100556,Payroll Loan,2025-04-10,12447.14,37,336.41
C005817,108821,Payroll Loan,2026-01-30,7685.76,25,307.43
C005818,105810,Personal Loan,2025-12-18,6802.63,18,377.92
C005819,105996,Credit Card,2026-06-07,4562.5,7,651.79
C005820,105841,Payroll Loan,2025-08-24,13473.45,38,354.56
C005821,103691,Personal Loan,2026-01-27,6120.48,29,211.05
C005822,107727,Credit Card,2026-05-26,3527.59,18,195.98
C005823,104062,Payroll Loan,2026-01-03,6253.18,42,148.89
C005824,107650,Payroll Loan,2025-07-27,7788.55,28,278.16
C005825,104777,Payroll Loan,2026-05-17,6467.82,31,208.64
C005826,104557,Credit Card,2026-03-21,6683.84,17,393.17
C005827,102722,Credit Card,2025-01-17,4142.47,7,591.78
C005828,104289,Personal Loan,2025-05-03,5421.65,33,164.29
C005829,102377,Payroll Loan,2025-11-13,14166.14,47,301.41
C005830,103886,Credit Card,2025-01-14,1795.23,8,224.4
C005831,103590,Vehicle Finance,2025-05-05,31686.4,41,772.84
C005832,109427,Payroll Loan,2026-02-19,6111.06,36,169.75
C005833,103848,Personal Loan,2025-08-22,5114.64,25,204.59
C005834,106894,Payroll Loan,2026-01-22,9268.13,34,272.59
C005835,103417,Credit Card,2025-09-21,5045.15,20,252.26
C005836,103490,Personal Loan,2025-04-15,8631.42,30,287.71
C005837,103667,Vehicle Finance,2026-06-18,12665.51,40,316.64
C005838,107033,Credit Card,2025-04-26,4303.96,7,614.85
C005839,102038,Credit Card,2025-06-30,4456.16,17,262.13
C005840,105401,Vehicle Finance,2026-05-05,16586.78,29,571.96
C005841,105045,Personal Loan,2025-07-06,7669.42,29,264.46
C005842,105759,Personal Loan,2025-08-26,5473.62,18,304.09
C005843,100919,Payroll Loan,2025-08-27,9692.45,18,538.47
C005844,109149,Vehicle Finance,2025-11-07,58459.56,45,1299.1
C005845,102672,Vehicle Finance,2026-02-17,20140.6,32,629.39
C005846,106065,Personal Loan,2025-03-03,21000.0,14,1500.0
C005847,103254,Vehicle Finance,2025-08-10,29599.88,46,643.48
C005848,109063,Payroll Loan,2025-02-28,9970.59,36,276.96
C005849,109727,Vehicle Finance,2025-11-01,62466.32,31,2015.04
C005850,105301,Credit Card,2026-02-17,1710.35,15,114.02
C005851,108869,Payroll Loan,2025-08-30,19878.24,36,552.17
C005852,107662,Payroll Loan,2025-06-20,9739.3,16,608.71
C005853,109657,Payroll Loan,2025-06-28,11297.1,33,342.34
C005854,105281,Payroll Loan,2026-02-05,9913.65,18,550.76
C005855,106387,Credit Card,2026-06-06,5049.03,16,315.56
C005856,105656,Payroll Loan,2025-02-24,11149.59,25,445.98
C005857,107188,Credit Card,2025-07-08,1513.48,10,151.35
C005858,104303,Payroll Loan,2025-01-08,11228.2,27,415.86
C005859,104167,Payroll Loan,2026-05-29,11732.9,12,977.74
C005860,106575,Credit Card,2025-08-16,10814.11,8,1351.76
C005861,108976,Personal Loan,2026-02-22,5436.46,20,271.82
C005862,100677,Payroll Loan,2025-08-02,8563.75,25,342.55
C005863,109418,Credit Card,2025-09-15,5530.99,9,614.55
C005864,106833,Payroll Loan,2026-06-12,24133.7,37,652.26
C005865,100220,Vehicle Finance,2025-02-17,44617.74,36,1239.38
C005866,105221,Credit Card,2025-01-17,3731.03,20,186.55
C005867,109183,Payroll Loan,2026-04-26,7409.91,33,224.54
C005868,107249,Personal Loan,2025-12-04,6865.32,28,245.19
C005869,105582,Vehicle Finance,2026-04-13,28487.37,29,982.32
C005870,100106,Payroll Loan,2026-03-25,33000.0,23,1434.78
C005871,104448,Vehicle Finance,2025-11-28,33728.59,37,911.58
C005872,102915,Credit Card,2025-07-10,3825.55,17,225.03
C005873,108252,Credit Card,2025-07-09,4264.21,15,284.28
C005874,105671,Vehicle Finance,2026-01-10,26467.54,53,499.39
C005875,102666,Vehicle Finance,2025-02-11,26704.08,47,568.17
C005876,104640,Payroll Loan,2026-03-07,5558.43,37,150.23
C005877,106798,Credit Card,2025-11-28,2005.55,6,334.26
C005878,101093,Payroll Loan,2025-06-08,5103.48,35,145.81
C005879,104916,Payroll Loan,2025-08-26,9305.84,48,193.87
C005880,100538,Personal Loan,2026-03-13,4195.45,25,167.82
C005881,101801,Payroll Loan,2025-01-03,19905.24,45,442.34
C005882,104038,Personal Loan,2026-06-14,3006.44,35,85.9
C005883,105942,Payroll Loan,2025-08-12,8771.73,38,230.83
C005884,104163,Vehicle Finance,2025-06-20,56320.58,31,1816.79
C005885,109293,Personal Loan,2025-05-13,8561.88,34,251.82
C005886,103799,Credit Card,2025-04-17,4886.89,24,203.62
C005887,106297,Payroll Loan,2025-07-29,8286.35,19,436.12
C005888,109393,Payroll Loan,2026-05-16,5530.74,39,141.81
C005889,106550,Personal Loan,2026-06-15,11035.93,14,788.28
C005890,102058,Credit Card,2025-01-12,2812.92,7,401.85
C005891,100112,Personal Loan,2025-04-07,6464.13,26,248.62
C005892,107156,Personal Loan,2025-03-14,8554.08,17,503.18
C005893,102080,Personal Loan,2026-01-20,8176.51,23,355.5
C005894,101817,Credit Card,2025-07-31,5818.25,21,277.06
C005895,108356,Personal Loan,2025-11-24,7893.31,21,375.87
C005896,100448,Credit Card,2026-01-09,6157.9,15,410.53
C005897,103158,Payroll Loan,2026-06-15,10975.11,45,243.89
C005898,106214,Credit Card,2026-05-23,6719.59,9,746.62
C005899,109149,Personal Loan,2026-04-20,6015.53,22,273.43
C005900,108434,Payroll Loan,2025-10-21,24190.19,48,503.96
C005901,106582,Credit Card,2025-06-11,11668.29,11,1060.75
C005902,103302,Credit Card,2026-03-04,2781.15,10,278.12
C005903,102298,Payroll Loan,2026-05-29,6650.5,23,289.15
C005904,105431,Personal Loan,2025-05-28,12165.9,36,337.94
C005905,106072,Personal Loan,2025-07-16,21000.0,28,750.0
C005906,106304,Personal Loan,2026-01-11,7164.87,12,597.07
C005907,109838,Personal Loan,2026-01-06,9228.25,19,485.7
C005908,106688,Personal Loan,2025-05-19,14041.69,13,1080.13
C005909,101653,Credit Card,2025-02-01,3456.57,8,432.07
C005910,106036,Personal Loan,2026-04-15,10976.23,22,498.92
C005911,108168,Credit Card,2026-02-09,5042.45,24,210.1
C005912,108969,Personal Loan,2025-07-15,2484.53,36,69.01
C005913,103759,Vehicle Finance,2025-03-15,19057.55,53,359.58
C005914,101830,Vehicle Finance,2026-02-01,83485.63,30,2782.85
C005915,103823,Personal Loan,2025-03-24,3822.05,12,318.5
C005916,107415,Payroll Loan,2025-07-31,3777.61,16,236.1
C005917,101952,Personal Loan,2025-07-08,4978.25,29,171.66
C005918,109469,Personal Loan,2025-11-12,11106.37,35,317.32
C005919,108235,Vehicle Finance,2025-12-12,27095.11,38,713.03
C005920,103496,Payroll Loan,2025-12-11,10604.08,35,302.97
C005921,104431,Credit Card,2026-04-18,2467.88,6,411.31
C005922,107783,Vehicle Finance,2025-05-07,41852.52,31,1350.08
C005923,106156,Vehicle Finance,2025-07-15,25502.87,53,481.19
C005924,106140,Payroll Loan,2025-06-12,19590.66,30,653.02
C005925,101784,Vehicle Finance,2026-01-10,25409.98,26,977.31
C005926,102762,Personal Loan,2025-05-22,3809.0,14,272.07
C005927,101877,Personal Loan,2026-01-21,21000.0,13,1615.38
C005928,104048,Payroll Loan,2025-08-27,6581.68,21,313.41
C005929,106019,Personal Loan,2025-12-18,7446.8,20,372.34
C005930,108766,Credit Card,2025-01-27,4618.07,18,256.56
C005931,109760,Credit Card,2025-11-29,3480.81,16,217.55
C005932,104809,Personal Loan,2026-06-26,4695.91,14,335.42
C005933,104185,Personal Loan,2026-03-09,5277.13,25,211.09
C005934,102932,Payroll Loan,2025-06-08,12030.01,28,429.64
C005935,108544,Payroll Loan,2025-08-13,14730.85,34,433.26
C005936,109965,Payroll Loan,2025-08-27,9641.77,37,260.59
C005937,104028,Credit Card,2025-03-19,7229.89,17,425.29
C005938,103019,Personal Loan,2025-05-30,17737.81,30,591.26
C005939,109964,Credit Card,2025-02-12,4735.91,17,278.58
C005940,100422,Credit Card,2025-08-02,1909.82,9,212.2
C005941,104642,Credit Card,2026-02-07,6228.17,12,519.01
C005942,101993,Vehicle Finance,2026-05-10,39447.04,54,730.5
C005943,105932,Credit Card,2025-11-07,2626.15,15,175.08
C005944,109665,Personal Loan,2026-01-15,3917.7,27,145.1
C005945,100747,Vehicle Finance,2026-04-26,48133.19,38,1266.66
C005946,103110,Vehicle Finance,2025-09-29,43541.99,35,1244.06
C005947,100427,Credit Card,2025-11-03,4151.17,15,276.74
C005948,108610,Credit Card,2026-01-08,4386.29,12,365.52
C005949,101260,Vehicle Finance,2025-03-08,33293.07,38,876.13
C005950,108720,Payroll Loan,2025-09-28,32311.13,19,1700.59
C005951,103439,Personal Loan,2025-10-15,6894.18,26,265.16
C005952,100217,Payroll Loan,2025-04-22,9526.94,42,226.83
C005953,104959,Personal Loan,2025-09-10,9945.56,19,523.45
C005954,107344,Vehicle Finance,2025-06-11,18515.56,29,638.47
C005955,102253,Personal Loan,2026-01-06,8054.07,34,236.88
C005956,105435,Vehicle Finance,2025-09-24,27763.28,47,590.71
C005957,103856,Vehicle Finance,2025-06-27,43648.76,52,839.4
C005958,106248,Vehicle Finance,2026-02-07,30896.45,60,514.94
C005959,101966,Personal Loan,2026-02-20,10947.57,21,521.31
C005960,104372,Personal Loan,2025-01-30,4028.37,21,191.83
C005961,109082,Personal Loan,2025-12-06,2413.6,21,114.93
C005962,101255,Vehicle Finance,2025-07-21,36940.42,52,710.39
C005963,102620,Vehicle Finance,2025-01-26,26595.16,52,511.45
C005964,101386,Personal Loan,2025-03-13,3679.84,25,147.19
C005965,104143,Credit Card,2025-05-17,5073.38,8,634.17
C005966,100261,Vehicle Finance,2025-12-25,33131.82,32,1035.37
C005967,100279,Personal Loan,2025-08-31,5387.26,15,359.15
C005968,102615,Personal Loan,2025-04-30,9791.39,13,753.18
C005969,107471,Personal Loan,2026-04-12,6369.33,12,530.78
C005970,106554,Personal Loan,2025-07-10,4356.51,17,256.27
C005971,105790,Personal Loan,2026-05-22,18715.62,23,813.72
C005972,102814,Personal Loan,2025-08-12,5392.4,12,449.37
C005973,109254,Personal Loan,2025-11-22,4069.43,22,184.97
C005974,103797,Credit Card,2025-08-20,3369.12,21,160.43
C005975,105949,Vehicle Finance,2025-07-15,26259.64,45,583.55
C005976,105887,Payroll Loan,2025-10-28,7486.56,26,287.94
C005977,109147,Payroll Loan,2025-10-27,17579.63,48,366.24
C005978,106351,Personal Loan,2025-03-01,4643.21,20,232.16
C005979,104437,Payroll Loan,2026-06-25,9601.25,21,457.2
C005980,108608,Credit Card,2026-03-18,6860.18,16,428.76
C005981,106511,Credit Card,2025-09-07,2960.38,15,197.36
C005982,103605,Credit Card,2025-10-26,3750.32,20,187.52
C005983,100334,Vehicle Finance,2025-11-23,31168.82,42,742.11
C005984,107290,Vehicle Finance,2025-10-20,70408.72,45,1564.64
C005985,107888,Credit Card,2025-08-15,5580.63,20,279.03
C005986,103453,Payroll Loan,2025-06-03,28516.16,18,1584.23
C005987,106007,Vehicle Finance,2025-04-01,34222.02,49,698.41
C005988,107106,Personal Loan,2025-01-03,6598.6,28,235.66
C005989,107714,Credit Card,2025-02-16,4176.0,14,298.29
C005990,109316,Credit Card,2025-11-29,4556.9,16,284.81
C005991,105959,Credit Card,2025-09-15,1682.9,6,280.48
C005992,103361,Vehicle Finance,2025-09-18,47222.73,44,1073.24
C005993,104534,Personal Loan,2026-02-16,8827.05,28,315.25
C005994,104953,Vehicle Finance,2025-08-06,18599.16,25,743.97
C005995,101839,Personal Loan,2025-07-14,12863.25,23,559.27
C005996,102486,Personal Loan,2025-10-25,5365.67,32,167.68
C005997,102035,Credit Card,2025-10-14,3391.1,11,308.28
C005998,105227,Personal Loan,2026-01-22,11390.44,16,711.9
C005999,104289,Payroll Loan,2026-06-17,13405.02,14,957.5
C006000,105176,Vehicle Finance,2025-10-26,31210.77,26,1200.41
C006001,100770,Personal Loan,2025-02-02,5414.82,29,186.72
C006002,108121,Vehicle Finance,2025-08-24,45636.89,56,814.94
C006003,108829,Vehicle Finance,2025-04-15,28518.53,26,1096.87
C006004,107815,Personal Loan,2026-06-26,9748.64,35,278.53
C006005,106957,Personal Loan,2025-09-25,9979.39,29,344.12
C006006,104144,Personal Loan,2025-11-18,4326.02,28,154.5
C006007,101186,Credit Card,2025-10-04,4500.62,9,500.07
C006008,101718,Credit Card,2025-05-29,3390.15,11,308.2
C006009,103234,Vehicle Finance,2025-05-01,32989.16,59,559.14
C006010,102533,Personal Loan,2025-05-04,4359.93,20,218.0
C006011,103219,Credit Card,2025-10-14,9528.23,18,529.35
C006012,105021,Credit Card,2025-09-17,3644.71,7,520.67
C006013,104289,Credit Card,2025-07-27,6190.59,7,884.37
C006014,109700,Credit Card,2025-03-14,4821.35,11,438.3
C006015,101068,Vehicle Finance,2025-02-08,47123.73,34,1385.99
C006016,106790,Credit Card,2025-01-16,4215.67,21,200.75
C006017,102199,Vehicle Finance,2025-01-23,22125.87,35,632.17
C006018,102677,Personal Loan,2025-11-02,13679.13,21,651.39
C006019,104455,Personal Loan,2025-05-24,4826.46,17,283.91
C006020,109925,Personal Loan,2025-08-12,6123.78,36,170.1
C006021,109583,Vehicle Finance,2025-07-10,50369.59,30,1678.99
C006022,108356,Personal Loan,2026-03-19,4985.65,32,155.8
C006023,100524,Payroll Loan,2025-02-23,6430.36,29,221.74
C006024,104429,Vehicle Finance,2025-01-03,23769.98,26,914.23
C006025,108113,Personal Loan,2025-11-18,7453.05,15,496.87
C006026,106841,Payroll Loan,2026-01-26,13427.12,13,1032.86
C006027,103624,Payroll Loan,2025-06-25,18064.94,44,410.57
C006028,101152,Personal Loan,2026-01-25,10585.32,31,341.46
C006029,104777,Credit Card,2025-01-24,5820.19,23,253.05
C006030,109830,Credit Card,2026-04-02,6661.8,20,333.09
C006031,102928,Vehicle Finance,2025-08-15,114000.0,39,2923.08
C006032,101612,Credit Card,2026-03-21,2196.92,14,156.92
C006033,108141,Payroll Loan,2026-03-23,5326.89,36,147.97
C006034,108527,Vehicle Finance,2026-06-15,13763.5,51,269.87
C006035,107967,Vehicle Finance,2025-09-14,35175.44,55,639.55
C006036,104766,Credit Card,2025-03-12,4822.87,10,482.29
C006037,104679,Payroll Loan,2025-12-29,13421.38,20,671.07
C006038,107485,Payroll Loan,2025-07-03,9128.28,14,652.02
C006039,100731,Credit Card,2026-02-06,3261.62,7,465.95
C006040,103293,Credit Card,2026-06-06,2598.45,6,433.08
C006041,100837,Credit Card,2025-01-02,2982.9,8,372.86
C006042,105089,Personal Loan,2026-03-30,5743.47,33,174.04
C006043,109204,Payroll Loan,2025-01-07,8562.35,35,244.64
C006044,105960,Personal Loan,2026-03-19,6793.96,19,357.58
C006045,100425,Personal Loan,2026-06-04,5364.81,17,315.58
C006046,104129,Personal Loan,2025-11-07,4247.9,25,169.92
C006047,105895,Credit Card,2025-01-13,1125.0,18,62.5
C006048,104658,Personal Loan,2026-06-03,3632.71,14,259.48
C006049,104585,Vehicle Finance,2025-05-03,86939.82,45,1932.0
C006050,109758,Personal Loan,2025-08-25,2471.76,22,112.35
C006051,102005,Payroll Loan,2026-05-10,6711.78,26,258.15
C006052,104535,Payroll Loan,2025-07-07,24812.92,26,954.34
C006053,103742,Vehicle Finance,2025-02-25,59261.87,31,1911.67
C006054,101606,Payroll Loan,2026-06-24,5646.75,13,434.37
C006055,109924,Personal Loan,2026-04-18,10957.5,36,304.38
C006056,104865,Credit Card,2025-07-06,9886.38,16,617.9
C006057,104955,Personal Loan,2025-06-13,8977.16,20,448.86
C006058,109052,Payroll Loan,2026-05-09,5298.88,45,117.75
C006059,102765,Vehicle Finance,2026-06-10,52057.53,36,1446.04
C006060,102527,Credit Card,2025-07-30,6091.42,16,380.71
C006061,108694,Credit Card,2025-05-26,4125.89,17,242.7
C006062,103054,Credit Card,2026-02-01,5655.02,16,353.44
C006063,104304,Vehicle Finance,2025-10-30,41053.72,33,1244.05
C006064,102695,Credit Card,2025-09-23,8892.74,17,523.1
C006065,102723,Credit Card,2025-02-23,4095.89,15,273.06
C006066,103720,Personal Loan,2025-11-20,6557.07,26,252.2
C006067,102613,Personal Loan,2025-02-05,4315.75,31,139.22
C006068,104725,Credit Card,2026-05-08,5771.15,15,384.74
C006069,108117,Personal Loan,2025-05-29,21000.0,24,875.0
C006070,103347,Credit Card,2026-01-30,3521.87,17,207.17
C006071,102745,Payroll Loan,2025-03-21,4957.49,20,247.87
C006072,101865,Personal Loan,2026-03-14,7215.3,33,218.65
C006073,104273,Payroll Loan,2025-08-25,18480.77,42,440.02
C006074,103398,Credit Card,2025-09-04,5970.56,17,351.21
C006075,103990,Credit Card,2025-03-02,6900.06,22,313.64
C006076,104152,Personal Loan,2025-02-25,11244.86,34,330.73
C006077,105665,Payroll Loan,2026-03-27,12992.58,23,564.89
C006078,104896,Credit Card,2026-05-18,4985.97,12,415.5
C006079,101950,Credit Card,2025-11-08,4137.41,22,188.06
C006080,106554,Payroll Loan,2026-06-18,24499.94,46,532.61
C006081,105651,Personal Loan,2025-07-19,10959.44,23,476.5
C006082,107390,Personal Loan,2025-06-05,6826.64,15,455.11
C006083,107940,Personal Loan,2026-03-02,4320.5,36,120.01
C006084,108260,Payroll Loan,2026-04-22,20508.71,29,707.2
C006085,107211,Payroll Loan,2025-02-11,3639.9,28,130.0
C006086,102510,Vehicle Finance,2025-11-01,54420.49,30,1814.02
C006087,101146,Credit Card,2026-02-27,3594.59,22,163.39
C006088,106153,Payroll Loan,2025-07-16,6538.52,42,155.68
C006089,101813,Vehicle Finance,2025-08-16,25034.26,60,417.24
C006090,101839,Personal Loan,2025-01-15,6576.08,17,386.83
C006091,106634,Payroll Loan,2025-06-11,10988.52,33,332.99
C006092,106201,Personal Loan,2026-03-14,3968.27,19,208.86
C006093,101751,Vehicle Finance,2026-06-11,30641.51,36,851.15
C006094,109191,Credit Card,2026-06-21,3176.74,11,288.79
C006095,100914,Vehicle Finance,2025-09-26,51195.1,53,965.95
C006096,108712,Vehicle Finance,2025-04-24,41013.9,36,1139.28
C006097,108108,Payroll Loan,2026-06-24,13628.87,13,1048.37
C006098,106081,Credit Card,2025-01-04,5695.38,22,258.88
C006099,103394,Credit Card,2026-02-17,4825.08,23,209.79
C006100,102767,Personal Loan,2025-06-28,4400.97,18,244.5
C006101,105523,Personal Loan,2025-06-12,11498.88,29,396.51
C006102,101390,Personal Loan,2026-05-14,6463.31,23,281.01
C006103,107827,Credit Card,2026-05-06,3063.48,6,510.58
C006104,104460,Personal Loan,2026-04-19,3206.13,18,178.12
C006105,105350,Payroll Loan,2026-01-30,7525.69,30,250.86
C006106,103987,Payroll Loan,2025-08-28,4977.33,30,165.91
C006107,101246,Payroll Loan,2025-09-24,14412.99,30,480.43
C006108,106748,Personal Loan,2026-03-23,6190.88,14,442.21
C006109,106797,Credit Card,2026-05-27,5251.97,11,477.45
C006110,101064,Payroll Loan,2025-06-09,10093.94,26,388.23
C006111,103385,Vehicle Finance,2025-11-18,26707.74,36,741.88
C006112,100461,Vehicle Finance,2025-11-11,41394.77,46,899.89
C006113,103375,Personal Loan,2025-03-20,12363.04,15,824.2
C006114,107257,Payroll Loan,2026-01-02,13401.94,43,311.67
C006115,105692,Credit Card,2025-04-26,2615.77,20,130.79
C006116,106018,Payroll Loan,2025-03-03,9735.2,46,211.63
C006117,105948,Personal Loan,2025-11-15,6521.33,36,181.15
C006118,103541,Credit Card,2025-03-27,7486.36,17,440.37
C006119,104026,Personal Loan,2026-05-19,9463.28,32,295.73
C006120,107445,Personal Loan,2025-02-15,16499.52,25,659.98
C006121,107172,Payroll Loan,2026-06-08,7493.02,22,340.59
C006122,104435,Personal Loan,2026-06-28,7321.04,22,332.77
C006123,107423,Credit Card,2026-06-19,3431.81,16,214.49
C006124,107918,Vehicle Finance,2025-08-01,32356.08,49,660.33
C006125,104038,Payroll Loan,2025-09-30,12924.95,43,300.58
C006126,108376,Vehicle Finance,2025-06-22,92606.94,36,2572.42
C006127,101539,Credit Card,2026-06-08,3555.02,9,395.0
C006128,107466,Credit Card,2025-07-08,4752.88,13,365.61
C006129,105540,Vehicle Finance,2025-11-15,19096.28,24,795.68
C006130,109332,Payroll Loan,2026-06-13,10153.23,39,260.34
C006131,101971,Personal Loan,2025-02-28,6059.18,25,242.37
C006132,100721,Personal Loan,2025-01-14,3325.9,20,166.3
C006133,100494,Credit Card,2025-07-09,2877.05,17,169.24
C006134,101269,Vehicle Finance,2026-05-22,50936.29,36,1414.9
C006135,105365,Vehicle Finance,2025-03-11,29878.85,53,563.75
C006136,107914,Credit Card,2025-11-10,4823.98,13,371.08
C006137,108276,Credit Card,2026-01-10,1125.0,12,93.75
C006138,107292,Payroll Loan,2025-10-21,31660.81,17,1862.4
C006139,102895,Personal Loan,2025-07-22,12281.84,28,438.64
C006140,104262,Payroll Loan,2025-07-09,11520.63,12,960.05
C006141,100474,Credit Card,2025-06-12,8355.21,18,464.18
C006142,105328,Payroll Loan,2025-01-16,9881.94,22,449.18
C006143,107633,Credit Card,2026-05-10,5181.59,11,471.05
C006144,102039,Payroll Loan,2026-04-08,20808.27,37,562.39
C006145,105101,Credit Card,2026-04-02,2345.03,10,234.5
C006146,103408,Payroll Loan,2025-10-15,17897.38,31,577.33
C006147,108971,Credit Card,2025-06-18,3394.32,24,141.43
C006148,100777,Vehicle Finance,2025-01-03,84559.1,57,1483.49
C006149,107228,Vehicle Finance,2026-01-22,41823.45,40,1045.59
C006150,100343,Vehicle Finance,2026-01-20,18245.46,31,588.56
C006151,104522,Credit Card,2026-04-26,4197.97,8,524.75
C006152,106589,Personal Loan,2025-08-20,13686.92,18,760.38
C006153,104548,Personal Loan,2025-12-25,4558.83,27,168.85
C006154,105928,Personal Loan,2025-08-04,6765.17,24,281.88
C006155,106644,Credit Card,2026-06-05,3596.93,12,299.74
C006156,107007,Payroll Loan,2025-02-03,20821.33,27,771.16
C006157,100168,Personal Loan,2025-11-07,10575.68,31,341.15
C006158,103854,Personal Loan,2026-01-03,4909.71,26,188.84
C006159,105004,Credit Card,2025-01-27,6170.62,11,560.97
C006160,108052,Credit Card,2025-12-20,3668.93,15,244.6
C006161,106229,Credit Card,2026-06-08,2930.79,18,162.82
C006162,103767,Payroll Loan,2026-06-13,6152.69,18,341.82
C006163,108081,Credit Card,2025-02-12,3064.44,21,145.93
C006164,103080,Vehicle Finance,2025-02-28,14972.59,51,293.58
C006165,108322,Payroll Loan,2025-09-14,17273.14,26,664.35
C006166,105982,Personal Loan,2026-06-01,2894.67,25,115.79
C006167,107865,Personal Loan,2025-08-21,10894.95,14,778.21
C006168,105458,Personal Loan,2025-09-19,6910.04,24,287.92
C006169,107813,Personal Loan,2026-01-19,11592.68,12,966.06
C006170,107225,Vehicle Finance,2025-01-30,46571.33,52,895.6
C006171,105210,Personal Loan,2026-04-09,2483.84,27,91.99
C006172,104583,Payroll Loan,2026-02-17,11050.07,25,442.0
C006173,104551,Payroll Loan,2026-06-30,8712.22,16,544.51
C006174,109477,Payroll Loan,2025-08-14,10702.44,41,261.04
C006175,105996,Credit Card,2026-02-22,4192.21,14,299.44
C006176,104898,Credit Card,2025-02-19,3695.93,6,615.99
C006177,103315,Personal Loan,2025-06-09,6454.28,31,208.2
C006178,100163,Vehicle Finance,2025-03-11,47289.66,47,1006.16
C006179,101712,Credit Card,2025-12-01,5766.42,12,480.54
C006180,105780,Payroll Loan,2026-06-10,8703.04,47,185.17
C006181,100468,Personal Loan,2026-02-25,4034.04,18,224.11
C006182,107620,Vehicle Finance,2025-12-24,41676.92,52,801.48
C006183,103581,Vehicle Finance,2026-01-22,60761.6,43,1413.06
C006184,104997,Personal Loan,2026-06-05,6713.02,20,335.65
C006185,105694,Payroll Loan,2026-01-15,20161.27,46,438.29
C006186,103073,Payroll Loan,2026-02-28,20419.11,28,729.25
C006187,106033,Personal Loan,2025-05-25,5755.67,13,442.74
C006188,105505,Personal Loan,2025-12-08,8023.32,30,267.44
C006189,103297,Credit Card,2026-01-10,5551.71,23,241.38
C006190,106754,Personal Loan,2025-03-06,8505.65,19,447.67
C006191,102763,Credit Card,2026-01-19,4739.22,11,430.84
C006192,106264,Payroll Loan,2025-09-03,18903.66,19,994.93
C006193,100210,Vehicle Finance,2026-06-21,17840.58,51,349.82
C006194,104075,Payroll Loan,2025-05-12,6872.81,18,381.82
C006195,104259,Personal Loan,2025-09-19,7716.3,34,226.95
C006196,103819,Personal Loan,2025-03-29,7364.93,28,263.03
C006197,108750,Credit Card,2025-02-02,7332.85,22,333.31
C006198,108106,Credit Card,2025-09-27,3170.98,12,264.25
C006199,107129,Credit Card,2026-06-10,4608.55,7,658.36
C006200,102616,Credit Card,2025-06-21,5744.37,14,410.31
C006201,103991,Payroll Loan,2026-04-27,14592.21,46,317.22
C006202,103847,Vehicle Finance,2026-06-05,58436.72,24,2434.86
C006203,107263,Personal Loan,2026-03-20,10749.09,34,316.15
C006204,106624,Credit Card,2025-01-16,4091.5,11,371.95
C006205,101429,Vehicle Finance,2026-01-30,86745.93,59,1470.27
C006206,104146,Credit Card,2025-01-16,3023.22,6,503.87
C006207,105921,Personal Loan,2025-05-26,5921.37,19,311.65
C006208,103970,Credit Card,2025-12-07,3919.26,20,195.96
C006209,100627,Personal Loan,2026-06-03,4425.24,32,138.29
C006210,101249,Personal Loan,2025-02-20,12981.45,21,618.16
C006211,109786,Personal Loan,2026-06-06,3311.46,19,174.29
C006212,105140,Credit Card,2025-10-30,2711.82,11,246.53
C006213,101410,Credit Card,2026-02-10,2737.26,24,114.05
C006214,109891,Credit Card,2026-03-22,4502.85,10,450.28
C006215,109407,Personal Loan,2025-10-04,2661.15,26,102.35
C006216,108560,Personal Loan,2025-03-10,6462.17,31,208.46
C006217,105490,Personal Loan,2026-03-02,8945.89,12,745.49
C006218,107841,Vehicle Finance,2025-02-08,16201.67,41,395.16
C006219,109867,Vehicle Finance,2025-03-17,30934.98,40,773.37
C006220,104850,Credit Card,2026-06-04,6988.16,22,317.64
C006221,109920,Payroll Loan,2026-05-14,10045.31,46,218.38
C006222,108227,Payroll Loan,2026-04-15,19889.44,29,685.84
C006223,106286,Vehicle Finance,2026-05-29,27639.26,39,708.7
C006224,109128,Personal Loan,2025-05-15,8381.02,33,253.97
C006225,104007,Payroll Loan,2026-06-19,11064.02,13,851.08
C006226,102181,Credit Card,2025-09-21,2800.56,19,147.4
C006227,109549,Personal Loan,2025-02-23,7172.41,29,247.32
C006228,104966,Payroll Loan,2025-03-26,12523.08,47,266.45
C006229,106851,Personal Loan,2026-01-20,4747.29,27,175.83
C006230,108568,Vehicle Finance,2026-04-03,67576.52,28,2413.45
C006231,101560,Vehicle Finance,2025-08-02,39208.02,27,1452.15
C006232,108219,Personal Loan,2025-04-15,15218.22,19,800.96
C006233,106991,Personal Loan,2025-05-01,6492.1,30,216.4
C006234,108835,Personal Loan,2026-03-30,11138.52,34,327.6
C006235,102134,Credit Card,2026-03-24,4147.9,14,296.28
C006236,109581,Payroll Loan,2025-05-16,10262.19,26,394.7
C006237,101294,Payroll Loan,2025-01-25,12958.77,37,350.24
C006238,102872,Vehicle Finance,2025-03-02,67964.8,45,1510.33
C006239,105166,Credit Card,2025-08-08,7106.48,9,789.61
C006240,105853,Personal Loan,2025-04-27,5541.84,32,173.18
C006241,108688,Credit Card,2025-09-06,5833.88,17,343.17
C006242,101594,Vehicle Finance,2025-10-23,25541.35,54,472.99
C006243,109359,Credit Card,2025-02-17,7719.71,20,385.99
C006244,105254,Personal Loan,2026-04-29,8170.08,33,247.58
C006245,106746,Credit Card,2026-03-06,6187.53,9,687.5
C006246,100733,Credit Card,2025-01-22,4016.95,13,309.0
C006247,101720,Credit Card,2025-08-30,11829.53,13,909.96
C006248,104196,Personal Loan,2025-03-20,6304.88,26,242.5
C006249,105426,Vehicle Finance,2026-03-26,77824.66,28,2779.45
C006250,105207,Personal Loan,2025-10-29,7223.16,32,225.72
C006251,101598,Vehicle Finance,2025-04-14,34086.29,51,668.36
C006252,106963,Personal Loan,2025-02-19,5687.61,21,270.84
C006253,102272,Credit Card,2025-06-24,4026.22,16,251.64
C006254,102148,Personal Loan,2025-07-09,2485.0,12,207.08
C006255,101008,Personal Loan,2025-06-15,13940.91,30,464.7
C006256,108776,Payroll Loan,2025-07-24,8858.32,21,421.82
C006257,106829,Credit Card,2025-03-14,6527.07,9,725.23
C006258,100276,Credit Card,2025-09-24,5292.46,21,252.02
C006259,101302,Personal Loan,2025-06-07,4298.33,20,214.92
C006260,106147,Credit Card,2026-01-28,5078.55,7,725.51
C006261,106477,Credit Card,2026-02-27,3454.33,20,172.72
C006262,109126,Vehicle Finance,2025-05-15,77602.78,37,2097.37
C006263,109583,Payroll Loan,2025-03-13,5220.9,46,113.5
C006264,108656,Personal Loan,2025-06-28,6293.5,25,251.74
C006265,108465,Credit Card,2025-03-14,7435.7,6,1239.28
C006266,105243,Personal Loan,2025-08-25,6598.27,18,366.57
C006267,109479,Vehicle Finance,2026-05-23,48147.71,38,1267.04
C006268,101432,Personal Loan,2025-08-03,7916.63,27,293.21
C006269,105966,Credit Card,2026-04-16,4319.78,16,269.99
C006270,100977,Credit Card,2026-01-27,3348.53,16,209.28
C006271,107691,Payroll Loan,2026-04-21,23100.07,19,1215.79
C006272,107119,Personal Loan,2025-01-26,9749.49,13,749.96
C006273,109880,Credit Card,2026-01-21,5330.51,19,280.55
C006274,101248,Vehicle Finance,2025-03-22,27100.16,35,774.29
C006275,107120,Credit Card,2025-11-29,11082.71,18,615.71
C006276,100597,Personal Loan,2025-03-17,20458.18,22,929.92
C006277,100853,Credit Card,2026-04-21,3875.57,7,553.65
C006278,104482,Credit Card,2025-10-20,4259.37,24,177.47
C006279,109560,Payroll Loan,2025-11-13,16914.86,12,1409.57
C006280,101850,Credit Card,2025-02-16,3504.12,17,206.12
C006281,103110,Credit Card,2025-06-19,7406.6,14,529.04
C006282,108071,Vehicle Finance,2025-02-10,61839.64,52,1189.22
C006283,109880,Personal Loan,2026-04-15,3820.98,19,201.1
C006284,105420,Payroll Loan,2026-03-03,5597.78,32,174.93
C006285,103378,Credit Card,2025-12-10,4482.73,14,320.2
C006286,108552,Vehicle Finance,2026-06-20,72369.37,54,1340.17
C006287,105066,Payroll Loan,2026-04-14,7773.81,13,597.99
C006288,103895,Personal Loan,2025-01-20,8899.7,19,468.41
C006289,102304,Credit Card,2026-04-25,2064.54,11,187.69
C006290,109220,Personal Loan,2025-04-04,2552.66,15,170.18
C006291,104440,Vehicle Finance,2025-03-11,36111.09,35,1031.75
C006292,109773,Vehicle Finance,2025-10-05,51143.59,59,866.84
C006293,101935,Credit Card,2025-12-11,6207.67,17,365.16
C006294,105523,Vehicle Finance,2026-05-07,39423.49,36,1095.1
C006295,104255,Vehicle Finance,2025-10-12,44812.17,49,914.53
C006296,101871,Personal Loan,2025-10-03,5016.4,35,143.33
C006297,109811,Payroll Loan,2025-02-20,8361.31,28,298.62
C006298,100535,Personal Loan,2025-07-27,21000.0,24,875.0
C006299,100180,Vehicle Finance,2025-04-21,40687.43,49,830.36
C006300,109183,Vehicle Finance,2026-04-04,51238.13,56,914.97
C006301,102539,Vehicle Finance,2025-07-19,57034.39,52,1096.82
C006302,105092,Credit Card,2026-02-25,4275.18,20,213.76
C006303,101023,Payroll Loan,2025-02-02,12042.44,41,293.72
C006304,102019,Personal Loan,2026-03-13,5071.33,36,140.87
C006305,108356,Credit Card,2025-12-09,4487.23,13,345.17
C006306,103748,Personal Loan,2025-05-08,2314.01,15,154.27
C006307,108417,Personal Loan,2026-02-25,4002.22,34,117.71
C006308,109309,Personal Loan,2025-12-22,10547.81,23,458.6
C006309,109730,Payroll Loan,2025-12-21,4674.5,22,212.48
C006310,109609,Payroll Loan,2025-04-10,33000.0,13,2538.46
C006311,104170,Personal Loan,2025-09-15,13108.78,31,422.86
C006312,102063,Credit Card,2025-09-07,4847.48,11,440.68
C006313,107575,Personal Loan,2025-04-21,7843.13,28,280.11
C006314,105054,Credit Card,2026-04-04,7057.17,8,882.15
C006315,101506,Payroll Loan,2025-11-28,20085.15,38,528.56
C006316,108062,Payroll Loan,2026-03-11,15362.91,14,1097.35
C006317,108623,Credit Card,2026-06-05,3264.81,9,362.76
C006318,107224,Vehicle Finance,2025-10-31,84841.62,24,3535.07
C006319,104726,Vehicle Finance,2025-06-15,23936.66,51,469.35
C006320,106556,Personal Loan,2026-02-25,3447.9,25,137.92
C006321,101400,Personal Loan,2025-11-11,5035.74,26,193.68
C006322,108286,Personal Loan,2025-02-06,4340.56,27,160.76
C006323,108986,Credit Card,2025-07-09,2388.15,6,398.02
C006324,108148,Personal Loan,2026-03-30,2570.07,36,71.39
C006325,104434,Credit Card,2025-11-07,3100.85,9,344.54
C006326,106049,Credit Card,2026-03-10,4402.9,7,628.99
C006327,100186,Vehicle Finance,2026-06-13,74182.32,46,1612.66
C006328,104911,Payroll Loan,2026-02-09,12979.49,41,316.57
C006329,105897,Payroll Loan,2025-06-17,7575.43,48,157.82
C006330,108186,Personal Loan,2025-03-20,9694.4,35,276.98
C006331,108984,Payroll Loan,2025-04-27,7886.98,12,657.25
C006332,107638,Payroll Loan,2025-04-27,9124.83,42,217.26
C006333,101652,Vehicle Finance,2025-08-28,32133.44,45,714.08
C006334,101961,Vehicle Finance,2025-04-30,19775.15,43,459.89
C006335,108785,Personal Loan,2026-02-07,5159.87,31,166.45
C006336,105048,Personal Loan,2026-01-09,4904.42,25,196.18
C006337,108068,Payroll Loan,2025-02-25,14095.89,18,783.1
C006338,105920,Payroll Loan,2025-06-03,7975.57,14,569.68
C006339,100445,Credit Card,2025-02-23,6698.92,7,956.99
C006340,109656,Personal Loan,2025-03-14,10234.99,27,379.07
C006341,108762,Personal Loan,2025-12-04,9397.87,31,303.16
C006342,104780,Credit Card,2025-11-04,3604.77,8,450.6
C006343,102704,Personal Loan,2025-05-03,3437.22,24,143.22
C006344,102735,Credit Card,2025-07-14,3390.49,12,282.54
C006345,108097,Personal Loan,2026-05-17,12368.82,15,824.59
C006346,101916,Payroll Loan,2025-09-20,9871.43,27,365.61
C006347,105887,Personal Loan,2026-03-19,21000.0,36,583.33
C006348,109318,Personal Loan,2026-02-03,11922.29,27,441.57
C006349,105206,Personal Loan,2025-06-13,5124.39,14,366.03
C006350,105496,Vehicle Finance,2025-05-07,30942.53,27,1146.02
C006351,104430,Personal Loan,2026-05-17,12610.06,14,900.72
C006352,102515,Credit Card,2026-05-10,13500.0,10,1350.0
C006353,102611,Payroll Loan,2025-04-06,12365.35,41,301.59
C006354,104216,Payroll Loan,2026-01-28,13107.36,21,624.16
C006355,104591,Credit Card,2025-04-04,6143.77,23,267.12
C006356,100297,Payroll Loan,2026-03-23,23825.19,42,567.27
C006357,108413,Personal Loan,2025-01-14,2347.69,35,67.08
C006358,100037,Credit Card,2025-08-14,3391.93,21,161.52
C006359,102323,Personal Loan,2025-07-14,10636.65,23,462.46
C006360,103428,Credit Card,2025-11-17,11069.9,23,481.3
C006361,109370,Payroll Loan,2026-02-28,7051.97,12,587.66
C006362,107077,Credit Card,2026-03-05,4884.05,21,232.57
C006363,101619,Personal Loan,2025-07-18,10608.34,16,663.02
C006364,107330,Personal Loan,2025-01-26,14054.59,35,401.56
C006365,104986,Payroll Loan,2026-05-23,7901.05,47,168.11
C006366,100049,Payroll Loan,2025-07-20,11688.08,26,449.54
C006367,104139,Credit Card,2026-05-26,3475.59,14,248.26
C006368,106834,Personal Loan,2025-03-04,3414.0,33,103.45
C006369,104886,Personal Loan,2026-02-08,3085.11,25,123.4
C006370,107588,Personal Loan,2026-03-14,3707.39,32,115.86
C006371,109910,Vehicle Finance,2025-04-17,17109.89,32,534.68
C006372,102317,Vehicle Finance,2026-06-15,21050.85,29,725.89
C006373,105832,Personal Loan,2025-02-13,6481.85,14,462.99
C006374,101531,Credit Card,2026-05-09,8323.08,23,361.87
C006375,104024,Personal Loan,2025-05-11,3490.53,20,174.53
C006376,107062,Personal Loan,2026-05-17,6752.67,31,217.83
C006377,104760,Vehicle Finance,2025-06-22,26981.91,39,691.84
C006378,105676,Credit Card,2025-07-24,5386.51,15,359.1
C006379,104792,Personal Loan,2025-11-21,3026.73,34,89.02
C006380,103968,Credit Card,2025-10-12,4538.5,23,197.33
C006381,107418,Personal Loan,2026-05-01,10933.54,35,312.39
C006382,105787,Personal Loan,2025-08-01,17281.79,32,540.06
C006383,102723,Payroll Loan,2025-07-16,19686.15,33,596.55
C006384,108103,Personal Loan,2025-07-19,15127.55,15,1008.5
C006385,107464,Credit Card,2025-10-24,4927.49,6,821.25
C006386,100932,Personal Loan,2025-01-09,6745.17,25,269.81
C006387,106393,Credit Card,2025-10-19,5346.12,23,232.44
C006388,105125,Personal Loan,2025-11-19,7850.04,29,270.69
C006389,106254,Personal Loan,2025-07-29,9719.66,35,277.7
C006390,102767,Vehicle Finance,2026-03-20,16138.84,40,403.47
C006391,100829,Payroll Loan,2025-01-16,9038.15,14,645.58
C006392,102847,Personal Loan,2025-08-05,6827.77,29,235.44
C006393,105173,Credit Card,2025-06-22,1708.58,13,131.43
C006394,107733,Vehicle Finance,2026-04-10,39463.91,36,1096.22
C006395,103290,Credit Card,2026-01-23,3647.48,15,243.17
C006396,106496,Payroll Loan,2025-09-01,9050.6,25,362.02
C006397,106886,Vehicle Finance,2025-06-22,36602.1,40,915.05
C006398,108877,Payroll Loan,2025-12-16,6485.15,28,231.61
C006399,107656,Payroll Loan,2026-02-04,17073.84,35,487.82
C006400,103663,Payroll Loan,2025-01-07,10330.34,28,368.94
C006401,104466,Personal Loan,2026-06-24,5174.88,22,235.22
C006402,105052,Credit Card,2025-12-05,2616.97,15,174.46
C006403,103220,Personal Loan,2025-08-09,5045.26,15,336.35
C006404,101443,Personal Loan,2025-06-10,5824.74,32,182.02
C006405,105597,Vehicle Finance,2025-12-15,14368.24,57,252.07
C006406,108528,Vehicle Finance,2026-03-14,16203.85,28,578.71
C006407,104719,Credit Card,2026-04-12,4356.57,17,256.27
C006408,106186,Personal Loan,2025-01-01,4984.73,20,249.24
C006409,106383,Personal Loan,2025-12-01,12088.9,23,525.6
C006410,109106,Personal Loan,2025-03-01,10905.2,23,474.14
C006411,105779,Payroll Loan,2025-05-21,4491.79,24,187.16
C006412,106322,Payroll Loan,2026-03-23,15148.91,26,582.65
C006413,109131,Personal Loan,2025-03-11,5097.12,35,145.63
C006414,101341,Personal Loan,2025-09-01,11943.69,20,597.18
C006415,101524,Personal Loan,2025-01-09,11326.71,27,419.51
C006416,105634,Vehicle Finance,2025-05-27,14427.69,55,262.32
C006417,108624,Personal Loan,2025-10-22,6107.82,26,234.92
C006418,109495,Credit Card,2025-01-11,2818.98,23,122.56
C006419,104106,Payroll Loan,2026-05-13,11734.34,44,266.69
C006420,101678,Vehicle Finance,2025-07-16,32275.59,47,686.71
C006421,107025,Vehicle Finance,2025-02-03,84563.15,43,1966.58
C006422,103282,Credit Card,2026-03-10,5364.85,19,282.36
C006423,101911,Personal Loan,2025-01-19,3327.89,32,104.0
C006424,106458,Credit Card,2025-10-17,5389.8,13,414.6
C006425,108190,Credit Card,2025-06-20,8019.88,7,1145.7
C006426,105696,Personal Loan,2025-03-06,7508.85,18,417.16
C006427,103337,Personal Loan,2025-07-06,1987.08,34,58.44
C006428,101831,Vehicle Finance,2025-07-23,50292.9,59,852.42
C006429,109276,Payroll Loan,2025-07-19,11778.23,26,453.01
C006430,101610,Personal Loan,2025-07-08,4800.45,12,400.04
C006431,106494,Personal Loan,2025-03-12,5359.75,27,198.51
C006432,101470,Personal Loan,2025-02-27,4239.92,31,136.77
C006433,104967,Personal Loan,2026-06-13,7646.83,17,449.81
C006434,105357,Credit Card,2025-07-21,3618.93,22,164.5
C006435,108278,Personal Loan,2026-06-15,7462.45,36,207.29
C006436,109122,Personal Loan,2025-03-17,6248.76,24,260.36
C006437,108783,Payroll Loan,2026-02-08,9390.9,36,260.86
C006438,105018,Personal Loan,2026-01-24,6597.71,36,183.27
C006439,105167,Personal Loan,2025-10-26,11445.1,13,880.39
C006440,104099,Vehicle Finance,2025-05-04,89709.27,28,3203.9
C006441,102129,Credit Card,2025-05-05,8034.35,16,502.15
C006442,102094,Payroll Loan,2025-06-07,16019.77,28,572.13
C006443,101570,Credit Card,2026-01-16,5973.19,9,663.69
C006444,108860,Vehicle Finance,2025-03-24,42980.36,59,728.48
C006445,107286,Credit Card,2025-04-09,12908.43,21,614.69
C006446,109867,Vehicle Finance,2026-03-10,28163.33,35,804.67
C006447,103257,Payroll Loan,2025-01-03,5104.58,44,116.01
C006448,107103,Payroll Loan,2026-05-23,5995.85,19,315.57
C006449,100353,Credit Card,2026-03-11,5307.55,15,353.84
C006450,105156,Payroll Loan,2025-04-16,4994.08,38,131.42
C006451,104010,Credit Card,2025-04-05,4907.98,6,818.0
C006452,109133,Credit Card,2025-10-15,4917.42,17,289.26
C006453,104458,Credit Card,2025-08-25,9215.9,15,614.39
C006454,105251,Vehicle Finance,2026-05-12,53977.22,54,999.58
C006455,108710,Credit Card,2025-06-26,5879.53,11,534.5
C006456,103454,Vehicle Finance,2026-05-31,12589.53,59,213.38
C006457,109127,Payroll Loan,2025-11-07,13844.63,34,407.2
C006458,101870,Vehicle Finance,2025-03-17,47868.03,40,1196.7
C006459,108419,Credit Card,2025-08-07,5140.76,15,342.72
C006460,101377,Personal Loan,2025-11-24,8687.96,32,271.5
C006461,105571,Credit Card,2025-06-06,6692.64,23,290.98
C006462,104491,Credit Card,2025-10-03,3121.87,13,240.14
C006463,101192,Payroll Loan,2025-12-22,5367.71,22,243.99
C006464,103894,Payroll Loan,2025-08-12,8761.31,32,273.79
C006465,101174,Vehicle Finance,2026-03-15,41432.91,50,828.66
C006466,102071,Credit Card,2026-03-21,3436.44,17,202.14
C006467,107339,Personal Loan,2026-06-12,3592.48,16,224.53
C006468,105085,Payroll Loan,2025-01-15,8273.54,36,229.82
C006469,106712,Credit Card,2025-03-27,7824.7,10,782.47
C006470,107288,Personal Loan,2026-04-05,9573.95,13,736.46
C006471,107064,Payroll Loan,2026-04-05,5278.38,43,122.75
C006472,106159,Credit Card,2025-05-09,7082.44,17,416.61
C006473,105336,Credit Card,2026-06-22,4046.86,6,674.48
C006474,107732,Personal Loan,2025-03-20,17483.33,33,529.8
C006475,108773,Personal Loan,2026-05-13,5884.29,32,183.88
C006476,108092,Credit Card,2025-12-11,5417.32,16,338.58
C006477,104327,Personal Loan,2026-05-17,6513.78,18,361.88
C006478,101359,Credit Card,2026-05-30,4171.3,16,260.71
C006479,103329,Credit Card,2025-03-23,3889.32,13,299.18
C006480,109920,Personal Loan,2025-10-11,10675.53,30,355.85
C006481,106899,Vehicle Finance,2025-07-20,16826.09,46,365.78
C006482,101637,Payroll Loan,2026-06-11,13424.3,45,298.32
C006483,103677,Credit Card,2026-06-10,5922.44,13,455.57
C006484,107387,Personal Loan,2025-12-02,7553.45,36,209.82
C006485,109313,Vehicle Finance,2025-05-28,21872.19,27,810.08
C006486,105692,Vehicle Finance,2025-11-22,37021.2,39,949.26
C006487,108778,Personal Loan,2025-11-21,13351.61,27,494.5
C006488,105184,Vehicle Finance,2025-04-12,34290.05,58,591.21
C006489,107927,Personal Loan,2026-01-14,5418.16,12,451.51
C006490,109019,Personal Loan,2025-03-22,8152.48,26,313.56
C006491,105876,Personal Loan,2025-02-08,2918.75,32,91.21
C006492,107896,Payroll Loan,2025-12-11,14089.6,33,426.96
C006493,101970,Credit Card,2026-03-22,2895.82,6,482.64
C006494,100570,Personal Loan,2025-02-04,8335.16,26,320.58
C006495,104909,Personal Loan,2025-11-27,3599.85,35,102.85
C006496,106275,Vehicle Finance,2026-06-16,55021.45,57,965.29
C006497,103127,Personal Loan,2026-06-11,3694.06,20,184.7
C006498,104948,Payroll Loan,2025-06-01,16710.32,23,726.54
C006499,104393,Credit Card,2026-06-22,2833.7,15,188.91
C006500,104135,Payroll Loan,2025-09-10,7270.5,21,346.21
C006501,107606,Personal Loan,2025-03-01,8265.78,19,435.04
C006502,100338,Personal Loan,2025-04-10,4441.45,26,170.82
C006503,102017,Payroll Loan,2025-10-07,23365.18,13,1797.32
C006504,108781,Credit Card,2025-09-03,6833.39,22,310.61
C006505,108975,Credit Card,2025-03-08,3595.54,11,326.87
C006506,103272,Personal Loan,2025-05-07,2550.85,30,85.03
C006507,104656,Personal Loan,2025-12-21,7728.72,36,214.69
C006508,109992,Personal Loan,2026-04-03,5683.02,26,218.58
C006509,104525,Personal Loan,2025-08-09,9077.07,22,412.59
C006510,108151,Credit Card,2025-02-04,4276.28,19,225.07
C006511,101122,Payroll Loan,2025-10-14,8477.43,27,313.98
C006512,108029,Payroll Loan,2025-08-16,10806.76,23,469.86
C006513,105090,Vehicle Finance,2025-11-08,26625.79,43,619.2
C006514,105925,Personal Loan,2026-02-24,20116.35,23,874.62
C006515,103254,Payroll Loan,2026-01-31,7727.51,40,193.19
C006516,108297,Vehicle Finance,2026-04-28,67980.38,50,1359.61
C006517,102988,Vehicle Finance,2026-03-08,34947.54,55,635.41
C006518,102511,Personal Loan,2026-06-13,6918.6,23,300.81
C006519,104110,Personal Loan,2025-08-23,7943.75,36,220.66
C006520,105926,Personal Loan,2025-02-01,6765.27,16,422.83
C006521,100369,Personal Loan,2025-10-24,3984.06,31,128.52
C006522,105835,Credit Card,2025-03-13,1686.87,20,84.34
C006523,102721,Credit Card,2025-03-01,6024.71,18,334.71
C006524,104309,Personal Loan,2025-05-16,3510.45,13,270.03
C006525,102222,Personal Loan,2025-03-15,9845.64,17,579.16
C006526,105669,Vehicle Finance,2026-06-06,66527.64,42,1583.99
C006527,100804,Credit Card,2025-11-03,1721.22,18,95.62
C006528,107559,Credit Card,2026-06-13,3424.19,6,570.7
C006529,102432,Personal Loan,2025-11-09,10690.69,18,593.93
C006530,101871,Credit Card,2025-11-11,9282.32,8,1160.29
C006531,100204,Credit Card,2025-02-11,9651.16,19,507.96
C006532,109763,Personal Loan,2026-02-05,8163.25,17,480.19
C006533,107126,Payroll Loan,2025-09-21,5274.04,44,119.86
C006534,104690,Payroll Loan,2025-09-14,33000.0,19,1736.84
C006535,103106,Vehicle Finance,2026-05-28,72881.42,43,1694.92
C006536,106929,Credit Card,2026-05-09,3956.25,16,247.27
C006537,104644,Vehicle Finance,2025-10-19,92815.33,33,2812.59
C006538,109066,Payroll Loan,2025-03-01,12625.8,46,274.47
C006539,107393,Personal Loan,2026-02-25,4865.6,15,324.37
C006540,109686,Personal Loan,2026-03-15,8737.07,18,485.39
C006541,108669,Credit Card,2025-02-11,5864.59,23,254.98
C006542,105867,Personal Loan,2025-09-18,11300.14,25,452.01
C006543,100269,Payroll Loan,2025-06-01,16154.37,30,538.48
C006544,109595,Payroll Loan,2025-09-06,12320.26,32,385.01
C006545,102469,Payroll Loan,2026-03-15,24153.87,45,536.75
C006546,105758,Personal Loan,2025-11-07,7713.58,16,482.1
C006547,107645,Personal Loan,2025-04-15,5754.97,22,261.59
C006548,102551,Payroll Loan,2025-09-17,19743.18,13,1518.71
C006549,107713,Vehicle Finance,2026-01-05,19840.85,37,536.24
C006550,105516,Credit Card,2026-04-12,3519.4,22,159.97
C006551,109231,Credit Card,2025-03-10,7710.98,11,701.0
C006552,101182,Payroll Loan,2025-05-12,6015.07,35,171.86
C006553,102799,Credit Card,2025-06-02,5897.73,15,393.18
C006554,107259,Credit Card,2025-03-11,4956.35,10,495.64
C006555,108890,Credit Card,2025-08-04,4445.57,23,193.29
C006556,102345,Credit Card,2025-12-16,6808.92,11,618.99
C006557,107212,Vehicle Finance,2025-11-29,76600.25,43,1781.4
C006558,104153,Credit Card,2026-02-15,2885.6,12,240.47
C006559,108698,Payroll Loan,2025-06-30,20476.29,19,1077.7
C006560,103766,Credit Card,2025-09-28,4162.91,10,416.29
C006561,109531,Payroll Loan,2026-05-18,9593.27,34,282.16
C006562,102361,Credit Card,2025-12-22,3571.95,7,510.28
C006563,109937,Vehicle Finance,2025-08-25,75109.99,27,2781.85
C006564,107201,Payroll Loan,2025-09-20,16877.86,36,468.83
C006565,102178,Personal Loan,2025-05-24,9556.26,36,265.45
C006566,103190,Personal Loan,2026-03-31,4270.24,23,185.66
C006567,100674,Personal Loan,2025-08-03,10109.91,22,459.54
C006568,109419,Credit Card,2026-01-24,4802.41,10,480.24
C006569,101544,Credit Card,2025-11-07,3644.8,9,404.98
C006570,100067,Credit Card,2026-06-09,5339.1,9,593.23
C006571,105877,Credit Card,2025-06-13,8153.05,18,452.95
C006572,104535,Payroll Loan,2025-11-27,5376.37,23,233.76
C006573,106726,Personal Loan,2026-01-24,7191.58,30,239.72
C006574,104644,Credit Card,2026-01-04,3884.0,19,204.42
C006575,102103,Credit Card,2026-05-18,4297.35,9,477.48
C006576,105846,Payroll Loan,2025-10-18,19728.22,46,428.87
C006577,108557,Personal Loan,2025-08-17,4017.81,20,200.89
C006578,101200,Personal Loan,2025-10-25,3920.51,32,122.52
C006579,102729,Personal Loan,2025-06-12,10807.81,32,337.74
C006580,108609,Personal Loan,2025-02-12,4646.77,18,258.15
C006581,109194,Credit Card,2026-05-05,3900.35,20,195.02
C006582,102221,Credit Card,2025-09-01,3778.04,18,209.89
C006583,108087,Credit Card,2026-02-03,4507.74,8,563.47
C006584,103829,Payroll Loan,2025-05-10,15706.96,24,654.46
C006585,107173,Credit Card,2025-04-09,5194.45,14,371.03
C006586,105646,Credit Card,2026-06-13,1463.44,8,182.93
C006587,104133,Personal Loan,2025-04-10,7121.71,33,215.81
C006588,100048,Payroll Loan,2026-05-05,7838.32,23,340.8
C006589,103622,Vehicle Finance,2025-12-13,37562.65,53,708.73
C006590,106226,Payroll Loan,2025-08-12,28896.46,32,903.01
C006591,107674,Vehicle Finance,2025-07-15,69344.7,44,1576.02
C006592,102035,Vehicle Finance,2025-03-01,85390.17,52,1642.12
C006593,101969,Credit Card,2025-07-07,8760.32,17,515.31
C006594,107605,Payroll Loan,2025-07-30,4158.72,21,198.03
C006595,102490,Personal Loan,2025-03-06,4382.13,34,128.89
C006596,102876,Payroll Loan,2026-06-27,8596.92,35,245.63
C006597,104152,Personal Loan,2026-05-13,7284.87,33,220.75
C006598,106015,Personal Loan,2025-02-07,11432.4,19,601.71
C006599,103297,Personal Loan,2025-11-24,7745.99,21,368.86
C006600,104999,Credit Card,2026-05-08,4963.63,7,709.09
C006601,109607,Credit Card,2025-02-13,2017.23,17,118.66
C006602,108812,Payroll Loan,2025-02-28,5612.72,29,193.54
C006603,104642,Vehicle Finance,2025-06-02,23710.3,52,455.97
C006604,103560,Credit Card,2025-11-01,4733.09,21,225.39
C006605,103953,Credit Card,2025-11-12,3732.41,7,533.2
C006606,105025,Vehicle Finance,2026-04-20,39483.11,37,1067.11
C006607,103996,Credit Card,2026-05-09,3450.51,14,246.46
C006608,105352,Personal Loan,2025-12-04,16758.77,26,644.57
C006609,105604,Credit Card,2025-01-31,3739.02,11,339.91
C006610,101108,Credit Card,2025-04-06,4796.83,18,266.49
C006611,105956,Payroll Loan,2026-03-03,14200.41,44,322.74
C006612,105431,Vehicle Finance,2026-06-28,11593.46,57,203.39
C006613,109242,Personal Loan,2025-02-27,5885.63,31,189.86
C006614,104892,Vehicle Finance,2026-04-16,20734.95,34,609.85
C006615,104220,Vehicle Finance,2025-08-07,19908.5,28,711.02
C006616,101710,Personal Loan,2025-03-24,7467.55,22,339.43
C006617,101310,Credit Card,2026-02-04,3511.38,21,167.21
C006618,106218,Personal Loan,2025-10-10,13594.81,18,755.27
C006619,104097,Credit Card,2025-04-28,5663.98,9,629.33
C006620,105115,Credit Card,2025-12-21,5051.69,15,336.78
C006621,102722,Personal Loan,2025-03-31,10169.16,16,635.57
C006622,101412,Credit Card,2025-11-19,7713.08,13,593.31
C006623,109678,Vehicle Finance,2026-03-06,88279.4,59,1496.26
C006624,106283,Payroll Loan,2025-07-13,5599.79,30,186.66
C006625,105526,Credit Card,2025-03-26,4757.0,9,528.56
C006626,104697,Credit Card,2026-03-23,6093.31,15,406.22
C006627,100410,Personal Loan,2025-03-06,5762.52,35,164.64
C006628,109055,Credit Card,2025-06-02,5891.35,10,589.14
C006629,106164,Credit Card,2025-01-23,3351.12,13,257.78
C006630,105387,Payroll Loan,2025-06-15,12445.86,45,276.57
C006631,109715,Credit Card,2025-01-29,1659.78,9,184.42
C006632,102437,Personal Loan,2025-10-26,3112.37,25,124.49
C006633,102003,Credit Card,2025-03-09,8390.53,20,419.53
C006634,107409,Credit Card,2025-02-04,3659.48,11,332.68
C006635,108948,Payroll Loan,2026-03-18,16713.74,30,557.12
C006636,104239,Personal Loan,2025-02-12,3659.55,18,203.31
C006637,101620,Vehicle Finance,2025-07-27,71890.61,42,1711.68
C006638,108347,Payroll Loan,2026-06-12,5054.75,16,315.92
C006639,101614,Credit Card,2025-08-14,3168.46,8,396.06
C006640,104505,Vehicle Finance,2025-08-25,27079.06,55,492.35
C006641,104016,Credit Card,2026-01-10,3772.77,13,290.21
C006642,102109,Personal Loan,2025-11-04,3825.71,23,166.34
C006643,109510,Vehicle Finance,2026-03-14,18868.73,57,331.03
C006644,104985,Vehicle Finance,2026-06-25,38410.84,43,893.28
C006645,106135,Personal Loan,2025-11-19,5779.04,12,481.59
C006646,101034,Payroll Loan,2026-06-17,25603.43,44,581.9
C006647,108313,Payroll Loan,2025-03-08,6115.84,17,359.76
C006648,103944,Credit Card,2026-02-26,8468.26,18,470.46
C006649,101198,Personal Loan,2025-10-18,18045.09,18,1002.5
C006650,105656,Credit Card,2025-11-16,1993.1,13,153.32
C006651,105951,Payroll Loan,2026-03-26,16624.06,41,405.46
C006652,106174,Payroll Loan,2025-05-16,13264.01,19,698.11
C006653,107853,Personal Loan,2025-11-12,5553.05,25,222.12
C006654,103763,Credit Card,2025-04-10,6846.74,6,1141.12
C006655,103296,Personal Loan,2026-03-19,8834.57,15,588.97
C006656,101565,Credit Card,2025-03-07,4007.26,10,400.73
C006657,109701,Personal Loan,2025-04-14,9120.84,18,506.71
C006658,103202,Payroll Loan,2025-07-24,24955.12,47,530.96
C006659,109574,Credit Card,2025-10-11,10109.94,16,631.87
C006660,105090,Personal Loan,2025-05-25,2617.59,24,109.07
C006661,109480,Credit Card,2025-10-27,7817.99,7,1116.86
C006662,105462,Vehicle Finance,2026-04-07,32195.37,32,1006.11
C006663,109429,Payroll Loan,2025-03-09,9184.94,15,612.33
C006664,108412,Credit Card,2026-05-18,3967.66,21,188.94
C006665,100588,Personal Loan,2026-01-08,12903.64,12,1075.3
C006666,100532,Credit Card,2025-11-27,2781.55,21,132.45
C006667,101526,Payroll Loan,2025-11-16,9525.96,40,238.15
C006668,105363,Credit Card,2025-12-23,3386.29,18,188.13
C006669,101572,Payroll Loan,2025-07-28,13854.38,15,923.63
C006670,101853,Personal Loan,2025-10-20,12938.45,12,1078.2
C006671,102329,Personal Loan,2025-01-24,10590.69,16,661.92
C006672,108834,Payroll Loan,2025-03-02,11249.61,14,803.54
C006673,103035,Vehicle Finance,2025-10-25,25907.3,24,1079.47
C006674,106857,Payroll Loan,2026-04-14,15715.36,21,748.35
C006675,103597,Payroll Loan,2025-01-03,5291.95,39,135.69
C006676,102707,Credit Card,2025-01-22,2164.99,22,98.41
C006677,101371,Credit Card,2025-09-28,3715.89,22,168.9
C006678,105812,Credit Card,2026-01-04,6631.95,8,828.99
C006679,105546,Vehicle Finance,2026-04-01,62770.99,24,2615.46
C006680,108658,Vehicle Finance,2025-04-01,41488.86,59,703.2
C006681,108446,Payroll Loan,2026-05-23,13016.31,32,406.76
C006682,101456,Vehicle Finance,2026-03-02,17910.75,56,319.83
C006683,105627,Personal Loan,2026-01-14,4472.56,20,223.63
C006684,103175,Personal Loan,2025-12-22,10713.85,21,510.18
C006685,106110,Vehicle Finance,2026-06-24,23873.56,56,426.31
C006686,104781,Vehicle Finance,2025-05-15,33299.64,30,1109.99
C006687,103616,Vehicle Finance,2026-05-22,16778.16,37,453.46
C006688,102489,Credit Card,2026-03-01,5337.32,11,485.21
C006689,104849,Payroll Loan,2026-02-24,6584.35,34,193.66
C006690,101335,Vehicle Finance,2026-03-05,28260.04,27,1046.67
C006691,104787,Payroll Loan,2025-01-05,15363.73,29,529.78
C006692,101910,Credit Card,2025-09-30,3492.24,15,232.82
C006693,101867,Payroll Loan,2025-12-14,24411.62,38,642.41
C006694,103318,Vehicle Finance,2025-10-27,64013.24,60,1066.89
C006695,107874,Vehicle Finance,2026-05-30,74983.62,43,1743.81
C006696,107598,Personal Loan,2025-02-27,14070.45,20,703.52
C006697,109368,Credit Card,2026-05-23,1749.47,13,134.57
C006698,109829,Personal Loan,2025-08-22,9862.0,34,290.06
C006699,102051,Vehicle Finance,2025-09-05,41785.46,46,908.38
C006700,102154,Vehicle Finance,2025-12-27,23383.25,26,899.36
C006701,109503,Payroll Loan,2026-03-17,2750.0,12,229.17
C006702,108134,Credit Card,2025-02-07,7072.5,6,1178.75
C006703,106489,Credit Card,2026-02-06,4712.48,17,277.2
C006704,104458,Personal Loan,2025-07-16,8543.55,22,388.34
C006705,102531,Personal Loan,2025-12-27,4379.3,31,141.27
C006706,101175,Vehicle Finance,2025-09-04,20877.87,57,366.28
C006707,109046,Personal Loan,2025-04-05,12236.98,34,359.91
C006708,105981,Personal Loan,2026-01-24,5998.34,36,166.62
C006709,100495,Payroll Loan,2026-01-30,27214.69,43,632.9
C006710,103912,Personal Loan,2025-07-21,3721.0,26,143.12
C006711,107577,Credit Card,2025-03-05,5431.88,11,493.81
C006712,103073,Credit Card,2026-05-21,4827.97,14,344.86
C006713,109224,Personal Loan,2025-06-28,9539.45,21,454.26
C006714,103715,Personal Loan,2026-03-15,4759.54,32,148.74
C006715,108169,Personal Loan,2025-07-11,8385.72,35,239.59
C006716,105117,Personal Loan,2025-10-01,5472.3,25,218.89
C006717,108085,Payroll Loan,2026-04-02,6427.94,42,153.05
C006718,104989,Payroll Loan,2026-01-24,11547.78,38,303.89
C006719,106686,Payroll Loan,2025-12-21,18310.59,20,915.53
C006720,103962,Vehicle Finance,2025-06-20,60571.89,41,1477.36
C006721,102153,Personal Loan,2025-03-02,3740.37,21,178.11
C006722,101080,Credit Card,2025-09-27,4893.9,6,815.65
C006723,104760,Personal Loan,2025-08-04,20739.06,18,1152.17
C006724,105172,Personal Loan,2025-11-09,6729.5,30,224.32
C006725,106596,Vehicle Finance,2025-09-27,46876.14,29,1616.42
C006726,108986,Personal Loan,2025-06-04,7156.49,35,204.47
C006727,109866,Personal Loan,2025-02-05,6916.98,22,314.41
C006728,103959,Vehicle Finance,2026-04-07,28707.03,56,512.63
C006729,100656,Credit Card,2025-02-14,5614.48,11,510.41
C006730,105418,Credit Card,2025-10-29,2777.12,6,462.85
C006731,108973,Personal Loan,2025-11-02,6595.23,29,227.42
C006732,106344,Personal Loan,2025-09-10,21000.0,33,636.36
C006733,105394,Personal Loan,2025-02-21,14151.88,31,456.51
C006734,104286,Personal Loan,2025-06-22,5325.2,15,355.01
C006735,109221,Credit Card,2025-09-13,10316.77,15,687.78
C006736,107951,Personal Loan,2026-04-30,4737.61,16,296.1
C006737,108468,Personal Loan,2026-06-13,21000.0,15,1400.0
C006738,100339,Credit Card,2025-06-18,3160.61,9,351.18
C006739,102803,Vehicle Finance,2026-01-04,31328.01,50,626.56
C006740,101176,Vehicle Finance,2025-03-09,32692.81,58,563.67
C006741,105489,Personal Loan,2025-09-14,6667.1,15,444.47
C006742,100273,Personal Loan,2025-02-17,4869.85,33,147.57
C006743,108403,Personal Loan,2025-08-18,5421.26,33,164.28
C006744,109384,Payroll Loan,2026-04-16,14141.72,25,565.67
C006745,108253,Credit Card,2025-02-23,5649.77,14,403.56
C006746,100971,Personal Loan,2025-06-24,9629.24,20,481.46
C006747,105095,Credit Card,2025-09-02,8179.38,16,511.21
C006748,108103,Payroll Loan,2025-12-20,14281.83,15,952.12
C006749,104106,Personal Loan,2026-01-07,6414.49,29,221.19
C006750,100954,Credit Card,2026-06-27,1676.03,11,152.37
C006751,107552,Vehicle Finance,2025-12-03,18616.99,35,531.91
C006752,104383,Credit Card,2025-05-24,6318.55,13,486.04
C006753,108575,Personal Loan,2026-02-27,3424.84,20,171.24
C006754,105438,Personal Loan,2025-12-12,8547.66,30,284.92
C006755,103619,Credit Card,2025-09-30,4318.83,23,187.78
C006756,107885,Vehicle Finance,2025-10-26,67394.62,50,1347.89
C006757,107560,Credit Card,2025-09-22,2807.35,18,155.96
C006758,101562,Credit Card,2025-02-06,3562.92,15,237.53
C006759,102587,Payroll Loan,2025-01-19,21453.46,17,1261.97
C006760,106500,Credit Card,2025-07-08,2962.46,22,134.66
C006761,109290,Payroll Loan,2026-01-11,22731.07,25,909.24
C006762,108685,Credit Card,2025-03-11,3666.26,11,333.3
C006763,101645,Credit Card,2025-09-04,2767.47,19,145.66
C006764,109487,Payroll Loan,2025-05-13,3409.16,26,131.12
C006765,104700,Vehicle Finance,2026-02-16,37967.62,32,1186.49
C006766,109834,Personal Loan,2026-04-15,5372.59,36,149.24
C006767,102341,Payroll Loan,2026-04-08,20188.53,17,1187.56
C006768,109273,Personal Loan,2025-06-30,21000.0,15,1400.0
C006769,105596,Personal Loan,2026-03-02,12684.7,24,528.53
C006770,103479,Credit Card,2025-01-16,3515.35,16,219.71
C006771,103429,Personal Loan,2025-06-10,6017.27,32,188.04
C006772,101968,Personal Loan,2026-04-30,5316.9,25,212.68
C006773,109925,Payroll Loan,2025-10-06,11085.68,37,299.61
C006774,104222,Vehicle Finance,2026-05-19,40811.42,55,742.03
C006775,106483,Vehicle Finance,2026-01-01,18421.65,26,708.53
C006776,102134,Personal Loan,2025-10-24,5550.95,28,198.25
C006777,103192,Vehicle Finance,2025-06-27,29213.85,26,1123.61
C006778,109281,Credit Card,2025-07-12,4815.49,10,481.55
C006779,100450,Payroll Loan,2025-02-06,33000.0,27,1222.22
C006780,104598,Vehicle Finance,2026-03-20,27223.15,51,533.79
C006781,105773,Vehicle Finance,2025-06-19,30005.04,28,1071.61
C006782,103099,Credit Card,2025-02-24,3933.61,20,196.68
C006783,105689,Personal Loan,2026-01-04,4062.15,13,312.47
C006784,109201,Credit Card,2025-12-01,4710.14,9,523.35
C006785,103556,Payroll Loan,2026-06-01,17154.09,30,571.8
C006786,102989,Personal Loan,2025-03-22,21000.0,18,1166.67
C006787,102440,Vehicle Finance,2026-03-04,41021.38,58,707.27
C006788,104968,Personal Loan,2026-04-15,14322.1,17,842.48
C006789,108851,Personal Loan,2025-04-09,3698.84,17,217.58
C006790,104586,Credit Card,2026-02-23,2883.08,19,151.74
C006791,106717,Personal Loan,2025-10-14,5739.79,30,191.33
C006792,108385,Personal Loan,2026-05-07,8010.73,15,534.05
C006793,101234,Vehicle Finance,2025-03-14,84745.63,45,1883.24
C006794,104849,Credit Card,2026-06-12,2255.17,20,112.76
C006795,109983,Personal Loan,2025-11-17,5113.71,13,393.36
C006796,103522,Credit Card,2026-03-12,2291.62,16,143.23
C006797,102881,Payroll Loan,2025-08-07,9246.0,17,543.88
C006798,101244,Personal Loan,2025-05-26,6738.3,15,449.22
C006799,101658,Personal Loan,2025-12-26,5164.0,28,184.43
C006800,105395,Credit Card,2025-12-04,2074.0,17,122.0
C006801,107701,Personal Loan,2026-03-28,10337.4,26,397.59
C006802,106657,Payroll Loan,2026-05-27,13335.18,12,1111.27
C006803,105539,Personal Loan,2025-08-13,7305.68,33,221.38
C006804,102586,Personal Loan,2025-04-14,5515.37,23,239.8
C006805,105180,Personal Loan,2026-03-26,14980.26,17,881.19
C006806,106643,Personal Loan,2025-04-15,6283.86,34,184.82
C006807,102250,Personal Loan,2026-05-05,11043.25,18,613.51
C006808,104621,Vehicle Finance,2026-02-13,76598.5,35,2188.53
C006809,105891,Personal Loan,2026-04-18,10922.99,29,376.65
C006810,100437,Vehicle Finance,2025-12-10,39411.49,50,788.23
C006811,106656,Vehicle Finance,2025-06-28,61028.16,53,1151.47
C006812,100441,Personal Loan,2025-09-04,10891.65,19,573.24
C006813,104357,Credit Card,2026-02-22,4954.89,23,215.43
C006814,100594,Personal Loan,2025-02-19,14048.57,20,702.43
C006815,102636,Credit Card,2025-01-24,3009.26,6,501.54
C006816,104154,Payroll Loan,2026-02-20,15808.6,20,790.43
C006817,101539,Payroll Loan,2026-01-28,12916.78,22,587.13
C006818,108200,Payroll Loan,2025-07-04,8063.71,20,403.19
C006819,108766,Vehicle Finance,2025-12-19,61174.09,49,1248.45
C006820,103223,Personal Loan,2026-05-12,13451.02,21,640.52
C006821,105616,Credit Card,2025-10-19,6566.39,8,820.8
C006822,106290,Payroll Loan,2025-11-22,10894.36,38,286.69
C006823,104800,Payroll Loan,2026-04-18,10507.92,30,350.26
C006824,108449,Vehicle Finance,2026-02-16,39854.31,45,885.65
C006825,108730,Credit Card,2025-06-07,4426.0,15,295.07
C006826,105599,Personal Loan,2025-04-09,6125.65,25,245.03
C006827,106847,Personal Loan,2025-01-18,11081.63,23,481.81
C006828,109236,Payroll Loan,2026-01-05,21399.92,21,1019.04
C006829,108677,Payroll Loan,2026-05-15,16839.53,23,732.15
C006830,103063,Credit Card,2026-06-13,8807.64,9,978.63
C006831,109344,Personal Loan,2025-06-11,5181.95,25,207.28
C006832,105090,Personal Loan,2025-05-03,7654.17,31,246.91
C006833,109379,Personal Loan,2026-04-27,8914.3,29,307.39
C006834,105451,Personal Loan,2026-02-09,7663.1,15,510.87
C006835,109780,Personal Loan,2025-06-02,5174.32,25,206.97
C006836,101752,Personal Loan,2025-08-11,6554.87,33,198.63
C006837,107797,Personal Loan,2025-04-03,8243.53,33,249.8
C006838,104995,Payroll Loan,2025-02-24,9269.04,43,215.56
C006839,101399,Personal Loan,2025-06-07,9550.08,32,298.44
C006840,106526,Personal Loan,2026-05-04,10773.38,25,430.94
C006841,105490,Vehicle Finance,2025-11-10,23178.76,38,609.97
C006842,100997,Credit Card,2025-08-26,4007.93,13,308.3
C006843,101515,Vehicle Finance,2026-02-12,17872.71,44,406.2
C006844,106417,Credit Card,2025-07-09,1602.71,15,106.85
C006845,109642,Credit Card,2025-04-25,2893.88,23,125.82
C006846,105253,Personal Loan,2026-03-09,14087.44,33,426.89
C006847,103814,Credit Card,2025-07-07,9645.64,17,567.39
C006848,103712,Personal Loan,2025-01-08,5406.18,35,154.46
C006849,107302,Credit Card,2025-01-28,1415.68,17,83.28
C006850,103814,Payroll Loan,2025-11-19,4220.8,33,127.9
C006851,105393,Personal Loan,2025-01-09,4851.41,34,142.69
C006852,108559,Personal Loan,2025-01-29,7872.85,29,271.48
C006853,107834,Payroll Loan,2025-05-17,9953.99,44,226.23
C006854,109634,Payroll Loan,2026-05-30,8455.01,18,469.72
C006855,107282,Vehicle Finance,2025-05-31,35435.65,40,885.89
C006856,103537,Personal Loan,2026-05-07,10180.85,22,462.77
C006857,100873,Credit Card,2025-09-22,3337.56,15,222.5
C006858,104587,Credit Card,2025-12-20,10873.7,11,988.52
C006859,103527,Vehicle Finance,2025-06-15,28158.53,24,1173.27
C006860,104822,Credit Card,2025-10-15,7014.65,9,779.41
C006861,109382,Personal Loan,2025-06-02,7094.93,12,591.24
C006862,106536,Credit Card,2026-03-02,1935.97,7,276.57
C006863,101579,Credit Card,2026-05-06,5911.17,10,591.12
C006864,102409,Personal Loan,2026-01-20,4700.4,25,188.02
C006865,101765,Vehicle Finance,2025-03-02,49868.49,51,977.81
C006866,103566,Vehicle Finance,2025-08-22,25833.43,30,861.11
C006867,109627,Vehicle Finance,2025-04-08,18627.18,27,689.9
C006868,101396,Vehicle Finance,2025-03-30,77742.3,57,1363.9
C006869,107128,Credit Card,2025-01-15,6103.68,24,254.32
C006870,100081,Credit Card,2026-04-05,5460.62,16,341.29
C006871,101064,Personal Loan,2025-12-11,4392.27,14,313.73
C006872,101872,Credit Card,2026-01-13,4635.13,18,257.51
C006873,104048,Personal Loan,2025-06-01,6771.73,30,225.72
C006874,100451,Personal Loan,2025-06-21,3792.74,30,126.42
C006875,100467,Payroll Loan,2025-12-11,10544.1,28,376.58
C006876,102424,Credit Card,2025-08-25,3971.9,23,172.69
C006877,107992,Personal Loan,2025-05-01,6286.12,16,392.88
C006878,103603,Personal Loan,2026-02-03,5454.02,27,202.0
C006879,100929,Vehicle Finance,2026-01-24,48479.11,55,881.44
C006880,100641,Credit Card,2025-12-13,8389.9,21,399.52
C006881,100693,Credit Card,2025-05-01,9923.85,16,620.24
C006882,109603,Credit Card,2026-05-17,2560.5,7,365.79
C006883,104102,Payroll Loan,2026-04-19,4439.35,20,221.97
C006884,101349,Credit Card,2025-01-17,3931.8,20,196.59
C006885,101480,Credit Card,2025-12-11,8462.0,16,528.88
C006886,108563,Payroll Loan,2025-12-10,7697.15,12,641.43
C006887,108189,Credit Card,2026-01-30,6781.98,20,339.1
C006888,107145,Personal Loan,2025-07-29,6896.93,36,191.58
C006889,105247,Credit Card,2025-06-30,4669.88,6,778.31
C006890,107692,Payroll Loan,2025-06-07,8288.43,36,230.23
C006891,104945,Credit Card,2026-04-27,4205.94,24,175.25
C006892,102222,Credit Card,2026-05-07,5654.47,18,314.14
C006893,104208,Vehicle Finance,2025-07-10,55156.38,53,1040.69
C006894,109391,Personal Loan,2025-08-23,10425.7,13,801.98
C006895,103827,Credit Card,2026-01-26,2622.5,17,154.26
C006896,102302,Vehicle Finance,2025-08-20,59361.53,48,1236.7
C006897,106159,Payroll Loan,2025-11-23,8606.36,41,209.91
C006898,100220,Personal Loan,2025-06-01,7785.29,12,648.77
C006899,105125,Payroll Loan,2025-12-09,2750.0,47,58.51
C006900,101543,Personal Loan,2026-02-11,5647.85,22,256.72
C006901,100118,Personal Loan,2025-07-29,6188.81,17,364.05
C006902,103504,Vehicle Finance,2025-08-30,37211.43,38,979.25
C006903,107083,Personal Loan,2026-04-30,13701.56,23,595.72
C006904,100806,Credit Card,2025-08-03,4290.35,24,178.76
C006905,100890,Credit Card,2025-05-04,3345.25,13,257.33
C006906,108117,Payroll Loan,2026-01-13,9596.62,43,223.18
C006907,109176,Payroll Loan,2025-10-14,7870.07,13,605.39
C006908,105606,Personal Loan,2025-12-04,7065.56,16,441.6
C006909,104664,Credit Card,2026-03-19,6594.45,24,274.77
C006910,109267,Payroll Loan,2026-06-27,9486.51,28,338.8
C006911,102586,Personal Loan,2025-07-24,11134.36,21,530.21
C006912,105875,Vehicle Finance,2025-06-19,30072.75,28,1074.03
C006913,100602,Personal Loan,2025-03-26,12209.14,32,381.54
C006914,100636,Payroll Loan,2026-05-25,19311.67,21,919.6
C006915,103615,Payroll Loan,2026-01-03,7462.21,24,310.93
C006916,105364,Credit Card,2025-10-03,3940.48,15,262.7
C006917,100040,Personal Loan,2026-04-16,2846.2,15,189.75
C006918,100787,Vehicle Finance,2025-01-16,30146.67,57,528.89
C006919,101362,Payroll Loan,2026-06-21,7847.35,34,230.8
C006920,109388,Personal Loan,2026-01-27,15136.17,20,756.81
C006921,102611,Vehicle Finance,2025-06-20,27035.37,44,614.44
C006922,106566,Personal Loan,2025-07-30,6532.17,34,192.12
C006923,109190,Payroll Loan,2026-03-18,17018.83,25,680.75
C006924,103480,Credit Card,2026-04-25,9023.9,13,694.15
C006925,101545,Credit Card,2025-03-12,3544.94,10,354.49
C006926,106092,Personal Loan,2025-08-13,13405.39,23,582.84
C006927,103288,Vehicle Finance,2025-10-10,32873.56,46,714.64
C006928,107520,Credit Card,2025-03-06,4563.69,21,217.32
C006929,109692,Personal Loan,2025-06-26,3458.98,33,104.82
C006930,109398,Credit Card,2026-01-04,2067.97,8,258.5
C006931,103847,Vehicle Finance,2025-06-10,19107.63,51,374.66
C006932,106266,Vehicle Finance,2025-07-07,60135.88,57,1055.02
C006933,104506,Credit Card,2025-03-19,5859.9,23,254.78
C006934,106749,Personal Loan,2025-12-05,12191.41,24,507.98
C006935,102761,Credit Card,2025-01-18,4860.17,6,810.03
C006936,104012,Credit Card,2025-06-09,3966.06,12,330.5
C006937,101147,Personal Loan,2026-06-09,7478.61,17,439.92
C006938,102249,Personal Loan,2025-07-03,12631.97,25,505.28
C006939,102256,Vehicle Finance,2026-02-18,31775.47,53,599.54
C006940,103523,Payroll Loan,2025-10-13,5461.43,48,113.78
C006941,101549,Credit Card,2025-04-15,2720.24,21,129.54
C006942,106618,Credit Card,2025-10-08,4172.29,21,198.68
C006943,109759,Payroll Loan,2025-09-19,11112.58,39,284.94
C006944,108720,Credit Card,2026-06-28,5646.62,14,403.33
C006945,107572,Personal Loan,2026-06-07,5835.58,31,188.24
C006946,106655,Payroll Loan,2025-10-22,8613.96,35,246.11
C006947,103170,Payroll Loan,2026-05-25,13263.1,42,315.79
C006948,109565,Payroll Loan,2025-11-26,6894.34,44,156.69
C006949,105674,Personal Loan,2025-02-23,7329.52,21,349.02
C006950,106722,Credit Card,2026-04-13,9917.11,17,583.36
C006951,100812,Vehicle Finance,2026-02-05,21028.38,46,457.14
C006952,106291,Vehicle Finance,2025-01-05,18508.13,27,685.49
C006953,101966,Personal Loan,2025-01-07,4919.42,14,351.39
C006954,100126,Personal Loan,2026-05-30,5439.16,25,217.57
C006955,109279,Personal Loan,2025-06-22,3158.63,35,90.25
C006956,106100,Personal Loan,2025-07-03,2503.75,23,108.86
C006957,100152,Vehicle Finance,2025-11-08,91983.18,30,3066.11
C006958,100727,Personal Loan,2026-03-27,15337.84,32,479.31
C006959,107901,Vehicle Finance,2025-11-02,23112.25,29,796.97
C006960,105222,Personal Loan,2025-11-20,6237.73,31,201.22
C006961,101586,Credit Card,2025-02-04,3670.23,12,305.85
C006962,105863,Payroll Loan,2026-04-11,12562.92,35,358.94
C006963,109269,Credit Card,2025-04-04,3013.93,18,167.44
C006964,106463,Personal Loan,2025-07-29,3791.98,27,140.44
C006965,108417,Personal Loan,2025-11-14,9171.71,29,316.27
C006966,108712,Payroll Loan,2026-04-12,12722.43,40,318.06
C006967,109493,Vehicle Finance,2025-10-09,10970.69,39,281.3
C006968,104730,Credit Card,2026-05-24,4151.47,18,230.64
C006969,109957,Credit Card,2025-04-17,5332.09,12,444.34
C006970,104809,Personal Loan,2025-06-12,2636.69,36,73.24
C006971,103384,Personal Loan,2026-02-10,8360.45,33,253.35
C006972,105487,Credit Card,2025-12-05,6076.65,14,434.05
C006973,108598,Personal Loan,2025-05-08,7162.92,21,341.09
C006974,103346,Vehicle Finance,2025-04-24,59535.58,32,1860.49
C006975,104832,Personal Loan,2025-07-12,4775.96,21,227.43
C006976,102716,Vehicle Finance,2025-12-27,62528.93,52,1202.48
C006977,103516,Vehicle Finance,2026-02-11,86347.57,59,1463.52
C006978,101070,Credit Card,2026-05-23,3058.76,14,218.48
C006979,108605,Vehicle Finance,2026-01-10,22773.23,53,429.68
C006980,108398,Personal Loan,2025-12-20,7101.78,33,215.21
C006981,109947,Vehicle Finance,2025-07-05,27560.21,50,551.2
C006982,100418,Vehicle Finance,2026-02-06,28333.82,49,578.24
C006983,100642,Vehicle Finance,2025-11-20,21778.94,59,369.13
C006984,109812,Credit Card,2026-04-25,4429.31,19,233.12
C006985,108324,Vehicle Finance,2025-02-24,58324.97,42,1388.69
C006986,102892,Vehicle Finance,2026-01-06,90985.38,54,1684.91
C006987,104830,Personal Loan,2025-05-26,8583.16,22,390.14
C006988,107021,Credit Card,2025-05-18,2161.17,19,113.75
C006989,103881,Credit Card,2025-01-06,5176.8,9,575.2
C006990,107313,Personal Loan,2025-12-28,10402.04,25,416.08
C006991,107822,Personal Loan,2025-05-21,2629.9,22,119.54
C006992,103973,Vehicle Finance,2026-05-22,15449.28,50,308.99
C006993,100350,Personal Loan,2025-09-28,4213.25,12,351.1
C006994,104106,Personal Loan,2026-01-30,7086.31,32,221.45
C006995,109645,Personal Loan,2025-09-11,2753.71,12,229.48
C006996,105979,Payroll Loan,2025-05-27,13164.54,38,346.44
C006997,101030,Vehicle Finance,2026-01-04,67553.65,41,1647.65
C006998,100694,Payroll Loan,2026-05-07,24959.37,18,1386.63
C006999,109671,Vehicle Finance,2025-12-11,46548.08,47,990.38
C007000,100220,Credit Card,2026-05-21,13425.02,14,958.93
C007001,100036,Credit Card,2025-06-14,4118.64,20,205.93
C007002,107225,Personal Loan,2025-05-10,2144.07,29,73.93
C007003,101034,Payroll Loan,2025-03-25,16179.06,30,539.3
C007004,105195,Payroll Loan,2025-07-20,15240.12,32,476.25
C007005,101215,Credit Card,2026-06-03,3688.14,11,335.29
C007006,109984,Credit Card,2025-03-03,2647.86,14,189.13
C007007,101974,Vehicle Finance,2025-11-22,31895.45,51,625.4
C007008,102989,Personal Loan,2026-05-22,8547.5,29,294.74
C007009,102910,Vehicle Finance,2025-10-29,14458.41,47,307.63
C007010,103730,Credit Card,2025-11-12,3393.56,8,424.2
C007011,103190,Vehicle Finance,2026-02-12,23133.43,29,797.7
C007012,106349,Payroll Loan,2025-06-27,16514.77,38,434.6
C007013,104239,Credit Card,2025-12-05,9105.02,15,607.0
C007014,106875,Personal Loan,2025-05-29,4944.14,16,309.01
C007015,105549,Personal Loan,2026-05-08,7194.23,29,248.08
C007016,103864,Personal Loan,2025-11-05,11590.78,24,482.95
C007017,108147,Credit Card,2025-08-09,4554.67,20,227.73
C007018,101220,Payroll Loan,2026-06-14,11387.22,48,237.23
C007019,108523,Payroll Loan,2025-09-28,14574.65,25,582.99
C007020,100680,Credit Card,2025-09-11,2763.06,22,125.59
C007021,105267,Personal Loan,2025-05-14,6417.35,25,256.69
C007022,100018,Payroll Loan,2026-06-20,16490.96,13,1268.54
C007023,105996,Payroll Loan,2025-12-28,10894.94,42,259.4
C007024,103704,Credit Card,2026-02-09,3711.6,9,412.4
C007025,101222,Personal Loan,2026-05-06,7572.24,15,504.82
C007026,102787,Personal Loan,2026-01-20,4767.57,12,397.3
C007027,104886,Vehicle Finance,2026-06-07,28719.79,56,512.85
C007028,100216,Personal Loan,2025-03-25,5150.91,32,160.97
C007029,104432,Credit Card,2025-09-13,3723.8,7,531.97
C007030,106595,Credit Card,2025-04-17,6844.85,9,760.54
C007031,102127,Payroll Loan,2025-06-21,8109.68,28,289.63
C007032,103549,Vehicle Finance,2026-02-08,43870.18,51,860.2
C007033,104475,Personal Loan,2025-10-27,2928.41,23,127.32
C007034,105450,Personal Loan,2025-04-01,6670.99,17,392.41
C007035,106184,Personal Loan,2026-01-20,7793.85,22,354.27
C007036,108641,Personal Loan,2025-10-28,6035.95,21,287.43
C007037,107114,Credit Card,2025-07-16,5328.66,16,333.04
C007038,103637,Credit Card,2025-10-07,9631.92,13,740.92
C007039,108560,Payroll Loan,2026-03-02,32239.46,21,1535.21
C007040,102164,Personal Loan,2026-01-31,15919.84,18,884.44
C007041,107922,Credit Card,2025-04-14,1747.46,14,124.82
C007042,102781,Credit Card,2025-10-28,5980.37,20,299.02
C007043,103909,Personal Loan,2025-07-22,3204.45,33,97.1
C007044,100397,Credit Card,2025-04-30,8750.15,21,416.67
C007045,108897,Personal Loan,2026-06-04,5728.54,24,238.69
C007046,102253,Personal Loan,2026-03-03,10790.58,20,539.53
C007047,100444,Vehicle Finance,2026-04-24,42826.14,31,1381.49
C007048,109023,Credit Card,2026-03-05,3194.31,18,177.46
C007049,109614,Credit Card,2026-03-10,4850.38,14,346.46
C007050,101259,Credit Card,2025-01-22,4502.83,20,225.14
C007051,108508,Personal Loan,2026-06-27,7414.69,13,570.36
C007052,103305,Vehicle Finance,2025-10-23,66772.79,56,1192.37
C007053,107833,Credit Card,2025-06-25,4959.54,23,215.63
C007054,101286,Vehicle Finance,2025-02-14,114000.0,42,2714.29
C007055,100242,Credit Card,2025-01-09,2178.07,24,90.75
C007056,100589,Personal Loan,2025-03-05,4321.19,30,144.04
C007057,107780,Credit Card,2025-06-25,4464.4,23,194.1
C007058,103789,Payroll Loan,2025-01-31,5234.61,31,168.86
C007059,101966,Credit Card,2025-05-20,10619.74,16,663.73
C007060,108226,Credit Card,2026-02-19,3874.41,6,645.74
C007061,103975,Personal Loan,2025-07-03,4213.12,32,131.66
C007062,100382,Personal Loan,2025-11-06,5293.63,28,189.06
C007063,108310,Payroll Loan,2026-02-03,13457.91,45,299.06
C007064,106858,Payroll Loan,2025-10-04,7289.6,29,251.37
C007065,106688,Personal Loan,2025-09-27,11188.0,34,329.06
C007066,100499,Vehicle Finance,2025-04-27,52086.8,43,1211.32
C007067,101673,Personal Loan,2025-04-25,6728.78,32,210.27
C007068,107259,Personal Loan,2025-01-13,8290.89,33,251.24
C007069,107711,Credit Card,2025-01-12,3991.73,14,285.12
C007070,109654,Payroll Loan,2025-05-02,11399.95,40,285.0
C007071,108293,Vehicle Finance,2025-02-08,34248.57,50,684.97
C007072,102763,Payroll Loan,2025-06-24,19771.35,35,564.9
C007073,105105,Payroll Loan,2025-01-04,13050.44,25,522.02
C007074,104576,Credit Card,2026-04-17,4135.41,16,258.46
C007075,104014,Credit Card,2026-01-07,3855.38,18,214.19
C007076,105479,Personal Loan,2025-03-22,9986.77,29,344.37
C007077,108959,Credit Card,2025-04-06,8489.37,16,530.59
C007078,102276,Personal Loan,2025-04-25,5546.44,32,173.33
C007079,105523,Credit Card,2025-04-14,2940.2,11,267.29
C007080,100462,Payroll Loan,2025-03-17,13721.85,16,857.62
C007081,105145,Personal Loan,2025-05-05,19906.31,24,829.43
C007082,100680,Vehicle Finance,2026-03-04,34706.92,29,1196.79
C007083,108547,Vehicle Finance,2025-10-26,36727.05,24,1530.29
C007084,103702,Personal Loan,2025-03-20,3725.53,19,196.08
C007085,102202,Personal Loan,2025-04-03,21000.0,16,1312.5
C007086,102065,Credit Card,2025-02-25,5870.11,11,533.65
C007087,102635,Payroll Loan,2026-04-01,33000.0,15,2200.0
C007088,105135,Personal Loan,2025-10-06,4394.15,18,244.12
C007089,103392,Credit Card,2025-09-08,2757.1,6,459.52
C007090,100643,Credit Card,2025-10-04,6441.09,12,536.76
C007091,101993,Personal Loan,2025-09-16,6624.32,28,236.58
C007092,106871,Personal Loan,2025-08-31,5975.35,14,426.81
C007093,103138,Payroll Loan,2025-08-15,13537.57,18,752.09
C007094,101531,Vehicle Finance,2026-04-12,36756.53,37,993.42
C007095,106049,Payroll Loan,2026-03-25,7011.68,35,200.33
C007096,100337,Payroll Loan,2025-11-01,15313.71,34,450.4
C007097,106298,Payroll Loan,2026-03-18,19409.37,31,626.11
C007098,102520,Personal Loan,2025-01-13,21000.0,24,875.0
C007099,105191,Vehicle Finance,2026-01-28,17907.42,34,526.69
C007100,106854,Personal Loan,2025-06-22,5646.49,30,188.22
C007101,104433,Vehicle Finance,2025-02-28,34554.24,52,664.5
C007102,101146,Payroll Loan,2026-02-28,13162.13,36,365.61
C007103,107120,Credit Card,2026-03-25,2551.65,20,127.58
C007104,107743,Personal Loan,2025-03-19,13303.94,17,782.58
C007105,102763,Personal Loan,2025-11-15,5282.19,20,264.11
C007106,106264,Personal Loan,2026-04-07,7541.55,23,327.89
C007107,100304,Personal Loan,2025-12-25,11780.0,29,406.21
C007108,103077,Personal Loan,2025-10-08,4205.1,18,233.62
C007109,108388,Vehicle Finance,2025-05-20,37551.43,44,853.44
C007110,100905,Vehicle Finance,2025-06-29,57921.37,34,1703.57
C007111,103372,Vehicle Finance,2026-04-09,33762.38,32,1055.07
C007112,109097,Personal Loan,2025-05-01,9302.18,29,320.76
C007113,104694,Personal Loan,2025-02-25,7820.15,35,223.43
C007114,102330,Vehicle Finance,2025-06-25,62178.82,30,2072.63
C007115,107250,Personal Loan,2025-07-13,10101.78,31,325.86
C007116,106326,Personal Loan,2025-01-30,3967.26,21,188.92
C007117,104678,Credit Card,2025-10-15,3523.35,7,503.34
C007118,106912,Personal Loan,2025-11-02,6050.78,30,201.69
C007119,107851,Personal Loan,2026-05-08,4177.87,33,126.6
C007120,105319,Personal Loan,2025-05-20,3737.48,35,106.79
C007121,101978,Personal Loan,2025-06-08,11991.4,33,363.38
C007122,105842,Payroll Loan,2026-04-23,8441.47,33,255.8
C007123,108156,Payroll Loan,2025-08-26,3438.06,34,101.12
C007124,102963,Vehicle Finance,2025-03-19,25872.62,34,760.96
C007125,100506,Personal Loan,2025-11-13,3228.38,14,230.6
C007126,105875,Credit Card,2025-09-11,5486.69,18,304.82
C007127,103482,Personal Loan,2025-10-27,9032.06,35,258.06
C007128,108238,Credit Card,2026-01-31,7320.36,21,348.59
C007129,106119,Credit Card,2026-05-17,3348.22,10,334.82
C007130,107768,Credit Card,2026-02-15,2757.17,12,229.76
C007131,104991,Personal Loan,2026-03-02,4652.23,31,150.07
C007132,102231,Personal Loan,2025-05-01,3924.22,30,130.81
C007133,106536,Personal Loan,2026-04-26,4473.35,22,203.33
C007134,107828,Credit Card,2026-06-04,3369.16,22,153.14
C007135,102342,Payroll Loan,2025-03-01,17464.72,26,671.72
C007136,106800,Vehicle Finance,2026-06-03,61234.21,42,1457.96
C007137,109718,Personal Loan,2025-08-06,7861.56,23,341.81
C007138,104363,Credit Card,2025-08-15,3881.93,15,258.8
C007139,102656,Vehicle Finance,2025-12-05,25551.23,27,946.34
C007140,104863,Personal Loan,2025-09-08,5182.51,21,246.79
C007141,104353,Vehicle Finance,2025-09-19,14351.43,32,448.48
C007142,105164,Credit Card,2025-07-02,4289.65,21,204.27
C007143,106765,Vehicle Finance,2025-07-07,45913.47,32,1434.8
C007144,107790,Credit Card,2025-08-05,6404.29,17,376.72
C007145,107361,Credit Card,2025-11-23,5512.65,24,229.69
C007146,106119,Vehicle Finance,2026-03-08,46396.98,24,1933.21
C007147,106708,Payroll Loan,2025-03-17,22015.37,13,1693.49
C007148,108477,Credit Card,2025-10-06,1836.75,21,87.46
C007149,102328,Vehicle Finance,2025-09-27,61144.7,40,1528.62
C007150,108206,Vehicle Finance,2026-05-04,114000.0,53,2150.94
C007151,101695,Personal Loan,2025-03-05,7437.46,24,309.89
C007152,109139,Credit Card,2025-08-13,5514.76,7,787.82
C007153,105460,Credit Card,2025-06-13,6645.03,7,949.29
C007154,108749,Personal Loan,2026-01-14,6174.34,29,212.91
C007155,109546,Credit Card,2025-03-04,8019.06,21,381.86
C007156,100209,Credit Card,2026-02-05,3333.4,16,208.34
C007157,105445,Personal Loan,2026-06-19,16726.85,16,1045.43
C007158,103629,Personal Loan,2025-07-02,5558.6,22,252.66
C007159,101828,Payroll Loan,2025-06-20,11834.12,48,246.54
C007160,103737,Personal Loan,2026-05-13,6223.55,21,296.36
C007161,106124,Payroll Loan,2025-05-18,7645.1,34,224.86
C007162,106870,Payroll Loan,2025-10-05,17627.17,30,587.57
C007163,100886,Credit Card,2025-03-12,5351.58,24,222.98
C007164,105668,Credit Card,2025-10-04,3093.94,21,147.33
C007165,106085,Personal Loan,2026-03-23,3666.3,29,126.42
C007166,109906,Personal Loan,2025-01-28,3744.69,13,288.05
C007167,102135,Personal Loan,2026-02-16,3723.54,15,248.24
C007168,106184,Credit Card,2026-04-09,2979.41,21,141.88
C007169,107861,Payroll Loan,2025-03-10,7896.35,25,315.85
C007170,105671,Personal Loan,2025-11-30,15140.53,29,522.09
C007171,102093,Personal Loan,2025-11-20,3017.79,23,131.21
C007172,108503,Personal Loan,2025-05-06,11067.07,30,368.9
C007173,101327,Credit Card,2025-01-22,13500.0,24,562.5
C007174,107901,Credit Card,2025-06-21,3765.17,14,268.94
C007175,109334,Payroll Loan,2025-11-11,22837.49,33,692.05
C007176,101605,Personal Loan,2025-07-20,11170.46,29,385.19
C007177,106224,Credit Card,2025-01-30,4370.87,7,624.41
C007178,104840,Vehicle Finance,2026-04-01,77000.17,54,1425.93
C007179,107266,Payroll Loan,2026-02-20,8487.94,37,229.4
C007180,109918,Credit Card,2026-03-17,2546.75,13,195.9
C007181,102329,Personal Loan,2026-04-25,3172.89,30,105.76
C007182,107079,Personal Loan,2025-10-23,7122.58,32,222.58
C007183,109334,Credit Card,2025-09-09,3541.76,8,442.72
C007184,100236,Credit Card,2026-03-05,6356.41,15,423.76
C007185,108076,Vehicle Finance,2026-05-07,29315.38,30,977.18
C007186,100616,Personal Loan,2025-11-06,13851.22,18,769.51
C007187,101682,Personal Loan,2025-04-06,8763.43,19,461.23
C007188,107315,Personal Loan,2025-03-22,4951.92,21,235.81
C007189,108892,Personal Loan,2026-03-06,11590.04,27,429.26
C007190,107734,Vehicle Finance,2025-05-02,14727.67,29,507.85
C007191,101890,Personal Loan,2025-09-16,2318.8,14,165.63
C007192,108195,Personal Loan,2025-06-26,4066.53,29,140.23
C007193,102887,Personal Loan,2026-03-14,7284.99,21,346.9
C007194,102927,Personal Loan,2025-05-05,7252.68,21,345.37
C007195,107922,Vehicle Finance,2025-09-25,23487.52,34,690.81
C007196,108061,Credit Card,2026-05-07,3214.55,7,459.22
C007197,107906,Payroll Loan,2025-09-15,17583.98,16,1099.0
C007198,109922,Credit Card,2025-04-17,3622.64,22,164.67
C007199,102457,Personal Loan,2025-06-24,3470.04,26,133.46
C007200,105762,Personal Loan,2025-02-22,14881.79,26,572.38
C007201,105690,Credit Card,2026-03-26,4303.98,23,187.13
C007202,105980,Credit Card,2026-04-02,5168.46,8,646.06
C007203,109888,Personal Loan,2026-06-21,5363.6,33,162.53
C007204,102443,Credit Card,2025-03-18,3710.73,8,463.84
C007205,101846,Credit Card,2025-05-20,6912.52,18,384.03
C007206,102158,Credit Card,2025-01-03,6146.18,18,341.45
C007207,100956,Credit Card,2025-09-21,3689.26,23,160.4
C007208,100079,Personal Loan,2026-01-06,15608.24,31,503.49
C007209,103106,Credit Card,2025-06-09,2775.39,8,346.92
C007210,102151,Personal Loan,2025-03-24,12903.55,25,516.14
C007211,109492,Payroll Loan,2025-02-26,8607.92,28,307.43
C007212,101518,Personal Loan,2025-08-05,4277.15,32,133.66
C007213,103233,Credit Card,2026-03-10,5980.67,20,299.03
C007214,106628,Payroll Loan,2025-06-27,12141.22,42,289.08
C007215,106417,Personal Loan,2025-12-30,8751.98,19,460.63
C007216,100412,Personal Loan,2026-06-10,1750.0,18,97.22
C007217,105172,Personal Loan,2025-02-10,15352.55,19,808.03
C007218,109685,Vehicle Finance,2025-02-23,39167.4,30,1305.58
C007219,102067,Personal Loan,2026-02-07,7629.54,34,224.4
C007220,109200,Credit Card,2025-02-01,6762.18,22,307.37
C007221,108520,Credit Card,2025-09-18,5328.14,12,444.01
C007222,103155,Personal Loan,2026-03-01,8775.2,14,626.8
C007223,103857,Credit Card,2026-02-26,5754.07,13,442.62
C007224,109119,Payroll Loan,2025-07-01,21499.27,18,1194.4
C007225,105795,Payroll Loan,2025-03-04,10308.66,19,542.56
C007226,104786,Personal Loan,2025-11-04,10119.54,25,404.78
C007227,104884,Payroll Loan,2025-07-26,6967.76,38,183.36
C007228,108596,Credit Card,2025-01-06,2684.56,14,191.75
C007229,101364,Payroll Loan,2026-04-19,10035.24,43,233.38
C007230,106884,Personal Loan,2026-06-25,7517.74,15,501.18
C007231,100381,Credit Card,2025-01-16,7118.48,12,593.21
C007232,100930,Credit Card,2025-12-22,4768.62,16,298.04
C007233,101478,Payroll Loan,2025-05-22,21627.5,34,636.1
C007234,107134,Personal Loan,2025-12-25,9190.42,16,574.4
C007235,108523,Credit Card,2025-02-25,6792.97,10,679.3
C007236,106399,Vehicle Finance,2026-02-14,40881.74,37,1104.91
C007237,104042,Payroll Loan,2025-02-25,8974.54,29,309.47
C007238,108060,Payroll Loan,2025-07-18,11387.98,30,379.6
C007239,102785,Payroll Loan,2025-06-27,7725.88,31,249.22
C007240,107658,Credit Card,2025-08-08,3873.04,13,297.93
C007241,106595,Personal Loan,2025-09-15,18561.99,17,1091.88
C007242,107325,Credit Card,2025-08-27,1512.83,24,63.03
C007243,102760,Payroll Loan,2025-04-15,4960.87,28,177.17
C007244,106457,Personal Loan,2026-03-10,3633.39,33,110.1
C007245,101840,Credit Card,2026-06-09,3128.87,18,173.83
C007246,108583,Personal Loan,2025-02-15,8969.3,19,472.07
C007247,100885,Personal Loan,2025-11-15,4163.61,32,130.11
C007248,107791,Vehicle Finance,2025-06-07,14290.43,45,317.57
C007249,105978,Vehicle Finance,2026-06-05,62495.73,30,2083.19
C007250,107359,Vehicle Finance,2026-03-03,43154.78,51,846.17
C007251,100699,Personal Loan,2025-12-15,7507.44,14,536.25
C007252,101226,Payroll Loan,2025-02-07,16863.89,38,443.79
C007253,103284,Personal Loan,2026-03-12,3708.77,22,168.58
C007254,109722,Payroll Loan,2026-06-02,18394.85,14,1313.92
C007255,104583,Personal Loan,2026-05-26,5191.59,30,173.05
C007256,108761,Credit Card,2025-10-29,7763.96,21,369.71
C007257,103101,Vehicle Finance,2025-12-06,114000.0,48,2375.0
C007258,105355,Personal Loan,2025-03-08,3485.24,14,248.95
C007259,104327,Credit Card,2025-01-31,3291.7,23,143.12
C007260,109001,Personal Loan,2025-04-18,4642.09,27,171.93
C007261,104025,Personal Loan,2025-07-06,11301.73,29,389.71
C007262,105382,Credit Card,2025-04-23,7276.79,10,727.68
C007263,102960,Vehicle Finance,2025-09-19,93144.54,42,2217.73
C007264,105503,Payroll Loan,2025-04-12,3973.84,41,96.92
C007265,105832,Vehicle Finance,2026-03-21,25647.04,42,610.64
C007266,108425,Payroll Loan,2025-10-11,6810.29,44,154.78
C007267,105390,Personal Loan,2025-02-27,4559.87,20,227.99
C007268,103870,Payroll Loan,2026-03-18,8623.76,17,507.28
C007269,106043,Personal Loan,2025-01-19,11073.08,21,527.29
C007270,107196,Personal Loan,2025-03-30,5051.13,12,420.93
C007271,102986,Vehicle Finance,2025-12-31,61226.7,52,1177.44
C007272,108034,Credit Card,2025-01-28,5534.95,8,691.87
C007273,103633,Credit Card,2025-05-19,3534.99,7,505.0
C007274,108993,Vehicle Finance,2025-01-19,33110.65,60,551.84
C007275,103683,Credit Card,2025-01-26,2624.79,16,164.05
C007276,106264,Vehicle Finance,2025-03-10,87703.53,44,1993.26
C007277,103059,Personal Loan,2025-03-16,4349.85,25,173.99
C007278,102885,Personal Loan,2025-04-21,10353.33,35,295.81
C007279,101179,Credit Card,2026-04-23,3232.43,20,161.62
C007280,107822,Credit Card,2025-08-12,7665.39,24,319.39
C007281,104715,Vehicle Finance,2025-01-10,18803.31,49,383.74
C007282,100924,Vehicle Finance,2026-02-10,35224.96,42,838.69
C007283,102548,Vehicle Finance,2025-02-09,30427.02,25,1217.08
C007284,106495,Personal Loan,2025-01-14,2992.92,25,119.72
C007285,107306,Credit Card,2025-12-24,5235.88,20,261.79
C007286,107077,Payroll Loan,2025-06-04,11172.77,47,237.72
C007287,109430,Personal Loan,2026-05-21,4390.29,13,337.71
C007288,108757,Credit Card,2025-01-14,6475.84,20,323.79
C007289,103777,Vehicle Finance,2025-05-27,34609.15,53,653.0
C007290,103952,Credit Card,2026-06-26,3111.78,24,129.66
C007291,102341,Vehicle Finance,2026-02-09,39491.13,52,759.44
C007292,107545,Personal Loan,2026-01-14,6623.9,30,220.8
C007293,107268,Vehicle Finance,2025-02-14,75473.05,34,2219.8
C007294,105647,Personal Loan,2025-04-19,19859.35,12,1654.95
C007295,107175,Personal Loan,2025-11-20,2356.39,13,181.26
C007296,106284,Personal Loan,2025-02-25,4400.14,35,125.72
C007297,108044,Payroll Loan,2026-02-02,10339.97,22,470.0
C007298,106850,Payroll Loan,2025-06-04,33000.0,37,891.89
C007299,105759,Personal Loan,2025-09-25,7376.54,23,320.72
C007300,101571,Personal Loan,2026-02-07,4464.93,19,235.0
C007301,105086,Vehicle Finance,2025-01-29,32514.46,55,591.17
C007302,107399,Credit Card,2026-06-29,2273.58,18,126.31
C007303,109703,Personal Loan,2026-04-21,3730.66,29,128.64
C007304,100952,Personal Loan,2025-05-26,6395.16,24,266.46
C007305,102500,Vehicle Finance,2025-05-28,42354.48,59,717.87
C007306,109742,Personal Loan,2026-03-20,5802.68,32,181.33
C007307,109862,Credit Card,2026-01-09,4010.66,21,190.98
C007308,101424,Payroll Loan,2026-03-30,17160.77,22,780.04
C007309,102839,Payroll Loan,2025-10-20,11264.48,42,268.2
C007310,109863,Credit Card,2026-01-05,5206.01,19,274.0
C007311,100731,Vehicle Finance,2026-06-19,15825.39,50,316.51
C007312,102507,Credit Card,2025-10-08,5590.93,13,430.07
C007313,109225,Payroll Loan,2025-08-14,10637.62,44,241.76
C007314,104076,Vehicle Finance,2026-05-22,19619.98,44,445.91
C007315,108255,Payroll Loan,2026-04-04,33000.0,39,846.15
C007316,105706,Vehicle Finance,2025-12-25,10322.38,46,224.4
C007317,102802,Vehicle Finance,2025-08-04,20029.76,36,556.38
C007318,104796,Credit Card,2025-10-12,7349.16,13,565.32
C007319,106033,Vehicle Finance,2026-01-16,20162.33,42,480.06
C007320,107069,Personal Loan,2025-11-30,14141.84,35,404.05
C007321,104951,Payroll Loan,2025-09-07,5131.79,32,160.37
C007322,106765,Payroll Loan,2026-02-26,8858.83,16,553.68
C007323,101353,Credit Card,2025-11-27,6160.22,22,280.01
C007324,103669,Credit Card,2025-03-13,6862.4,7,980.34
C007325,107573,Personal Loan,2025-03-24,6267.08,33,189.91
C007326,107669,Credit Card,2026-03-31,5699.83,12,474.99
C007327,108148,Personal Loan,2025-10-19,10994.12,26,422.85
C007328,104887,Personal Loan,2026-04-09,6761.39,31,218.11
C007329,105734,Vehicle Finance,2025-09-01,53177.79,25,2127.11
C007330,106187,Personal Loan,2025-07-12,10465.38,21,498.35
C007331,100983,Personal Loan,2025-05-27,6252.81,28,223.31
C007332,107054,Personal Loan,2025-02-05,7644.85,32,238.9
C007333,102221,Vehicle Finance,2025-12-27,51348.99,52,987.48
C007334,106156,Vehicle Finance,2026-03-02,31537.38,30,1051.25
C007335,108646,Credit Card,2026-02-08,3209.77,19,168.94
C007336,100782,Personal Loan,2026-04-23,8366.9,36,232.41
C007337,103449,Vehicle Finance,2026-03-24,43626.22,59,739.43
C007338,107560,Personal Loan,2025-11-12,9840.65,20,492.03
C007339,101027,Payroll Loan,2025-03-01,22462.97,15,1497.53
C007340,104754,Payroll Loan,2026-02-13,14564.09,40,364.1
C007341,107352,Payroll Loan,2025-11-20,22182.42,12,1848.54
C007342,101312,Vehicle Finance,2026-02-22,23436.55,34,689.31
C007343,109685,Payroll Loan,2025-11-11,10450.97,22,475.04
C007344,101909,Vehicle Finance,2025-06-08,42590.47,47,906.18
C007345,107054,Personal Loan,2025-05-05,10814.07,28,386.22
C007346,102229,Payroll Loan,2025-03-03,33000.0,46,717.39
C007347,104039,Personal Loan,2025-07-25,14138.45,24,589.1
C007348,108870,Credit Card,2026-04-25,6736.19,23,292.88
C007349,109904,Payroll Loan,2025-04-12,10792.85,43,251.0
C007350,106031,Personal Loan,2025-05-17,8362.85,22,380.13
C007351,102024,Personal Loan,2025-04-08,2654.08,34,78.06
C007352,100555,Personal Loan,2025-08-25,7614.16,31,245.62
C007353,106950,Vehicle Finance,2025-03-24,55440.73,57,972.64
C007354,108022,Credit Card,2026-04-23,8406.54,22,382.12
C007355,103872,Vehicle Finance,2026-05-01,59606.9,38,1568.6
C007356,106973,Personal Loan,2025-06-25,6981.13,21,332.43
C007357,102132,Vehicle Finance,2025-02-19,59732.74,37,1614.4
C007358,105147,Payroll Loan,2025-08-16,5409.79,37,146.21
C007359,101066,Payroll Loan,2025-01-17,7818.29,37,211.31
C007360,108259,Personal Loan,2025-01-16,3750.09,26,144.23
C007361,108447,Credit Card,2025-09-24,5900.67,19,310.56
C007362,107682,Payroll Loan,2025-02-11,9874.57,44,224.42
C007363,100103,Credit Card,2025-09-24,1566.51,15,104.43
C007364,105032,Payroll Loan,2025-12-27,7469.2,48,155.61
C007365,104794,Credit Card,2025-07-10,3441.59,20,172.08
C007366,107371,Personal Loan,2026-06-01,7021.91,25,280.88
C007367,107560,Credit Card,2026-01-02,4500.93,14,321.5
C007368,100231,Credit Card,2025-03-08,3502.55,16,218.91
C007369,109105,Personal Loan,2026-06-25,4970.67,28,177.52
C007370,105032,Personal Loan,2026-05-12,4163.86,34,122.47
C007371,100885,Payroll Loan,2025-05-09,7809.86,47,166.17
C007372,103698,Credit Card,2025-03-03,5954.82,20,297.74
C007373,107213,Personal Loan,2025-08-27,4620.95,36,128.36
C007374,102311,Credit Card,2026-04-27,3945.71,21,187.89
C007375,105132,Credit Card,2025-12-15,3006.31,14,214.74
C007376,104608,Vehicle Finance,2026-05-01,12360.64,56,220.73
C007377,103579,Credit Card,2026-04-04,8837.7,12,736.48
C007378,103925,Payroll Loan,2025-01-17,4289.28,12,357.44
C007379,105600,Payroll Loan,2026-01-16,8099.93,37,218.92
C007380,101849,Personal Loan,2025-07-09,6514.64,18,361.92
C007381,106602,Vehicle Finance,2026-06-24,19460.9,53,367.19
C007382,109999,Personal Loan,2025-04-28,11147.93,35,318.51
C007383,107505,Credit Card,2025-12-21,2484.28,12,207.02
C007384,100520,Vehicle Finance,2026-06-21,23805.23,57,417.64
C007385,104175,Credit Card,2026-02-21,2420.46,22,110.02
C007386,108377,Credit Card,2025-06-11,6209.11,16,388.07
C007387,106967,Personal Loan,2026-06-10,3960.43,17,232.97
C007388,107541,Payroll Loan,2025-10-27,5113.94,12,426.16
C007389,106488,Vehicle Finance,2026-03-24,52704.37,44,1197.83
C007390,100744,Payroll Loan,2025-08-20,13477.89,40,336.95
C007391,107244,Personal Loan,2025-12-22,3483.63,17,204.92
C007392,103412,Vehicle Finance,2025-10-15,98011.08,32,3062.85
C007393,100327,Vehicle Finance,2025-12-03,10456.85,47,222.49
C007394,106145,Payroll Loan,2026-01-04,11770.59,46,255.88
C007395,106267,Personal Loan,2026-04-06,9003.97,27,333.48
C007396,101551,Credit Card,2025-07-16,6728.96,13,517.61
C007397,107473,Personal Loan,2025-12-11,4992.37,20,249.62
C007398,107431,Personal Loan,2026-05-05,4816.13,17,283.3
C007399,103787,Credit Card,2026-03-18,3128.83,22,142.22
C007400,103513,Personal Loan,2025-05-07,6900.83,24,287.53
C007401,108790,Personal Loan,2025-06-11,5246.24,22,238.47
C007402,101417,Credit Card,2026-04-17,6066.4,18,337.02
C007403,106588,Payroll Loan,2026-06-05,6264.64,19,329.72
C007404,106910,Personal Loan,2025-11-04,6780.57,16,423.79
C007405,102397,Personal Loan,2025-08-10,5127.62,36,142.43
C007406,102511,Credit Card,2026-05-21,8408.07,21,400.38
C007407,105234,Payroll Loan,2025-02-23,4397.54,17,258.68
C007408,103516,Vehicle Finance,2026-04-03,35463.5,35,1013.24
C007409,100984,Personal Loan,2026-06-12,6046.08,14,431.86
C007410,104350,Personal Loan,2026-02-17,4573.56,35,130.67
C007411,107349,Personal Loan,2025-07-23,21000.0,18,1166.67
C007412,104323,Vehicle Finance,2025-07-04,62805.64,32,1962.68
C007413,107482,Personal Loan,2025-07-12,10344.41,29,356.7
C007414,107905,Credit Card,2025-04-30,8638.94,11,785.36
C007415,105837,Personal Loan,2025-05-28,7917.94,31,255.42
C007416,106471,Personal Loan,2026-05-09,14196.15,27,525.78
C007417,100661,Credit Card,2025-11-17,5311.08,14,379.36
C007418,108529,Credit Card,2025-03-23,4411.26,9,490.14
C007419,101567,Payroll Loan,2025-04-30,27689.31,32,865.29
C007420,107713,Credit Card,2025-01-16,6103.93,18,339.11
C007421,107698,Payroll Loan,2026-03-17,11860.92,17,697.7
C007422,109365,Personal Loan,2026-04-03,8920.14,16,557.51
C007423,103347,Credit Card,2025-12-30,1320.68,10,132.07
C007424,103492,Vehicle Finance,2026-03-24,83345.3,25,3333.81
C007425,102493,Credit Card,2025-06-25,3580.59,13,275.43
C007426,105790,Personal Loan,2026-05-16,6370.67,12,530.89
C007427,102114,Personal Loan,2026-05-13,12423.09,31,400.74
C007428,108420,Vehicle Finance,2026-02-11,73833.55,27,2734.58
C007429,106631,Credit Card,2025-03-30,7710.68,7,1101.53
C007430,108172,Credit Card,2026-04-03,1830.28,20,91.51
C007431,104806,Credit Card,2025-07-23,4136.85,17,243.34
C007432,108097,Credit Card,2025-03-12,6825.13,22,310.23
C007433,101061,Personal Loan,2026-05-17,6334.95,15,422.33
C007434,104305,Credit Card,2025-11-29,6744.36,21,321.16
C007435,106218,Credit Card,2025-10-11,3050.12,19,160.53
C007436,104861,Personal Loan,2026-05-15,12429.46,27,460.35
C007437,107428,Personal Loan,2025-03-25,7710.23,24,321.26
C007438,100795,Personal Loan,2026-05-09,3301.18,29,113.83
C007439,108012,Personal Loan,2025-07-13,6711.6,20,335.58
C007440,101744,Personal Loan,2026-05-06,12369.55,27,458.13
C007441,101256,Payroll Loan,2025-01-10,16969.75,30,565.66
C007442,104412,Vehicle Finance,2026-01-24,33836.97,26,1301.42
C007443,107996,Vehicle Finance,2025-07-03,51753.69,31,1669.47
C007444,103111,Payroll Loan,2025-07-19,4461.38,19,234.81
C007445,108372,Vehicle Finance,2026-06-10,37285.75,34,1096.64
C007446,102412,Personal Loan,2025-04-16,4056.94,35,115.91
C007447,107906,Personal Loan,2025-03-30,14664.03,21,698.29
C007448,101499,Personal Loan,2025-02-13,14294.57,28,510.52
C007449,106916,Personal Loan,2026-01-18,3936.08,12,328.01
C007450,107535,Payroll Loan,2025-02-22,7767.25,42,184.93
C007451,101059,Credit Card,2026-06-26,8693.61,12,724.47
C007452,108108,Credit Card,2025-03-28,4125.87,22,187.54
C007453,106241,Vehicle Finance,2025-11-21,75385.78,26,2899.45
C007454,104911,Vehicle Finance,2025-11-04,43352.63,25,1734.11
C007455,109097,Credit Card,2025-08-03,4306.8,11,391.53
C007456,108251,Vehicle Finance,2025-01-17,61064.85,26,2348.65
C007457,103634,Personal Loan,2026-01-30,5349.17,19,281.54
C007458,109146,Personal Loan,2025-04-07,7747.49,36,215.21
C007459,108853,Personal Loan,2025-05-19,9646.46,28,344.52
C007460,101524,Credit Card,2025-07-15,9710.61,7,1387.23
C007461,106343,Personal Loan,2025-11-11,1854.81,16,115.93
C007462,108308,Personal Loan,2025-12-18,21000.0,34,617.65
C007463,101289,Credit Card,2026-05-20,2549.93,23,110.87
C007464,100278,Payroll Loan,2026-04-11,12459.85,23,541.73
C007465,107604,Personal Loan,2025-11-10,14004.22,34,411.89
C007466,101131,Personal Loan,2025-08-11,6221.91,25,248.88
C007467,103205,Credit Card,2026-05-19,4480.51,11,407.32
C007468,104113,Personal Loan,2025-07-11,5427.98,18,301.55
C007469,108604,Personal Loan,2025-10-02,3314.29,18,184.13
C007470,106710,Vehicle Finance,2025-10-11,41536.78,41,1013.09
C007471,102784,Credit Card,2025-06-11,2854.3,11,259.48
C007472,104893,Credit Card,2025-11-22,1575.64,7,225.09
C007473,104745,Vehicle Finance,2026-01-13,19935.22,37,538.79
C007474,102092,Payroll Loan,2025-07-15,10731.61,17,631.27
C007475,104554,Vehicle Finance,2025-01-11,50467.95,33,1529.33
C007476,106312,Vehicle Finance,2025-12-19,30625.76,58,528.03
C007477,101307,Vehicle Finance,2025-04-07,34423.59,42,819.61
C007478,108688,Credit Card,2025-08-07,2719.15,12,226.6
C007479,106871,Vehicle Finance,2026-05-15,82895.94,32,2590.5
C007480,107951,Payroll Loan,2025-04-17,9597.58,14,685.54
C007481,105238,Payroll Loan,2025-02-09,6610.81,17,388.87
C007482,102968,Vehicle Finance,2026-04-08,18397.83,39,471.74
C007483,107238,Personal Loan,2026-04-17,3440.68,36,95.57
C007484,109021,Credit Card,2025-04-24,3868.68,8,483.58
C007485,101649,Personal Loan,2025-04-17,8094.52,28,289.09
C007486,103866,Personal Loan,2026-03-08,7893.99,20,394.7
C007487,109304,Vehicle Finance,2025-11-19,29440.91,32,920.03
C007488,108988,Payroll Loan,2025-11-17,5534.74,15,368.98
C007489,108629,Credit Card,2026-03-27,9924.4,23,431.5
C007490,101035,Credit Card,2026-02-17,5177.65,18,287.65
C007491,101280,Credit Card,2025-07-03,5753.08,15,383.54
C007492,109355,Personal Loan,2025-01-05,8453.82,20,422.69
C007493,108650,Vehicle Finance,2025-06-03,33680.74,52,647.71
C007494,103481,Personal Loan,2025-04-29,6421.54,23,279.2
C007495,103077,Personal Loan,2025-12-28,4471.45,26,171.98
C007496,104392,Personal Loan,2025-08-30,5458.13,22,248.1
C007497,100074,Credit Card,2025-02-03,5844.65,11,531.33
C007498,108380,Payroll Loan,2026-04-19,18362.35,21,874.4
C007499,108766,Credit Card,2025-02-23,2939.54,18,163.31
C007500,106897,Personal Loan,2025-02-25,8686.96,33,263.24
C007501,101779,Credit Card,2026-05-20,4552.52,14,325.18
C007502,105551,Personal Loan,2025-11-06,10261.51,20,513.08
C007503,104148,Payroll Loan,2026-03-29,15458.36,38,406.8
C007504,106788,Credit Card,2026-04-04,6203.49,6,1033.92
C007505,100566,Vehicle Finance,2025-03-17,33597.86,59,569.46
C007506,105212,Vehicle Finance,2025-01-09,29041.83,58,500.72
C007507,108004,Credit Card,2025-08-10,3155.21,12,262.93
C007508,100263,Payroll Loan,2025-01-21,4441.81,28,158.64
C007509,109553,Personal Loan,2025-06-13,3549.28,15,236.62
C007510,104704,Credit Card,2025-08-05,2178.4,15,145.23
C007511,100431,Credit Card,2025-08-31,3767.4,16,235.46
C007512,106046,Personal Loan,2025-02-20,5845.08,16,365.32
C007513,106828,Personal Loan,2025-04-28,5637.35,36,156.59
C007514,101315,Personal Loan,2025-02-16,1750.0,18,97.22
C007515,104769,Personal Loan,2025-12-16,7406.54,31,238.92
C007516,102259,Personal Loan,2025-04-27,11707.65,33,354.78
C007517,109145,Personal Loan,2025-11-17,5334.64,20,266.73
C007518,102293,Personal Loan,2025-09-18,7982.15,17,469.54
C007519,101205,Vehicle Finance,2026-02-03,61959.52,50,1239.19
C007520,105410,Credit Card,2025-07-01,8610.47,21,410.02
C007521,109088,Vehicle Finance,2025-01-01,29557.07,35,844.49
C007522,102255,Personal Loan,2026-06-15,7076.85,22,321.68
C007523,108924,Personal Loan,2026-05-25,3517.3,19,185.12
C007524,102274,Credit Card,2025-09-02,3857.56,9,428.62
C007525,109211,Payroll Loan,2025-02-03,5810.44,42,138.34
C007526,104255,Credit Card,2025-11-11,6433.57,18,357.42
C007527,104029,Credit Card,2025-11-19,9322.63,16,582.66
C007528,107884,Vehicle Finance,2025-07-25,47474.42,31,1531.43
C007529,104880,Credit Card,2025-05-20,3594.59,8,449.32
C007530,102795,Credit Card,2025-02-26,6185.52,17,363.85
C007531,103775,Personal Loan,2025-09-24,3942.68,35,112.65
C007532,102516,Payroll Loan,2025-08-18,14691.3,13,1130.1
C007533,104479,Personal Loan,2025-10-27,5488.27,34,161.42
C007534,105027,Personal Loan,2025-09-04,11178.13,22,508.1
C007535,106863,Payroll Loan,2026-06-15,4489.18,27,166.27
C007536,103527,Payroll Loan,2026-06-04,14175.51,31,457.27
C007537,102681,Personal Loan,2026-06-27,6216.65,15,414.44
C007538,109809,Vehicle Finance,2026-05-03,42358.95,55,770.16
C007539,108236,Credit Card,2026-05-11,12255.77,13,942.75
C007540,108065,Credit Card,2025-01-03,10300.9,9,1144.54
C007541,103557,Payroll Loan,2026-05-05,16405.24,45,364.56
C007542,103918,Credit Card,2025-06-01,4036.18,12,336.35
C007543,106756,Credit Card,2025-05-10,11684.55,17,687.33
C007544,101198,Credit Card,2025-11-11,10257.48,22,466.25
C007545,109685,Payroll Loan,2025-10-23,10242.35,16,640.15
C007546,102179,Vehicle Finance,2026-01-21,52142.13,41,1271.76
C007547,102333,Personal Loan,2026-04-14,6758.21,25,270.33
C007548,107834,Credit Card,2025-09-02,10968.8,14,783.49
C007549,102782,Credit Card,2026-03-30,2692.87,22,122.4
C007550,104570,Payroll Loan,2026-01-24,16541.9,38,435.31
C007551,109477,Vehicle Finance,2026-01-14,58996.48,28,2107.02
C007552,101954,Personal Loan,2026-01-28,9408.72,33,285.11
C007553,101069,Credit Card,2025-09-19,7512.08,13,577.85
C007554,106249,Payroll Loan,2026-01-24,4924.01,39,126.26
C007555,100348,Personal Loan,2025-11-29,5976.87,19,314.57
C007556,106395,Personal Loan,2025-05-18,2264.55,36,62.9
C007557,102427,Personal Loan,2026-01-06,13545.26,16,846.58
C007558,103293,Personal Loan,2025-01-05,4983.96,31,160.77
C007559,103901,Credit Card,2026-04-20,3846.7,18,213.71
C007560,101442,Personal Loan,2025-04-16,11677.55,27,432.5
C007561,109010,Payroll Loan,2026-03-25,10470.94,29,361.07
C007562,105639,Personal Loan,2025-07-11,11876.83,13,913.6
C007563,103540,Personal Loan,2026-02-05,6084.79,24,253.53
C007564,105638,Personal Loan,2025-09-02,6605.07,24,275.21
C007565,103207,Vehicle Finance,2026-01-18,24958.8,57,437.87
C007566,104570,Payroll Loan,2025-02-18,14249.1,16,890.57
C007567,101436,Credit Card,2026-02-07,4247.87,6,707.98
C007568,109699,Payroll Loan,2026-01-15,17338.36,38,456.27
C007569,107786,Vehicle Finance,2026-05-11,33542.48,47,713.67
C007570,103206,Personal Loan,2025-03-20,6069.03,35,173.4
C007571,105463,Payroll Loan,2025-09-06,10263.54,31,331.08
C007572,105029,Credit Card,2025-06-06,3694.24,6,615.71
C007573,100609,Vehicle Finance,2026-06-25,68127.69,29,2349.23
C007574,106354,Vehicle Finance,2025-06-26,23785.89,59,403.15
C007575,105189,Personal Loan,2025-12-18,18194.07,33,551.34
C007576,106906,Vehicle Finance,2025-11-17,13363.61,25,534.54
C007577,102445,Personal Loan,2025-10-17,7994.25,33,242.25
C007578,108454,Vehicle Finance,2026-02-05,27039.89,48,563.33
C007579,107394,Personal Loan,2025-02-19,21000.0,36,583.33
C007580,102209,Vehicle Finance,2025-06-18,50521.76,44,1148.22
C007581,105633,Credit Card,2026-01-02,3310.91,19,174.26
C007582,108624,Payroll Loan,2026-04-03,11718.37,28,418.51
C007583,100290,Personal Loan,2025-11-06,4482.29,31,144.59
C007584,101013,Payroll Loan,2025-07-13,7764.6,41,189.38
C007585,108229,Vehicle Finance,2025-12-05,17126.64,59,290.28
C007586,100649,Vehicle Finance,2026-03-17,108062.67,44,2455.97
C007587,103627,Personal Loan,2025-05-28,5109.32,14,364.95
C007588,108711,Personal Loan,2025-03-29,7385.76,18,410.32
C007589,107693,Payroll Loan,2026-04-10,27558.31,24,1148.26
C007590,103251,Vehicle Finance,2025-07-15,24212.26,44,550.28
C007591,105816,Personal Loan,2026-06-12,2736.88,19,144.05
C007592,107964,Payroll Loan,2025-11-15,11730.16,46,255.0
C007593,103988,Payroll Loan,2026-02-26,5915.4,15,394.36
C007594,107741,Vehicle Finance,2025-10-03,32003.78,37,864.97
C007595,108408,Personal Loan,2025-04-03,14686.9,15,979.13
C007596,106755,Vehicle Finance,2025-07-17,24981.85,48,520.46
C007597,106821,Credit Card,2025-01-04,2900.96,6,483.49
C007598,102046,Personal Loan,2025-04-26,14109.31,25,564.37
C007599,108380,Vehicle Finance,2026-01-17,47539.44,41,1159.5
C007600,104247,Payroll Loan,2025-10-03,11488.73,47,244.44
C007601,105378,Payroll Loan,2026-06-09,10019.27,45,222.65
C007602,108094,Vehicle Finance,2025-02-20,38748.25,42,922.58
C007603,103153,Payroll Loan,2025-02-27,17510.37,46,380.66
C007604,100982,Vehicle Finance,2025-08-05,57228.22,32,1788.38
C007605,100160,Vehicle Finance,2026-04-16,17127.78,37,462.91
C007606,105060,Personal Loan,2025-02-08,11756.87,23,511.17
C007607,105585,Personal Loan,2025-10-21,3736.82,19,196.67
C007608,101537,Credit Card,2025-08-25,3616.01,11,328.73
C007609,106010,Credit Card,2026-03-02,4373.5,15,291.57
C007610,101023,Credit Card,2026-06-10,5267.47,14,376.25
C007611,106206,Credit Card,2025-10-15,3716.17,6,619.36
C007612,104415,Personal Loan,2025-09-23,5449.08,20,272.45
C007613,109924,Payroll Loan,2025-05-31,33000.0,18,1833.33
C007614,103096,Credit Card,2025-11-17,4119.64,23,179.11
C007615,107888,Payroll Loan,2025-03-21,7653.5,12,637.79
C007616,108208,Credit Card,2025-10-02,3694.39,16,230.9
C007617,109390,Vehicle Finance,2025-02-02,38088.07,54,705.33
C007618,104880,Credit Card,2025-04-29,9127.22,23,396.84
C007619,105064,Personal Loan,2025-04-04,10466.71,25,418.67
C007620,107411,Vehicle Finance,2025-03-01,68688.57,48,1431.01
C007621,105075,Credit Card,2025-02-05,3715.79,16,232.24
C007622,106614,Personal Loan,2025-07-02,8711.39,33,263.98
C007623,104590,Payroll Loan,2025-06-10,11106.72,35,317.33
C007624,109514,Vehicle Finance,2025-10-08,114000.0,48,2375.0
C007625,109890,Payroll Loan,2025-08-15,15084.98,15,1005.67
C007626,102601,Payroll Loan,2026-01-16,12774.49,14,912.46
C007627,101302,Personal Loan,2025-12-31,9062.02,32,283.19
C007628,107808,Personal Loan,2025-12-20,10822.29,19,569.59
C007629,101933,Personal Loan,2026-05-26,3752.44,36,104.23
C007630,101877,Personal Loan,2025-10-16,5931.15,22,269.6
C007631,108345,Personal Loan,2025-10-09,5580.17,20,279.01
C007632,108623,Personal Loan,2025-07-14,4640.93,15,309.4
C007633,100574,Vehicle Finance,2025-10-04,46436.04,57,814.67
C007634,108736,Credit Card,2025-05-22,1125.0,6,187.5
C007635,109898,Credit Card,2026-06-25,8210.68,22,373.21
C007636,108175,Payroll Loan,2026-02-10,10025.83,19,527.68
C007637,102255,Personal Loan,2025-08-20,4437.23,27,164.34
C007638,103211,Payroll Loan,2026-05-02,7893.62,19,415.45
C007639,106389,Credit Card,2026-04-02,3704.85,9,411.65
C007640,101468,Credit Card,2025-12-11,3784.77,18,210.26
C007641,108268,Personal Loan,2025-06-10,6068.17,15,404.54
C007642,108433,Vehicle Finance,2025-02-24,46912.33,31,1513.3
C007643,108498,Vehicle Finance,2025-03-01,25173.07,56,449.52
C007644,105896,Vehicle Finance,2026-03-11,29688.0,42,706.86
C007645,109306,Vehicle Finance,2025-03-13,37611.55,27,1393.02
C007646,104481,Personal Loan,2025-11-19,5550.51,27,205.57
C007647,103614,Personal Loan,2025-09-19,7554.27,14,539.59
C007648,104127,Credit Card,2025-12-23,5163.6,10,516.36
C007649,102552,Personal Loan,2025-02-03,12545.82,18,696.99
C007650,101014,Credit Card,2026-01-13,3673.21,17,216.07
C007651,104739,Vehicle Finance,2025-03-01,85512.22,28,3054.01
C007652,106470,Payroll Loan,2025-09-10,5580.08,45,124.0
C007653,107809,Vehicle Finance,2025-08-22,42389.09,39,1086.9
C007654,105209,Payroll Loan,2025-10-06,30889.8,28,1103.21
C007655,109876,Personal Loan,2025-01-30,11215.43,32,350.48
C007656,109613,Personal Loan,2025-06-20,13989.8,18,777.21
C007657,101503,Personal Loan,2025-08-06,5093.7,27,188.66
C007658,106751,Payroll Loan,2025-12-08,7946.66,42,189.21
C007659,106378,Credit Card,2025-05-23,4725.67,17,277.98
C007660,109657,Personal Loan,2025-09-27,8445.66,18,469.2
C007661,108370,Personal Loan,2025-10-15,17217.8,22,782.63
C007662,101399,Payroll Loan,2025-07-07,11064.06,29,381.52
C007663,102089,Payroll Loan,2025-01-23,9129.03,14,652.07
C007664,106825,Personal Loan,2025-05-06,7988.68,16,499.29
C007665,102598,Personal Loan,2025-08-18,14541.22,32,454.41
C007666,108143,Payroll Loan,2025-12-09,11214.56,39,287.55
C007667,105508,Vehicle Finance,2025-02-22,72435.99,54,1341.41
C007668,106112,Personal Loan,2025-09-02,3111.36,18,172.85
C007669,108519,Payroll Loan,2025-07-12,5186.75,42,123.49
C007670,106149,Credit Card,2025-04-22,3316.2,11,301.47
C007671,106000,Personal Loan,2026-01-04,8729.64,25,349.19
C007672,101558,Vehicle Finance,2026-03-02,27505.83,53,518.98
C007673,108570,Vehicle Finance,2025-10-31,49537.41,56,884.6
C007674,103213,Vehicle Finance,2025-10-22,13901.31,57,243.88
C007675,102795,Credit Card,2025-10-28,2918.84,15,194.59
C007676,106326,Personal Loan,2025-12-12,9768.82,32,305.28
C007677,101313,Vehicle Finance,2026-02-22,18864.35,45,419.21
C007678,104731,Credit Card,2025-11-04,1709.38,17,100.55
C007679,106563,Credit Card,2026-04-14,4451.93,6,741.99
C007680,108631,Personal Loan,2025-12-08,2946.23,16,184.14
C007681,102253,Payroll Loan,2025-09-10,6468.02,13,497.54
C007682,107773,Credit Card,2025-02-18,4877.44,24,203.23
C007683,108012,Payroll Loan,2025-05-01,16476.92,31,531.51
C007684,105350,Vehicle Finance,2025-06-06,17810.36,50,356.21
C007685,108759,Payroll Loan,2025-10-13,10767.86,31,347.35
C007686,106119,Personal Loan,2026-02-27,8224.77,32,257.02
C007687,102775,Payroll Loan,2025-10-06,5333.76,15,355.58
C007688,106564,Credit Card,2026-03-12,7087.37,15,472.49
C007689,106197,Vehicle Finance,2026-04-10,38334.52,34,1127.49
C007690,106553,Personal Loan,2025-01-28,11759.79,29,405.51
C007691,101598,Payroll Loan,2025-11-25,5259.55,26,202.29
C007692,106961,Vehicle Finance,2026-02-05,26670.33,43,620.24
C007693,108562,Credit Card,2026-06-07,4286.78,8,535.85
C007694,104972,Vehicle Finance,2025-05-05,59392.17,47,1263.66
C007695,105080,Personal Loan,2026-01-10,4577.81,24,190.74
C007696,101239,Personal Loan,2026-04-01,15269.15,36,424.14
C007697,103240,Payroll Loan,2025-09-28,17601.59,38,463.2
C007698,109552,Personal Loan,2025-07-31,6333.64,23,275.38
C007699,109132,Vehicle Finance,2025-06-30,18064.79,38,475.39
C007700,100165,Credit Card,2025-06-13,4907.53,7,701.08
C007701,106627,Credit Card,2025-11-18,3780.93,18,210.05
C007702,100166,Personal Loan,2025-06-09,10925.27,26,420.2
C007703,106722,Credit Card,2026-06-26,4236.57,9,470.73
C007704,109385,Personal Loan,2026-01-09,3643.56,26,140.14
C007705,105848,Payroll Loan,2025-09-08,18589.55,23,808.24
C007706,104944,Payroll Loan,2026-01-07,5486.27,46,119.27
C007707,102562,Payroll Loan,2025-08-20,20190.32,38,531.32
C007708,108176,Personal Loan,2025-11-25,15691.4,27,581.16
C007709,109154,Vehicle Finance,2025-09-18,57540.7,32,1798.15
C007710,103858,Payroll Loan,2026-06-04,12549.75,38,330.26
C007711,106865,Credit Card,2025-04-27,5072.77,19,266.99
C007712,104310,Payroll Loan,2025-06-18,9043.87,30,301.46
C007713,102328,Credit Card,2026-01-27,7328.27,17,431.07
C007714,107054,Payroll Loan,2025-12-02,9556.41,43,222.24
C007715,105876,Personal Loan,2025-05-16,3870.94,24,161.29
C007716,105089,Personal Loan,2025-08-29,10198.01,12,849.83
C007717,108033,Credit Card,2025-12-30,5591.19,15,372.75
C007718,109007,Payroll Loan,2025-11-06,19849.51,38,522.36
C007719,102714,Personal Loan,2026-05-25,4957.76,24,206.57
C007720,106915,Payroll Loan,2025-03-22,18348.46,36,509.68
C007721,104412,Personal Loan,2025-06-04,7249.63,29,249.99
C007722,105273,Credit Card,2026-05-15,13500.0,20,675.0
C007723,103124,Vehicle Finance,2026-01-08,44661.67,60,744.36
C007724,108298,Credit Card,2026-04-22,4022.02,13,309.39
C007725,100062,Vehicle Finance,2025-06-05,31421.07,54,581.87
C007726,105449,Personal Loan,2026-06-07,4576.06,15,305.07
C007727,104690,Payroll Loan,2025-08-24,7179.25,14,512.8
C007728,102997,Payroll Loan,2026-02-07,15881.6,41,387.36
C007729,103383,Credit Card,2025-08-08,7118.67,21,338.98
C007730,101204,Payroll Loan,2026-01-19,12828.11,25,513.12
C007731,101699,Personal Loan,2026-05-03,6373.91,30,212.46
C007732,103506,Credit Card,2025-01-29,4026.27,13,309.71
C007733,101086,Vehicle Finance,2026-05-28,21541.25,56,384.67
C007734,106346,Credit Card,2025-08-30,6275.4,16,392.21
C007735,105619,Personal Loan,2025-10-18,6190.96,21,294.81
C007736,109817,Personal Loan,2025-01-20,13049.29,28,466.05
C007737,109110,Vehicle Finance,2025-01-27,72605.38,39,1861.68
C007738,107456,Credit Card,2026-05-22,3366.06,20,168.3
C007739,105108,Credit Card,2026-05-29,2525.57,14,180.4
C007740,106190,Payroll Loan,2025-11-19,18356.66,36,509.91
C007741,100824,Payroll Loan,2025-12-12,14731.86,30,491.06
C007742,102024,Credit Card,2025-02-03,1861.12,19,97.95
C007743,107236,Personal Loan,2026-01-01,1750.0,24,72.92
C007744,107070,Payroll Loan,2025-11-23,9130.81,33,276.69
C007745,100175,Credit Card,2026-05-21,3821.09,21,181.96
C007746,105230,Payroll Loan,2025-12-19,8776.6,12,731.38
C007747,103114,Vehicle Finance,2026-04-25,28855.59,30,961.85
C007748,107390,Personal Loan,2026-06-20,10957.02,14,782.64
C007749,106204,Credit Card,2026-05-27,6871.02,18,381.72
C007750,103655,Personal Loan,2025-12-25,12906.31,20,645.32
C007751,109196,Payroll Loan,2026-05-10,6500.92,16,406.31
C007752,104782,Credit Card,2026-03-18,1975.8,24,82.32
C007753,103109,Vehicle Finance,2025-03-30,25807.53,30,860.25
C007754,105261,Personal Loan,2026-02-28,4975.69,33,150.78
C007755,109099,Personal Loan,2025-10-11,8948.59,25,357.94
C007756,103621,Personal Loan,2026-01-30,6755.29,17,397.37
C007757,102462,Personal Loan,2025-11-30,6046.14,19,318.22
C007758,105788,Personal Loan,2025-03-01,5664.96,25,226.6
C007759,102755,Credit Card,2025-12-01,3655.35,19,192.39
C007760,102764,Personal Loan,2025-07-02,8503.55,15,566.9
C007761,105748,Vehicle Finance,2026-03-11,33304.52,44,756.92
C007762,100764,Credit Card,2026-02-16,4655.94,9,517.33
C007763,109085,Personal Loan,2026-05-03,3749.34,24,156.22
C007764,101784,Payroll Loan,2026-05-03,15642.13,18,869.01
C007765,106961,Vehicle Finance,2026-04-17,21188.18,50,423.76
C007766,104942,Credit Card,2025-03-31,6187.97,9,687.55
C007767,102724,Personal Loan,2025-11-04,18941.5,25,757.66
C007768,100672,Personal Loan,2025-01-01,4656.59,18,258.7
C007769,102704,Personal Loan,2025-06-21,6801.82,15,453.45
C007770,103867,Personal Loan,2026-04-10,6315.46,35,180.44
C007771,101115,Personal Loan,2026-01-05,3414.7,32,106.71
C007772,106757,Personal Loan,2025-05-09,14105.84,21,671.71
C007773,107007,Personal Loan,2026-03-28,14493.21,33,439.19
C007774,105122,Personal Loan,2025-10-15,4542.93,29,156.65
C007775,101871,Payroll Loan,2026-03-01,14502.35,46,315.27
C007776,105536,Personal Loan,2026-06-26,5958.25,21,283.73
C007777,107750,Credit Card,2025-09-20,7711.14,6,1285.19
C007778,107245,Payroll Loan,2026-02-12,9168.64,22,416.76
C007779,103686,Payroll Loan,2025-10-09,14166.45,34,416.66
C007780,101209,Credit Card,2025-03-30,4172.08,21,198.67
C007781,104626,Personal Loan,2026-01-03,14193.2,17,834.89
C007782,102639,Payroll Loan,2026-05-22,6963.2,19,366.48
C007783,107717,Payroll Loan,2026-04-08,6616.98,45,147.04
C007784,104226,Credit Card,2025-04-28,1125.0,9,125.0
C007785,106943,Credit Card,2026-04-25,9766.04,16,610.38
C007786,102682,Personal Loan,2026-03-27,3834.73,16,239.67
C007787,102087,Credit Card,2025-04-24,2443.2,24,101.8
C007788,104389,Personal Loan,2025-01-07,8594.51,12,716.21
C007789,107462,Personal Loan,2026-05-10,21000.0,26,807.69
C007790,108937,Vehicle Finance,2025-05-09,42799.13,25,1711.97
C007791,108713,Vehicle Finance,2025-01-10,30150.15,49,615.31
C007792,101145,Vehicle Finance,2025-03-02,97958.39,42,2332.34
C007793,106553,Vehicle Finance,2026-06-23,114000.0,25,4560.0
C007794,102947,Personal Loan,2025-11-01,3405.34,16,212.83
C007795,102113,Vehicle Finance,2025-08-07,60947.1,45,1354.38
C007796,108673,Personal Loan,2025-11-26,8197.02,27,303.59
C007797,100825,Credit Card,2025-05-13,4241.47,21,201.97
C007798,105650,Vehicle Finance,2026-01-21,49643.5,30,1654.78
C007799,107794,Vehicle Finance,2025-01-25,28855.96,32,901.75
C007800,109700,Payroll Loan,2025-06-10,11300.57,31,364.53
C007801,104645,Credit Card,2025-06-19,5182.07,19,272.74
C007802,101725,Credit Card,2026-06-03,5348.06,12,445.67
C007803,104409,Credit Card,2025-12-21,3681.63,6,613.6
C007804,107558,Payroll Loan,2025-01-08,33000.0,21,1571.43
C007805,105248,Credit Card,2025-05-20,3082.59,10,308.26
C007806,108391,Personal Loan,2025-06-24,5746.31,30,191.54
C007807,106815,Vehicle Finance,2026-03-12,29187.67,44,663.36
C007808,109586,Credit Card,2025-02-02,4807.2,12,400.6
C007809,106243,Payroll Loan,2026-05-02,6816.42,24,284.02
C007810,101578,Vehicle Finance,2025-07-20,44735.23,27,1656.86
C007811,100667,Personal Loan,2025-07-10,3520.43,17,207.08
C007812,105358,Vehicle Finance,2026-06-01,40140.95,45,892.02
C007813,109501,Vehicle Finance,2025-03-18,21719.24,30,723.97
C007814,104031,Credit Card,2025-06-14,2889.99,11,262.73
C007815,100482,Personal Loan,2025-10-27,7911.04,27,293.0
C007816,106060,Personal Loan,2025-06-16,3843.3,33,116.46
C007817,106090,Payroll Loan,2025-11-24,13350.5,37,360.82
C007818,100795,Vehicle Finance,2025-06-09,32096.95,37,867.49
C007819,106352,Payroll Loan,2025-04-19,6523.28,12,543.61
C007820,104739,Payroll Loan,2026-03-28,21673.03,20,1083.65
C007821,101623,Payroll Loan,2026-04-19,19858.71,34,584.08
C007822,100290,Vehicle Finance,2025-11-18,25073.45,43,583.1
C007823,105971,Personal Loan,2026-02-11,7090.07,16,443.13
C007824,103095,Payroll Loan,2025-08-16,18723.84,39,480.1
C007825,102166,Credit Card,2026-01-25,13500.0,14,964.29
C007826,108215,Personal Loan,2025-07-20,6985.09,35,199.57
C007827,102851,Payroll Loan,2025-07-04,16097.01,25,643.88
C007828,104671,Credit Card,2026-01-08,4390.2,8,548.78
C007829,105813,Credit Card,2026-01-09,2846.85,23,123.78
C007830,108514,Vehicle Finance,2026-06-21,114000.0,53,2150.94
C007831,109049,Credit Card,2025-02-01,3530.19,21,168.1
C007832,100582,Vehicle Finance,2025-09-03,16574.84,32,517.96
C007833,102977,Vehicle Finance,2025-07-03,39100.49,60,651.67
C007834,107001,Credit Card,2025-05-03,4091.06,19,215.32
C007835,106822,Vehicle Finance,2025-07-03,60509.8,24,2521.24
C007836,100600,Vehicle Finance,2025-08-05,99340.65,35,2838.3
C007837,102860,Personal Loan,2026-03-14,8411.02,16,525.69
C007838,101554,Credit Card,2025-04-09,3834.57,6,639.1
C007839,101788,Payroll Loan,2026-03-23,6961.59,43,161.9
C007840,108037,Personal Loan,2025-12-28,9162.0,35,261.77
C007841,109978,Credit Card,2026-06-24,3203.49,8,400.44
C007842,100198,Personal Loan,2025-01-12,5833.99,18,324.11
C007843,108774,Personal Loan,2026-04-19,17704.4,15,1180.29
C007844,103806,Personal Loan,2025-08-29,8151.43,27,301.9
C007845,108318,Personal Loan,2025-03-11,4369.54,12,364.13
C007846,109363,Vehicle Finance,2025-01-16,22659.39,57,397.53
C007847,104615,Personal Loan,2025-02-18,6591.16,21,313.86
C007848,101553,Personal Loan,2025-01-19,10583.41,24,440.98
C007849,101734,Credit Card,2025-11-12,5528.66,18,307.15
C007850,109479,Credit Card,2025-07-26,4043.17,14,288.8
C007851,107737,Vehicle Finance,2025-09-30,67746.79,28,2419.53
C007852,101958,Personal Loan,2026-02-17,3523.19,24,146.8
C007853,108522,Credit Card,2026-01-23,7730.92,13,594.69
C007854,102700,Payroll Loan,2025-12-31,20865.66,23,907.2
C007855,100742,Credit Card,2025-09-18,2891.63,20,144.58
C007856,106382,Payroll Loan,2026-05-07,19612.65,35,560.36
C007857,105505,Personal Loan,2025-11-30,8497.2,20,424.86
C007858,100066,Personal Loan,2025-08-22,8270.62,24,344.61
C007859,105475,Credit Card,2026-03-01,6605.81,6,1100.97
C007860,107091,Vehicle Finance,2025-03-30,24875.67,48,518.24
C007861,103679,Personal Loan,2026-05-29,5832.0,36,162.0
C007862,109036,Payroll Loan,2025-02-11,4636.85,23,201.6
C007863,103836,Vehicle Finance,2025-10-09,43153.29,36,1198.7
C007864,103559,Payroll Loan,2025-05-15,7271.17,27,269.3
C007865,106844,Payroll Loan,2026-02-21,7784.67,27,288.32
C007866,106054,Personal Loan,2025-10-02,12043.97,22,547.45
C007867,109347,Payroll Loan,2026-02-26,8350.76,46,181.54
C007868,103573,Credit Card,2025-06-01,4664.6,7,666.37
C007869,101225,Credit Card,2026-03-04,3697.34,12,308.11
C007870,106920,Personal Loan,2026-02-19,7043.84,20,352.19
C007871,109604,Personal Loan,2026-03-25,7726.21,20,386.31
C007872,105270,Vehicle Finance,2025-12-27,34856.01,59,590.78
C007873,105848,Personal Loan,2026-03-07,2737.77,28,97.78
C007874,105027,Credit Card,2025-08-22,5120.65,7,731.52
C007875,103618,Payroll Loan,2025-12-09,15999.74,45,355.55
C007876,100523,Payroll Loan,2026-01-25,28908.69,28,1032.45
C007877,109993,Personal Loan,2026-02-20,6186.57,25,247.46
C007878,106617,Vehicle Finance,2025-09-09,41103.87,35,1174.4
C007879,107929,Personal Loan,2026-01-27,8438.51,31,272.21
C007880,105061,Personal Loan,2025-01-24,6826.1,15,455.07
C007881,103920,Personal Loan,2025-03-03,9444.04,31,304.65
C007882,103209,Vehicle Finance,2026-02-07,23275.66,31,750.83
C007883,102220,Personal Loan,2025-01-11,4440.47,23,193.06
C007884,104798,Personal Loan,2025-12-27,11151.98,15,743.47
C007885,101294,Personal Loan,2026-01-29,2541.14,25,101.65
C007886,103305,Personal Loan,2025-10-12,17390.28,15,1159.35
C007887,109566,Personal Loan,2025-11-05,8033.54,22,365.16
C007888,102711,Vehicle Finance,2025-03-21,40023.09,53,755.15
C007889,102925,Credit Card,2025-06-27,5124.6,18,284.7
C007890,101213,Payroll Loan,2025-10-09,7260.98,22,330.04
C007891,108991,Personal Loan,2026-03-24,3360.17,20,168.01
C007892,102199,Personal Loan,2025-05-23,7166.59,29,247.12
C007893,108031,Credit Card,2026-05-06,10456.87,15,697.12
C007894,101297,Vehicle Finance,2026-06-15,60260.07,54,1115.93
C007895,103089,Payroll Loan,2025-11-12,6568.02,32,205.25
C007896,100102,Vehicle Finance,2025-09-11,52903.44,48,1102.16
C007897,106402,Payroll Loan,2026-03-08,10992.95,41,268.12
C007898,107378,Personal Loan,2026-03-05,6507.48,21,309.88
C007899,108795,Payroll Loan,2025-12-03,11231.58,30,374.39
C007900,100945,Vehicle Finance,2025-11-09,22387.84,60,373.13
C007901,108337,Payroll Loan,2025-12-27,6769.82,44,153.86
C007902,103949,Personal Loan,2026-03-25,7220.03,12,601.67
C007903,101055,Personal Loan,2025-07-28,6616.02,22,300.73
C007904,106475,Credit Card,2025-09-11,6968.85,21,331.85
C007905,103355,Personal Loan,2025-10-30,8291.07,15,552.74
C007906,107078,Credit Card,2025-11-12,4568.7,16,285.54
C007907,103991,Personal Loan,2025-04-18,3954.48,23,171.93
C007908,100767,Credit Card,2025-09-21,4626.95,17,272.17
C007909,108363,Credit Card,2026-01-23,3348.03,12,279.0
C007910,108815,Credit Card,2026-05-31,6118.69,23,266.03
C007911,105733,Credit Card,2025-01-09,4135.08,15,275.67
C007912,100895,Vehicle Finance,2025-03-12,27362.55,41,667.38
C007913,104898,Credit Card,2025-08-22,3871.04,20,193.55
C007914,105133,Credit Card,2025-07-10,1994.43,20,99.72
C007915,107740,Vehicle Finance,2026-03-30,25665.06,37,693.65
C007916,108223,Credit Card,2025-10-28,3327.73,24,138.66
C007917,109495,Vehicle Finance,2025-09-04,41061.29,57,720.37
C007918,104578,Vehicle Finance,2025-02-18,26379.66,37,712.96
C007919,107452,Personal Loan,2025-01-20,7877.65,19,414.61
C007920,109997,Credit Card,2026-04-04,6403.18,12,533.6
C007921,103231,Personal Loan,2025-11-07,10389.14,12,865.76
C007922,107059,Personal Loan,2026-04-21,2178.04,15,145.2
C007923,109425,Personal Loan,2025-09-06,7083.76,23,307.99
C007924,103389,Payroll Loan,2025-04-24,4127.02,47,87.81
C007925,101418,Payroll Loan,2025-11-29,25489.38,15,1699.29
C007926,100763,Payroll Loan,2026-05-29,14785.07,34,434.86
C007927,102593,Vehicle Finance,2025-03-04,16624.38,29,573.25
C007928,108252,Personal Loan,2025-12-02,12908.03,15,860.54
C007929,105188,Payroll Loan,2025-06-08,5579.08,48,116.23
C007930,108705,Credit Card,2025-11-20,2704.38,7,386.34
C007931,106633,Payroll Loan,2025-10-09,13203.86,25,528.15
C007932,106307,Vehicle Finance,2025-07-10,70433.83,37,1903.62
C007933,100485,Credit Card,2025-06-17,9755.7,9,1083.97
C007934,103307,Credit Card,2025-11-08,9043.49,6,1507.25
C007935,104828,Credit Card,2025-10-26,5069.53,16,316.85
C007936,105659,Personal Loan,2025-05-21,3836.21,28,137.01
C007937,107319,Payroll Loan,2025-06-21,7339.52,32,229.36
C007938,100028,Vehicle Finance,2025-01-19,25803.08,60,430.05
C007939,106653,Credit Card,2025-07-17,6100.98,21,290.52
C007940,104174,Credit Card,2026-02-06,9131.9,8,1141.49
C007941,109244,Personal Loan,2026-03-21,4838.56,24,201.61
C007942,109864,Vehicle Finance,2026-06-07,20103.79,37,543.35
C007943,101130,Vehicle Finance,2025-11-23,48186.03,34,1417.24
C007944,102132,Payroll Loan,2025-02-18,11085.6,35,316.73
C007945,108202,Payroll Loan,2025-02-24,15613.1,48,325.27
C007946,106830,Personal Loan,2025-11-22,4848.23,29,167.18
C007947,100469,Credit Card,2025-04-10,3698.12,9,410.9
C007948,101050,Vehicle Finance,2025-05-20,24586.24,29,847.8
C007949,102420,Credit Card,2025-07-29,3643.61,19,191.77
C007950,107299,Vehicle Finance,2025-07-24,17404.11,45,386.76
C007951,102522,Vehicle Finance,2025-12-10,29307.06,25,1172.28
C007952,104400,Credit Card,2025-06-04,2669.88,13,205.38
C007953,108560,Payroll Loan,2025-12-08,5081.2,20,254.06
C007954,103408,Personal Loan,2025-02-07,4753.14,16,297.07
C007955,105424,Personal Loan,2026-03-04,2450.93,32,76.59
C007956,105056,Credit Card,2026-06-23,6867.94,10,686.79
C007957,105544,Credit Card,2025-03-13,3158.15,22,143.55
C007958,108187,Payroll Loan,2025-11-10,15009.83,37,405.67
C007959,109193,Personal Loan,2026-04-12,17181.26,29,592.46
C007960,108384,Vehicle Finance,2025-11-04,27366.29,43,636.43
C007961,105669,Payroll Loan,2026-05-04,15342.02,20,767.1
C007962,103529,Vehicle Finance,2025-11-12,60085.91,56,1072.96
C007963,108952,Personal Loan,2025-01-24,18928.89,30,630.96
C007964,106329,Payroll Loan,2025-02-15,9579.73,24,399.16
C007965,107142,Personal Loan,2026-02-06,7344.58,36,204.02
C007966,103230,Payroll Loan,2025-08-05,10279.91,12,856.66
C007967,109506,Personal Loan,2026-04-20,4473.11,29,154.25
C007968,104518,Credit Card,2026-05-20,13500.0,19,710.53
C007969,102626,Payroll Loan,2025-04-15,11681.55,35,333.76
C007970,106563,Personal Loan,2025-10-28,5073.58,36,140.93
C007971,102461,Vehicle Finance,2026-01-16,30443.03,45,676.51
C007972,102557,Vehicle Finance,2025-08-06,78736.87,37,2128.02
C007973,103443,Credit Card,2026-04-27,4699.83,19,247.36
C007974,103249,Vehicle Finance,2025-04-27,42340.41,41,1032.69
C007975,101096,Credit Card,2025-06-06,3009.66,22,136.8
C007976,101660,Credit Card,2025-05-16,6988.39,16,436.77
C007977,108464,Personal Loan,2025-04-10,5032.26,14,359.45
C007978,106016,Credit Card,2026-03-16,6304.16,18,350.23
C007979,102128,Personal Loan,2026-03-28,9208.98,30,306.97
C007980,108456,Personal Loan,2025-12-16,6748.8,35,192.82
C007981,100180,Personal Loan,2025-04-21,1750.0,12,145.83
C007982,109182,Payroll Loan,2025-06-29,17107.57,31,551.86
C007983,107516,Vehicle Finance,2025-03-07,47203.03,28,1685.82
C007984,109427,Personal Loan,2026-05-06,8227.62,16,514.23
C007985,104739,Credit Card,2025-10-09,5834.97,6,972.5
C007986,107796,Vehicle Finance,2025-01-11,27474.27,30,915.81
C007987,102970,Vehicle Finance,2026-05-22,40356.15,46,877.31
C007988,104731,Vehicle Finance,2026-02-21,49386.85,27,1829.14
C007989,109520,Personal Loan,2025-12-25,10354.88,16,647.18
C007990,108125,Payroll Loan,2025-10-17,11580.68,22,526.39
C007991,105002,Personal Loan,2025-02-11,6704.98,16,419.06
C007992,102558,Personal Loan,2026-05-04,8261.55,17,485.97
C007993,104884,Credit Card,2025-02-17,4156.84,15,277.12
C007994,105110,Vehicle Finance,2026-04-24,17852.36,40,446.31
C007995,106528,Vehicle Finance,2025-02-14,29861.62,42,710.99
C007996,109185,Credit Card,2025-06-24,5367.53,9,596.39
C007997,100878,Credit Card,2026-06-30,6485.86,14,463.28
C007998,105781,Personal Loan,2025-01-19,20647.64,25,825.91
C007999,103623,Personal Loan,2025-08-19,9477.91,23,412.08
C008000,106111,Personal Loan,2026-04-22,13671.42,20,683.57
C008001,102256,Vehicle Finance,2025-01-02,106357.64,55,1933.78
C008002,106214,Payroll Loan,2026-03-28,5092.0,48,106.08
C008003,100673,Personal Loan,2025-06-07,10193.58,21,485.41
C008004,108038,Credit Card,2025-03-29,3363.8,11,305.8
C008005,103656,Personal Loan,2026-06-11,8506.08,34,250.18
C008006,100842,Vehicle Finance,2025-10-19,65443.23,29,2256.66
C008007,105814,Credit Card,2025-10-06,4057.94,22,184.45
C008008,103738,Personal Loan,2025-07-24,10273.21,32,321.04
C008009,109193,Personal Loan,2026-05-02,3265.81,12,272.15
C008010,109366,Credit Card,2026-02-02,7186.63,6,1197.77
C008011,106384,Payroll Loan,2026-01-27,10213.3,12,851.11
C008012,109652,Personal Loan,2026-04-21,7684.99,16,480.31
C008013,101110,Credit Card,2025-07-11,3090.98,8,386.37
C008014,105589,Vehicle Finance,2025-12-08,26093.7,41,636.43
C008015,107822,Credit Card,2025-02-27,2963.94,14,211.71
C008016,103001,Payroll Loan,2026-06-03,8261.2,44,187.75
C008017,104506,Credit Card,2025-07-30,4654.49,10,465.45
C008018,108516,Payroll Loan,2025-01-29,18785.29,17,1105.02
C008019,108866,Vehicle Finance,2025-05-22,13307.43,34,391.4
C008020,108909,Personal Loan,2025-08-05,5945.64,21,283.13
C008021,107202,Personal Loan,2025-02-04,6839.06,29,235.83
C008022,102973,Credit Card,2025-07-10,8752.92,14,625.21
C008023,101320,Vehicle Finance,2025-09-21,42034.68,27,1556.84
C008024,107342,Vehicle Finance,2025-05-19,42624.63,53,804.24
C008025,100433,Credit Card,2026-02-27,5838.6,21,278.03
C008026,109512,Credit Card,2025-07-17,7246.46,20,362.32
C008027,102153,Credit Card,2026-05-09,3318.67,21,158.03
C008028,104322,Personal Loan,2025-03-11,7713.23,13,593.33
C008029,109992,Payroll Loan,2026-03-04,20156.28,33,610.8
C008030,100816,Vehicle Finance,2025-10-02,49793.51,41,1214.48
C008031,105884,Credit Card,2026-03-14,5212.43,23,226.63
C008032,108336,Vehicle Finance,2025-06-25,54713.19,50,1094.26
C008033,101595,Personal Loan,2026-03-29,3765.14,26,144.81
C008034,106737,Credit Card,2025-11-18,4864.36,21,231.64
C008035,107464,Personal Loan,2025-05-26,7575.27,26,291.36
C008036,107583,Personal Loan,2025-08-21,7575.11,14,541.08
C008037,102185,Personal Loan,2025-04-05,5747.72,27,212.88
C008038,106601,Vehicle Finance,2025-01-03,24905.2,24,1037.72
C008039,105600,Personal Loan,2025-08-07,8027.96,14,573.43
C008040,104198,Payroll Loan,2025-10-16,7739.13,26,297.66
C008041,104891,Personal Loan,2026-01-24,21000.0,36,583.33
C008042,109646,Payroll Loan,2025-10-29,8107.37,31,261.53
C008043,100340,Vehicle Finance,2025-06-06,16346.37,37,441.79
C008044,106225,Credit Card,2026-04-07,6331.66,12,527.64
C008045,105681,Payroll Loan,2026-06-25,4911.8,15,327.45
C008046,105253,Credit Card,2025-06-07,6990.37,12,582.53
C008047,108864,Vehicle Finance,2025-12-20,31674.04,29,1092.21
C008048,105566,Credit Card,2026-02-10,4657.63,11,423.42
C008049,108249,Payroll Loan,2025-01-19,20606.33,17,1212.14
C008050,107637,Personal Loan,2026-04-24,20546.76,17,1208.63
C008051,108148,Credit Card,2026-03-01,4678.5,6,779.75
C008052,106091,Vehicle Finance,2026-01-13,52187.92,24,2174.5
C008053,100173,Payroll Loan,2025-03-20,3527.65,34,103.75
C008054,100736,Personal Loan,2025-03-02,7761.54,22,352.8
C008055,105190,Credit Card,2025-11-11,10215.64,11,928.69
C008056,102776,Personal Loan,2025-08-18,7721.04,17,454.18
C008057,102477,Credit Card,2025-02-03,4743.01,6,790.5
C008058,105133,Personal Loan,2025-08-07,6852.69,21,326.32
C008059,104719,Payroll Loan,2025-03-08,8959.97,33,271.51
C008060,101652,Personal Loan,2025-05-17,14960.52,17,880.03
C008061,104572,Payroll Loan,2025-11-15,20939.79,16,1308.74
C008062,108558,Vehicle Finance,2025-07-05,48699.24,37,1316.2
C008063,101459,Payroll Loan,2025-02-04,16513.48,37,446.31
C008064,107767,Personal Loan,2026-01-18,3103.15,23,134.92
C008065,107952,Payroll Loan,2025-01-04,9522.31,48,198.38
C008066,107566,Credit Card,2025-07-26,4592.48,10,459.25
C008067,101543,Personal Loan,2025-02-11,5078.65,30,169.29
C008068,104677,Payroll Loan,2025-04-20,10144.71,22,461.12
C008069,109248,Personal Loan,2026-03-24,9828.09,13,756.01
C008070,102900,Personal Loan,2026-03-12,1977.13,25,79.09
C008071,104989,Personal Loan,2025-11-19,8352.18,15,556.81
C008072,108380,Vehicle Finance,2025-07-31,48046.9,38,1264.39
C008073,105787,Credit Card,2025-07-16,2649.61,22,120.44
C008074,103528,Personal Loan,2025-08-21,4379.59,35,125.13
C008075,101184,Credit Card,2025-10-30,2117.65,15,141.18
C008076,105586,Payroll Loan,2025-02-15,4392.29,23,190.97
C008077,104930,Vehicle Finance,2025-08-08,27183.32,55,494.24
C008078,102930,Payroll Loan,2026-03-06,5349.67,35,152.85
C008079,103145,Personal Loan,2025-09-13,8258.49,12,688.21
C008080,109826,Credit Card,2025-02-16,2906.5,12,242.21
C008081,106178,Credit Card,2025-08-27,2771.28,16,173.2
C008082,107076,Credit Card,2025-11-09,4889.97,18,271.67
C008083,100625,Personal Loan,2025-12-18,5326.56,25,213.06
C008084,109648,Credit Card,2026-02-19,4320.6,24,180.02
C008085,103137,Personal Loan,2025-04-01,3576.89,15,238.46
C008086,109607,Personal Loan,2025-03-10,9710.58,15,647.37
C008087,109484,Credit Card,2025-10-29,3026.73,21,144.13
C008088,102093,Credit Card,2025-06-15,2951.95,10,295.2
C008089,103320,Payroll Loan,2026-06-15,17335.04,13,1333.46
C008090,107309,Personal Loan,2026-06-24,12051.7,25,482.07
C008091,105003,Payroll Loan,2025-10-31,20331.82,42,484.09
C008092,104658,Credit Card,2025-09-01,10885.22,14,777.52
C008093,104058,Credit Card,2025-10-06,1472.98,10,147.3
C008094,106302,Personal Loan,2025-11-13,5453.87,26,209.76
C008095,106643,Payroll Loan,2026-05-18,4366.69,31,140.86
C008096,104659,Credit Card,2026-04-17,6847.83,24,285.33
C008097,105753,Personal Loan,2025-01-05,7445.35,26,286.36
C008098,100572,Vehicle Finance,2026-05-07,32006.59,45,711.26
C008099,103804,Vehicle Finance,2025-05-06,59837.88,53,1129.02
C008100,106810,Payroll Loan,2025-07-06,8895.32,42,211.79
C008101,107549,Payroll Loan,2025-09-14,13891.6,12,1157.63
C008102,104875,Credit Card,2026-04-05,5996.3,21,285.54
C008103,106743,Vehicle Finance,2026-05-21,31632.52,40,790.81
C008104,101337,Vehicle Finance,2025-06-27,43152.34,33,1307.65
C008105,106160,Personal Loan,2025-12-09,3026.81,12,252.23
C008106,106552,Credit Card,2026-03-18,3061.81,11,278.35
C008107,105539,Vehicle Finance,2026-06-23,34333.45,56,613.1
C008108,101594,Credit Card,2026-03-11,5067.09,14,361.94
C008109,109073,Personal Loan,2026-06-10,12633.82,20,631.69
C008110,108766,Personal Loan,2025-11-13,8233.68,29,283.92
C008111,109485,Personal Loan,2025-02-08,3833.34,17,225.49
C008112,100212,Vehicle Finance,2025-12-21,48600.34,40,1215.01
C008113,100740,Vehicle Finance,2026-01-11,14205.61,34,417.81
C008114,104210,Payroll Loan,2025-11-07,14170.86,30,472.36
C008115,109635,Credit Card,2025-05-11,3630.67,8,453.83
C008116,103429,Credit Card,2025-03-01,4260.5,21,202.88
C008117,103194,Personal Loan,2025-02-05,3181.76,30,106.06
C008118,108833,Credit Card,2025-08-28,4598.27,21,218.97
C008119,100369,Payroll Loan,2025-09-04,10014.82,25,400.59
C008120,107437,Vehicle Finance,2025-03-07,54432.51,24,2268.02
C008121,105600,Credit Card,2025-08-08,4437.05,16,277.32
C008122,102645,Personal Loan,2025-01-30,15642.8,16,977.68
C008123,106667,Personal Loan,2025-05-24,10349.18,21,492.82
C008124,103389,Credit Card,2025-09-27,4375.63,8,546.95
C008125,108331,Payroll Loan,2025-05-05,9396.52,27,348.02
C008126,106365,Credit Card,2025-05-25,4720.42,15,314.69
C008127,100092,Payroll Loan,2025-02-03,7606.05,26,292.54
C008128,109680,Credit Card,2025-07-11,3007.38,21,143.21
C008129,107596,Credit Card,2026-05-12,6239.01,17,367.0
C008130,104065,Credit Card,2025-12-09,4425.43,13,340.42
C008131,106192,Vehicle Finance,2025-03-22,27141.28,34,798.27
C008132,108347,Payroll Loan,2025-09-12,7787.22,36,216.31
C008133,104884,Vehicle Finance,2026-05-18,26644.77,57,467.45
C008134,107179,Credit Card,2025-11-06,3739.1,11,339.92
C008135,108197,Payroll Loan,2025-10-10,12598.99,14,899.93
C008136,107063,Personal Loan,2026-01-03,6104.19,17,359.07
C008137,104883,Vehicle Finance,2026-05-28,37030.73,37,1000.83
C008138,102389,Personal Loan,2026-01-01,8564.67,19,450.77
C008139,102244,Personal Loan,2025-12-31,9120.94,22,414.59
C008140,100298,Payroll Loan,2026-01-12,18710.54,23,813.5
C008141,104568,Personal Loan,2026-03-24,17082.29,24,711.76
C008142,104696,Payroll Loan,2025-09-06,6799.09,43,158.12
C008143,103646,Credit Card,2025-03-01,5117.92,24,213.25
C008144,106090,Credit Card,2026-01-22,2535.65,12,211.3
C008145,103118,Payroll Loan,2025-09-19,26301.62,47,559.61
C008146,104777,Vehicle Finance,2025-05-27,44505.61,25,1780.22
C008147,107745,Personal Loan,2025-12-22,5973.87,35,170.68
C008148,103844,Credit Card,2026-02-21,7109.53,11,646.32
C008149,100675,Vehicle Finance,2025-04-04,19850.19,39,508.98
C008150,102886,Vehicle Finance,2026-03-10,60074.35,32,1877.32
C008151,104165,Payroll Loan,2025-10-18,14598.69,48,304.14
C008152,108594,Credit Card,2026-05-05,3308.5,13,254.5
C008153,100618,Vehicle Finance,2026-03-10,42181.13,27,1562.26
C008154,101698,Personal Loan,2026-05-31,3915.65,35,111.88
C008155,102715,Personal Loan,2026-04-21,2923.9,29,100.82
C008156,100054,Personal Loan,2025-10-12,5486.5,31,176.98
C008157,109155,Payroll Loan,2025-08-01,9942.7,30,331.42
C008158,101082,Personal Loan,2025-10-18,13892.27,25,555.69
C008159,106382,Payroll Loan,2025-06-03,4968.99,38,130.76
C008160,104428,Credit Card,2025-07-26,4724.22,12,393.68
C008161,108479,Vehicle Finance,2026-05-08,30092.11,42,716.48
C008162,105602,Payroll Loan,2026-03-01,13594.94,35,388.43
C008163,108842,Personal Loan,2025-01-20,13280.42,31,428.4
C008164,106976,Personal Loan,2025-05-28,3447.55,28,123.13
C008165,108244,Personal Loan,2025-11-26,3292.1,36,91.45
C008166,105609,Payroll Loan,2025-12-16,14370.79,19,756.36
C008167,100807,Credit Card,2025-01-16,10151.19,21,483.39
C008168,106348,Vehicle Finance,2025-11-03,47929.78,40,1198.24
C008169,103818,Credit Card,2025-12-08,6649.23,23,289.1
C008170,101169,Vehicle Finance,2025-06-02,34948.52,54,647.19
C008171,104369,Vehicle Finance,2025-09-09,32617.96,36,906.05
C008172,104391,Payroll Loan,2025-05-22,12565.19,31,405.33
C008173,109948,Credit Card,2025-07-08,7718.58,18,428.81
C008174,107097,Credit Card,2025-03-29,3805.28,21,181.2
C008175,107783,Credit Card,2026-05-10,8867.35,16,554.21
C008176,103243,Personal Loan,2026-02-05,8943.78,32,279.49
C008177,104319,Payroll Loan,2025-02-23,2750.0,43,63.95
C008178,102574,Personal Loan,2026-03-26,4237.22,20,211.86
C008179,105151,Personal Loan,2025-12-17,13007.22,27,481.75
C008180,102759,Vehicle Finance,2025-04-10,21812.52,28,779.02
C008181,103086,Payroll Loan,2025-03-14,6918.34,37,186.98
C008182,103792,Credit Card,2026-05-11,3701.64,21,176.27
C008183,109489,Vehicle Finance,2025-06-08,28253.11,53,533.08
C008184,100038,Personal Loan,2025-04-23,3826.08,18,212.56
C008185,108666,Personal Loan,2025-05-21,8923.04,22,405.59
C008186,109042,Personal Loan,2025-02-28,2199.25,14,157.09
C008187,102508,Personal Loan,2025-10-02,6395.09,20,319.75
C008188,102060,Vehicle Finance,2026-04-25,23512.53,44,534.38
C008189,102592,Personal Loan,2025-11-08,7323.13,28,261.54
C008190,108567,Payroll Loan,2026-05-19,8082.69,46,175.71
C008191,101495,Personal Loan,2026-05-14,9717.0,15,647.8
C008192,100561,Payroll Loan,2025-03-31,5989.92,24,249.58
C008193,101565,Payroll Loan,2025-09-10,6542.82,39,167.76
C008194,102792,Personal Loan,2025-04-08,3877.64,20,193.88
C008195,106825,Personal Loan,2025-12-10,4228.87,29,145.82
C008196,105434,Credit Card,2025-06-09,3423.34,21,163.02
C008197,104863,Payroll Loan,2025-01-29,8332.54,39,213.65
C008198,101445,Credit Card,2025-02-02,4027.11,13,309.78
C008199,107593,Vehicle Finance,2025-10-18,42061.58,56,751.1
C008200,109873,Personal Loan,2025-08-17,18045.94,12,1503.83
C008201,103851,Credit Card,2026-03-19,5938.16,11,539.83
C008202,105616,Personal Loan,2026-01-28,17237.72,34,506.99
C008203,102986,Personal Loan,2026-06-10,4283.88,34,126.0
C008204,108070,Personal Loan,2025-02-15,21000.0,36,583.33
C008205,105764,Credit Card,2026-02-19,6634.57,14,473.9
C008206,102778,Vehicle Finance,2025-06-14,61648.21,29,2125.8
C008207,103105,Payroll Loan,2026-01-23,20885.2,27,773.53
C008208,101901,Personal Loan,2025-07-15,10849.74,18,602.76
C008209,109422,Credit Card,2026-03-09,4058.1,18,225.45
C008210,108474,Payroll Loan,2026-05-30,13039.33,22,592.7
C008211,104290,Payroll Loan,2025-03-29,11526.44,46,250.57
C008212,102208,Personal Loan,2026-02-11,15147.66,33,459.02
C008213,101997,Credit Card,2025-03-12,4905.0,21,233.57
C008214,103831,Payroll Loan,2025-07-21,17930.56,14,1280.75
C008215,100821,Credit Card,2025-12-12,3298.55,10,329.86
C008216,107406,Payroll Loan,2025-04-23,33000.0,42,785.71
C008217,100864,Payroll Loan,2026-04-10,6664.47,25,266.58
C008218,102336,Personal Loan,2026-04-20,7880.0,18,437.78
C008219,103974,Personal Loan,2026-02-04,4975.05,28,177.68
C008220,106549,Credit Card,2025-06-05,13357.12,21,636.05
C008221,104277,Credit Card,2026-04-27,3651.53,14,260.82
C008222,109561,Personal Loan,2025-12-08,13872.71,24,578.03
C008223,103725,Payroll Loan,2026-01-28,14167.92,18,787.11
C008224,105382,Personal Loan,2026-01-13,11789.06,33,357.24
C008225,104781,Payroll Loan,2025-02-25,15330.05,43,356.51
C008226,102703,Personal Loan,2026-03-07,5431.4,25,217.26
C008227,106101,Credit Card,2026-05-14,4200.33,15,280.02
C008228,109401,Payroll Loan,2025-12-04,16572.56,33,502.2
C008229,101910,Credit Card,2025-07-25,3453.42,24,143.89
C008230,109165,Personal Loan,2025-08-08,9980.66,32,311.9
C008231,108275,Personal Loan,2026-03-13,6195.37,26,238.28
C008232,106245,Credit Card,2025-03-23,6823.01,15,454.87
C008233,107335,Credit Card,2026-03-13,8590.76,9,954.53
C008234,107511,Payroll Loan,2025-04-20,13264.41,16,829.03
C008235,103423,Credit Card,2025-10-08,7075.24,10,707.52
C008236,107520,Personal Loan,2025-11-17,3012.91,36,83.69
C008237,104398,Personal Loan,2026-06-04,6916.83,24,288.2
C008238,104452,Credit Card,2025-09-23,3194.27,21,152.11
C008239,109213,Credit Card,2025-11-18,5989.28,23,260.4
C008240,102652,Personal Loan,2025-07-28,10455.05,28,373.39
C008241,100788,Payroll Loan,2026-03-25,6317.52,20,315.88
C008242,100667,Credit Card,2025-10-18,3185.12,19,167.64
C008243,104072,Credit Card,2025-03-20,5935.24,9,659.47
C008244,100475,Credit Card,2026-04-14,11947.42,23,519.45
C008245,109274,Personal Loan,2026-06-15,18668.85,15,1244.59
C008246,100532,Payroll Loan,2025-01-24,9522.81,32,297.59
C008247,107885,Credit Card,2025-08-11,4900.88,17,288.29
C008248,102391,Credit Card,2025-03-16,3495.41,6,582.57
C008249,107290,Vehicle Finance,2025-10-06,54369.87,37,1469.46
C008250,101127,Credit Card,2025-01-01,6496.84,21,309.37
C008251,109454,Payroll Loan,2025-04-18,6301.87,39,161.59
C008252,100477,Personal Loan,2025-06-24,12142.76,33,367.96
C008253,103575,Payroll Loan,2025-02-03,16768.94,19,882.58
C008254,105833,Personal Loan,2025-04-01,6949.26,13,534.56
C008255,106318,Vehicle Finance,2025-11-13,31518.8,56,562.84
C008256,103399,Payroll Loan,2025-06-02,4732.41,32,147.89
C008257,100491,Credit Card,2025-10-25,2961.37,23,128.76
C008258,109994,Personal Loan,2025-02-11,9639.27,15,642.62
C008259,108674,Vehicle Finance,2026-04-21,79602.75,57,1396.54
C008260,106676,Credit Card,2025-07-08,2668.66,16,166.79
C008261,103328,Personal Loan,2025-03-16,6288.07,32,196.5
C008262,109390,Personal Loan,2025-08-07,6131.74,23,266.6
C008263,101772,Payroll Loan,2025-07-18,6816.84,26,262.19
C008264,100648,Personal Loan,2026-05-21,4458.75,12,371.56
C008265,107958,Personal Loan,2025-04-17,21000.0,21,1000.0
C008266,102619,Credit Card,2025-11-08,3054.14,21,145.44
C008267,107525,Credit Card,2025-03-23,4434.99,18,246.39
C008268,107813,Personal Loan,2026-04-07,11324.14,14,808.87
C008269,101346,Credit Card,2026-04-08,4199.66,12,349.97
C008270,106183,Personal Loan,2025-12-07,8429.96,20,421.5
C008271,104520,Payroll Loan,2025-10-16,8405.02,17,494.41
C008272,103622,Credit Card,2025-09-02,13500.0,10,1350.0
C008273,104693,Credit Card,2026-06-25,4925.5,22,223.89
C008274,108408,Credit Card,2026-05-02,2661.58,21,126.74
C008275,101329,Personal Loan,2025-12-06,16610.13,22,755.01
C008276,105005,Personal Loan,2026-02-26,2738.06,32,85.56
C008277,107259,Vehicle Finance,2025-12-17,45894.03,51,899.88
C008278,109165,Credit Card,2025-01-15,4849.27,10,484.93
C008279,105574,Payroll Loan,2025-10-31,8998.12,27,333.26
C008280,105474,Personal Loan,2025-05-01,3930.89,12,327.57
C008281,101791,Payroll Loan,2025-11-13,11742.61,38,309.02
C008282,105878,Personal Loan,2026-06-30,6401.55,12,533.46
C008283,109689,Personal Loan,2025-08-06,4807.54,16,300.47
C008284,103098,Vehicle Finance,2026-02-25,68122.44,56,1216.47
C008285,104921,Vehicle Finance,2026-06-19,22939.75,41,559.51
C008286,100800,Payroll Loan,2025-08-14,11372.75,36,315.91
C008287,102814,Vehicle Finance,2026-01-26,44625.56,58,769.41
C008288,100134,Credit Card,2025-11-19,3988.58,17,234.62
C008289,108822,Payroll Loan,2025-05-13,6803.85,39,174.46
C008290,102888,Vehicle Finance,2026-02-26,26725.04,38,703.29
C008291,109341,Vehicle Finance,2025-07-26,51708.17,30,1723.61
C008292,108503,Personal Loan,2025-08-02,19041.15,32,595.04
C008293,101670,Credit Card,2025-02-20,8322.03,7,1188.86
C008294,103380,Payroll Loan,2025-01-25,9257.61,27,342.87
C008295,104416,Personal Loan,2025-06-01,4516.02,26,173.69
C008296,108337,Payroll Loan,2025-12-04,13903.58,24,579.32
C008297,109633,Payroll Loan,2026-05-25,7403.37,36,205.65
C008298,109911,Credit Card,2025-03-05,4249.51,20,212.48
C008299,104672,Credit Card,2025-07-15,3980.62,6,663.44
C008300,104311,Payroll Loan,2025-05-13,8044.24,40,201.11
C008301,101422,Payroll Loan,2025-10-07,5971.45,47,127.05
C008302,104356,Credit Card,2025-10-11,4164.75,9,462.75
C008303,101891,Personal Loan,2026-04-19,9918.87,31,319.96
C008304,108515,Credit Card,2026-03-12,2489.04,7,355.58
C008305,103628,Personal Loan,2025-09-10,4287.33,27,158.79
C008306,105602,Vehicle Finance,2025-05-03,23238.41,37,628.07
C008307,102273,Credit Card,2025-11-14,2978.26,24,124.09
C008308,108321,Vehicle Finance,2025-04-16,26458.31,40,661.46
C008309,107481,Personal Loan,2026-06-29,2140.8,17,125.93
C008310,107023,Credit Card,2025-08-20,3636.86,22,165.31
C008311,108442,Vehicle Finance,2025-08-21,81692.03,36,2269.22
C008312,103746,Payroll Loan,2025-03-16,21401.57,12,1783.46
C008313,109527,Personal Loan,2026-01-02,6115.34,35,174.72
C008314,106456,Payroll Loan,2025-05-17,15045.43,15,1003.03
C008315,100952,Vehicle Finance,2025-06-10,20450.7,60,340.84
C008316,100280,Personal Loan,2025-06-14,5668.6,17,333.45
C008317,107574,Personal Loan,2025-05-11,2977.12,29,102.66
C008318,105014,Personal Loan,2026-03-03,6228.71,28,222.45
C008319,109362,Credit Card,2026-04-28,2616.04,24,109.0
C008320,100896,Payroll Loan,2025-12-29,8460.45,41,206.35
C008321,107074,Credit Card,2026-06-02,6195.04,17,364.41
C008322,105517,Personal Loan,2025-07-17,8980.29,28,320.72
C008323,100734,Vehicle Finance,2026-04-30,32864.79,35,938.99
C008324,108122,Personal Loan,2026-06-01,11247.07,21,535.57
C008325,100653,Personal Loan,2025-02-19,4643.16,20,232.16
C008326,101602,Personal Loan,2025-05-31,5603.48,24,233.48
C008327,109194,Credit Card,2025-10-10,3303.54,13,254.12
C008328,103954,Credit Card,2025-10-05,3341.01,13,257.0
C008329,108319,Personal Loan,2025-11-26,6560.82,35,187.45
C008330,105462,Personal Loan,2025-12-05,7202.33,16,450.15
C008331,104790,Credit Card,2025-03-06,7098.44,18,394.36
C008332,102021,Personal Loan,2026-06-06,4184.93,27,155.0
C008333,101277,Personal Loan,2025-01-06,8544.79,27,316.47
C008334,100330,Vehicle Finance,2026-04-12,24781.21,56,442.52
C008335,100309,Payroll Loan,2025-10-01,6013.63,45,133.64
C008336,100015,Payroll Loan,2025-07-24,7399.78,45,164.44
C008337,109505,Personal Loan,2025-08-30,20881.42,20,1044.07
C008338,102555,Credit Card,2025-10-01,2979.86,16,186.24
C008339,108815,Payroll Loan,2025-01-04,8324.36,12,693.7
C008340,103068,Credit Card,2025-09-07,2531.71,7,361.67
C008341,105110,Vehicle Finance,2026-06-12,31937.16,34,939.33
C008342,104648,Payroll Loan,2025-06-16,2867.52,12,238.96
C008343,108313,Credit Card,2025-07-07,3622.15,8,452.77
C008344,108484,Vehicle Finance,2025-09-20,24621.49,52,473.49
C008345,101216,Personal Loan,2026-06-02,10421.59,29,359.37
C008346,104164,Personal Loan,2025-02-18,7561.5,36,210.04
C008347,108805,Personal Loan,2025-06-12,3697.35,35,105.64
C008348,100835,Credit Card,2025-01-30,7300.89,21,347.66
C008349,108179,Credit Card,2025-02-22,12785.19,15,852.35
C008350,103266,Credit Card,2025-02-07,5549.18,14,396.37
C008351,107025,Personal Loan,2025-07-01,4088.83,25,163.55
C008352,103061,Vehicle Finance,2025-03-16,19758.04,56,352.82
C008353,105318,Credit Card,2026-02-28,5792.54,15,386.17
C008354,105699,Payroll Loan,2025-06-05,5903.05,17,347.24
C008355,102352,Personal Loan,2025-08-24,5450.74,26,209.64
C008356,106486,Personal Loan,2025-12-16,7798.1,28,278.5
C008357,100969,Payroll Loan,2025-07-07,11284.88,29,389.13
C008358,100006,Personal Loan,2026-04-05,3833.36,20,191.67
C008359,106684,Vehicle Finance,2025-12-25,22806.18,26,877.16
C008360,105399,Payroll Loan,2026-03-03,5438.32,19,286.23
C008361,105909,Credit Card,2026-01-05,4472.71,8,559.09
C008362,102463,Credit Card,2025-06-28,4969.03,22,225.86
C008363,100441,Personal Loan,2025-11-17,2926.86,33,88.69
C008364,107616,Credit Card,2025-01-24,5034.58,12,419.55
C008365,102869,Payroll Loan,2025-04-13,4943.05,18,274.61
C008366,103375,Vehicle Finance,2025-01-30,35778.89,57,627.7
C008367,108730,Payroll Loan,2025-02-10,19883.72,19,1046.51
C008368,109158,Personal Loan,2026-03-12,2779.78,12,231.65
C008369,103585,Payroll Loan,2025-04-21,8689.14,48,181.02
C008370,103974,Payroll Loan,2026-04-21,8296.63,26,319.1
C008371,109745,Payroll Loan,2026-06-04,14445.0,24,601.88
C008372,103505,Personal Loan,2026-05-24,9078.88,36,252.19
C008373,105645,Credit Card,2025-11-21,2834.21,7,404.89
C008374,101345,Personal Loan,2026-06-12,6692.91,16,418.31
C008375,108744,Personal Loan,2025-03-04,4531.1,31,146.16
C008376,101749,Personal Loan,2026-04-09,7312.99,14,522.36
C008377,103144,Personal Loan,2025-03-02,4493.23,27,166.42
C008378,106741,Credit Card,2025-07-13,4958.22,22,225.37
C008379,108610,Credit Card,2025-06-26,9537.72,7,1362.53
C008380,105715,Personal Loan,2025-09-17,4889.96,14,349.28
C008381,108543,Personal Loan,2025-12-28,10071.05,18,559.5
C008382,105502,Vehicle Finance,2026-03-31,17424.02,43,405.21
C008383,104756,Vehicle Finance,2025-11-19,19412.23,48,404.42
C008384,101331,Vehicle Finance,2026-05-06,23120.59,59,391.87
C008385,103657,Credit Card,2025-11-23,2751.63,10,275.16
C008386,101059,Payroll Loan,2025-07-17,18047.12,38,474.92
C008387,102653,Personal Loan,2025-11-03,3431.36,15,228.76
C008388,104382,Credit Card,2025-12-10,7717.85,10,771.79
C008389,109411,Payroll Loan,2025-09-26,17439.03,20,871.95
C008390,109534,Vehicle Finance,2025-04-08,111402.44,56,1989.33
C008391,105766,Personal Loan,2025-06-07,5873.38,32,183.54
C008392,104205,Vehicle Finance,2025-01-01,81122.84,39,2080.07
C008393,103503,Credit Card,2025-11-20,8349.89,8,1043.74
C008394,109038,Personal Loan,2025-07-14,6218.05,23,270.35
C008395,103697,Credit Card,2026-03-06,4073.33,8,509.17
C008396,109676,Personal Loan,2026-05-18,8071.96,30,269.07
C008397,104554,Credit Card,2026-06-25,3711.06,16,231.94
C008398,101111,Vehicle Finance,2025-12-25,11986.43,37,323.96
C008399,104038,Credit Card,2026-06-04,3738.25,16,233.64
C008400,109245,Personal Loan,2026-05-04,7626.4,16,476.65
C008401,103883,Payroll Loan,2026-06-05,2750.0,17,161.76
C008402,107215,Credit Card,2025-07-15,7913.72,18,439.65
C008403,109937,Credit Card,2025-06-12,2266.89,22,103.04
C008404,100952,Payroll Loan,2025-01-26,9390.67,40,234.77
C008405,108862,Personal Loan,2025-11-07,9141.01,25,365.64
C008406,107278,Personal Loan,2025-07-15,6382.27,30,212.74
C008407,106585,Personal Loan,2026-04-05,7272.15,27,269.34
C008408,104933,Personal Loan,2025-08-23,21000.0,14,1500.0
C008409,106848,Personal Loan,2025-04-17,10885.13,17,640.3
C008410,101398,Payroll Loan,2026-01-02,8248.76,17,485.22
C008411,109292,Vehicle Finance,2025-05-26,37140.0,33,1125.45
C008412,102382,Personal Loan,2026-06-12,7727.61,21,367.98
C008413,101528,Credit Card,2025-11-02,1715.22,19,90.27
C008414,107084,Vehicle Finance,2025-06-19,34192.49,36,949.79
C008415,100769,Personal Loan,2025-11-28,5871.55,25,234.86
C008416,103192,Payroll Loan,2026-02-18,28717.9,13,2209.07
C008417,102446,Payroll Loan,2025-07-13,15265.17,33,462.58
C008418,109520,Credit Card,2026-04-30,6462.83,20,323.14
C008419,102527,Vehicle Finance,2025-02-25,78294.96,30,2609.83
C008420,108203,Personal Loan,2025-05-16,8427.7,24,351.15
C008421,105809,Vehicle Finance,2025-04-03,44403.94,36,1233.44
C008422,105540,Vehicle Finance,2026-03-03,47202.09,38,1242.16
C008423,106869,Vehicle Finance,2025-08-20,27375.94,34,805.17
C008424,106258,Vehicle Finance,2026-06-06,27231.71,43,633.3
C008425,102592,Credit Card,2025-05-23,7251.48,13,557.81
C008426,109190,Credit Card,2026-03-01,5189.48,13,399.19
C008427,100365,Personal Loan,2026-01-10,8629.89,26,331.92
C008428,103206,Personal Loan,2025-08-05,14268.05,29,492.0
C008429,103043,Vehicle Finance,2026-05-19,23238.39,54,430.34
C008430,108091,Payroll Loan,2025-11-15,14195.74,34,417.52
C008431,104843,Payroll Loan,2025-09-09,5156.41,16,322.28
C008432,104488,Credit Card,2026-02-12,1413.66,11,128.51
C008433,100139,Credit Card,2026-05-09,2103.58,15,140.24
C008434,108714,Credit Card,2026-03-18,2363.71,10,236.37
C008435,104059,Personal Loan,2025-03-20,15432.73,26,593.57
C008436,100653,Vehicle Finance,2026-01-22,43973.43,59,745.31
C008437,102663,Credit Card,2025-10-22,4292.78,10,429.28
C008438,107180,Payroll Loan,2026-06-18,8634.16,40,215.85
C008439,100213,Vehicle Finance,2026-04-29,26642.41,48,555.05
C008440,108086,Personal Loan,2026-04-16,1805.65,32,56.43
C008441,104609,Personal Loan,2025-03-13,12329.61,21,587.12
C008442,106133,Personal Loan,2025-04-28,7887.63,22,358.53
C008443,107445,Vehicle Finance,2026-05-01,53204.22,38,1400.11
C008444,102936,Payroll Loan,2026-06-30,7448.52,25,297.94
C008445,105305,Personal Loan,2026-02-18,5527.31,25,221.09
C008446,101480,Personal Loan,2026-01-20,8642.79,27,320.1
C008447,105042,Personal Loan,2025-10-05,21000.0,24,875.0
C008448,107391,Credit Card,2026-05-14,4036.82,14,288.34
C008449,101489,Payroll Loan,2025-02-16,14133.12,24,588.88
C008450,101282,Credit Card,2025-09-29,6465.42,18,359.19
C008451,101073,Credit Card,2025-02-28,4408.15,24,183.67
C008452,108444,Credit Card,2026-05-03,3652.73,24,152.2
C008453,108799,Payroll Loan,2025-08-08,11572.58,29,399.05
C008454,105012,Credit Card,2026-06-22,3365.22,14,240.37
C008455,105630,Credit Card,2025-02-05,4737.24,24,197.38
C008456,103821,Payroll Loan,2026-03-26,18420.3,39,472.32
C008457,105133,Credit Card,2025-05-01,5232.52,14,373.75
C008458,102367,Personal Loan,2026-03-12,5401.83,34,158.88
C008459,104695,Payroll Loan,2026-03-13,11917.07,43,277.14
C008460,100164,Credit Card,2025-04-28,3318.65,14,237.05
C008461,105185,Payroll Loan,2025-08-11,33000.0,39,846.15
C008462,109053,Vehicle Finance,2025-03-15,25362.85,54,469.68
C008463,107042,Payroll Loan,2025-12-11,8632.52,20,431.63
C008464,106044,Credit Card,2026-02-25,8680.41,8,1085.05
C008465,102372,Credit Card,2025-01-25,3873.1,6,645.52
C008466,107009,Credit Card,2026-01-21,2991.98,16,187.0
C008467,109310,Payroll Loan,2025-06-03,18170.31,45,403.78
C008468,109737,Payroll Loan,2025-12-07,12867.34,25,514.69
C008469,109491,Credit Card,2026-05-26,5361.06,24,223.38
C008470,102187,Credit Card,2025-09-01,3158.19,11,287.11
C008471,102201,Payroll Loan,2026-01-24,5697.03,31,183.78
C008472,100628,Credit Card,2025-02-05,5949.57,20,297.48
C008473,109081,Personal Loan,2025-01-28,5704.41,12,475.37
C008474,104848,Personal Loan,2025-11-08,6458.32,22,293.56
C008475,105758,Credit Card,2025-12-12,5899.18,24,245.8
C008476,104211,Personal Loan,2025-10-18,6193.48,25,247.74
C008477,106675,Credit Card,2026-01-20,9692.4,7,1384.63
C008478,100638,Payroll Loan,2026-01-27,13284.47,32,415.14
C008479,103271,Credit Card,2026-06-11,4447.09,23,193.35
C008480,104724,Personal Loan,2025-02-18,11056.21,26,425.24
C008481,101512,Payroll Loan,2025-08-12,7713.22,26,296.66
C008482,105414,Vehicle Finance,2025-08-08,54303.25,59,920.39
C008483,106940,Personal Loan,2025-10-23,3280.85,33,99.42
C008484,101168,Vehicle Finance,2025-08-18,40087.13,48,835.15
C008485,108276,Credit Card,2026-02-12,2774.16,8,346.77
C008486,106953,Credit Card,2025-09-11,3113.13,9,345.9
C008487,100732,Credit Card,2025-07-28,5263.35,24,219.31
C008488,103458,Personal Loan,2025-01-19,6925.79,14,494.7
C008489,107468,Vehicle Finance,2025-07-13,28968.41,58,499.46
C008490,105644,Credit Card,2025-11-16,4268.55,8,533.57
C008491,100232,Personal Loan,2026-06-24,9460.76,29,326.23
C008492,106371,Payroll Loan,2025-04-16,2750.0,45,61.11
C008493,102933,Personal Loan,2026-02-15,7367.96,15,491.2
C008494,103583,Personal Loan,2026-05-14,3821.63,31,123.28
C008495,100510,Personal Loan,2025-10-05,6048.36,32,189.01
C008496,107355,Personal Loan,2025-12-12,4338.55,35,123.96
C008497,102823,Personal Loan,2025-04-19,6533.47,35,186.67
C008498,106553,Vehicle Finance,2026-03-30,19026.47,57,333.8
C008499,104323,Payroll Loan,2025-12-27,12580.97,30,419.37
C008500,100576,Personal Loan,2025-09-26,21000.0,24,875.0
C008501,101091,Personal Loan,2025-12-27,10323.71,24,430.15
C008502,101342,Personal Loan,2025-07-22,4420.71,29,152.44
C008503,100308,Personal Loan,2025-04-16,10531.67,17,619.51
C008504,100449,Personal Loan,2025-05-21,1850.62,25,74.02
C008505,100252,Personal Loan,2025-01-17,13034.12,34,383.36
C008506,108697,Personal Loan,2025-08-05,4264.61,15,284.31
C008507,109265,Personal Loan,2025-09-04,6610.23,19,347.91
C008508,103493,Payroll Loan,2026-05-18,13139.19,15,875.95
C008509,100827,Personal Loan,2025-08-20,5625.86,19,296.1
C008510,105308,Credit Card,2026-05-21,9762.72,21,464.89
C008511,107106,Personal Loan,2025-03-10,8050.93,16,503.18
C008512,105284,Credit Card,2026-05-28,9634.32,9,1070.48
C008513,104098,Personal Loan,2025-08-17,5847.58,36,162.43
C008514,104731,Personal Loan,2026-02-23,9771.5,18,542.86
C008515,100998,Personal Loan,2025-05-10,6800.08,18,377.78
C008516,103997,Credit Card,2025-04-08,3875.12,9,430.57
C008517,101095,Payroll Loan,2025-11-07,6560.14,35,187.43
C008518,103455,Vehicle Finance,2026-01-27,68897.23,45,1531.05
C008519,101188,Credit Card,2025-05-24,5371.88,9,596.88
C008520,102592,Credit Card,2025-07-03,3003.21,17,176.66
C008521,102024,Payroll Loan,2025-08-20,14065.35,15,937.69
C008522,102365,Credit Card,2025-08-21,3370.37,11,306.4
C008523,101536,Personal Loan,2026-06-24,5376.45,28,192.02
C008524,106460,Credit Card,2025-09-09,4110.19,12,342.52
C008525,102769,Payroll Loan,2026-02-21,16051.62,31,517.79
C008526,107026,Payroll Loan,2025-05-20,23513.81,36,653.16
C008527,105076,Payroll Loan,2026-01-05,9050.87,12,754.24
C008528,102436,Personal Loan,2025-04-24,9131.7,12,760.98
C008529,101999,Vehicle Finance,2026-01-26,114000.0,47,2425.53
C008530,101368,Vehicle Finance,2025-02-26,39146.01,48,815.54
C008531,108676,Payroll Loan,2025-06-14,21529.49,46,468.03
C008532,107720,Personal Loan,2025-08-29,7452.48,12,621.04
C008533,105745,Vehicle Finance,2026-05-23,112035.71,53,2113.88
C008534,100739,Credit Card,2025-11-20,12379.36,14,884.24
C008535,105703,Personal Loan,2025-04-16,5202.79,17,306.05
C008536,105517,Payroll Loan,2026-04-27,11794.1,34,346.89
C008537,109601,Credit Card,2026-03-10,4431.9,22,201.45
C008538,104858,Personal Loan,2025-01-10,10865.24,24,452.72
C008539,101035,Credit Card,2025-03-14,4752.62,12,396.05
C008540,106964,Credit Card,2025-01-25,3212.92,9,356.99
C008541,104564,Personal Loan,2025-05-07,3872.67,26,148.95
C008542,107963,Payroll Loan,2026-02-10,15962.43,40,399.06
C008543,109872,Vehicle Finance,2025-04-06,68790.82,49,1403.89
C008544,109221,Credit Card,2026-03-08,5182.48,23,225.33
C008545,105898,Credit Card,2025-08-09,7822.65,18,434.59
C008546,102738,Personal Loan,2025-01-19,9726.46,19,511.92
C008547,105530,Credit Card,2025-10-30,5657.05,8,707.13
C008548,100385,Personal Loan,2026-02-20,2594.03,26,99.77
C008549,106522,Payroll Loan,2025-07-11,11007.77,12,917.31
C008550,105694,Payroll Loan,2025-11-02,5578.22,20,278.91
C008551,108543,Credit Card,2026-03-19,3440.43,23,149.58
C008552,103830,Personal Loan,2025-06-24,12676.56,15,845.1
C008553,107525,Vehicle Finance,2025-07-24,48226.28,25,1929.05
C008554,104441,Payroll Loan,2025-12-23,9728.85,32,304.03
C008555,105642,Vehicle Finance,2026-05-23,82242.27,42,1958.15
C008556,108408,Personal Loan,2025-06-17,5271.9,32,164.75
C008557,103365,Personal Loan,2025-05-01,5620.1,26,216.16
C008558,103611,Personal Loan,2025-08-29,6077.61,30,202.59
C008559,104413,Personal Loan,2025-02-05,2779.42,26,106.9
C008560,105394,Personal Loan,2025-09-24,9149.63,28,326.77
C008561,100515,Vehicle Finance,2025-07-05,25913.86,41,632.05
C008562,101357,Credit Card,2025-06-10,5349.23,21,254.73
C008563,105316,Credit Card,2025-05-31,2749.87,12,229.16
C008564,107927,Vehicle Finance,2025-06-29,32892.74,55,598.05
C008565,100628,Payroll Loan,2025-06-23,12304.98,34,361.91
C008566,104899,Payroll Loan,2026-05-02,6544.4,18,363.58
C008567,108241,Vehicle Finance,2025-03-22,52441.69,50,1048.83
C008568,103261,Vehicle Finance,2025-08-11,52512.93,33,1591.3
C008569,109640,Payroll Loan,2025-07-12,29859.33,14,2132.81
C008570,104372,Personal Loan,2025-06-01,9097.25,16,568.58
C008571,106921,Vehicle Finance,2025-03-28,26590.25,26,1022.7
C008572,102399,Credit Card,2025-10-04,2582.36,6,430.39
C008573,108915,Vehicle Finance,2025-10-11,23164.44,38,609.59
C008574,105625,Credit Card,2025-03-15,3930.95,23,170.91
C008575,104654,Personal Loan,2026-06-23,5070.41,25,202.82
C008576,102256,Vehicle Finance,2025-11-05,28828.56,38,758.65
C008577,107783,Payroll Loan,2026-02-22,9621.37,12,801.78
C008578,103587,Payroll Loan,2026-04-05,8601.32,36,238.93
C008579,109487,Credit Card,2025-05-25,2942.73,7,420.39
C008580,100867,Payroll Loan,2025-09-20,30445.16,19,1602.38
C008581,109945,Credit Card,2026-03-15,4499.5,22,204.52
C008582,103003,Personal Loan,2025-01-09,7138.44,35,203.96
C008583,100092,Credit Card,2025-06-04,3292.89,18,182.94
C008584,103817,Payroll Loan,2026-05-09,18073.27,19,951.22
C008585,103313,Credit Card,2025-12-29,3648.5,7,521.21
C008586,107782,Payroll Loan,2026-02-15,13447.69,22,611.26
C008587,109755,Credit Card,2025-09-30,7645.8,21,364.09
C008588,106486,Personal Loan,2026-06-13,9572.64,26,368.18
C008589,106130,Personal Loan,2025-12-27,8839.26,29,304.8
C008590,101181,Credit Card,2026-03-16,5354.69,18,297.48
C008591,102440,Personal Loan,2025-11-01,10867.74,21,517.51
C008592,106020,Vehicle Finance,2026-04-15,34415.45,24,1433.98
C008593,106761,Personal Loan,2026-01-16,21000.0,21,1000.0
C008594,104427,Personal Loan,2026-05-15,11454.85,27,424.25
C008595,108307,Personal Loan,2025-02-04,5395.18,24,224.8
C008596,104157,Vehicle Finance,2025-05-19,13766.49,35,393.33
C008597,108723,Personal Loan,2025-07-30,6337.79,20,316.89
C008598,101041,Payroll Loan,2026-06-23,28927.22,48,602.65
C008599,108639,Payroll Loan,2025-05-31,8244.33,14,588.88
C008600,105847,Personal Loan,2025-05-19,5669.55,16,354.35
C008601,109562,Personal Loan,2025-11-21,7897.34,16,493.58
C008602,101747,Personal Loan,2026-06-18,11907.45,17,700.44
C008603,101168,Credit Card,2026-06-23,6073.94,22,276.09
C008604,102792,Credit Card,2026-03-11,1914.77,6,319.13
C008605,105722,Personal Loan,2026-03-17,2440.08,14,174.29
C008606,108196,Credit Card,2026-02-05,2616.52,23,113.76
C008607,107890,Vehicle Finance,2025-08-10,16645.51,42,396.32
C008608,100574,Vehicle Finance,2025-05-06,33988.58,35,971.1
C008609,104498,Credit Card,2025-12-15,3078.01,24,128.25
C008610,107797,Personal Loan,2025-06-17,10526.83,36,292.41
C008611,107527,Payroll Loan,2026-05-12,10693.69,35,305.53
C008612,103897,Personal Loan,2025-03-26,5470.76,29,188.65
C008613,104054,Credit Card,2026-04-09,10492.71,22,476.94
C008614,102846,Payroll Loan,2025-06-11,11351.76,43,263.99
C008615,102770,Payroll Loan,2025-11-24,13413.97,17,789.06
C008616,105045,Credit Card,2026-05-18,3987.51,23,173.37
C008617,104616,Credit Card,2025-04-26,2701.11,12,225.09
C008618,102657,Vehicle Finance,2025-09-08,48575.15,40,1214.38
C008619,100465,Personal Loan,2025-11-04,15366.1,20,768.3
C008620,108431,Vehicle Finance,2026-06-07,61876.83,29,2133.68
C008621,108083,Personal Loan,2025-01-19,2260.86,19,118.99
C008622,100448,Payroll Loan,2025-11-20,13136.2,41,320.4
C008623,105935,Personal Loan,2026-06-18,4572.48,32,142.89
C008624,106708,Credit Card,2025-01-09,8201.31,13,630.87
C008625,105591,Payroll Loan,2025-07-21,13754.23,47,292.64
C008626,108058,Personal Loan,2025-07-04,19221.32,31,620.04
C008627,106331,Credit Card,2025-02-11,4550.62,19,239.51
C008628,102147,Credit Card,2025-07-06,3780.4,9,420.04
C008629,103675,Personal Loan,2025-09-22,7148.37,33,216.62
C008630,107711,Credit Card,2025-08-21,2897.91,23,126.0
C008631,109923,Vehicle Finance,2025-11-01,114000.0,42,2714.29
C008632,104511,Vehicle Finance,2026-01-01,53185.75,49,1085.42
C008633,103967,Personal Loan,2025-08-24,9409.99,35,268.86
C008634,109891,Vehicle Finance,2025-05-27,17696.1,27,655.41
C008635,102345,Personal Loan,2026-05-15,3464.88,12,288.74
C008636,103769,Credit Card,2025-08-11,6131.34,8,766.42
C008637,108270,Credit Card,2026-06-02,3963.91,15,264.26
C008638,103220,Personal Loan,2026-06-29,4922.08,12,410.17
C008639,106543,Personal Loan,2025-12-12,6245.39,26,240.21
C008640,108930,Payroll Loan,2025-07-17,8645.09,17,508.53
C008641,109930,Vehicle Finance,2026-06-18,22785.27,31,735.01
C008642,106597,Credit Card,2025-10-03,6539.2,10,653.92
C008643,101069,Personal Loan,2025-07-14,4789.32,27,177.38
C008644,107719,Personal Loan,2025-10-08,7458.3,19,392.54
C008645,109065,Personal Loan,2026-01-24,20052.77,32,626.65
C008646,104159,Credit Card,2025-04-17,5842.7,6,973.78
C008647,107541,Credit Card,2025-04-18,2797.82,24,116.58
C008648,104923,Payroll Loan,2025-09-28,29860.47,24,1244.19
C008649,109866,Personal Loan,2025-12-11,11574.13,25,462.97
C008650,109823,Credit Card,2025-05-01,6023.72,17,354.34
C008651,106061,Vehicle Finance,2025-02-16,55061.91,34,1619.47
C008652,105403,Personal Loan,2025-02-28,4368.71,13,336.05
C008653,107196,Vehicle Finance,2025-01-26,35189.75,46,764.99
C008654,107467,Vehicle Finance,2026-03-18,42397.79,57,743.82
C008655,101797,Vehicle Finance,2025-11-26,31210.82,44,709.34
C008656,109795,Payroll Loan,2026-01-26,5298.72,20,264.94
C008657,106518,Vehicle Finance,2025-10-07,41408.88,36,1150.25
C008658,107266,Payroll Loan,2025-05-28,20316.95,23,883.35
C008659,101373,Credit Card,2025-08-14,3998.51,15,266.57
C008660,107147,Payroll Loan,2025-03-15,16992.19,36,472.01
C008661,102088,Credit Card,2025-07-22,4940.12,17,290.6
C008662,101157,Credit Card,2026-06-21,3437.54,17,202.21
C008663,108275,Personal Loan,2026-05-27,6250.8,22,284.13
C008664,102118,Personal Loan,2026-05-16,4027.8,33,122.05
C008665,102872,Credit Card,2026-02-02,5252.77,6,875.46
C008666,107820,Personal Loan,2025-07-17,6219.41,23,270.41
C008667,103978,Vehicle Finance,2026-02-23,42661.69,60,711.03
C008668,109828,Personal Loan,2025-12-19,1973.71,19,103.88
C008669,105195,Credit Card,2026-02-04,3337.5,11,303.41
C008670,104338,Credit Card,2025-06-06,5838.47,21,278.02
C008671,106728,Vehicle Finance,2026-03-19,38832.94,57,681.28
C008672,107616,Vehicle Finance,2025-07-25,34478.08,48,718.29
C008673,105778,Credit Card,2025-12-14,5339.21,16,333.7
C008674,100112,Payroll Loan,2025-10-22,14331.55,37,387.34
C008675,101896,Personal Loan,2025-06-02,11794.34,24,491.43
C008676,101242,Personal Loan,2025-05-27,9537.16,15,635.81
C008677,105549,Credit Card,2025-09-09,3557.7,10,355.77
C008678,100787,Vehicle Finance,2025-02-17,51044.23,38,1343.27
C008679,108579,Credit Card,2025-01-09,10775.07,7,1539.3
C008680,101061,Vehicle Finance,2026-01-29,114000.0,29,3931.03
C008681,106047,Credit Card,2026-05-05,3524.09,11,320.37
C008682,100578,Payroll Loan,2025-04-15,18971.93,20,948.6
C008683,108711,Personal Loan,2025-01-12,13932.71,13,1071.75
C008684,100248,Personal Loan,2025-06-14,9304.69,16,581.54
C008685,106892,Payroll Loan,2026-02-14,12109.09,42,288.31
C008686,106707,Payroll Loan,2026-06-06,10608.93,27,392.92
C008687,105158,Vehicle Finance,2025-07-21,19108.26,36,530.78
C008688,104399,Vehicle Finance,2025-11-26,30963.62,33,938.29
C008689,109219,Credit Card,2026-06-12,4063.56,15,270.9
C008690,105422,Credit Card,2025-05-05,3929.16,17,231.13
C008691,101528,Credit Card,2025-03-30,5118.53,23,222.54
C008692,103408,Credit Card,2025-06-05,5206.2,24,216.92
C008693,105815,Credit Card,2026-02-21,4739.05,24,197.46
C008694,104011,Credit Card,2025-05-03,5845.95,14,417.57
C008695,103696,Vehicle Finance,2025-01-25,61738.64,26,2374.56
C008696,101598,Credit Card,2026-04-20,3286.6,19,172.98
C008697,102330,Credit Card,2026-03-12,5955.66,9,661.74
C008698,106423,Payroll Loan,2026-03-14,5851.97,15,390.13
C008699,108457,Credit Card,2025-12-10,6173.94,23,268.43
C008700,101334,Credit Card,2025-10-27,5672.58,13,436.35
C008701,102253,Personal Loan,2025-04-29,3380.07,19,177.9
C008702,108812,Credit Card,2025-03-12,4514.24,6,752.37
C008703,103672,Personal Loan,2025-12-08,10927.35,31,352.5
C008704,102825,Credit Card,2026-02-08,2510.34,24,104.6
C008705,105409,Personal Loan,2026-04-01,13707.07,23,595.96
C008706,102611,Credit Card,2026-04-09,2681.5,13,206.27
C008707,108792,Vehicle Finance,2026-01-18,46483.56,59,787.86
C008708,101970,Payroll Loan,2025-10-16,7573.69,27,280.51
C008709,106088,Personal Loan,2025-09-08,17384.93,19,915.0
C008710,101074,Personal Loan,2025-04-26,2337.6,25,93.5
C008711,109020,Vehicle Finance,2025-06-05,32000.69,49,653.08
C008712,102509,Vehicle Finance,2026-01-15,11580.63,53,218.5
C008713,107809,Personal Loan,2025-11-28,10037.28,33,304.16
C008714,109977,Vehicle Finance,2025-06-28,45053.75,60,750.9
C008715,105625,Credit Card,2025-07-18,4136.58,24,172.36
C008716,100242,Credit Card,2026-05-16,4090.5,16,255.66
C008717,103677,Personal Loan,2025-08-12,11124.92,14,794.64
C008718,104931,Personal Loan,2026-03-30,6822.76,17,401.34
C008719,100936,Vehicle Finance,2025-08-29,63601.6,47,1353.23
C008720,103545,Payroll Loan,2025-08-10,17642.02,43,410.28
C008721,105662,Vehicle Finance,2025-11-21,84146.36,39,2157.6
C008722,107783,Credit Card,2025-01-22,2426.0,13,186.62
C008723,101981,Payroll Loan,2025-07-01,7867.08,48,163.9
C008724,106153,Personal Loan,2026-06-02,21000.0,15,1400.0
C008725,106984,Credit Card,2026-03-13,3151.33,13,242.41
C008726,100300,Personal Loan,2026-06-06,6533.66,28,233.34
C008727,104297,Credit Card,2026-04-04,4743.18,11,431.2
C008728,100803,Vehicle Finance,2025-09-23,16441.84,51,322.39
C008729,108293,Credit Card,2026-05-10,2582.88,13,198.68
C008730,106581,Payroll Loan,2025-01-04,21539.64,27,797.76
C008731,105706,Personal Loan,2025-05-12,3358.23,24,139.93
C008732,106902,Credit Card,2026-01-30,1578.23,19,83.06
C008733,109351,Credit Card,2025-04-12,5055.62,8,631.95
C008734,106376,Credit Card,2025-06-03,5259.47,6,876.58
C008735,102681,Personal Loan,2025-05-01,3301.46,21,157.21
C008736,106553,Personal Loan,2026-02-14,5858.9,25,234.36
C008737,107996,Payroll Loan,2026-03-07,7290.86,13,560.84
C008738,108355,Personal Loan,2025-01-16,10415.9,23,452.87
C008739,105303,Credit Card,2025-04-23,4342.98,23,188.83
C008740,103827,Credit Card,2025-12-03,6103.46,16,381.47
C008741,104477,Personal Loan,2026-05-08,4668.97,13,359.15
C008742,103186,Vehicle Finance,2026-05-28,114000.0,43,2651.16
C008743,102111,Personal Loan,2026-03-18,3321.12,36,92.25
C008744,108208,Personal Loan,2025-10-11,4499.51,33,136.35
C008745,109512,Payroll Loan,2025-01-29,9239.08,42,219.98
C008746,103335,Credit Card,2026-06-01,3308.56,19,174.13
C008747,105867,Personal Loan,2026-02-16,10578.95,32,330.59
C008748,109589,Credit Card,2026-01-30,5614.66,21,267.36
C008749,103703,Credit Card,2026-04-13,7335.26,16,458.45
C008750,107207,Personal Loan,2025-11-22,11035.01,34,324.56
C008751,108141,Vehicle Finance,2026-02-04,21076.69,60,351.28
C008752,107022,Credit Card,2026-04-07,4857.6,17,285.74
C008753,105042,Vehicle Finance,2026-03-21,40156.66,60,669.28
C008754,109074,Personal Loan,2026-05-18,7728.33,34,227.3
C008755,103424,Vehicle Finance,2025-04-15,9500.0,55,172.73
C008756,107667,Credit Card,2026-04-14,2106.96,6,351.16
C008757,102494,Credit Card,2025-09-28,3404.85,6,567.48
C008758,100430,Credit Card,2026-05-17,5587.06,16,349.19
C008759,108253,Credit Card,2026-06-18,8601.14,7,1228.73
C008760,104581,Personal Loan,2025-02-04,4480.85,28,160.03
C008761,106738,Personal Loan,2026-04-25,3353.94,26,129.0
C008762,103780,Credit Card,2025-04-27,2724.71,19,143.41
C008763,104677,Personal Loan,2026-05-07,3598.11,30,119.94
C008764,104254,Personal Loan,2025-05-26,13228.9,30,440.96
C008765,105830,Personal Loan,2026-01-08,7112.16,21,338.67
C008766,102816,Vehicle Finance,2026-06-09,25593.41,38,673.51
C008767,102081,Credit Card,2025-02-20,5247.45,12,437.29
C008768,102214,Personal Loan,2026-05-13,3126.85,33,94.75
C008769,106125,Vehicle Finance,2026-03-22,24924.7,39,639.09
C008770,105430,Payroll Loan,2026-03-19,7887.75,38,207.57
C008771,109697,Personal Loan,2026-05-14,11603.95,32,362.62
C008772,107430,Vehicle Finance,2026-03-12,23444.21,33,710.43
C008773,102543,Vehicle Finance,2025-06-01,32532.33,33,985.83
C008774,101842,Credit Card,2025-09-01,3382.12,9,375.79
C008775,101975,Payroll Loan,2025-11-02,14233.97,31,459.16
C008776,102761,Payroll Loan,2025-02-24,20693.7,28,739.06
C008777,107529,Vehicle Finance,2026-04-09,38062.55,47,809.84
C008778,106648,Vehicle Finance,2025-12-30,18874.74,55,343.18
C008779,102818,Credit Card,2026-05-25,2038.88,13,156.84
C008780,106682,Payroll Loan,2025-10-13,7726.08,32,241.44
C008781,102089,Personal Loan,2025-01-09,7361.49,20,368.07
C008782,100862,Payroll Loan,2025-08-09,6126.51,20,306.33
C008783,104018,Credit Card,2025-04-27,3851.73,14,275.12
C008784,100776,Vehicle Finance,2025-07-18,18028.35,47,383.58
C008785,108080,Credit Card,2025-11-11,6378.51,12,531.54
C008786,104974,Payroll Loan,2025-03-30,15431.69,47,328.33
C008787,106214,Personal Loan,2025-12-04,10058.17,34,295.83
C008788,108368,Payroll Loan,2025-08-10,9262.27,39,237.49
C008789,107151,Personal Loan,2026-03-18,7247.31,15,483.15
C008790,102220,Payroll Loan,2026-05-20,20383.66,31,657.54
C008791,103847,Personal Loan,2025-07-15,12539.92,12,1044.99
C008792,109984,Credit Card,2025-04-18,3024.39,16,189.02
C008793,104873,Personal Loan,2025-01-15,1750.0,18,97.22
C008794,109991,Vehicle Finance,2025-11-23,87106.78,40,2177.67
C008795,105572,Personal Loan,2025-08-26,4999.79,12,416.65
C008796,106030,Personal Loan,2025-12-07,2118.74,32,66.21
C008797,105945,Credit Card,2025-05-25,6157.04,14,439.79
C008798,109607,Payroll Loan,2025-07-28,7768.85,45,172.64
C008799,105958,Credit Card,2026-05-25,10861.14,10,1086.11
C008800,103929,Payroll Loan,2025-05-28,17885.38,13,1375.8
C008801,104534,Personal Loan,2025-11-02,19484.72,23,847.16
C008802,105017,Credit Card,2025-03-27,6681.04,22,303.68
C008803,102105,Vehicle Finance,2025-02-17,37097.53,40,927.44
C008804,107033,Payroll Loan,2025-08-16,6591.3,41,160.76
C008805,103715,Credit Card,2025-02-19,4770.29,17,280.61
C008806,100707,Payroll Loan,2025-10-02,11668.97,41,284.61
C008807,103865,Payroll Loan,2025-03-17,20177.77,22,917.17
C008808,107690,Vehicle Finance,2025-01-20,22695.39,52,436.45
C008809,107647,Credit Card,2025-12-06,5725.87,23,248.95
C008810,109367,Payroll Loan,2026-05-20,12096.82,31,390.22
C008811,109449,Vehicle Finance,2026-06-25,40536.84,47,862.49
C008812,105702,Credit Card,2025-01-01,6516.83,13,501.29
C008813,105575,Personal Loan,2025-11-30,10331.8,23,449.21
C008814,102191,Vehicle Finance,2025-01-27,51316.48,43,1193.41
C008815,109396,Credit Card,2025-12-12,4802.28,13,369.41
C008816,101303,Vehicle Finance,2026-01-01,32094.59,56,573.12
C008817,109862,Payroll Loan,2025-03-17,8298.96,13,638.38
C008818,102178,Credit Card,2026-03-07,3711.05,24,154.63
C008819,108934,Credit Card,2026-04-28,6449.2,17,379.36
C008820,102015,Payroll Loan,2025-09-07,12010.81,18,667.27
C008821,107320,Credit Card,2025-10-16,5573.38,10,557.34
C008822,108602,Personal Loan,2025-06-25,8742.78,17,514.28
C008823,107253,Payroll Loan,2026-06-14,3961.49,46,86.12
C008824,101370,Vehicle Finance,2026-01-26,69254.58,37,1871.75
C008825,109492,Personal Loan,2025-09-03,4402.94,26,169.34
C008826,109701,Payroll Loan,2026-04-21,7124.68,30,237.49
C008827,106518,Vehicle Finance,2026-03-24,54107.97,54,1002.0
C008828,107788,Personal Loan,2025-06-21,9480.58,32,296.27
C008829,104317,Payroll Loan,2026-06-29,16424.79,31,529.83
C008830,107325,Personal Loan,2025-12-02,6674.61,13,513.43
C008831,109894,Vehicle Finance,2025-01-24,21404.58,49,436.83
C008832,106174,Vehicle Finance,2026-05-06,34746.8,35,992.77
C008833,102758,Credit Card,2025-06-08,7717.55,15,514.5
C008834,100449,Personal Loan,2025-12-29,8381.21,19,441.12
C008835,106710,Credit Card,2026-03-15,3053.86,7,436.27
C008836,107188,Credit Card,2025-02-14,8399.72,22,381.81
C008837,108017,Personal Loan,2026-03-30,13176.29,28,470.58
C008838,103826,Credit Card,2025-03-29,3888.79,9,432.09
C008839,107372,Personal Loan,2025-04-11,7737.48,26,297.6
C008840,101237,Payroll Loan,2026-03-15,14416.84,35,411.91
C008841,107798,Payroll Loan,2025-10-07,4769.21,34,140.27
C008842,108321,Credit Card,2025-09-18,3848.82,23,167.34
C008843,102839,Vehicle Finance,2025-10-27,47759.28,35,1364.55
C008844,103335,Vehicle Finance,2025-05-07,22442.3,46,487.88
C008845,108297,Credit Card,2026-06-30,4207.59,21,200.36
C008846,106025,Personal Loan,2025-02-15,6633.04,16,414.56
C008847,105013,Personal Loan,2025-04-12,6221.21,28,222.19
C008848,101565,Vehicle Finance,2025-02-12,14791.47,55,268.94
C008849,108106,Credit Card,2025-01-20,4031.29,15,268.75
C008850,101280,Personal Loan,2025-10-08,6801.38,33,206.1
C008851,104302,Personal Loan,2025-03-02,4478.85,36,124.41
C008852,104466,Payroll Loan,2026-02-06,12646.91,46,274.93
C008853,107206,Payroll Loan,2026-06-17,2750.0,15,183.33
C008854,100430,Credit Card,2025-08-15,4162.13,13,320.16
C008855,100132,Credit Card,2025-04-01,6629.18,14,473.51
C008856,106145,Personal Loan,2025-08-06,7243.46,14,517.39
C008857,103610,Payroll Loan,2025-08-08,7311.97,41,178.34
C008858,100788,Payroll Loan,2025-01-02,23806.55,24,991.94
C008859,107750,Personal Loan,2026-01-21,8363.56,19,440.19
C008860,105228,Credit Card,2025-07-19,6876.37,11,625.12
C008861,106181,Personal Loan,2026-02-18,4367.22,26,167.97
C008862,103606,Vehicle Finance,2025-04-13,41527.58,58,715.99
C008863,102193,Personal Loan,2025-01-13,5480.74,16,342.55
C008864,103237,Payroll Loan,2025-08-06,9867.66,31,318.31
C008865,109050,Vehicle Finance,2025-09-28,34852.22,39,893.65
C008866,107692,Payroll Loan,2025-01-25,22734.16,45,505.2
C008867,108574,Credit Card,2025-10-26,6003.35,11,545.76
C008868,104743,Vehicle Finance,2025-10-31,64218.04,49,1310.57
C008869,108832,Credit Card,2026-06-21,3922.9,6,653.82
C008870,101936,Personal Loan,2025-11-12,6599.55,25,263.98
C008871,106666,Credit Card,2025-03-26,4521.42,24,188.39
C008872,103873,Personal Loan,2026-04-06,6406.66,13,492.82
C008873,101903,Credit Card,2026-06-03,3971.23,17,233.6
C008874,103862,Payroll Loan,2025-04-01,3027.96,18,168.22
C008875,106701,Credit Card,2025-07-07,4571.51,20,228.58
C008876,105291,Payroll Loan,2025-11-28,14473.94,15,964.93
C008877,108921,Personal Loan,2025-01-25,6447.08,12,537.26
C008878,106466,Personal Loan,2026-04-07,4337.0,20,216.85
C008879,105542,Credit Card,2026-02-02,1979.86,22,89.99
C008880,103064,Personal Loan,2026-05-16,4504.61,28,160.88
C008881,108031,Vehicle Finance,2026-02-18,66350.92,43,1543.04
C008882,103143,Credit Card,2025-04-06,3523.44,10,352.34
C008883,101456,Personal Loan,2026-01-27,12055.75,34,354.58
C008884,107943,Vehicle Finance,2025-12-10,19554.55,54,362.12
C008885,107144,Payroll Loan,2025-05-29,7990.02,22,363.18
C008886,101804,Vehicle Finance,2025-03-25,30361.79,32,948.81
C008887,109845,Credit Card,2026-05-08,1598.08,12,133.17
C008888,106543,Payroll Loan,2025-04-17,16289.0,38,428.66
C008889,105417,Credit Card,2025-03-23,3438.81,10,343.88
C008890,109882,Credit Card,2026-01-27,2937.16,24,122.38
C008891,107353,Personal Loan,2026-02-25,10181.87,34,299.47
C008892,107822,Personal Loan,2026-04-04,4790.51,16,299.41
C008893,105710,Credit Card,2025-10-10,5371.35,15,358.09
C008894,102670,Vehicle Finance,2025-07-18,35233.91,56,629.18
C008895,100689,Credit Card,2026-01-22,2447.73,15,163.18
C008896,100337,Personal Loan,2026-03-11,5304.72,18,294.71
C008897,102427,Personal Loan,2025-03-30,5830.15,29,201.04
C008898,102890,Vehicle Finance,2026-01-09,15032.99,57,263.74
C008899,103165,Personal Loan,2025-04-23,6854.11,21,326.39
C008900,100033,Credit Card,2025-07-16,4613.71,12,384.48
C008901,103051,Personal Loan,2026-05-14,12262.13,25,490.49
C008902,105855,Personal Loan,2025-06-02,7910.86,28,282.53
C008903,105191,Vehicle Finance,2026-02-05,45046.67,55,819.03
C008904,104589,Credit Card,2026-02-02,6820.03,16,426.25
C008905,108947,Credit Card,2025-04-28,2393.23,7,341.89
C008906,106012,Personal Loan,2026-04-05,9135.36,23,397.19
C008907,105773,Credit Card,2026-01-13,5304.79,22,241.13
C008908,107913,Credit Card,2025-02-19,13500.0,17,794.12
C008909,109079,Personal Loan,2026-03-28,7371.95,16,460.75
C008910,102316,Personal Loan,2025-09-15,3327.64,19,175.14
C008911,108728,Credit Card,2025-10-21,6876.8,15,458.45
C008912,103723,Credit Card,2025-05-30,4627.92,15,308.53
C008913,109070,Payroll Loan,2025-04-11,29798.58,38,784.17
C008914,104612,Credit Card,2025-03-04,7433.91,11,675.81
C008915,106941,Personal Loan,2025-01-07,12827.72,32,400.87
C008916,107692,Credit Card,2025-04-10,2358.05,7,336.86
C008917,103956,Personal Loan,2025-05-07,4930.73,28,176.1
C008918,104553,Credit Card,2026-03-20,3773.59,9,419.29
C008919,103475,Payroll Loan,2025-03-31,5705.45,21,271.69
C008920,102111,Personal Loan,2026-01-08,3872.78,27,143.44
C008921,109853,Personal Loan,2025-12-25,4185.25,24,174.39
C008922,108959,Personal Loan,2026-06-13,11986.87,14,856.2
C008923,100801,Personal Loan,2026-06-06,13959.64,15,930.64
C008924,100628,Personal Loan,2025-07-01,7836.71,26,301.41
C008925,108032,Personal Loan,2025-05-22,9242.97,36,256.75
C008926,106394,Vehicle Finance,2026-05-14,25354.66,46,551.19
C008927,107302,Payroll Loan,2025-06-21,26016.14,44,591.28
C008928,103056,Personal Loan,2025-02-17,9727.48,16,607.97
C008929,105894,Vehicle Finance,2026-06-29,47366.28,30,1578.88
C008930,104878,Personal Loan,2026-04-22,13002.26,17,764.84
C008931,100326,Credit Card,2026-04-12,2213.71,19,116.51
C008932,109669,Payroll Loan,2025-01-28,7623.97,20,381.2
C008933,109670,Vehicle Finance,2025-05-10,39417.37,48,821.2
C008934,105941,Payroll Loan,2025-04-07,13194.22,24,549.76
C008935,101270,Payroll Loan,2025-08-29,12578.45,33,381.17
C008936,106726,Vehicle Finance,2026-03-15,67888.6,30,2262.95
C008937,102357,Personal Loan,2026-02-20,9628.5,14,687.75
C008938,106517,Payroll Loan,2026-05-26,33000.0,15,2200.0
C008939,101991,Payroll Loan,2025-10-04,6815.8,25,272.63
C008940,107187,Credit Card,2025-11-19,3466.75,18,192.6
C008941,104534,Vehicle Finance,2026-04-02,54216.32,46,1178.62
C008942,104441,Personal Loan,2026-04-15,5724.78,16,357.8
C008943,109899,Personal Loan,2026-05-23,3928.2,35,112.23
C008944,100172,Vehicle Finance,2025-03-09,89398.49,36,2483.29
C008945,109102,Credit Card,2025-01-26,2820.48,13,216.96
C008946,108899,Personal Loan,2026-04-17,10214.7,35,291.85
C008947,109450,Credit Card,2026-01-28,8045.95,7,1149.42
C008948,105615,Credit Card,2025-06-05,4259.19,15,283.95
C008949,100037,Payroll Loan,2026-05-09,10290.66,24,428.78
C008950,109134,Credit Card,2026-05-29,3043.08,19,160.16
C008951,106742,Payroll Loan,2026-05-20,7555.16,47,160.75
C008952,107365,Personal Loan,2025-08-22,3303.34,24,137.64
C008953,102561,Payroll Loan,2026-01-20,6482.34,16,405.15
C008954,107532,Credit Card,2026-03-03,3244.28,10,324.43
C008955,101635,Credit Card,2025-03-21,3849.3,23,167.36
C008956,106526,Vehicle Finance,2026-01-16,33960.72,43,789.78
C008957,107025,Personal Loan,2025-05-26,10639.17,21,506.63
C008958,109617,Personal Loan,2025-01-10,4488.36,29,154.77
C008959,108780,Vehicle Finance,2026-05-10,21008.08,47,446.98
C008960,107944,Vehicle Finance,2025-04-28,99367.38,47,2114.2
C008961,107128,Credit Card,2025-09-12,5056.89,15,337.13
C008962,104355,Personal Loan,2025-11-06,2231.03,14,159.36
C008963,106157,Personal Loan,2026-01-20,4160.89,14,297.21
C008964,102735,Personal Loan,2025-05-02,6508.57,19,342.56
C008965,107758,Payroll Loan,2025-07-22,14017.92,23,609.47
C008966,103953,Personal Loan,2026-03-08,10511.63,35,300.33
C008967,108563,Credit Card,2026-03-07,6917.92,13,532.15
C008968,101818,Vehicle Finance,2026-03-24,28713.34,31,926.24
C008969,100965,Credit Card,2025-10-17,2957.75,21,140.85
C008970,102382,Personal Loan,2025-01-12,10753.86,14,768.13
C008971,104447,Payroll Loan,2026-05-04,8971.07,46,195.02
C008972,101625,Vehicle Finance,2025-11-26,63403.81,56,1132.21
C008973,105430,Personal Loan,2025-08-04,4760.78,20,238.04
C008974,100571,Personal Loan,2026-06-26,6301.69,31,203.28
C008975,107936,Payroll Loan,2026-05-14,21445.54,22,974.8
C008976,103931,Vehicle Finance,2025-10-18,53762.63,48,1120.05
C008977,108201,Vehicle Finance,2025-12-31,23206.24,40,580.16
C008978,107594,Payroll Loan,2026-04-08,5783.95,34,170.12
C008979,109023,Payroll Loan,2025-02-14,18388.19,35,525.38
C008980,100693,Payroll Loan,2025-03-02,22162.62,13,1704.82
C008981,105268,Personal Loan,2025-03-21,9915.79,32,309.87
C008982,106418,Credit Card,2026-02-03,3976.55,6,662.76
C008983,102176,Credit Card,2025-12-23,7145.39,17,420.32
C008984,109798,Credit Card,2025-04-23,3139.62,9,348.85
C008985,108806,Vehicle Finance,2025-12-07,28673.59,53,541.01
C008986,104544,Vehicle Finance,2025-06-04,38296.55,35,1094.19
C008987,109613,Vehicle Finance,2025-12-28,56500.15,51,1107.85
C008988,102767,Credit Card,2025-09-28,3191.41,14,227.96
C008989,109632,Credit Card,2025-09-17,2767.83,21,131.8
C008990,106223,Payroll Loan,2026-05-28,10997.19,19,578.8
C008991,100211,Credit Card,2026-03-01,10153.37,17,597.26
C008992,106838,Payroll Loan,2026-01-07,10882.05,41,265.42
C008993,108153,Payroll Loan,2026-03-17,12589.13,14,899.22
C008994,102933,Personal Loan,2026-05-20,3584.71,27,132.77
C008995,106417,Personal Loan,2025-08-08,4791.66,33,145.2
C008996,103991,Payroll Loan,2026-02-08,25146.37,45,558.81
C008997,109852,Credit Card,2025-11-20,7732.52,15,515.5
C008998,109395,Personal Loan,2026-02-16,14619.43,24,609.14
C008999,105679,Vehicle Finance,2026-04-17,90891.23,41,2216.86
C009000,105267,Vehicle Finance,2026-04-13,28109.34,52,540.56
C009001,100825,Personal Loan,2025-10-22,7263.43,16,453.96
C009002,109869,Payroll Loan,2025-06-28,6078.78,38,159.97
C009003,106561,Personal Loan,2025-05-26,5578.99,31,179.97
C009004,105089,Credit Card,2026-03-08,3844.13,14,274.58
C009005,103512,Payroll Loan,2025-11-03,4540.88,14,324.35
C009006,101639,Payroll Loan,2026-04-06,5358.43,42,127.58
C009007,102224,Personal Loan,2025-09-12,5480.68,12,456.72
C009008,107989,Personal Loan,2026-02-09,14995.06,30,499.84
C009009,102812,Personal Loan,2025-05-29,7139.86,16,446.24
C009010,108588,Personal Loan,2026-01-08,7712.72,20,385.64
C009011,109991,Personal Loan,2025-03-27,6298.37,15,419.89
C009012,100305,Credit Card,2025-04-13,3892.67,6,648.78
C009013,108078,Personal Loan,2026-04-08,3477.62,32,108.68
C009014,102336,Personal Loan,2026-06-08,4509.39,21,214.73
C009015,105039,Vehicle Finance,2025-08-24,29341.74,39,752.35
C009016,104504,Personal Loan,2025-06-05,2914.03,22,132.46
C009017,103414,Personal Loan,2026-04-22,3796.9,17,223.35
C009018,109204,Vehicle Finance,2025-08-16,21002.07,24,875.09
C009019,102147,Credit Card,2026-01-07,3367.58,14,240.54
C009020,108844,Credit Card,2025-02-08,3965.38,9,440.6
C009021,108684,Vehicle Finance,2026-03-21,26043.04,24,1085.13
C009022,106537,Credit Card,2025-01-12,2060.16,9,228.91
C009023,107294,Payroll Loan,2026-02-17,5114.7,21,243.56
C009024,107636,Credit Card,2025-04-03,3309.89,19,174.2
C009025,106829,Credit Card,2026-05-15,2214.54,18,123.03
C009026,101447,Credit Card,2025-12-06,1396.3,8,174.54
C009027,103719,Personal Loan,2025-10-08,8778.92,19,462.05
C009028,105676,Payroll Loan,2025-06-10,11334.55,27,419.8
C009029,104845,Credit Card,2025-05-11,3473.15,6,578.86
C009030,107825,Credit Card,2026-04-26,2871.67,20,143.58
C009031,109477,Credit Card,2025-07-26,7654.23,11,695.84
C009032,102355,Personal Loan,2025-01-11,6396.78,36,177.69
C009033,108131,Personal Loan,2025-02-17,21000.0,34,617.65
C009034,101254,Credit Card,2025-04-17,2576.41,7,368.06
C009035,109666,Credit Card,2026-05-20,7980.41,16,498.78
C009036,105999,Payroll Loan,2025-02-14,8654.1,26,332.85
C009037,109607,Credit Card,2026-01-26,6436.55,7,919.51
C009038,109198,Personal Loan,2025-02-25,4661.66,14,332.98
C009039,100221,Vehicle Finance,2025-01-18,30109.85,58,519.14
C009040,109737,Personal Loan,2025-05-10,9517.18,28,339.9
C009041,109833,Credit Card,2025-02-15,6691.45,24,278.81
C009042,104261,Credit Card,2026-04-18,2909.11,7,415.59
C009043,104511,Personal Loan,2026-05-22,19794.7,14,1413.91
C009044,104674,Vehicle Finance,2026-04-13,43382.24,43,1008.89
C009045,105500,Credit Card,2025-10-27,4149.22,14,296.37
C009046,106263,Payroll Loan,2025-06-28,12498.17,15,833.21
C009047,100802,Vehicle Finance,2026-06-24,39455.35,51,773.63
C009048,100377,Credit Card,2025-02-11,4646.1,8,580.76
C009049,100629,Vehicle Finance,2025-06-29,53980.8,45,1199.57
C009050,105426,Vehicle Finance,2026-01-08,42685.71,33,1293.51
C009051,105585,Credit Card,2025-06-20,10150.16,14,725.01
C009052,106277,Payroll Loan,2026-01-16,4640.69,44,105.47
C009053,102475,Personal Loan,2026-04-22,11684.7,17,687.34
C009054,101251,Vehicle Finance,2026-05-20,18837.25,50,376.74
C009055,102751,Personal Loan,2025-03-06,3568.81,24,148.7
C009056,108292,Credit Card,2026-05-17,2966.35,6,494.39
C009057,104489,Vehicle Finance,2026-06-14,31856.63,56,568.87
C009058,105355,Personal Loan,2025-05-22,6631.57,12,552.63
C009059,101079,Credit Card,2025-01-16,7972.14,9,885.79
C009060,108685,Credit Card,2026-04-29,2558.07,10,255.81
C009061,101755,Personal Loan,2026-05-13,7433.71,25,297.35
C009062,105545,Credit Card,2025-10-18,7846.2,24,326.92
C009063,109943,Payroll Loan,2025-06-03,5138.05,33,155.7
C009064,103083,Credit Card,2026-05-15,6801.01,13,523.15
C009065,104687,Credit Card,2026-03-06,3086.62,15,205.77
C009066,103747,Vehicle Finance,2026-01-04,60596.41,57,1063.09
C009067,102912,Personal Loan,2025-09-21,5401.1,29,186.24
C009068,109551,Personal Loan,2025-09-11,17893.6,17,1052.56
C009069,107323,Personal Loan,2026-05-15,7909.94,25,316.4
C009070,104512,Credit Card,2025-11-12,6056.92,7,865.27
C009071,106018,Personal Loan,2025-07-19,8894.84,30,296.49
C009072,105085,Credit Card,2025-05-09,4704.49,16,294.03
C009073,109501,Payroll Loan,2025-10-24,16639.75,17,978.81
C009074,107586,Personal Loan,2025-11-07,4312.83,26,165.88
C009075,103168,Personal Loan,2026-02-22,10989.42,34,323.22
C009076,108152,Credit Card,2025-05-28,3908.99,8,488.62
C009077,104126,Personal Loan,2026-03-27,2861.7,16,178.86
C009078,109203,Personal Loan,2025-08-30,9468.43,16,591.78
C009079,100209,Vehicle Finance,2025-12-25,31312.02,35,894.63
C009080,106928,Payroll Loan,2025-06-12,19798.72,19,1042.04
C009081,106334,Credit Card,2025-09-26,6709.8,19,353.15
C009082,102980,Personal Loan,2025-08-31,4156.38,19,218.76
C009083,106165,Credit Card,2026-01-25,3503.18,23,152.31
C009084,101495,Vehicle Finance,2026-04-15,19925.06,35,569.29
C009085,101603,Personal Loan,2025-09-26,18887.84,31,609.29
C009086,104592,Vehicle Finance,2025-11-06,65096.39,36,1808.23
C009087,108447,Credit Card,2026-01-22,3014.03,8,376.75
C009088,100944,Payroll Loan,2025-01-27,8102.58,40,202.56
C009089,102525,Credit Card,2025-11-14,1996.37,20,99.82
C009090,109141,Credit Card,2026-01-16,7959.33,21,379.02
C009091,104418,Payroll Loan,2025-05-28,33000.0,28,1178.57
C009092,109799,Personal Loan,2025-12-28,5580.96,15,372.06
C009093,102064,Credit Card,2025-02-14,6766.74,8,845.84
C009094,105212,Payroll Loan,2025-02-18,8083.11,46,175.72
C009095,103569,Credit Card,2025-04-20,4359.43,14,311.39
C009096,100388,Personal Loan,2025-06-20,4317.45,24,179.89
C009097,108937,Payroll Loan,2026-02-25,24513.56,42,583.66
C009098,102960,Vehicle Finance,2025-05-19,50700.85,50,1014.02
C009099,100722,Personal Loan,2025-10-22,4420.56,17,260.03
C009100,103884,Credit Card,2025-09-09,5286.16,8,660.77
C009101,105282,Vehicle Finance,2025-02-25,40264.81,41,982.07
C009102,103907,Vehicle Finance,2025-07-28,59394.99,54,1099.91
C009103,103121,Personal Loan,2026-01-28,7495.54,20,374.78
C009104,107031,Personal Loan,2026-03-29,11561.35,29,398.67
C009105,107023,Personal Loan,2025-10-30,7293.82,18,405.21
C009106,109815,Personal Loan,2025-08-02,8070.89,21,384.33
C009107,101323,Vehicle Finance,2025-06-04,16388.37,30,546.28
C009108,100246,Payroll Loan,2025-03-06,12077.71,20,603.89
C009109,108578,Personal Loan,2025-01-20,4042.3,29,139.39
C009110,109656,Credit Card,2025-06-05,2532.14,7,361.73
C009111,106571,Payroll Loan,2026-01-01,10109.85,24,421.24
C009112,109170,Vehicle Finance,2025-03-18,24608.68,36,683.57
C009113,106067,Payroll Loan,2025-09-10,11069.57,27,409.98
C009114,108562,Credit Card,2025-06-27,2244.81,16,140.3
C009115,104827,Payroll Loan,2025-07-09,15185.21,48,316.36
C009116,104363,Personal Loan,2026-04-10,7279.05,27,269.59
C009117,105597,Credit Card,2025-06-28,5142.24,17,302.48
C009118,103916,Personal Loan,2025-10-18,3599.66,32,112.49
C009119,103833,Payroll Loan,2025-10-09,12116.63,21,576.98
C009120,104795,Personal Loan,2025-07-15,8338.58,23,362.55
C009121,106389,Personal Loan,2025-12-17,3215.71,28,114.85
C009122,106536,Credit Card,2026-05-05,2580.48,15,172.03
C009123,100181,Personal Loan,2025-08-24,2556.24,15,170.42
C009124,102630,Personal Loan,2025-09-08,4475.49,24,186.48
C009125,102563,Vehicle Finance,2026-04-14,29665.51,43,689.9
C009126,104002,Personal Loan,2026-02-04,17519.12,35,500.55
C009127,106376,Personal Loan,2025-09-05,6334.55,12,527.88
C009128,109596,Vehicle Finance,2025-04-21,94022.53,37,2541.15
C009129,107194,Personal Loan,2026-02-13,3656.0,27,135.41
C009130,100736,Credit Card,2025-07-21,3783.92,22,172.0
C009131,106800,Personal Loan,2025-12-12,3599.89,15,239.99
C009132,102025,Credit Card,2025-10-04,7709.71,19,405.77
C009133,107114,Credit Card,2025-10-30,6002.72,13,461.75
C009134,100415,Credit Card,2025-10-07,3974.9,16,248.43
C009135,103533,Vehicle Finance,2026-01-04,44606.58,59,756.04
C009136,105932,Credit Card,2026-03-14,12923.51,20,646.18
C009137,102074,Vehicle Finance,2026-02-27,16951.76,56,302.71
C009138,105197,Vehicle Finance,2025-11-13,34529.39,39,885.37
C009139,104311,Personal Loan,2025-03-29,9110.19,18,506.12
C009140,100655,Vehicle Finance,2026-05-06,63357.02,31,2043.77
C009141,103647,Personal Loan,2025-11-06,5961.4,19,313.76
C009142,104620,Vehicle Finance,2026-05-16,35887.33,45,797.5
C009143,105675,Vehicle Finance,2026-05-24,43177.97,29,1488.9
C009144,101954,Credit Card,2025-08-25,1360.84,14,97.2
C009145,108125,Vehicle Finance,2025-07-31,33210.05,54,615.0
C009146,106461,Credit Card,2026-01-09,3026.57,17,178.03
C009147,107709,Credit Card,2025-03-24,3416.58,16,213.54
C009148,108084,Personal Loan,2026-03-05,14180.01,24,590.83
C009149,107608,Vehicle Finance,2026-03-20,114000.0,39,2923.08
C009150,101071,Personal Loan,2025-07-18,17038.49,28,608.52
C009151,103809,Personal Loan,2025-07-14,4885.23,26,187.89
C009152,107550,Payroll Loan,2025-06-04,8632.93,48,179.85
C009153,103850,Payroll Loan,2025-05-19,8149.57,36,226.38
C009154,104410,Personal Loan,2026-04-25,19005.85,20,950.29
C009155,104043,Credit Card,2026-05-13,7579.99,20,379.0
C009156,105131,Payroll Loan,2025-11-21,5204.73,25,208.19
C009157,100309,Personal Loan,2025-08-05,3830.8,32,119.71
C009158,104495,Vehicle Finance,2025-04-14,79846.11,26,3071.0
C009159,106362,Personal Loan,2025-02-12,10280.39,30,342.68
C009160,107167,Vehicle Finance,2025-11-12,33113.67,28,1182.63
C009161,106001,Personal Loan,2025-09-18,4847.02,25,193.88
C009162,107122,Personal Loan,2025-05-02,21000.0,12,1750.0
C009163,100654,Personal Loan,2025-02-08,6302.5,18,350.14
C009164,105871,Payroll Loan,2025-09-11,5937.54,45,131.95
C009165,106603,Personal Loan,2025-05-20,11114.25,19,584.96
C009166,102263,Personal Loan,2026-01-07,4369.47,16,273.09
C009167,103930,Credit Card,2025-01-05,6032.93,12,502.74
C009168,103801,Credit Card,2026-03-30,4096.69,9,455.19
C009169,100500,Personal Loan,2025-10-15,3984.73,14,284.62
C009170,108142,Credit Card,2025-08-09,6474.25,17,380.84
C009171,105780,Vehicle Finance,2026-02-12,46505.91,60,775.1
C009172,103130,Personal Loan,2025-02-24,10795.93,24,449.83
C009173,109578,Payroll Loan,2025-03-03,12902.16,20,645.11
C009174,109181,Payroll Loan,2026-02-28,8163.7,30,272.12
C009175,100673,Personal Loan,2025-07-24,7371.11,15,491.41
C009176,102880,Personal Loan,2025-12-29,8646.43,13,665.11
C009177,109443,Vehicle Finance,2026-03-11,26645.49,27,986.87
C009178,105504,Payroll Loan,2025-12-06,11314.31,30,377.14
C009179,104045,Credit Card,2025-03-24,4565.87,15,304.39
C009180,106114,Credit Card,2025-06-18,3654.85,18,203.05
C009181,107801,Payroll Loan,2025-03-24,12257.7,34,360.52
C009182,101687,Personal Loan,2025-01-25,5577.95,24,232.41
C009183,102341,Payroll Loan,2026-06-03,8301.54,29,286.26
C009184,104926,Payroll Loan,2025-11-22,12711.47,44,288.9
C009185,101889,Credit Card,2025-05-01,2400.17,11,218.2
C009186,102612,Vehicle Finance,2026-03-01,37348.83,42,889.26
C009187,101362,Payroll Loan,2025-02-15,14856.06,37,401.52
C009188,102391,Personal Loan,2025-06-15,19154.5,15,1276.97
C009189,105968,Personal Loan,2025-06-24,7657.02,26,294.5
C009190,104877,Personal Loan,2026-01-09,3505.06,30,116.84
C009191,105890,Vehicle Finance,2026-01-23,47663.67,50,953.27
C009192,102980,Credit Card,2025-03-12,9405.19,20,470.26
C009193,107489,Vehicle Finance,2025-04-09,26581.21,54,492.24
C009194,105932,Credit Card,2026-02-03,2788.31,7,398.33
C009195,100233,Vehicle Finance,2026-04-30,114000.0,44,2590.91
C009196,107090,Personal Loan,2026-04-12,4013.82,16,250.86
C009197,106585,Personal Loan,2025-10-12,5833.41,14,416.67
C009198,107282,Personal Loan,2025-08-01,2672.14,19,140.64
C009199,105854,Payroll Loan,2025-08-18,10362.5,24,431.77
C009200,102090,Personal Loan,2025-03-15,7308.24,25,292.33
C009201,107960,Personal Loan,2025-12-18,6089.98,20,304.5
C009202,103366,Credit Card,2025-09-23,3741.57,6,623.6
C009203,102225,Credit Card,2025-03-29,4928.12,13,379.09
C009204,109699,Credit Card,2025-11-16,3819.51,7,545.64
C009205,105822,Credit Card,2026-03-03,3198.3,19,168.33
C009206,109158,Vehicle Finance,2025-03-05,97484.98,27,3610.55
C009207,103625,Credit Card,2025-08-04,10383.91,21,494.47
C009208,109204,Personal Loan,2025-04-17,7485.36,24,311.89
C009209,109722,Vehicle Finance,2026-04-11,33606.46,35,960.18
C009210,106085,Vehicle Finance,2025-02-05,37601.38,59,637.31
C009211,103084,Vehicle Finance,2025-02-11,18258.52,53,344.5
C009212,105593,Payroll Loan,2026-04-08,8489.24,28,303.19
C009213,105904,Payroll Loan,2025-10-12,19315.11,29,666.04
C009214,105323,Credit Card,2025-07-27,2898.83,13,222.99
C009215,103191,Credit Card,2026-02-11,7364.58,21,350.69
C009216,107302,Payroll Loan,2025-11-01,6528.3,17,384.02
C009217,107191,Vehicle Finance,2026-01-22,51907.92,56,926.93
C009218,100464,Credit Card,2026-01-13,1650.52,7,235.79
C009219,106316,Vehicle Finance,2025-05-10,41131.93,32,1285.37
C009220,101606,Payroll Loan,2025-05-19,7130.08,41,173.9
C009221,109593,Credit Card,2026-03-25,3898.69,8,487.34
C009222,102708,Credit Card,2026-02-23,4039.81,19,212.62
C009223,106067,Vehicle Finance,2026-03-12,43477.21,51,852.49
C009224,106439,Credit Card,2025-04-01,3938.69,21,187.56
C009225,107871,Personal Loan,2025-07-03,7160.4,26,275.4
C009226,102645,Vehicle Finance,2026-06-24,51671.92,44,1174.36
C009227,108207,Personal Loan,2025-07-15,4974.27,31,160.46
C009228,101405,Personal Loan,2025-09-13,2999.83,12,249.99
C009229,100104,Personal Loan,2026-05-11,4879.43,27,180.72
C009230,100973,Personal Loan,2025-09-27,4071.31,13,313.18
C009231,100452,Vehicle Finance,2026-04-29,68207.48,44,1550.17
C009232,108962,Personal Loan,2025-10-31,10281.71,23,447.03
C009233,100802,Personal Loan,2026-05-29,7966.36,18,442.58
C009234,106757,Vehicle Finance,2025-06-08,11237.53,32,351.17
C009235,105301,Personal Loan,2026-06-05,4505.87,28,160.92
C009236,104212,Vehicle Finance,2025-09-06,39917.95,37,1078.86
C009237,101684,Credit Card,2025-05-26,5749.29,6,958.22
C009238,100984,Payroll Loan,2025-01-23,6247.62,41,152.38
C009239,104965,Personal Loan,2026-04-10,13565.76,15,904.38
C009240,106361,Personal Loan,2026-04-01,21000.0,15,1400.0
C009241,106401,Credit Card,2025-07-04,4809.49,15,320.63
C009242,106207,Payroll Loan,2026-05-30,19138.21,37,517.25
C009243,104001,Payroll Loan,2025-03-07,14248.2,39,365.34
C009244,100073,Vehicle Finance,2025-07-24,73488.54,34,2161.43
C009245,108044,Personal Loan,2026-05-23,6876.99,18,382.06
C009246,103213,Credit Card,2026-04-07,7006.31,16,437.89
C009247,106644,Payroll Loan,2025-12-23,25842.13,33,783.09
C009248,107663,Credit Card,2025-12-19,9645.16,17,567.36
C009249,109936,Vehicle Finance,2025-06-24,21339.01,50,426.78
C009250,108645,Personal Loan,2025-06-14,3024.26,18,168.01
C009251,108710,Vehicle Finance,2026-05-25,15049.06,26,578.81
C009252,102538,Personal Loan,2025-05-01,9209.65,31,297.09
C009253,106316,Vehicle Finance,2025-06-06,35968.45,52,691.7
C009254,104464,Payroll Loan,2025-11-07,5813.84,47,123.7
C009255,104929,Credit Card,2026-02-12,4493.47,16,280.84
C009256,107730,Personal Loan,2025-05-25,5527.07,18,307.06
C009257,109478,Credit Card,2025-05-06,3367.17,20,168.36
C009258,105965,Vehicle Finance,2026-01-09,35276.05,53,665.59
C009259,101268,Personal Loan,2025-03-09,3479.9,16,217.49
C009260,103532,Personal Loan,2025-05-23,13659.02,22,620.86
C009261,102150,Payroll Loan,2025-11-02,11761.68,15,784.11
C009262,109716,Credit Card,2026-04-13,3974.46,8,496.81
C009263,109667,Personal Loan,2025-10-15,11824.54,22,537.48
C009264,105104,Vehicle Finance,2026-04-21,50000.08,30,1666.67
C009265,101965,Personal Loan,2025-08-30,5699.1,29,196.52
C009266,106261,Personal Loan,2025-09-26,6508.67,29,224.44
C009267,109388,Payroll Loan,2025-12-03,11915.92,18,662.0
C009268,105037,Payroll Loan,2025-11-15,6656.1,48,138.67
C009269,102299,Credit Card,2025-08-05,3389.0,15,225.93
C009270,101286,Personal Loan,2025-07-16,2549.19,20,127.46
C009271,106019,Personal Loan,2025-11-28,11599.48,12,966.62
C009272,105459,Personal Loan,2026-04-24,4466.31,29,154.01
C009273,103425,Personal Loan,2026-03-17,7023.32,25,280.93
C009274,102801,Payroll Loan,2026-04-30,10488.85,48,218.52
C009275,107630,Personal Loan,2026-04-24,5935.07,16,370.94
C009276,100240,Credit Card,2025-12-06,7865.67,18,436.98
C009277,107168,Personal Loan,2025-02-01,5132.01,36,142.56
C009278,101620,Credit Card,2025-03-07,5540.24,21,263.82
C009279,109797,Payroll Loan,2026-02-08,7879.6,35,225.13
C009280,109261,Personal Loan,2025-10-09,5036.73,14,359.77
C009281,100864,Personal Loan,2025-03-24,4003.66,16,250.23
C009282,108006,Vehicle Finance,2026-01-12,84658.12,46,1840.39
C009283,105913,Personal Loan,2025-01-08,3409.5,19,179.45
C009284,100222,Personal Loan,2026-05-25,2496.68,33,75.66
C009285,103298,Payroll Loan,2026-05-12,25157.34,40,628.93
C009286,106096,Vehicle Finance,2026-05-25,80619.1,42,1919.5
C009287,101421,Vehicle Finance,2025-06-26,25461.69,60,424.36
C009288,105886,Credit Card,2026-03-02,2653.94,17,156.11
C009289,103201,Personal Loan,2025-06-18,9506.27,31,306.65
C009290,104709,Credit Card,2025-01-07,5289.08,15,352.61
C009291,101486,Personal Loan,2025-08-22,5432.64,26,208.95
C009292,101441,Personal Loan,2025-08-12,7002.42,28,250.09
C009293,109397,Payroll Loan,2025-06-12,8520.08,48,177.5
C009294,109357,Payroll Loan,2026-05-25,8350.36,12,695.86
C009295,108102,Personal Loan,2025-07-13,15507.23,15,1033.82
C009296,105201,Credit Card,2025-07-25,2467.58,18,137.09
C009297,109270,Credit Card,2026-05-19,5391.66,13,414.74
C009298,107329,Personal Loan,2025-11-27,1953.8,15,130.25
C009299,105427,Personal Loan,2026-06-04,16152.29,35,461.49
C009300,108496,Credit Card,2026-03-31,4731.52,18,262.86
C009301,108646,Credit Card,2025-03-11,5345.93,7,763.7
C009302,109629,Credit Card,2025-04-21,6399.65,10,639.96
C009303,109948,Personal Loan,2025-10-10,11295.71,32,352.99
C009304,101094,Credit Card,2025-04-18,2926.51,6,487.75
C009305,109798,Personal Loan,2025-10-24,7398.97,26,284.58
C009306,103843,Credit Card,2026-05-21,4241.88,15,282.79
C009307,106571,Vehicle Finance,2025-11-09,18269.97,28,652.5
C009308,105255,Credit Card,2026-04-03,3652.05,10,365.21
C009309,103118,Personal Loan,2025-01-31,11352.41,20,567.62
C009310,105782,Credit Card,2025-08-27,5664.2,9,629.36
C009311,105829,Vehicle Finance,2025-06-12,33288.16,52,640.16
C009312,109103,Personal Loan,2026-05-16,9157.99,29,315.79
C009313,109838,Personal Loan,2026-03-11,4524.29,28,161.58
C009314,104814,Credit Card,2025-11-04,6220.72,7,888.67
C009315,100540,Personal Loan,2026-06-17,5083.97,31,164.0
C009316,107664,Credit Card,2025-04-30,5021.66,16,313.85
C009317,108818,Personal Loan,2025-05-07,10169.42,15,677.96
C009318,104498,Personal Loan,2025-07-12,9143.16,17,537.83
C009319,103133,Personal Loan,2026-05-30,9837.63,15,655.84
C009320,103842,Personal Loan,2026-03-21,5196.97,19,273.52
C009321,104160,Credit Card,2025-03-04,3405.02,22,154.77
C009322,102600,Credit Card,2025-10-26,2088.94,16,130.56
C009323,103471,Personal Loan,2025-11-14,3482.74,24,145.11
C009324,103037,Personal Loan,2025-01-15,12865.22,27,476.49
C009325,101257,Personal Loan,2025-05-30,12707.49,28,453.84
C009326,106364,Payroll Loan,2025-10-06,11260.62,43,261.87
C009327,103861,Personal Loan,2025-08-18,5455.91,21,259.81
C009328,100555,Payroll Loan,2025-01-08,13430.53,33,406.99
C009329,106228,Credit Card,2026-01-26,6150.06,16,384.38
C009330,103124,Payroll Loan,2025-04-01,16001.16,38,421.08
C009331,101393,Personal Loan,2026-01-11,12670.01,27,469.26
C009332,106748,Payroll Loan,2025-12-23,5035.11,18,279.73
C009333,106951,Payroll Loan,2025-09-04,16227.27,26,624.13
C009334,100896,Personal Loan,2025-12-07,16512.55,24,688.02
C009335,107569,Payroll Loan,2025-05-29,10284.05,28,367.29
C009336,105405,Vehicle Finance,2025-10-23,79008.07,31,2548.65
C009337,101548,Personal Loan,2026-06-11,10939.32,23,475.62
C009338,104592,Vehicle Finance,2025-12-05,48368.07,44,1099.27
C009339,109930,Personal Loan,2025-02-03,4494.55,20,224.73
C009340,100652,Credit Card,2025-08-14,7593.91,11,690.36
C009341,104892,Credit Card,2025-11-29,4597.39,22,208.97
C009342,100765,Personal Loan,2025-01-04,17367.46,12,1447.29
C009343,102017,Personal Loan,2025-11-12,15143.0,25,605.72
C009344,106009,Personal Loan,2025-12-26,7437.98,13,572.15
C009345,105870,Credit Card,2025-09-11,3773.36,10,377.34
C009346,105281,Personal Loan,2026-01-29,12474.25,31,402.4
C009347,105826,Vehicle Finance,2026-06-10,53438.6,59,905.74
C009348,107208,Vehicle Finance,2025-11-03,66792.84,56,1192.73
C009349,104687,Credit Card,2026-05-16,3666.16,12,305.51
C009350,106243,Credit Card,2025-11-28,6140.65,21,292.41
C009351,108921,Payroll Loan,2026-03-13,16357.75,42,389.47
C009352,104922,Credit Card,2025-04-12,5496.89,7,785.27
C009353,101187,Vehicle Finance,2026-05-29,58444.57,53,1102.73
C009354,104319,Payroll Loan,2025-05-19,8674.76,21,413.08
C009355,106960,Vehicle Finance,2025-01-13,23038.23,60,383.97
C009356,103184,Personal Loan,2025-10-23,3630.22,20,181.51
C009357,103439,Credit Card,2026-06-21,2970.83,13,228.53
C009358,100402,Personal Loan,2025-06-07,4064.78,27,150.55
C009359,109319,Vehicle Finance,2025-02-03,93692.41,58,1615.39
C009360,100782,Personal Loan,2025-05-03,7779.06,20,388.95
C009361,108635,Personal Loan,2025-11-11,11665.29,27,432.05
C009362,105781,Personal Loan,2026-03-03,4516.04,24,188.17
C009363,107414,Credit Card,2026-06-23,4758.38,22,216.29
C009364,105797,Vehicle Finance,2025-12-03,47001.6,41,1146.38
C009365,100897,Vehicle Finance,2026-01-23,34101.27,48,710.44
C009366,100452,Credit Card,2025-02-25,6125.62,15,408.37
C009367,102722,Personal Loan,2026-03-18,4337.41,24,180.73
C009368,104349,Credit Card,2026-04-03,4065.27,22,184.78
C009369,109607,Credit Card,2025-04-07,2995.32,14,213.95
C009370,109495,Personal Loan,2025-10-19,2817.78,13,216.75
C009371,101560,Credit Card,2026-03-28,2445.36,22,111.15
C009372,101881,Personal Loan,2026-02-15,3228.08,36,89.67
C009373,109494,Credit Card,2025-08-29,9732.66,15,648.84
C009374,107682,Personal Loan,2025-10-27,16144.31,23,701.93
C009375,103726,Personal Loan,2025-07-08,11559.15,17,679.95
C009376,105082,Personal Loan,2025-09-17,7137.54,21,339.88
C009377,100332,Vehicle Finance,2025-06-15,18714.91,55,340.27
C009378,107779,Credit Card,2026-01-24,3642.37,15,242.82
C009379,108193,Vehicle Finance,2026-02-22,13521.2,42,321.93
C009380,102718,Vehicle Finance,2025-09-16,33625.67,59,569.93
C009381,100736,Vehicle Finance,2025-04-05,33729.39,42,803.08
C009382,109845,Payroll Loan,2025-12-17,8494.66,19,447.09
C009383,104821,Payroll Loan,2025-03-27,12070.56,39,309.5
C009384,103600,Payroll Loan,2025-11-06,33000.0,15,2200.0
C009385,100249,Credit Card,2025-04-07,7413.63,7,1059.09
C009386,106268,Vehicle Finance,2026-01-27,29001.05,50,580.02
C009387,109712,Credit Card,2025-09-23,5308.7,12,442.39
C009388,106836,Credit Card,2026-03-04,9851.41,16,615.71
C009389,109638,Payroll Loan,2026-01-13,4432.68,36,123.13
C009390,106606,Credit Card,2026-01-22,2518.03,16,157.38
C009391,107025,Credit Card,2025-06-24,3961.16,11,360.11
C009392,105297,Credit Card,2026-05-19,3091.35,7,441.62
C009393,108114,Payroll Loan,2025-10-17,8548.64,43,198.81
C009394,106766,Personal Loan,2026-05-28,16997.79,29,586.13
C009395,105936,Payroll Loan,2026-01-10,13995.03,23,608.48
C009396,106794,Vehicle Finance,2025-03-01,16693.57,41,407.16
C009397,109129,Vehicle Finance,2025-06-03,40514.83,39,1038.84
C009398,107377,Personal Loan,2025-11-30,8073.38,28,288.33
C009399,104168,Vehicle Finance,2025-01-22,22647.11,25,905.88
C009400,107263,Vehicle Finance,2025-11-15,63635.33,33,1928.34
C009401,108972,Personal Loan,2026-04-07,6398.26,23,278.19
C009402,106732,Personal Loan,2025-01-26,7328.12,25,293.12
C009403,105277,Personal Loan,2025-01-26,9092.78,12,757.73
C009404,109107,Personal Loan,2025-07-29,8280.09,12,690.01
C009405,103796,Credit Card,2026-05-31,4146.14,8,518.27
C009406,108983,Personal Loan,2025-05-25,5838.89,20,291.94
C009407,105407,Payroll Loan,2025-06-16,18649.45,14,1332.1
C009408,100427,Vehicle Finance,2025-08-18,104418.51,30,3480.62
C009409,100568,Vehicle Finance,2025-04-29,14909.76,53,281.32
C009410,109811,Payroll Loan,2026-02-26,15023.63,33,455.26
C009411,102694,Personal Loan,2025-12-08,3805.67,16,237.85
C009412,107942,Credit Card,2025-06-08,1660.58,22,75.48
C009413,106490,Vehicle Finance,2025-10-31,39016.81,43,907.37
C009414,105935,Credit Card,2026-05-20,5277.72,19,277.77
C009415,105136,Payroll Loan,2026-06-01,14889.73,27,551.47
C009416,106084,Personal Loan,2026-04-26,3700.14,28,132.15
C009417,107811,Credit Card,2025-09-14,2439.43,15,162.63
C009418,103888,Credit Card,2025-12-12,5156.85,17,303.34
C009419,106453,Vehicle Finance,2025-04-24,43709.47,32,1365.92
C009420,104305,Personal Loan,2026-06-23,19022.01,36,528.39
C009421,106772,Personal Loan,2026-01-12,8237.79,28,294.21
C009422,103791,Vehicle Finance,2025-01-08,26056.86,54,482.53
C009423,101993,Credit Card,2026-06-02,3687.18,9,409.69
C009424,109492,Credit Card,2025-07-11,6449.9,12,537.49
C009425,109608,Personal Loan,2025-05-16,6602.57,35,188.64
C009426,105981,Personal Loan,2025-05-16,9019.23,30,300.64
C009427,106460,Vehicle Finance,2025-03-31,56028.47,26,2154.94
C009428,101589,Personal Loan,2025-03-19,12778.22,26,491.47
C009429,107386,Personal Loan,2025-07-17,14144.09,21,673.53
C009430,107704,Credit Card,2026-02-24,5776.76,12,481.4
C009431,101198,Vehicle Finance,2025-11-03,49251.94,25,1970.08
C009432,106944,Credit Card,2025-10-06,1878.01,7,268.29
C009433,101619,Vehicle Finance,2025-09-15,43385.66,47,923.1
C009434,106334,Personal Loan,2026-05-19,5647.81,12,470.65
C009435,107839,Personal Loan,2026-03-22,3252.06,34,95.65
C009436,102641,Personal Loan,2025-08-05,6323.72,26,243.22
C009437,108655,Payroll Loan,2026-05-22,6389.72,24,266.24
C009438,106187,Payroll Loan,2026-06-08,6218.23,43,144.61
C009439,109883,Personal Loan,2026-05-03,5869.61,13,451.51
C009440,108164,Payroll Loan,2025-12-15,14132.89,12,1177.74
C009441,106295,Personal Loan,2025-08-27,2557.99,30,85.27
C009442,101672,Credit Card,2025-07-20,2237.86,23,97.3
C009443,109518,Vehicle Finance,2026-01-25,30665.61,53,578.6
C009444,105474,Credit Card,2025-12-21,4050.78,16,253.17
C009445,104172,Payroll Loan,2025-01-18,3722.81,43,86.58
C009446,102090,Payroll Loan,2026-05-01,24949.1,36,693.03
C009447,105133,Payroll Loan,2025-04-03,18855.83,26,725.22
C009448,105524,Personal Loan,2025-01-31,7252.49,17,426.62
C009449,100446,Credit Card,2026-02-14,3243.1,11,294.83
C009450,106421,Vehicle Finance,2025-08-26,41126.75,34,1209.61
C009451,100416,Personal Loan,2026-03-02,5919.54,36,164.43
C009452,108109,Personal Loan,2025-01-29,9414.62,29,324.64
C009453,105128,Vehicle Finance,2026-06-03,18481.38,54,342.25
C009454,104985,Credit Card,2025-12-07,4843.29,23,210.58
C009455,104032,Credit Card,2025-02-06,9163.06,20,458.15
C009456,109305,Vehicle Finance,2025-01-07,66253.94,44,1505.77
C009457,107481,Payroll Loan,2025-08-23,10555.7,41,257.46
C009458,109114,Personal Loan,2025-10-08,14434.03,30,481.13
C009459,108260,Payroll Loan,2025-04-12,16325.89,21,777.42
C009460,108169,Credit Card,2025-04-18,3636.26,19,191.38
C009461,108338,Vehicle Finance,2025-01-15,45333.75,51,888.9
C009462,105552,Credit Card,2025-04-18,3380.82,22,153.67
C009463,103195,Vehicle Finance,2025-07-10,16735.18,42,398.46
C009464,101895,Personal Loan,2026-02-09,4545.32,21,216.44
C009465,102731,Payroll Loan,2026-01-03,21360.55,48,445.01
C009466,106509,Vehicle Finance,2025-04-04,29820.99,47,634.49
C009467,104209,Payroll Loan,2025-06-19,20683.46,29,713.22
C009468,107060,Credit Card,2025-02-01,4871.3,24,202.97
C009469,105720,Credit Card,2026-05-26,4526.11,19,238.22
C009470,104947,Personal Loan,2025-07-31,7964.45,17,468.5
C009471,102343,Payroll Loan,2026-02-19,10275.56,39,263.48
C009472,109670,Vehicle Finance,2025-09-02,48354.88,35,1381.57
C009473,105371,Payroll Loan,2025-05-24,9459.92,45,210.22
C009474,100971,Vehicle Finance,2025-07-11,29029.93,54,537.59
C009475,103911,Credit Card,2026-06-06,3767.48,21,179.4
C009476,108543,Personal Loan,2025-10-10,10150.33,30,338.34
C009477,103182,Credit Card,2026-01-21,5539.42,7,791.35
C009478,109038,Payroll Loan,2025-07-19,15358.48,20,767.92
C009479,102558,Personal Loan,2025-03-07,2670.55,33,80.93
C009480,106282,Personal Loan,2025-06-11,7555.93,22,343.45
C009481,105146,Credit Card,2025-12-28,3096.31,21,147.44
C009482,108878,Vehicle Finance,2025-10-04,20208.64,33,612.38
C009483,102799,Personal Loan,2026-02-18,8355.88,25,334.24
C009484,102122,Payroll Loan,2025-01-18,6731.27,21,320.54
C009485,102366,Personal Loan,2025-06-30,5475.8,22,248.9
C009486,103453,Payroll Loan,2025-01-12,11842.63,32,370.08
C009487,102681,Personal Loan,2025-04-21,6035.3,13,464.25
C009488,101814,Credit Card,2026-04-22,5983.01,9,664.78
C009489,105786,Vehicle Finance,2025-06-17,58205.67,56,1039.39
C009490,103136,Credit Card,2025-12-29,6091.06,7,870.15
C009491,101562,Credit Card,2025-01-13,7310.91,11,664.63
C009492,101654,Personal Loan,2025-07-07,4774.19,13,367.25
C009493,101148,Vehicle Finance,2025-06-28,46101.15,60,768.35
C009494,101639,Credit Card,2025-07-12,4084.04,13,314.16
C009495,109415,Personal Loan,2025-12-20,7334.35,14,523.88
C009496,100309,Vehicle Finance,2025-07-14,45919.27,60,765.32
C009497,109536,Personal Loan,2025-01-10,10723.32,23,466.23
C009498,107447,Vehicle Finance,2026-04-18,69704.51,36,1936.24
C009499,102831,Personal Loan,2025-12-27,7336.32,17,431.55
C009500,103022,Credit Card,2026-06-15,4087.56,18,227.09
C009501,100918,Credit Card,2026-02-23,2654.74,11,241.34
C009502,106111,Personal Loan,2025-06-13,4562.29,13,350.95
C009503,100738,Credit Card,2026-04-18,13500.0,15,900.0
C009504,106945,Vehicle Finance,2026-01-17,41266.55,36,1146.29
C009505,104577,Personal Loan,2025-06-08,8756.45,30,291.88
C009506,106712,Credit Card,2025-05-16,5001.39,10,500.14
C009507,109537,Personal Loan,2025-01-17,2476.29,27,91.71
C009508,109308,Credit Card,2026-02-07,4642.09,20,232.1
C009509,101909,Payroll Loan,2025-03-03,12445.63,48,259.28
C009510,107198,Credit Card,2026-06-04,4100.55,13,315.43
C009511,105536,Vehicle Finance,2025-05-22,56973.45,34,1675.69
C009512,106160,Credit Card,2025-01-21,5010.49,13,385.42
C009513,100777,Payroll Loan,2026-04-26,7081.41,12,590.12
C009514,101324,Credit Card,2025-02-04,8191.82,22,372.36
C009515,101670,Credit Card,2025-07-24,7149.18,6,1191.53
C009516,100213,Vehicle Finance,2026-03-11,41262.48,59,699.36
C009517,100985,Credit Card,2025-07-29,7184.62,14,513.19
C009518,107252,Personal Loan,2025-09-05,7648.54,16,478.03
C009519,103230,Credit Card,2026-01-30,4394.43,18,244.14
C009520,108675,Credit Card,2025-10-31,4960.84,8,620.1
C009521,107828,Personal Loan,2025-04-25,3467.9,25,138.72
C009522,105988,Payroll Loan,2025-08-01,20780.52,38,546.86
C009523,103674,Credit Card,2025-07-19,3535.3,7,505.04
C009524,109907,Credit Card,2025-01-30,3356.94,13,258.23
C009525,106324,Credit Card,2026-03-31,3877.25,8,484.66
C009526,108880,Payroll Loan,2025-08-08,8802.91,47,187.3
C009527,102703,Credit Card,2025-06-21,7209.6,10,720.96
C009528,109389,Credit Card,2025-03-23,4147.62,22,188.53
C009529,102796,Credit Card,2025-09-12,6321.43,15,421.43
C009530,107309,Payroll Loan,2025-06-27,15126.88,17,889.82
C009531,109973,Credit Card,2025-04-12,5776.9,17,339.82
C009532,109636,Payroll Loan,2025-04-05,6128.74,45,136.19
C009533,103617,Credit Card,2026-05-26,4714.73,18,261.93
C009534,106005,Vehicle Finance,2026-04-13,58203.68,54,1077.85
C009535,107243,Payroll Loan,2025-12-14,7892.32,44,179.37
C009536,104689,Credit Card,2025-05-17,4758.48,17,279.91
C009537,105031,Credit Card,2025-02-20,5653.74,16,353.36
C009538,100458,Credit Card,2025-11-16,8436.59,17,496.27
C009539,100844,Vehicle Finance,2025-02-18,60245.6,40,1506.14
C009540,109219,Credit Card,2026-06-23,6318.87,12,526.57
C009541,100765,Payroll Loan,2025-11-26,14320.14,28,511.43
C009542,103949,Credit Card,2026-06-25,4911.02,14,350.79
C009543,107684,Credit Card,2025-11-10,9240.51,14,660.04
C009544,100970,Credit Card,2025-12-24,2344.49,15,156.3
C009545,108701,Credit Card,2025-09-15,4930.59,14,352.18
C009546,107124,Credit Card,2025-06-18,3933.4,14,280.96
C009547,104338,Payroll Loan,2025-01-06,11059.33,14,789.95
C009548,103331,Credit Card,2025-10-03,3974.09,23,172.79
C009549,100927,Personal Loan,2026-05-06,16977.39,36,471.59
C009550,105439,Personal Loan,2025-10-04,6513.38,18,361.85
C009551,107673,Personal Loan,2026-01-29,12815.7,23,557.2
C009552,109965,Credit Card,2026-04-24,2478.38,20,123.92
C009553,102717,Personal Loan,2025-07-22,4030.02,30,134.33
C009554,106549,Payroll Loan,2026-01-28,11592.63,25,463.71
C009555,100278,Personal Loan,2025-10-28,7197.26,13,553.64
C009556,100251,Payroll Loan,2026-04-28,11530.18,19,606.85
C009557,101899,Payroll Loan,2026-01-07,9627.7,29,331.99
C009558,100557,Payroll Loan,2025-01-09,9652.17,12,804.35
C009559,103023,Personal Loan,2025-01-21,7031.1,21,334.81
C009560,105797,Vehicle Finance,2026-06-16,49383.67,29,1702.89
C009561,101633,Credit Card,2025-08-06,4250.68,17,250.04
C009562,100508,Payroll Loan,2026-01-08,11798.1,35,337.09
C009563,103806,Vehicle Finance,2026-05-05,114000.0,59,1932.2
C009564,100063,Personal Loan,2026-05-24,1765.41,16,110.34
C009565,106250,Vehicle Finance,2026-02-06,36474.11,60,607.9
C009566,103213,Vehicle Finance,2026-03-09,33240.21,27,1231.12
C009567,107754,Credit Card,2026-02-25,4061.3,13,312.41
C009568,100568,Payroll Loan,2026-01-20,29347.5,48,611.41
C009569,103439,Vehicle Finance,2026-06-10,41746.24,59,707.56
C009570,108570,Payroll Loan,2025-02-09,7871.26,38,207.14
C009571,103577,Credit Card,2025-05-31,4503.88,10,450.39
C009572,103731,Vehicle Finance,2025-03-20,21005.57,58,362.16
C009573,100322,Personal Loan,2026-03-04,21000.0,36,583.33
C009574,104800,Vehicle Finance,2025-04-25,42977.85,44,976.77
C009575,107058,Vehicle Finance,2025-03-26,28757.69,58,495.82
C009576,107589,Personal Loan,2025-09-25,2172.08,22,98.73
C009577,101578,Payroll Loan,2025-04-14,13634.85,39,349.61
C009578,103311,Personal Loan,2026-02-27,3223.89,20,161.19
C009579,100715,Payroll Loan,2025-08-20,8273.6,41,201.8
C009580,103227,Personal Loan,2025-05-09,13383.82,17,787.28
C009581,109083,Personal Loan,2025-11-11,9463.17,34,278.33
C009582,102687,Credit Card,2026-06-20,4511.79,16,281.99
C009583,104986,Payroll Loan,2026-02-09,12170.98,12,1014.25
C009584,109764,Personal Loan,2025-12-29,3929.78,23,170.86
C009585,109498,Personal Loan,2026-01-14,5434.42,30,181.15
C009586,102096,Credit Card,2026-02-08,4301.31,8,537.66
C009587,104200,Payroll Loan,2025-12-08,7294.41,17,429.08
C009588,106842,Vehicle Finance,2026-05-08,37066.73,24,1544.45
C009589,109889,Credit Card,2025-05-26,6025.95,14,430.42
C009590,106449,Vehicle Finance,2025-10-08,14767.37,33,447.5
C009591,107669,Personal Loan,2026-01-30,5528.98,35,157.97
C009592,104615,Personal Loan,2025-03-21,13936.47,28,497.73
C009593,101310,Credit Card,2025-09-18,7725.14,17,454.42
C009594,107623,Payroll Loan,2025-08-22,11839.78,48,246.66
C009595,103972,Personal Loan,2025-06-17,13136.2,24,547.34
C009596,101804,Credit Card,2025-10-17,6635.18,17,390.3
C009597,105014,Credit Card,2026-01-20,5247.32,12,437.28
C009598,100793,Personal Loan,2026-06-15,2483.38,20,124.17
C009599,106834,Vehicle Finance,2025-08-31,30649.86,46,666.3
C009600,106390,Payroll Loan,2025-02-09,10675.85,39,273.74
C009601,104455,Personal Loan,2026-06-22,4389.96,12,365.83
C009602,102610,Personal Loan,2025-06-29,9037.69,36,251.05
C009603,104760,Personal Loan,2025-08-04,4781.31,18,265.63
C009604,108745,Credit Card,2026-02-12,5433.03,8,679.13
C009605,102883,Vehicle Finance,2025-06-27,18136.4,56,323.86
C009606,105708,Payroll Loan,2026-01-21,11345.41,27,420.2
C009607,105494,Credit Card,2025-01-06,5672.28,8,709.04
C009608,101844,Personal Loan,2026-04-02,12646.01,35,361.31
C009609,105331,Personal Loan,2025-10-12,7095.34,22,322.52
C009610,102849,Payroll Loan,2026-06-07,8943.81,35,255.54
C009611,108435,Credit Card,2025-11-27,2349.98,8,293.75
C009612,105971,Credit Card,2025-11-04,5928.85,15,395.26
C009613,105618,Vehicle Finance,2025-09-27,34809.64,31,1122.89
C009614,109318,Personal Loan,2026-04-12,5582.5,33,169.17
C009615,103791,Credit Card,2025-04-08,5770.72,14,412.19
C009616,103819,Personal Loan,2026-06-10,11782.13,25,471.29
C009617,102386,Credit Card,2025-07-19,7040.76,14,502.91
C009618,100597,Payroll Loan,2025-03-12,13764.58,47,292.86
C009619,108128,Payroll Loan,2025-03-25,12251.48,13,942.42
C009620,106898,Personal Loan,2025-11-17,2611.81,25,104.47
C009621,106792,Vehicle Finance,2026-05-19,31026.69,53,585.41
C009622,105564,Credit Card,2025-09-05,5252.98,22,238.77
C009623,106540,Vehicle Finance,2025-04-12,34525.61,41,842.09
C009624,107542,Credit Card,2026-02-26,6027.0,19,317.21
C009625,100796,Vehicle Finance,2025-06-12,86432.59,26,3324.33
C009626,105016,Personal Loan,2025-04-19,3633.57,32,113.55
C009627,108454,Personal Loan,2025-12-22,4131.99,36,114.78
C009628,103987,Credit Card,2026-04-14,11656.67,22,529.85
C009629,105622,Payroll Loan,2026-06-02,12659.62,42,301.42
C009630,104302,Personal Loan,2025-09-02,8593.56,34,252.75
C009631,108481,Vehicle Finance,2026-06-01,47209.33,45,1049.1
C009632,108119,Personal Loan,2025-07-19,4048.48,16,253.03
C009633,107935,Payroll Loan,2025-09-27,5987.36,12,498.95
C009634,103899,Personal Loan,2026-01-27,5366.02,27,198.74
C009635,109542,Vehicle Finance,2026-05-15,29286.69,37,791.53
C009636,104641,Credit Card,2025-06-30,2144.58,8,268.07
C009637,107392,Personal Loan,2025-05-13,3569.74,26,137.3
C009638,102504,Personal Loan,2026-05-02,14760.59,15,984.04
C009639,101816,Payroll Loan,2025-03-17,24840.1,19,1307.37
C009640,100142,Credit Card,2026-04-24,4345.47,20,217.27
C009641,102794,Vehicle Finance,2025-09-24,66100.42,32,2065.64
C009642,102117,Credit Card,2025-01-18,4089.5,10,408.95
C009643,109633,Credit Card,2026-02-05,5449.69,15,363.31
C009644,108072,Personal Loan,2025-04-11,12794.87,16,799.68
C009645,109875,Payroll Loan,2025-09-09,11596.83,38,305.18
C009646,109154,Personal Loan,2026-02-06,5622.79,29,193.89
C009647,105712,Vehicle Finance,2025-09-08,24249.83,58,418.1
C009648,107417,Personal Loan,2025-10-22,10908.31,26,419.55
C009649,102129,Credit Card,2025-04-23,6319.91,12,526.66
C009650,104373,Credit Card,2025-02-14,6760.34,21,321.92
C009651,108255,Vehicle Finance,2025-04-25,114000.0,54,2111.11
C009652,106801,Credit Card,2025-08-12,4534.97,20,226.75
C009653,109582,Personal Loan,2025-06-09,7056.31,36,196.01
C009654,101239,Credit Card,2025-01-20,5224.55,18,290.25
C009655,104667,Personal Loan,2025-09-03,16469.25,36,457.48
C009656,100921,Payroll Loan,2025-05-22,12544.75,21,597.37
C009657,101603,Credit Card,2026-03-22,6735.77,9,748.42
C009658,101877,Personal Loan,2025-04-07,9810.23,30,327.01
C009659,107294,Personal Loan,2025-11-12,20165.63,15,1344.38
C009660,106041,Personal Loan,2026-03-28,11177.52,27,413.98
C009661,104803,Personal Loan,2025-09-15,12081.73,28,431.49
C009662,104204,Credit Card,2026-04-13,6402.03,17,376.59
C009663,108360,Personal Loan,2026-02-09,5789.62,19,304.72
C009664,101830,Personal Loan,2026-03-27,12541.94,20,627.1
C009665,103822,Vehicle Finance,2025-06-29,47077.07,46,1023.41
C009666,105457,Personal Loan,2025-01-15,4933.04,32,154.16
C009667,103954,Personal Loan,2026-02-12,2140.23,29,73.8
C009668,109116,Credit Card,2026-02-13,4322.83,11,392.98
C009669,103926,Payroll Loan,2026-05-14,13453.1,22,611.5
C009670,105513,Vehicle Finance,2025-11-27,33623.7,29,1159.44
C009671,105923,Credit Card,2025-10-24,3857.47,15,257.16
C009672,105176,Payroll Loan,2026-01-11,9796.39,19,515.6
C009673,101954,Personal Loan,2026-02-05,8338.34,35,238.24
C009674,103550,Payroll Loan,2025-01-27,25091.87,33,760.36
C009675,109919,Payroll Loan,2026-01-14,9195.13,23,399.79
C009676,100124,Credit Card,2025-04-23,6851.02,9,761.22
C009677,108364,Vehicle Finance,2025-10-25,69086.93,42,1644.93
C009678,102460,Vehicle Finance,2025-04-25,77664.76,28,2773.74
C009679,106153,Personal Loan,2025-09-06,3470.21,20,173.51
C009680,103302,Credit Card,2025-03-30,7061.12,13,543.16
C009681,101591,Credit Card,2026-04-26,6706.75,10,670.68
C009682,104544,Credit Card,2025-11-09,3272.84,8,409.1
C009683,104475,Payroll Loan,2025-01-16,7901.64,32,246.93
C009684,109223,Personal Loan,2025-07-02,5531.98,35,158.06
C009685,101819,Credit Card,2025-02-13,5970.42,13,459.26
C009686,103006,Personal Loan,2025-09-07,11179.63,15,745.31
C009687,108417,Credit Card,2025-05-12,5197.44,8,649.68
C009688,103131,Personal Loan,2026-01-28,2621.88,13,201.68
C009689,100174,Personal Loan,2026-06-08,4530.46,34,133.25
C009690,103210,Personal Loan,2025-10-25,6275.63,32,196.11
C009691,104561,Vehicle Finance,2025-01-04,23393.39,56,417.74
C009692,102142,Payroll Loan,2025-09-06,4576.32,48,95.34
C009693,101631,Personal Loan,2026-06-09,9330.28,16,583.14
C009694,104328,Payroll Loan,2026-05-12,4624.97,48,96.35
C009695,100325,Credit Card,2025-10-18,5581.44,19,293.76
C009696,107477,Payroll Loan,2025-12-15,10566.74,40,264.17
C009697,103957,Credit Card,2025-07-09,5127.33,6,854.56
C009698,107350,Vehicle Finance,2026-01-10,40900.0,26,1573.08
C009699,104925,Vehicle Finance,2026-04-24,94870.2,57,1664.39
C009700,100040,Personal Loan,2025-04-09,7814.61,32,244.21
C009701,109857,Vehicle Finance,2026-05-22,42340.67,33,1283.05
C009702,107685,Vehicle Finance,2025-11-26,58779.69,56,1049.64
C009703,100717,Credit Card,2025-02-05,7940.56,20,397.03
C009704,103931,Credit Card,2025-10-09,2435.36,22,110.7
C009705,106538,Personal Loan,2025-03-20,12476.71,27,462.1
C009706,100196,Personal Loan,2026-05-31,6448.49,18,358.25
C009707,101988,Credit Card,2026-05-25,7148.99,9,794.33
C009708,109910,Vehicle Finance,2026-02-09,69173.8,47,1471.78
C009709,107277,Personal Loan,2025-04-14,14831.34,13,1140.87
C009710,108739,Credit Card,2026-04-03,5696.9,19,299.84
C009711,108981,Vehicle Finance,2026-06-16,39915.87,54,739.18
C009712,103577,Personal Loan,2025-12-26,4154.68,13,319.59
C009713,108068,Personal Loan,2025-10-12,14983.62,34,440.69
C009714,106821,Personal Loan,2025-06-28,5424.04,15,361.6
C009715,106172,Personal Loan,2025-11-06,10037.24,28,358.47
C009716,106378,Credit Card,2025-12-28,8015.95,20,400.8
C009717,101962,Credit Card,2025-05-01,4999.66,19,263.14
C009718,109855,Payroll Loan,2026-06-14,20736.78,46,450.8
C009719,101548,Personal Loan,2025-11-23,7700.52,18,427.81
C009720,101816,Personal Loan,2025-06-26,12187.79,31,393.15
C009721,108923,Credit Card,2025-01-31,5269.56,14,376.4
C009722,102132,Credit Card,2025-04-04,4476.37,15,298.42
C009723,100688,Credit Card,2026-01-31,5170.01,11,470.0
C009724,106701,Personal Loan,2025-06-20,5561.2,22,252.78
C009725,103106,Personal Loan,2025-04-09,21000.0,25,840.0
C009726,100752,Credit Card,2026-03-02,6439.54,20,321.98
C009727,101889,Credit Card,2026-03-04,3983.86,6,663.98
C009728,108210,Personal Loan,2025-02-16,8766.66,13,674.36
C009729,101510,Payroll Loan,2025-07-01,10426.4,18,579.24
C009730,102141,Credit Card,2026-05-23,3497.11,10,349.71
C009731,106515,Personal Loan,2025-03-08,11100.62,29,382.78
C009732,107671,Credit Card,2026-01-26,3088.13,19,162.53
C009733,105596,Personal Loan,2025-07-20,1750.0,27,64.81
C009734,101536,Payroll Loan,2025-11-28,12798.25,43,297.63
C009735,102996,Personal Loan,2025-11-28,3507.81,19,184.62
C009736,107404,Payroll Loan,2025-04-07,19781.24,33,599.43
C009737,104650,Credit Card,2026-01-15,3986.02,9,442.89
C009738,100803,Personal Loan,2025-10-25,4965.31,33,150.46
C009739,108781,Payroll Loan,2025-07-03,12825.0,37,346.62
C009740,101042,Payroll Loan,2025-01-09,5739.86,25,229.59
C009741,106843,Credit Card,2026-06-29,3662.23,23,159.23
C009742,100486,Vehicle Finance,2025-11-07,74294.2,45,1650.98
C009743,104140,Credit Card,2025-06-29,4785.13,11,435.01
C009744,106596,Credit Card,2025-06-13,6749.52,10,674.95
C009745,101678,Personal Loan,2025-07-06,3400.05,29,117.24
C009746,101656,Vehicle Finance,2025-10-20,13856.03,60,230.93
C009747,106547,Payroll Loan,2026-05-29,11304.86,22,513.86
C009748,103635,Credit Card,2025-07-17,4025.55,17,236.8
C009749,102761,Personal Loan,2026-03-30,9919.6,35,283.42
C009750,108888,Payroll Loan,2025-08-30,12516.24,43,291.08
C009751,102960,Personal Loan,2025-10-19,12283.81,28,438.71
C009752,103173,Credit Card,2025-11-01,4216.41,12,351.37
C009753,107994,Personal Loan,2026-05-05,15680.85,24,653.37
C009754,101645,Personal Loan,2026-06-05,8933.27,31,288.17
C009755,104489,Vehicle Finance,2025-11-12,25512.03,46,554.61
C009756,106697,Personal Loan,2026-06-21,3920.43,33,118.8
C009757,100699,Payroll Loan,2025-08-26,4870.61,15,324.71
C009758,101589,Payroll Loan,2025-12-01,20527.37,42,488.75
C009759,109181,Personal Loan,2026-04-20,8096.19,27,299.86
C009760,107290,Payroll Loan,2025-03-18,6107.98,23,265.56
C009761,103326,Payroll Loan,2026-02-25,33000.0,12,2750.0
C009762,104453,Personal Loan,2025-01-25,4081.01,25,163.24
C009763,103744,Personal Loan,2025-02-03,5426.99,33,164.45
C009764,109343,Vehicle Finance,2026-06-27,16666.78,27,617.29
C009765,107431,Personal Loan,2025-02-17,8707.2,16,544.2
C009766,102323,Vehicle Finance,2025-12-11,40479.73,55,736.0
C009767,100868,Vehicle Finance,2025-12-16,26312.61,48,548.18
C009768,104866,Credit Card,2025-11-23,4737.64,12,394.8
C009769,108048,Credit Card,2025-02-20,2369.17,21,112.82
C009770,108513,Vehicle Finance,2025-01-23,40542.6,58,699.01
C009771,101027,Vehicle Finance,2025-01-15,39314.15,27,1456.08
C009772,106490,Payroll Loan,2026-05-29,20941.36,35,598.32
C009773,104597,Personal Loan,2026-02-14,12782.69,12,1065.22
C009774,102049,Personal Loan,2025-03-28,3225.52,28,115.2
C009775,105408,Personal Loan,2025-09-16,3414.11,26,131.31
C009776,100708,Credit Card,2025-10-22,4924.43,11,447.68
C009777,100565,Personal Loan,2025-08-02,18829.87,18,1046.1
C009778,105611,Credit Card,2025-06-14,4482.79,24,186.78
C009779,101681,Vehicle Finance,2025-03-06,33600.6,29,1158.64
C009780,105689,Vehicle Finance,2025-07-29,36648.05,48,763.5
C009781,109788,Credit Card,2025-01-18,3047.69,8,380.96
C009782,102147,Personal Loan,2025-06-30,17936.04,12,1494.67
C009783,107206,Credit Card,2026-01-18,4363.11,19,229.64
C009784,107909,Credit Card,2025-05-23,4279.69,17,251.75
C009785,101286,Payroll Loan,2026-06-17,20489.0,21,975.67
C009786,102363,Payroll Loan,2025-05-23,14184.82,36,394.02
C009787,102136,Personal Loan,2026-04-21,13059.48,13,1004.58
C009788,109721,Personal Loan,2025-02-14,18625.75,29,642.27
C009789,105870,Personal Loan,2025-11-06,21000.0,20,1050.0
C009790,107116,Payroll Loan,2025-01-12,5998.71,43,139.5
C009791,101191,Credit Card,2025-09-08,2351.21,21,111.96
C009792,106058,Payroll Loan,2025-08-09,7987.46,30,266.25
C009793,105586,Payroll Loan,2025-02-23,9165.3,28,327.33
C009794,106551,Payroll Loan,2025-02-14,10753.57,22,488.8
C009795,104471,Personal Loan,2026-01-23,8518.41,13,655.26
C009796,100066,Vehicle Finance,2025-07-08,78202.56,60,1303.38
C009797,106652,Personal Loan,2025-05-12,3825.25,19,201.33
C009798,103609,Vehicle Finance,2025-05-12,43381.83,38,1141.63
C009799,102621,Vehicle Finance,2025-09-22,52833.03,48,1100.69
C009800,108668,Payroll Loan,2025-09-29,9328.47,17,548.73
C009801,101726,Credit Card,2026-03-04,3272.68,6,545.45
C009802,109217,Credit Card,2025-12-11,2499.41,17,147.02
C009803,104920,Credit Card,2026-01-10,6551.53,16,409.47
C009804,101914,Credit Card,2025-08-01,5531.32,15,368.75
C009805,108447,Vehicle Finance,2026-05-21,61095.6,42,1454.66
C009806,108985,Payroll Loan,2025-09-08,15644.67,25,625.79
C009807,109465,Vehicle Finance,2026-03-27,27505.34,34,808.98
C009808,103732,Credit Card,2026-06-25,6451.15,17,379.48
C009809,109245,Personal Loan,2026-02-12,3902.07,18,216.78
C009810,106960,Credit Card,2025-08-28,2310.75,21,110.04
C009811,103944,Vehicle Finance,2026-06-09,26519.61,46,576.51
C009812,108753,Payroll Loan,2025-08-15,27919.11,39,715.87
C009813,105148,Personal Loan,2025-02-05,4388.52,19,230.97
C009814,102224,Personal Loan,2025-11-07,8052.87,13,619.45
C009815,107497,Personal Loan,2025-11-02,3890.33,16,243.15
C009816,101360,Vehicle Finance,2025-01-17,76984.51,35,2199.56
C009817,102933,Credit Card,2026-04-15,2579.92,14,184.28
C009818,104728,Credit Card,2025-09-26,2605.51,13,200.42
C009819,105998,Personal Loan,2026-04-04,5922.99,23,257.52
C009820,106229,Personal Loan,2025-01-23,19454.93,20,972.75
C009821,108211,Personal Loan,2025-05-25,3290.82,23,143.08
C009822,105679,Credit Card,2025-06-01,2466.5,20,123.32
C009823,105085,Credit Card,2026-03-17,5666.63,23,246.38
C009824,106799,Payroll Loan,2026-03-02,15144.91,42,360.59
C009825,105138,Personal Loan,2025-01-26,8367.55,17,492.21
C009826,109188,Personal Loan,2025-04-24,6274.13,12,522.84
C009827,103926,Vehicle Finance,2025-04-11,114000.0,33,3454.55
C009828,101147,Credit Card,2025-09-26,3337.66,23,145.12
C009829,106171,Credit Card,2026-02-10,9108.63,20,455.43
C009830,109636,Payroll Loan,2026-01-14,18736.9,48,390.35
C009831,102008,Personal Loan,2025-02-09,5883.5,13,452.58
C009832,101608,Payroll Loan,2026-06-18,20010.49,39,513.09
C009833,104232,Credit Card,2026-05-14,5162.99,23,224.48
C009834,109327,Personal Loan,2025-12-17,7759.69,27,287.4
C009835,102771,Payroll Loan,2026-05-11,15806.01,31,509.87
C009836,107586,Personal Loan,2026-04-28,12739.47,30,424.65
C009837,102697,Personal Loan,2026-05-07,2714.33,36,75.4
C009838,108114,Vehicle Finance,2025-04-22,55306.41,30,1843.55
C009839,102564,Credit Card,2025-12-18,7135.95,20,356.8
C009840,108746,Vehicle Finance,2025-02-11,57965.82,35,1656.17
C009841,104991,Credit Card,2025-01-09,3877.23,7,553.89
C009842,101128,Personal Loan,2025-09-26,4931.9,23,214.43
C009843,109408,Payroll Loan,2026-06-05,5288.75,27,195.88
C009844,106639,Vehicle Finance,2025-11-08,43554.01,56,777.75
C009845,100053,Personal Loan,2026-05-27,8849.78,27,327.77
C009846,103461,Payroll Loan,2025-06-25,13798.94,23,599.95
C009847,108910,Payroll Loan,2025-12-26,14771.08,18,820.62
C009848,103803,Personal Loan,2026-01-28,5128.05,27,189.93
C009849,109543,Vehicle Finance,2025-02-02,22240.67,40,556.02
C009850,105262,Personal Loan,2025-10-28,7772.27,36,215.9
C009851,101200,Vehicle Finance,2026-03-18,37327.25,35,1066.49
C009852,105989,Personal Loan,2025-11-18,5100.93,16,318.81
C009853,100637,Vehicle Finance,2026-04-19,51182.63,56,913.98
C009854,107027,Personal Loan,2026-05-05,6007.36,16,375.46
C009855,100824,Vehicle Finance,2026-06-30,114000.0,52,2192.31
C009856,106106,Personal Loan,2025-04-01,5218.53,14,372.75
C009857,101612,Credit Card,2025-12-19,2849.23,17,167.6
C009858,102270,Personal Loan,2025-06-27,6098.8,29,210.3
C009859,101987,Personal Loan,2025-04-08,8323.15,18,462.4
C009860,103622,Vehicle Finance,2026-02-20,48544.9,29,1673.96
C009861,106048,Credit Card,2026-06-13,13500.0,23,586.96
C009862,108613,Vehicle Finance,2025-09-28,31700.7,41,773.19
C009863,106469,Credit Card,2025-07-02,5980.94,17,351.82
C009864,107140,Payroll Loan,2026-04-30,16057.99,39,411.74
C009865,108534,Payroll Loan,2025-01-11,22941.81,31,740.06
C009866,104600,Personal Loan,2025-03-28,4780.58,28,170.74
C009867,100978,Payroll Loan,2025-12-13,8440.19,29,291.04
C009868,102377,Payroll Loan,2025-09-07,11849.66,12,987.47
C009869,109895,Personal Loan,2025-01-08,9728.2,15,648.55
C009870,108322,Payroll Loan,2026-02-24,17738.56,38,466.8
C009871,109931,Payroll Loan,2026-04-06,10290.8,18,571.71
C009872,102496,Credit Card,2025-12-09,2858.28,24,119.1
C009873,101496,Credit Card,2026-01-23,8491.62,14,606.54
C009874,109042,Payroll Loan,2025-03-21,5659.69,28,202.13
C009875,109995,Personal Loan,2025-03-10,6916.34,13,532.03
C009876,104399,Credit Card,2026-01-17,5284.91,7,754.99
C009877,109802,Payroll Loan,2025-07-28,18471.9,25,738.88
C009878,106625,Vehicle Finance,2025-10-25,25049.77,49,511.22
C009879,108455,Personal Loan,2026-04-09,11973.25,23,520.58
C009880,102226,Vehicle Finance,2026-06-16,17457.81,50,349.16
C009881,105716,Payroll Loan,2025-01-27,17566.34,29,605.74
C009882,101533,Credit Card,2025-12-13,4400.47,11,400.04
C009883,107561,Credit Card,2026-05-03,2957.48,9,328.61
C009884,102371,Personal Loan,2025-06-24,10600.76,20,530.04
C009885,108545,Credit Card,2025-11-03,1866.73,6,311.12
C009886,105573,Personal Loan,2025-10-23,3252.95,36,90.36
C009887,106857,Payroll Loan,2026-02-16,7747.91,47,164.85
C009888,106879,Vehicle Finance,2025-03-14,13912.13,41,339.32
C009889,109029,Credit Card,2025-08-04,2904.87,22,132.04
C009890,104816,Payroll Loan,2026-02-13,8980.17,15,598.68
C009891,103964,Credit Card,2025-09-06,3134.02,19,164.95
C009892,107873,Vehicle Finance,2026-04-14,44569.47,56,795.88
C009893,104003,Credit Card,2025-05-28,6818.93,8,852.37
C009894,101517,Payroll Loan,2025-11-17,15651.43,13,1203.96
C009895,106318,Payroll Loan,2026-05-09,12182.06,14,870.15
C009896,109372,Vehicle Finance,2025-11-06,22452.6,57,393.91
C009897,106382,Vehicle Finance,2026-01-23,68537.03,56,1223.88
C009898,106000,Credit Card,2025-03-01,4572.08,23,198.79
C009899,102663,Personal Loan,2025-05-17,14992.87,29,517.0
C009900,103322,Vehicle Finance,2025-04-09,31660.4,34,931.19
C009901,106020,Personal Loan,2026-03-29,14467.39,36,401.87
C009902,105474,Payroll Loan,2026-06-08,9883.16,38,260.08
C009903,109432,Personal Loan,2026-06-29,3048.2,14,217.73
C009904,104421,Credit Card,2025-08-05,7081.0,10,708.1
C009905,106766,Payroll Loan,2025-05-07,12503.49,45,277.86
C009906,108082,Personal Loan,2026-02-28,5054.65,23,219.77
C009907,106667,Payroll Loan,2025-07-31,6720.73,29,231.75
C009908,102865,Personal Loan,2026-05-03,9032.08,25,361.28
C009909,108240,Personal Loan,2025-05-24,5008.77,18,278.27
C009910,106241,Personal Loan,2025-02-19,2783.58,26,107.06
C009911,104799,Payroll Loan,2025-05-22,23486.71,22,1067.58
C009912,107304,Credit Card,2026-05-01,5771.89,11,524.72
C009913,108305,Payroll Loan,2025-06-13,6296.77,44,143.11
C009914,109724,Personal Loan,2025-04-04,3703.09,31,119.45
C009915,107375,Personal Loan,2025-12-08,9943.03,12,828.59
C009916,100907,Credit Card,2026-02-26,6462.76,17,380.16
C009917,105965,Personal Loan,2025-10-09,4495.27,27,166.49
C009918,106216,Vehicle Finance,2025-05-27,20646.54,38,543.33
C009919,100714,Payroll Loan,2026-05-13,11731.38,17,690.08
C009920,103630,Credit Card,2026-04-08,3768.46,8,471.06
C009921,100876,Vehicle Finance,2025-12-02,35147.69,30,1171.59
C009922,103929,Personal Loan,2025-09-08,4420.55,17,260.03
C009923,104427,Vehicle Finance,2026-03-15,25211.58,58,434.68
C009924,104257,Credit Card,2025-09-11,6924.07,11,629.46
C009925,107614,Vehicle Finance,2025-11-23,26524.77,47,564.36
C009926,103366,Credit Card,2025-11-14,3941.87,15,262.79
C009927,103709,Payroll Loan,2025-10-18,16841.27,24,701.72
C009928,105291,Personal Loan,2026-04-11,21000.0,12,1750.0
C009929,101407,Vehicle Finance,2025-08-16,53296.78,25,2131.87
C009930,102440,Personal Loan,2025-06-13,3185.46,15,212.36
C009931,106315,Vehicle Finance,2025-10-03,68762.41,58,1185.56
C009932,108499,Personal Loan,2026-06-19,4522.84,19,238.04
C009933,106617,Vehicle Finance,2025-09-25,23817.66,42,567.09
C009934,108357,Vehicle Finance,2026-04-01,33779.51,37,912.96
C009935,101901,Credit Card,2026-04-26,3553.37,13,273.34
C009936,100933,Payroll Loan,2025-07-30,33000.0,31,1064.52
C009937,108149,Vehicle Finance,2025-10-14,39167.16,40,979.18
C009938,100753,Credit Card,2025-01-15,3888.32,24,162.01
C009939,108879,Vehicle Finance,2025-08-05,33871.37,54,627.25
C009940,104176,Personal Loan,2025-04-06,13657.2,18,758.73
C009941,100264,Personal Loan,2025-03-09,4345.74,23,188.95
C009942,106686,Vehicle Finance,2025-10-31,11030.21,31,355.81
C009943,109979,Credit Card,2025-12-10,3293.06,18,182.95
C009944,106015,Credit Card,2026-03-30,4073.86,13,313.37
C009945,108061,Personal Loan,2025-11-08,4385.71,29,151.23
C009946,102073,Credit Card,2026-05-31,6266.13,13,482.01
C009947,109268,Personal Loan,2025-05-08,3137.43,23,136.41
C009948,105509,Personal Loan,2025-07-27,12589.02,29,434.1
C009949,107601,Personal Loan,2026-05-03,11933.84,28,426.21
C009950,100204,Credit Card,2025-01-23,3912.23,22,177.83
C009951,103523,Personal Loan,2026-01-09,9893.92,16,618.37
C009952,101654,Payroll Loan,2026-01-21,21088.85,21,1004.23
C009953,109227,Personal Loan,2025-06-11,21000.0,24,875.0
C009954,102795,Payroll Loan,2025-06-20,13145.8,42,313.0
C009955,105521,Personal Loan,2025-10-26,6652.47,24,277.19
C009956,107309,Payroll Loan,2025-11-21,13511.51,16,844.47
C009957,102592,Personal Loan,2025-03-18,6474.66,22,294.3
C009958,107524,Personal Loan,2025-08-08,11453.96,13,881.07
C009959,106574,Personal Loan,2026-03-24,7687.76,19,404.62
C009960,101229,Personal Loan,2025-12-11,3520.12,24,146.67
C009961,102520,Credit Card,2025-03-15,4367.61,17,256.92
C009962,101685,Payroll Loan,2025-05-17,17085.92,38,449.63
C009963,102121,Vehicle Finance,2025-01-20,34861.01,54,645.57
C009964,101962,Personal Loan,2025-03-27,4486.38,28,160.23
C009965,106082,Personal Loan,2025-02-01,16335.4,17,960.91
C009966,105708,Payroll Loan,2025-04-04,11739.44,19,617.87
C009967,104896,Personal Loan,2026-03-02,8649.38,35,247.13
C009968,100854,Vehicle Finance,2026-05-17,51791.04,24,2157.96
C009969,107274,Personal Loan,2026-05-15,6016.35,24,250.68
C009970,107876,Vehicle Finance,2026-04-19,101931.86,31,3288.12
C009971,107688,Personal Loan,2025-01-16,11353.06,30,378.44
C009972,106768,Credit Card,2026-04-11,3860.87,23,167.86
C009973,105888,Personal Loan,2025-12-22,7941.14,25,317.65
C009974,107114,Payroll Loan,2025-12-01,13944.16,48,290.5
C009975,103761,Credit Card,2025-02-18,2011.0,7,287.29
C009976,102947,Personal Loan,2025-08-12,4035.3,16,252.21
C009977,105710,Personal Loan,2025-06-09,9952.53,14,710.9
C009978,105509,Personal Loan,2025-05-03,12659.28,20,632.96
C009979,101530,Credit Card,2025-12-13,9658.14,7,1379.73
C009980,103054,Payroll Loan,2025-12-23,3766.29,29,129.87
C009981,101639,Vehicle Finance,2025-03-05,24935.17,28,890.54
C009982,104313,Vehicle Finance,2025-06-24,29042.89,25,1161.72
C009983,107757,Payroll Loan,2025-10-12,6787.9,30,226.26
C009984,100891,Vehicle Finance,2025-11-22,39766.16,35,1136.18
C009985,106153,Personal Loan,2025-05-19,5259.82,35,150.28
C009986,101960,Personal Loan,2025-07-15,10369.43,12,864.12
C009987,105681,Payroll Loan,2025-07-29,3334.63,43,77.55
C009988,100824,Vehicle Finance,2025-01-08,29771.21,46,647.2
C009989,101877,Credit Card,2026-01-18,3739.5,14,267.11
C009990,106193,Credit Card,2025-12-05,4526.52,22,205.75
C009991,109579,Personal Loan,2026-04-22,5694.1,23,247.57
C009992,108041,Personal Loan,2026-06-24,3969.95,20,198.5
C009993,109945,Personal Loan,2026-01-19,7383.47,35,210.96
C009994,109795,Personal Loan,2025-09-16,6770.22,24,282.09
C009995,105601,Credit Card,2025-03-15,3883.47,6,647.24
C009996,106855,Credit Card,2025-03-24,5318.87,15,354.59
C009997,104306,Credit Card,2025-02-25,2709.32,9,301.04
C009998,108589,Payroll Loan,2026-02-12,14326.93,33,434.15
C009999,101906,Payroll Loan,2025-08-29,9134.64,29,314.99
C010000,103455,Payroll Loan,2025-10-03,5794.84,44,131.7
C010001,109396,Credit Card,2026-04-05,3385.9,16,211.62
C010002,108023,Vehicle Finance,2026-01-24,21736.39,43,505.5
C010003,100798,Vehicle Finance,2025-10-24,55961.76,33,1695.81
C010004,102263,Personal Loan,2026-04-27,6989.14,31,225.46
C010005,108117,Payroll Loan,2025-11-30,14536.93,14,1038.35
C010006,105543,Personal Loan,2025-06-01,10953.74,21,521.61
C010007,107819,Personal Loan,2026-04-07,4589.13,17,269.95
C010008,103774,Personal Loan,2025-05-21,6819.07,36,189.42
C010009,107876,Personal Loan,2025-01-08,3455.59,22,157.07
C010010,106876,Payroll Loan,2025-09-13,15749.17,38,414.45
C010011,105568,Payroll Loan,2026-03-29,6384.61,47,135.84
C010012,105863,Personal Loan,2025-02-17,12228.41,28,436.73
C010013,100500,Payroll Loan,2026-03-31,2750.0,30,91.67
C010014,107779,Credit Card,2025-02-25,4515.59,6,752.6
C010015,106115,Personal Loan,2026-03-11,7175.08,14,512.51
C010016,102312,Personal Loan,2025-10-05,6050.65,21,288.13
C010017,101034,Vehicle Finance,2025-10-21,17826.57,44,405.15
C010018,108933,Personal Loan,2025-08-04,5106.88,25,204.28
C010019,104434,Credit Card,2026-03-30,4882.41,10,488.24
C010020,103142,Personal Loan,2025-08-07,7830.1,15,522.01
C010021,108735,Payroll Loan,2025-11-08,8518.16,31,274.78
C010022,100683,Credit Card,2025-12-18,4862.65,15,324.18
C010023,108765,Vehicle Finance,2025-03-11,75114.09,24,3129.75
C010024,103951,Vehicle Finance,2026-05-23,54271.21,33,1644.58
C010025,107893,Vehicle Finance,2025-04-24,54781.87,50,1095.64
C010026,100333,Payroll Loan,2026-05-27,15239.04,16,952.44
C010027,107571,Vehicle Finance,2025-12-21,47881.64,33,1450.96
C010028,106568,Payroll Loan,2025-08-08,15194.56,38,399.86
C010029,108862,Credit Card,2026-05-14,7206.77,10,720.68
C010030,101885,Credit Card,2025-12-21,2847.28,7,406.75
C010031,101043,Credit Card,2025-09-19,3078.82,11,279.89
C010032,107399,Credit Card,2025-08-06,5196.02,24,216.5
C010033,106679,Vehicle Finance,2025-04-11,57176.38,25,2287.06
C010034,109089,Personal Loan,2026-02-11,5550.76,14,396.48
C010035,107816,Vehicle Finance,2025-07-17,37630.61,52,723.67
C010036,105898,Credit Card,2025-10-03,3057.03,6,509.51
C010037,108243,Personal Loan,2025-01-01,6831.9,32,213.5
C010038,106644,Vehicle Finance,2025-03-10,35942.5,28,1283.66
C010039,101503,Personal Loan,2025-03-06,8188.37,19,430.97
C010040,104277,Vehicle Finance,2025-10-26,43005.57,24,1791.9
C010041,102217,Personal Loan,2025-10-05,4630.39,18,257.24
C010042,100885,Credit Card,2026-06-26,3591.02,13,276.23
C010043,101620,Credit Card,2025-07-04,4659.11,9,517.68
C010044,104305,Vehicle Finance,2025-05-29,28930.25,37,781.9
C010045,105668,Personal Loan,2025-10-12,5729.83,30,190.99
C010046,104102,Personal Loan,2026-02-24,5897.94,23,256.43
C010047,109770,Personal Loan,2025-10-20,2358.55,13,181.43
C010048,103861,Payroll Loan,2025-06-06,9504.12,20,475.21
C010049,104843,Personal Loan,2025-07-13,9486.03,20,474.3
C010050,106248,Vehicle Finance,2026-02-01,41187.8,36,1144.11
C010051,102277,Vehicle Finance,2026-03-11,34293.19,43,797.52
C010052,105125,Credit Card,2025-09-17,9010.2,14,643.59
C010053,102252,Credit Card,2025-11-14,8228.54,14,587.75
C010054,109095,Vehicle Finance,2026-01-26,57504.16,55,1045.53
C010055,104550,Vehicle Finance,2025-01-05,46948.79,40,1173.72
C010056,107573,Payroll Loan,2026-04-01,4362.98,17,256.65
C010057,104499,Personal Loan,2025-08-22,3891.71,22,176.9
C010058,107128,Vehicle Finance,2025-01-11,106362.91,44,2417.34
C010059,101271,Personal Loan,2026-04-18,4233.3,16,264.58
C010060,109049,Personal Loan,2025-12-17,7237.0,31,233.45
C010061,103062,Personal Loan,2026-03-02,9088.64,33,275.41
C010062,104796,Personal Loan,2025-02-06,5554.77,34,163.38
C010063,107592,Credit Card,2025-09-15,13500.0,15,900.0
C010064,109191,Credit Card,2026-06-02,13258.0,19,697.79
C010065,105321,Payroll Loan,2025-07-24,8885.07,31,286.62
C010066,104146,Payroll Loan,2025-10-09,16689.27,21,794.73
C010067,104729,Payroll Loan,2025-08-02,9051.66,46,196.78
C010068,102883,Vehicle Finance,2025-06-09,43436.31,36,1206.56
C010069,103895,Vehicle Finance,2026-04-14,20158.4,32,629.95
C010070,107911,Vehicle Finance,2026-01-04,47060.5,46,1023.05
C010071,106995,Payroll Loan,2025-10-02,6175.85,19,325.04
C010072,108009,Credit Card,2026-01-08,5015.29,22,227.97
C010073,103090,Credit Card,2025-09-15,6210.39,10,621.04
C010074,104110,Personal Loan,2025-09-08,10362.73,14,740.2
C010075,100922,Payroll Loan,2025-10-30,19238.49,32,601.2
C010076,106342,Credit Card,2026-05-07,7408.74,21,352.8
C010077,107046,Credit Card,2026-01-05,5731.62,18,318.42
C010078,108668,Payroll Loan,2026-06-11,18850.36,22,856.83
C010079,108817,Personal Loan,2026-05-23,12630.27,19,664.75
C010080,100287,Personal Loan,2025-09-08,2532.82,12,211.07
C010081,101733,Payroll Loan,2025-02-16,22654.24,33,686.49
C010082,107644,Personal Loan,2026-01-25,8433.88,28,301.21
C010083,104636,Personal Loan,2025-09-26,10156.25,33,307.77
C010084,103487,Payroll Loan,2025-01-04,9216.62,14,658.33
C010085,104566,Vehicle Finance,2025-02-03,41479.98,50,829.6
C010086,109305,Payroll Loan,2025-06-17,23140.76,48,482.1
C010087,109588,Payroll Loan,2025-07-03,17736.89,43,412.49
C010088,101390,Personal Loan,2026-04-02,13543.51,26,520.9
C010089,106475,Personal Loan,2025-11-11,15754.09,15,1050.27
C010090,106439,Personal Loan,2025-03-09,7248.77,23,315.16
C010091,104320,Personal Loan,2025-10-16,9327.84,19,490.94
C010092,107591,Personal Loan,2025-01-19,6893.5,34,202.75
C010093,101892,Payroll Loan,2025-09-19,6260.88,40,156.52
C010094,101450,Payroll Loan,2026-01-09,6655.23,47,141.6
C010095,103506,Vehicle Finance,2025-08-02,28924.62,37,781.75
C010096,108753,Vehicle Finance,2025-07-24,54257.5,24,2260.73
C010097,100383,Vehicle Finance,2026-05-23,24689.97,46,536.74
C010098,104050,Payroll Loan,2026-04-30,14216.6,18,789.81
C010099,106176,Personal Loan,2025-10-07,4540.35,21,216.21
C010100,100308,Personal Loan,2026-06-11,6505.0,16,406.56
C010101,102712,Personal Loan,2025-12-06,6173.04,30,205.77
C010102,106568,Credit Card,2025-07-08,6178.66,8,772.33
C010103,107728,Credit Card,2025-03-19,7445.9,11,676.9
C010104,100046,Payroll Loan,2026-06-15,33000.0,42,785.71
C010105,106784,Personal Loan,2025-02-03,4688.94,16,293.06
C010106,109377,Vehicle Finance,2026-01-15,19841.61,37,536.26
C010107,104974,Personal Loan,2026-01-05,5379.43,21,256.16
C010108,105128,Personal Loan,2025-09-01,9957.49,30,331.92
C010109,107928,Credit Card,2026-03-15,10274.68,18,570.82
C010110,108776,Vehicle Finance,2025-10-26,38964.32,38,1025.38
C010111,102951,Credit Card,2025-08-30,3091.26,15,206.08
C010112,106678,Vehicle Finance,2026-05-08,70541.27,45,1567.58
C010113,107269,Vehicle Finance,2025-03-12,46355.61,59,785.69
C010114,109383,Personal Loan,2025-02-23,4261.88,16,266.37
C010115,104206,Payroll Loan,2025-02-25,14663.72,33,444.36
C010116,105418,Personal Loan,2025-07-11,3156.75,36,87.69
C010117,103798,Credit Card,2026-03-06,4400.04,14,314.29
C010118,103255,Payroll Loan,2025-07-28,11642.29,40,291.06
C010119,103353,Personal Loan,2025-04-24,6514.29,23,283.23
C010120,100804,Vehicle Finance,2025-08-12,39346.43,28,1405.23
C010121,107418,Credit Card,2025-05-14,6407.19,15,427.15
C010122,102537,Personal Loan,2025-11-29,7664.86,36,212.91
C010123,105846,Personal Loan,2025-09-11,8831.16,32,275.97
C010124,109056,Personal Loan,2025-04-16,4982.67,20,249.13
C010125,104234,Personal Loan,2025-12-31,4357.19,22,198.05
C010126,109834,Personal Loan,2025-11-14,3815.67,33,115.63
C010127,100616,Credit Card,2026-06-07,2099.76,22,95.44
C010128,100369,Personal Loan,2026-05-28,12493.79,16,780.86
C010129,103374,Credit Card,2025-08-22,3920.62,19,206.35
C010130,102568,Vehicle Finance,2025-09-18,21115.93,42,502.76
C010131,107719,Credit Card,2026-02-09,3573.02,20,178.65
C010132,102031,Personal Loan,2025-08-16,4549.24,18,252.74
C010133,108265,Credit Card,2025-11-21,4977.15,23,216.4
C010134,105155,Credit Card,2025-03-06,7579.18,14,541.37
C010135,102378,Personal Loan,2025-07-31,3010.9,34,88.56
C010136,104588,Payroll Loan,2026-02-06,8041.78,31,259.41
C010137,106422,Credit Card,2026-06-10,4837.43,24,201.56
C010138,109815,Credit Card,2026-01-15,4733.67,8,591.71
C010139,100641,Credit Card,2025-02-23,3501.03,16,218.81
C010140,103540,Personal Loan,2025-12-22,5074.64,21,241.65
C010141,104537,Vehicle Finance,2025-04-11,66193.59,41,1614.48
C010142,105929,Personal Loan,2026-06-08,5747.77,24,239.49
C010143,108810,Vehicle Finance,2025-09-03,32436.59,36,901.02
C010144,107957,Payroll Loan,2025-08-02,15205.86,23,661.12
C010145,105095,Vehicle Finance,2026-01-18,38894.75,39,997.3
C010146,100151,Personal Loan,2025-11-06,10430.26,28,372.51
C010147,102428,Vehicle Finance,2025-07-18,107699.3,31,3474.17
C010148,107905,Personal Loan,2026-05-10,7949.85,32,248.43
C010149,104804,Payroll Loan,2025-12-12,7194.45,39,184.47
C010150,106929,Vehicle Finance,2026-02-03,72554.26,58,1250.94
C010151,106954,Credit Card,2025-09-27,2410.84,24,100.45
C010152,109090,Vehicle Finance,2025-12-18,16467.14,29,567.83
C010153,102778,Personal Loan,2026-06-22,5067.24,20,253.36
C010154,109640,Credit Card,2025-12-26,5909.0,13,454.54
C010155,107205,Personal Loan,2025-07-27,3866.3,27,143.2
C010156,105666,Payroll Loan,2025-05-30,7418.95,28,264.96
C010157,101361,Payroll Loan,2026-04-27,12008.43,32,375.26
C010158,107341,Credit Card,2025-02-23,13243.29,15,882.89
C010159,109508,Personal Loan,2026-02-14,4731.93,34,139.17
C010160,109868,Personal Loan,2025-01-23,3356.23,14,239.73
C010161,102553,Credit Card,2025-02-23,5633.97,15,375.6
C010162,108434,Personal Loan,2025-12-29,9484.86,25,379.39
C010163,109466,Vehicle Finance,2025-07-27,44981.44,41,1097.11
C010164,105818,Payroll Loan,2025-09-22,5875.61,34,172.81
C010165,100697,Credit Card,2026-02-10,4367.97,24,182.0
C010166,101467,Personal Loan,2026-04-29,2246.04,27,83.19
C010167,106957,Credit Card,2025-12-28,5486.03,20,274.3
C010168,103713,Personal Loan,2025-01-15,10416.75,12,868.06
C010169,105159,Personal Loan,2025-06-06,7624.54,30,254.15
C010170,108768,Vehicle Finance,2025-12-12,73182.22,42,1742.43
C010171,106060,Vehicle Finance,2025-09-25,26195.62,47,557.35
C010172,100834,Credit Card,2025-04-06,5240.29,9,582.25
C010173,104203,Payroll Loan,2026-05-03,25646.63,28,915.95
C010174,108869,Personal Loan,2025-09-02,21000.0,18,1166.67
C010175,108316,Credit Card,2026-03-20,3657.75,10,365.78
C010176,106309,Personal Loan,2026-04-08,4983.04,15,332.2
C010177,104777,Personal Loan,2025-06-18,11041.57,25,441.66
C010178,108098,Payroll Loan,2025-08-04,33000.0,14,2357.14
C010179,105354,Personal Loan,2026-01-16,7759.88,32,242.5
C010180,104022,Personal Loan,2025-10-07,4189.72,34,123.23
C010181,101563,Vehicle Finance,2026-02-23,13878.28,46,301.7
C010182,103068,Vehicle Finance,2026-02-27,22131.37,34,650.92
C010183,107998,Vehicle Finance,2025-04-22,54488.72,52,1047.86
C010184,109696,Credit Card,2025-01-11,2764.77,12,230.4
C010185,105972,Credit Card,2025-10-22,4645.64,24,193.57
C010186,105897,Credit Card,2025-01-04,4329.89,7,618.56
C010187,106577,Credit Card,2026-03-20,4844.81,17,284.99
C010188,106854,Vehicle Finance,2026-02-26,37624.23,41,917.66
C010189,106123,Vehicle Finance,2026-02-11,30725.79,26,1181.76
C010190,109273,Personal Loan,2025-08-08,2263.67,21,107.79
C010191,108764,Payroll Loan,2025-06-17,16079.32,34,472.92
C010192,104748,Credit Card,2026-04-08,4099.97,22,186.36
C010193,102845,Personal Loan,2026-04-18,6243.54,22,283.8
C010194,100822,Credit Card,2026-03-19,2748.08,9,305.34
C010195,105941,Credit Card,2025-08-27,2230.97,9,247.89
C010196,102484,Vehicle Finance,2026-02-16,35137.58,56,627.46
C010197,101958,Credit Card,2025-01-10,2820.06,8,352.51
C010198,106234,Personal Loan,2026-06-14,11246.51,26,432.56
C010199,107462,Payroll Loan,2025-01-22,11141.19,35,318.32
C010200,107630,Vehicle Finance,2025-10-13,60651.73,26,2332.76
C010201,103830,Credit Card,2026-06-26,3089.49,22,140.43
C010202,105061,Personal Loan,2025-03-29,3846.82,20,192.34
C010203,104600,Payroll Loan,2026-03-22,6160.88,21,293.38
C010204,106415,Credit Card,2025-07-23,3524.36,12,293.7
C010205,103719,Personal Loan,2025-07-03,21000.0,20,1050.0
C010206,106816,Vehicle Finance,2026-04-29,40631.75,43,944.92
C010207,102046,Personal Loan,2026-05-14,8006.19,26,307.93
C010208,100418,Vehicle Finance,2025-12-27,57885.23,49,1181.33
C010209,104497,Vehicle Finance,2025-04-23,24744.77,24,1031.03
C010210,104756,Credit Card,2025-11-24,6663.83,20,333.19
C010211,105588,Credit Card,2025-10-16,8292.95,7,1184.71
C010212,108771,Vehicle Finance,2025-02-01,30428.29,45,676.18
C010213,103146,Personal Loan,2025-11-21,9448.79,20,472.44
C010214,100597,Payroll Loan,2026-01-20,25147.63,25,1005.91
C010215,102805,Personal Loan,2025-07-03,6385.33,17,375.61
C010216,106748,Personal Loan,2026-01-03,9960.54,35,284.59
C010217,109643,Personal Loan,2025-01-11,9081.98,13,698.61
C010218,105516,Personal Loan,2026-03-06,4668.19,35,133.38
C010219,102740,Vehicle Finance,2026-04-29,60028.4,31,1936.4
C010220,107193,Payroll Loan,2026-02-19,7622.82,45,169.4
C010221,102886,Vehicle Finance,2026-05-17,36004.92,24,1500.2
C010222,108913,Vehicle Finance,2025-08-17,30765.88,24,1281.91
C010223,101433,Credit Card,2026-06-20,4216.83,8,527.1
C010224,108884,Vehicle Finance,2025-03-06,22942.28,25,917.69
C010225,105951,Credit Card,2025-10-08,2664.04,19,140.21
C010226,108227,Vehicle Finance,2025-05-19,46608.45,31,1503.5
C010227,106359,Vehicle Finance,2025-01-03,32050.82,53,604.73
C010228,104327,Vehicle Finance,2025-06-04,56601.44,25,2264.06
C010229,106832,Payroll Loan,2025-02-20,5928.94,29,204.45
C010230,101781,Personal Loan,2026-06-06,4590.86,13,353.14
C010231,103153,Payroll Loan,2025-06-29,3043.61,46,66.17
C010232,107187,Credit Card,2025-07-07,2502.42,15,166.83
C010233,100248,Payroll Loan,2026-05-23,18796.26,33,569.58
C010234,107537,Personal Loan,2025-03-08,8619.74,12,718.31
C010235,101028,Vehicle Finance,2025-08-14,87231.1,34,2565.62
C010236,101488,Personal Loan,2026-06-10,6793.98,25,271.76
C010237,101057,Personal Loan,2026-06-27,15860.12,24,660.84
C010238,107409,Vehicle Finance,2026-02-09,71982.95,31,2322.03
C010239,100164,Personal Loan,2025-06-23,7382.88,25,295.32
C010240,107411,Credit Card,2025-07-12,4031.15,8,503.89
C010241,108289,Credit Card,2025-01-25,5281.26,22,240.06
C010242,105423,Payroll Loan,2025-01-04,6640.36,32,207.51
C010243,101052,Payroll Loan,2025-01-15,11449.41,41,279.25
C010244,108563,Personal Loan,2025-01-03,6538.96,29,225.48
C010245,102287,Payroll Loan,2026-01-01,14175.21,20,708.76
C010246,109023,Personal Loan,2025-09-08,10083.3,25,403.33
C010247,106182,Credit Card,2025-06-29,5819.47,19,306.29
C010248,101784,Credit Card,2026-04-17,5128.36,7,732.62
C010249,100908,Vehicle Finance,2025-02-05,13098.18,54,242.56
C010250,101759,Payroll Loan,2025-12-22,9541.08,48,198.77
C010251,105760,Vehicle Finance,2025-05-08,57332.72,60,955.55
C010252,100927,Credit Card,2025-01-24,6991.15,16,436.95
C010253,104523,Credit Card,2025-10-06,8575.54,18,476.42
C010254,109202,Personal Loan,2025-03-28,9912.56,20,495.63
C010255,109800,Personal Loan,2025-08-28,4855.63,30,161.85
C010256,101646,Credit Card,2026-02-01,6539.24,7,934.18
C010257,106242,Personal Loan,2025-11-19,3068.07,15,204.54
C010258,105350,Personal Loan,2025-08-31,5299.46,32,165.61
C010259,104741,Personal Loan,2025-04-29,7828.57,32,244.64
C010260,100929,Credit Card,2026-01-25,7277.61,21,346.55
C010261,103816,Personal Loan,2025-07-18,2523.09,14,180.22
C010262,105916,Credit Card,2026-05-08,3594.79,10,359.48
C010263,106556,Credit Card,2026-03-03,6408.36,12,534.03
C010264,104232,Vehicle Finance,2026-02-05,70854.33,60,1180.91
C010265,109220,Payroll Loan,2025-11-28,9449.61,36,262.49
C010266,102331,Credit Card,2025-12-25,6166.16,19,324.53
C010267,105425,Personal Loan,2025-10-03,8661.99,36,240.61
C010268,106806,Payroll Loan,2026-04-07,4777.71,27,176.95
C010269,102068,Personal Loan,2026-03-14,5104.48,34,150.13
C010270,104696,Vehicle Finance,2025-08-30,52935.98,25,2117.44
C010271,101045,Vehicle Finance,2025-10-15,68453.05,25,2738.12
C010272,104892,Credit Card,2025-12-20,3925.62,8,490.7
C010273,106544,Vehicle Finance,2025-10-13,38460.68,45,854.68
C010274,109676,Vehicle Finance,2026-03-21,36439.92,35,1041.14
C010275,100299,Credit Card,2026-01-12,3339.63,23,145.2
C010276,103148,Vehicle Finance,2026-04-17,22944.92,50,458.9
C010277,103056,Personal Loan,2025-11-23,3721.31,12,310.11
C010278,109927,Credit Card,2025-07-23,3380.7,6,563.45
C010279,108668,Personal Loan,2025-03-17,9911.43,30,330.38
C010280,108387,Payroll Loan,2025-07-03,7197.35,43,167.38
C010281,108575,Credit Card,2026-04-06,4155.96,9,461.77
C010282,101608,Vehicle Finance,2025-04-28,39504.82,47,840.53
C010283,101992,Personal Loan,2025-03-18,11980.74,35,342.31
C010284,103520,Personal Loan,2026-04-19,9004.5,36,250.12
C010285,106758,Credit Card,2026-01-30,4757.61,19,250.4
C010286,103145,Payroll Loan,2025-11-12,10429.07,31,336.42
C010287,108073,Credit Card,2026-04-05,7719.34,23,335.62
C010288,107309,Credit Card,2025-11-08,4128.85,20,206.44
C010289,107063,Personal Loan,2025-05-20,9195.69,27,340.58
C010290,102659,Personal Loan,2025-05-12,16305.42,20,815.27
C010291,105231,Credit Card,2025-07-28,2284.84,21,108.8
C010292,102796,Vehicle Finance,2025-07-13,65767.56,53,1240.9
C010293,106139,Payroll Loan,2025-05-11,25902.27,47,551.11
C010294,107362,Personal Loan,2025-02-13,5210.01,26,200.39
C010295,104479,Credit Card,2025-01-07,4334.92,13,333.46
C010296,107756,Vehicle Finance,2025-06-22,47630.72,43,1107.69
C010297,102901,Payroll Loan,2026-01-20,19335.42,40,483.39
C010298,107348,Personal Loan,2026-06-16,21000.0,19,1105.26
C010299,102076,Personal Loan,2025-03-30,13008.16,36,361.34
C010300,104961,Vehicle Finance,2025-11-30,24633.79,30,821.13
C010301,108721,Credit Card,2026-03-08,6803.53,20,340.18
C010302,107438,Personal Loan,2026-01-06,11849.56,33,359.08
C010303,104827,Payroll Loan,2026-01-01,4565.06,21,217.38
C010304,105911,Payroll Loan,2025-12-02,7501.52,46,163.08
C010305,106424,Personal Loan,2026-04-12,6467.78,35,184.79
C010306,108575,Payroll Loan,2025-12-24,33000.0,36,916.67
C010307,103031,Payroll Loan,2026-06-28,8649.7,17,508.81
C010308,107072,Personal Loan,2026-05-12,10121.41,15,674.76
C010309,109382,Payroll Loan,2026-03-29,11905.82,44,270.59
C010310,106131,Credit Card,2026-05-21,5791.28,8,723.91
C010311,107155,Payroll Loan,2025-06-21,9860.55,48,205.43
C010312,106190,Credit Card,2025-01-24,7101.72,18,394.54
C010313,109331,Personal Loan,2025-05-13,14939.85,28,533.57
C010314,102930,Credit Card,2025-05-27,3664.39,22,166.56
C010315,109397,Credit Card,2026-01-24,3564.39,11,324.04
C010316,105917,Credit Card,2025-04-05,9593.57,18,532.98
C010317,106118,Credit Card,2026-05-01,6569.46,24,273.73
C010318,109751,Credit Card,2026-05-12,4292.01,6,715.34
C010319,100638,Vehicle Finance,2025-08-08,14372.22,25,574.89
C010320,109463,Personal Loan,2026-03-11,3814.41,27,141.27
C010321,109445,Payroll Loan,2025-08-27,20530.51,43,477.45
C010322,101208,Payroll Loan,2026-05-23,33000.0,40,825.0
C010323,106363,Payroll Loan,2025-07-23,19839.29,12,1653.27
C010324,103938,Personal Loan,2025-01-21,7325.61,29,252.61
C010325,102207,Vehicle Finance,2025-01-18,28733.95,30,957.8
C010326,102273,Vehicle Finance,2025-11-27,36949.4,42,879.75
C010327,100004,Payroll Loan,2025-11-22,5228.25,19,275.17
C010328,107723,Personal Loan,2025-01-27,6199.97,27,229.63
C010329,102793,Payroll Loan,2026-02-27,9660.43,30,322.01
C010330,105602,Payroll Loan,2025-04-05,9069.4,15,604.63
C010331,104136,Payroll Loan,2026-05-11,16642.01,40,416.05
C010332,108872,Personal Loan,2026-03-24,4152.45,17,244.26
C010333,101408,Payroll Loan,2026-01-13,9829.22,32,307.16
C010334,101285,Vehicle Finance,2025-12-08,64196.73,47,1365.89
C010335,107267,Personal Loan,2025-11-30,14282.27,24,595.09
C010336,106211,Credit Card,2025-10-19,2527.33,17,148.67
C010337,105700,Payroll Loan,2025-03-02,8259.9,31,266.45
C010338,104847,Credit Card,2025-01-16,2738.3,15,182.55
C010339,105355,Credit Card,2026-03-15,6082.72,19,320.14
C010340,105860,Payroll Loan,2025-06-04,18252.89,43,424.49
C010341,109337,Payroll Loan,2026-06-15,13408.36,14,957.74
C010342,108164,Payroll Loan,2025-07-14,13848.26,33,419.64
C010343,109107,Credit Card,2025-10-07,3813.36,21,181.59
C010344,108450,Vehicle Finance,2025-08-21,70447.16,42,1677.31
C010345,102242,Vehicle Finance,2025-09-29,42439.08,56,757.84
C010346,100002,Credit Card,2025-03-10,2531.06,12,210.92
C010347,105496,Vehicle Finance,2025-02-23,35675.79,58,615.1
C010348,108546,Payroll Loan,2025-05-14,7570.13,31,244.2
C010349,104167,Payroll Loan,2025-06-25,6331.34,23,275.28
C010350,109805,Personal Loan,2026-01-02,4730.04,21,225.24
C010351,102556,Credit Card,2026-05-06,4564.31,19,240.23
C010352,107663,Credit Card,2025-12-10,3285.14,16,205.32
C010353,101154,Credit Card,2026-02-23,4106.91,9,456.32
C010354,101964,Vehicle Finance,2025-07-12,24449.05,60,407.48
C010355,109089,Credit Card,2025-11-25,7849.64,21,373.79
C010356,102968,Credit Card,2025-07-12,4526.49,9,502.94
C010357,109472,Credit Card,2025-02-15,2280.74,24,95.03
C010358,100987,Payroll Loan,2026-03-24,9627.81,23,418.6
C010359,109017,Personal Loan,2026-05-21,8671.01,35,247.74
C010360,109891,Personal Loan,2025-06-02,9534.31,23,414.54
C010361,109904,Credit Card,2025-09-13,4185.67,19,220.3
C010362,104145,Vehicle Finance,2025-02-05,46950.38,60,782.51
C010363,104543,Vehicle Finance,2025-04-03,59114.61,57,1037.1
C010364,109026,Vehicle Finance,2025-06-24,29239.06,47,622.11
C010365,101416,Credit Card,2025-11-02,6600.03,11,600.0
C010366,107699,Personal Loan,2025-03-25,7770.94,15,518.06
C010367,100928,Vehicle Finance,2026-03-10,48169.21,59,816.43
C010368,103546,Credit Card,2025-06-03,5444.42,22,247.47
C010369,107836,Vehicle Finance,2026-04-08,64466.13,38,1696.48
C010370,102592,Personal Loan,2025-06-22,9283.4,21,442.07
C010371,100870,Payroll Loan,2025-10-18,23207.29,38,610.72
C010372,104554,Vehicle Finance,2025-04-19,23196.27,31,748.27
C010373,106528,Payroll Loan,2026-06-20,7793.51,43,181.24
C010374,103346,Payroll Loan,2025-06-11,33000.0,33,1000.0
C010375,106590,Personal Loan,2025-01-30,9174.57,14,655.33
C010376,105567,Credit Card,2025-12-11,4110.79,12,342.57
C010377,106927,Personal Loan,2025-07-28,13979.14,22,635.42
C010378,100297,Personal Loan,2025-11-07,9179.88,20,458.99
C010379,101855,Credit Card,2026-03-23,2600.35,12,216.7
C010380,106232,Credit Card,2025-02-04,3432.56,15,228.84
C010381,104048,Payroll Loan,2026-04-01,6721.75,12,560.15
C010382,108875,Credit Card,2025-06-09,5851.75,8,731.47
C010383,102715,Credit Card,2025-05-18,3167.12,24,131.96
C010384,102250,Credit Card,2025-09-05,2275.47,13,175.04
C010385,100325,Personal Loan,2025-08-31,4950.4,31,159.69
C010386,103439,Vehicle Finance,2025-01-15,46408.07,60,773.47
C010387,100671,Credit Card,2026-04-01,4932.51,20,246.63
C010388,109122,Credit Card,2026-06-11,2877.71,16,179.86
C010389,105019,Payroll Loan,2025-08-07,28406.38,27,1052.09
C010390,106968,Payroll Loan,2025-05-09,17929.09,15,1195.27
C010391,106061,Credit Card,2025-04-20,4432.73,12,369.39
C010392,100136,Personal Loan,2025-12-17,8647.63,20,432.38
C010393,105746,Personal Loan,2025-07-31,4998.9,36,138.86
C010394,104107,Credit Card,2025-03-04,3194.34,22,145.2
C010395,108108,Credit Card,2026-06-01,8500.5,8,1062.56
C010396,101214,Personal Loan,2025-07-28,6987.51,16,436.72
C010397,104365,Vehicle Finance,2026-05-17,78133.89,39,2003.43
C010398,102357,Payroll Loan,2025-01-12,21246.13,37,574.22
C010399,103592,Personal Loan,2025-12-06,5439.68,36,151.1
C010400,107676,Vehicle Finance,2025-03-15,61637.54,44,1400.85
C010401,100937,Credit Card,2025-03-03,6446.15,19,339.27
C010402,100875,Payroll Loan,2025-03-10,8591.99,19,452.21
C010403,107850,Personal Loan,2025-08-06,7676.51,29,264.71
C010404,103321,Payroll Loan,2025-12-09,13515.63,19,711.35
C010405,100510,Personal Loan,2026-03-05,12494.14,17,734.95
C010406,101590,Personal Loan,2025-01-13,11605.35,35,331.58
C010407,100888,Personal Loan,2025-12-01,7026.31,28,250.94
C010408,107688,Payroll Loan,2025-06-29,15739.72,17,925.87
C010409,107909,Personal Loan,2025-01-09,13478.77,22,612.67
C010410,103884,Personal Loan,2025-04-12,11693.65,26,449.76
C010411,105127,Credit Card,2026-06-01,6736.41,15,449.09
C010412,104822,Payroll Loan,2026-01-02,6384.49,21,304.02
C010413,104062,Personal Loan,2026-02-10,9362.63,17,550.74
C010414,101358,Payroll Loan,2025-01-22,9949.79,31,320.96
C010415,101297,Payroll Loan,2026-06-29,16528.14,48,344.34
C010416,109077,Personal Loan,2025-12-07,9978.58,35,285.1
C010417,102314,Personal Loan,2025-12-06,7245.71,16,452.86
C010418,108684,Vehicle Finance,2025-11-18,19743.67,30,658.12
C010419,107548,Credit Card,2025-12-01,1299.68,16,81.23
C010420,107890,Personal Loan,2025-03-03,7287.8,36,202.44
C010421,102263,Credit Card,2026-04-22,11128.0,13,856.0
C010422,108316,Payroll Loan,2026-01-17,8462.89,44,192.34
C010423,105334,Vehicle Finance,2025-03-26,45682.57,43,1062.39
C010424,109957,Personal Loan,2025-04-26,10822.77,17,636.63
C010425,109348,Personal Loan,2025-11-24,2290.24,34,67.36
C010426,105391,Credit Card,2025-02-20,3388.43,18,188.25
C010427,105229,Credit Card,2026-04-15,3004.44,8,375.56
C010428,108680,Personal Loan,2025-02-06,8650.45,21,411.93
C010429,105620,Credit Card,2026-03-03,2056.17,14,146.87
C010430,108767,Personal Loan,2026-06-14,5067.96,13,389.84
C010431,108495,Personal Loan,2025-07-22,6490.29,35,185.44
C010432,104800,Credit Card,2025-06-03,3267.04,21,155.57
C010433,109853,Credit Card,2026-06-10,5583.98,23,242.78
C010434,101767,Personal Loan,2026-04-11,7121.89,26,273.92
C010435,104137,Credit Card,2025-03-27,5286.95,20,264.35
C010436,105679,Personal Loan,2025-10-14,4650.08,25,186.0
C010437,108309,Personal Loan,2025-08-11,5228.86,24,217.87
C010438,107850,Vehicle Finance,2026-04-13,21900.42,45,486.68
C010439,100866,Vehicle Finance,2026-02-14,27171.5,36,754.76
C010440,106713,Credit Card,2026-03-14,5556.43,9,617.38
C010441,102280,Personal Loan,2025-08-18,5888.11,14,420.58
C010442,107171,Personal Loan,2025-05-23,5848.62,19,307.82
C010443,108376,Payroll Loan,2025-09-09,12282.51,32,383.83
C010444,101882,Personal Loan,2025-09-23,15121.32,27,560.05
C010445,103526,Personal Loan,2026-04-08,3666.05,26,141.0
C010446,101045,Credit Card,2025-05-03,6461.68,13,497.05
C010447,101361,Personal Loan,2026-01-12,19481.71,36,541.16
C010448,103074,Credit Card,2025-07-17,4897.88,19,257.78
C010449,101839,Credit Card,2026-05-28,6925.11,8,865.64
C010450,105421,Vehicle Finance,2026-06-14,29295.59,59,496.54
C010451,102301,Personal Loan,2025-02-12,5464.95,21,260.24
C010452,102147,Credit Card,2025-08-03,3967.87,13,305.22
C010453,109475,Credit Card,2026-02-28,5562.3,11,505.66
C010454,101925,Personal Loan,2025-03-08,13599.53,17,799.97
C010455,106670,Personal Loan,2025-05-12,9136.48,29,315.05
C010456,109854,Personal Loan,2025-10-16,9862.28,36,273.95
C010457,109357,Credit Card,2025-10-09,2282.73,7,326.1
C010458,107556,Vehicle Finance,2026-01-25,36559.87,35,1044.57
C010459,108698,Credit Card,2026-05-14,3588.0,14,256.29
C010460,103599,Personal Loan,2025-06-30,21000.0,32,656.25
C010461,109264,Payroll Loan,2025-07-20,3727.8,21,177.51
C010462,101229,Credit Card,2025-09-10,4889.81,16,305.61
C010463,103943,Personal Loan,2026-04-19,6434.45,34,189.25
C010464,101506,Personal Loan,2026-03-22,13838.51,30,461.28
C010465,106101,Payroll Loan,2025-03-01,11872.34,12,989.36
C010466,103968,Personal Loan,2025-06-18,9541.8,22,433.72
C010467,108138,Personal Loan,2026-05-04,5970.91,20,298.55
C010468,102110,Credit Card,2026-04-20,4683.99,12,390.33
C010469,102723,Payroll Loan,2026-01-27,5423.88,15,361.59
C010470,100239,Vehicle Finance,2026-02-25,68569.44,35,1959.13
C010471,102033,Personal Loan,2025-06-02,8786.09,24,366.09
C010472,108075,Credit Card,2026-02-19,7233.02,20,361.65
C010473,102363,Personal Loan,2025-11-30,13943.44,36,387.32
C010474,102605,Payroll Loan,2026-04-25,21955.03,41,535.49
C010475,101175,Payroll Loan,2025-02-28,22398.0,44,509.05
C010476,108607,Payroll Loan,2025-12-02,21924.23,29,756.01
C010477,104736,Personal Loan,2025-12-05,1750.0,33,53.03
C010478,109410,Payroll Loan,2025-08-29,11883.64,35,339.53
C010479,101715,Credit Card,2025-07-01,6507.44,21,309.88
C010480,104839,Personal Loan,2026-04-17,3678.36,26,141.48
C010481,107013,Credit Card,2026-06-20,10280.13,9,1142.24
C010482,102525,Payroll Loan,2025-11-21,13051.89,41,318.34
C010483,107519,Vehicle Finance,2026-02-06,29011.27,26,1115.82
C010484,106415,Credit Card,2025-06-18,3265.57,24,136.07
C010485,107749,Personal Loan,2025-03-24,4747.67,17,279.27
C010486,109489,Credit Card,2025-05-03,5201.48,9,577.94
C010487,107979,Credit Card,2025-04-18,3022.79,15,201.52
C010488,107527,Personal Loan,2025-07-16,1750.0,26,67.31
C010489,104721,Personal Loan,2026-05-01,1750.0,13,134.62
C010490,101538,Credit Card,2026-02-16,9758.09,14,697.01
C010491,102506,Personal Loan,2025-09-08,1750.0,30,58.33
C010492,108236,Vehicle Finance,2025-04-27,93102.44,43,2165.17
C010493,101095,Payroll Loan,2026-06-09,4743.42,14,338.82
C010494,105632,Payroll Loan,2026-01-01,9220.24,48,192.09
C010495,107871,Credit Card,2026-06-01,6986.27,24,291.09
C010496,104576,Personal Loan,2025-08-21,8604.62,27,318.69
C010497,106045,Personal Loan,2025-11-06,4359.56,31,140.63
C010498,101822,Personal Loan,2025-03-29,5325.27,26,204.82
C010499,108215,Payroll Loan,2025-04-23,4561.3,44,103.67
C010500,105398,Credit Card,2025-12-18,1902.2,18,105.68
C010501,102522,Vehicle Finance,2025-12-03,80078.37,24,3336.6
C010502,107388,Payroll Loan,2026-06-18,9623.62,16,601.48
C010503,108162,Credit Card,2026-06-23,3445.68,12,287.14
C010504,103783,Vehicle Finance,2025-01-18,49533.74,28,1769.06
C010505,107154,Personal Loan,2026-04-23,12512.55,36,347.57
C010506,109530,Personal Loan,2025-12-14,10376.92,19,546.15
C010507,108015,Credit Card,2025-05-10,6357.22,18,353.18
C010508,101695,Personal Loan,2025-03-25,7958.46,30,265.28
C010509,103684,Personal Loan,2026-05-06,8275.42,16,517.21
C010510,100216,Payroll Loan,2025-01-17,16780.01,40,419.5
C010511,108225,Credit Card,2025-10-16,3054.03,20,152.7
C010512,105072,Payroll Loan,2025-04-17,7615.16,20,380.76
C010513,101790,Personal Loan,2026-06-12,4863.11,15,324.21
C010514,101709,Payroll Loan,2025-03-20,14624.14,35,417.83
C010515,100151,Credit Card,2026-01-05,5026.22,23,218.53
C010516,106421,Personal Loan,2025-05-29,5052.91,18,280.72
C010517,103115,Payroll Loan,2025-06-11,4070.64,44,92.51
C010518,104335,Personal Loan,2025-12-06,8431.75,12,702.65
C010519,102300,Payroll Loan,2025-06-05,20963.92,38,551.68
C010520,104111,Credit Card,2026-05-02,4302.18,19,226.43
C010521,104006,Vehicle Finance,2025-09-26,32811.85,31,1058.45
C010522,104549,Payroll Loan,2025-02-11,16912.6,33,512.5
C010523,103977,Personal Loan,2025-10-06,8580.98,24,357.54
C010524,101212,Credit Card,2025-05-11,2647.47,22,120.34
C010525,108598,Vehicle Finance,2026-05-15,35012.59,49,714.54
C010526,102748,Personal Loan,2025-01-12,4460.71,15,297.38
C010527,100009,Personal Loan,2025-03-08,13226.27,27,489.86
C010528,104477,Personal Loan,2025-09-29,4768.53,28,170.3
C010529,103053,Personal Loan,2025-06-02,11352.15,33,344.0
C010530,107643,Credit Card,2025-07-17,5054.24,7,722.03
C010531,103611,Payroll Loan,2025-04-30,6933.8,29,239.1
C010532,108847,Credit Card,2026-05-13,4467.9,23,194.26
C010533,102981,Credit Card,2025-01-01,5886.47,22,267.57
C010534,102714,Vehicle Finance,2025-03-10,28700.63,28,1025.02
C010535,100901,Personal Loan,2026-06-05,8637.41,27,319.9
C010536,101573,Credit Card,2025-09-27,7282.34,16,455.15
C010537,103047,Payroll Loan,2026-05-28,33000.0,45,733.33
C010538,103656,Vehicle Finance,2026-04-01,49420.38,24,2059.18
C010539,102587,Personal Loan,2025-06-15,3587.79,25,143.51
C010540,103685,Credit Card,2026-01-31,6091.62,6,1015.27
C010541,100641,Credit Card,2025-03-22,5401.08,20,270.05
C010542,104534,Personal Loan,2025-12-01,5276.86,23,229.43
C010543,100861,Personal Loan,2025-07-08,5969.86,13,459.22
C010544,106122,Vehicle Finance,2026-01-09,25483.64,31,822.05
C010545,102360,Personal Loan,2025-03-21,13199.81,34,388.23
C010546,104230,Personal Loan,2026-04-03,3502.35,29,120.77
C010547,104844,Credit Card,2025-05-27,11298.87,20,564.94
C010548,102540,Payroll Loan,2025-09-11,8228.89,24,342.87
C010549,101660,Credit Card,2026-04-04,4063.29,15,270.89
C010550,100811,Personal Loan,2025-09-19,3681.75,24,153.41
C010551,109289,Personal Loan,2025-10-17,2675.41,15,178.36
C010552,108036,Payroll Loan,2025-03-06,17926.46,13,1378.96
C010553,100416,Personal Loan,2026-01-24,2848.29,25,113.93
C010554,107390,Payroll Loan,2026-06-14,9086.46,21,432.69
C010555,104443,Vehicle Finance,2026-02-06,29375.89,45,652.8
C010556,108555,Personal Loan,2026-05-15,10286.35,25,411.45
C010557,103798,Personal Loan,2026-06-23,4292.84,16,268.3
C010558,101893,Credit Card,2026-01-01,5538.36,6,923.06
C010559,107617,Personal Loan,2026-04-17,4312.88,25,172.52
C010560,108501,Payroll Loan,2025-10-11,21370.8,18,1187.27
C010561,100264,Personal Loan,2025-07-12,5110.92,27,189.29
C010562,109035,Personal Loan,2025-11-11,4560.5,36,126.68
C010563,103640,Vehicle Finance,2026-04-12,17306.75,35,494.48
C010564,108454,Credit Card,2025-04-06,4566.04,22,207.55
C010565,106020,Payroll Loan,2025-12-08,12232.87,18,679.6
C010566,100384,Payroll Loan,2026-01-13,6653.04,40,166.33
C010567,109488,Vehicle Finance,2026-01-24,37618.98,44,854.98
C010568,103463,Credit Card,2026-02-02,3757.28,12,313.11
C010569,101330,Payroll Loan,2025-12-23,19175.97,24,799.0
C010570,109676,Credit Card,2025-12-02,4214.98,15,281.0
C010571,103481,Personal Loan,2026-05-23,7307.65,13,562.13
C010572,105387,Payroll Loan,2025-01-04,8178.37,13,629.11
C010573,104930,Vehicle Finance,2025-09-04,29005.71,27,1074.29
C010574,107696,Vehicle Finance,2025-02-11,30178.11,28,1077.79
C010575,102973,Personal Loan,2026-04-27,4619.79,26,177.68
C010576,103090,Payroll Loan,2025-03-20,33000.0,26,1269.23
C010577,109422,Payroll Loan,2026-02-25,13955.23,46,303.37
C010578,104472,Payroll Loan,2026-01-25,8802.06,31,283.94
C010579,101716,Personal Loan,2025-06-26,9807.53,32,306.49
C010580,103834,Personal Loan,2025-08-21,4419.62,27,163.69
C010581,104081,Personal Loan,2025-04-22,8931.48,25,357.26
C010582,107964,Personal Loan,2026-03-20,5749.03,26,221.12
C010583,101197,Personal Loan,2026-01-21,6333.62,36,175.93
C010584,101494,Vehicle Finance,2026-06-11,85146.44,47,1811.63
C010585,105987,Payroll Loan,2025-11-24,18417.72,36,511.6
C010586,104601,Vehicle Finance,2025-10-10,23664.15,51,464.0
C010587,100573,Personal Loan,2026-05-22,7996.2,21,380.77
C010588,108872,Personal Loan,2025-06-22,5804.82,35,165.85
C010589,100105,Credit Card,2026-04-26,2470.07,12,205.84
C010590,108643,Credit Card,2025-11-13,3895.5,15,259.7
C010591,106220,Vehicle Finance,2026-03-06,104448.64,35,2984.25
C010592,108147,Payroll Loan,2025-06-27,6486.17,14,463.3
C010593,108739,Personal Loan,2025-09-25,5466.03,21,260.29
C010594,101058,Credit Card,2025-08-03,5313.15,12,442.76
C010595,106010,Credit Card,2026-02-25,4010.64,22,182.3
C010596,105804,Payroll Loan,2025-02-07,33000.0,47,702.13
C010597,104290,Personal Loan,2026-06-03,5970.78,14,426.48
C010598,103225,Vehicle Finance,2025-07-02,29910.12,31,964.84
C010599,106393,Vehicle Finance,2025-08-07,26027.16,53,491.08
C010600,109713,Credit Card,2026-06-16,5797.03,18,322.06
C010601,109890,Personal Loan,2025-02-25,9583.21,31,309.14
C010602,105777,Vehicle Finance,2026-02-13,32389.63,43,753.25
C010603,104799,Personal Loan,2025-02-23,11788.64,15,785.91
C010604,109012,Vehicle Finance,2026-05-26,95357.72,59,1616.23
C010605,101745,Payroll Loan,2025-06-03,19405.91,47,412.89
C010606,101801,Personal Loan,2025-06-21,4306.7,19,226.67
C010607,102483,Personal Loan,2026-02-20,12159.55,29,419.29
C010608,108270,Personal Loan,2025-05-01,8203.16,12,683.6
C010609,102049,Credit Card,2025-02-20,4545.18,18,252.51
C010610,104147,Credit Card,2025-02-08,6731.42,12,560.95
C010611,101636,Personal Loan,2026-05-15,4832.74,30,161.09
C010612,104855,Vehicle Finance,2025-11-01,47343.95,47,1007.32
C010613,104289,Personal Loan,2026-06-06,5623.23,19,295.96
C010614,108227,Credit Card,2026-03-19,11044.58,19,581.29
C010615,100728,Personal Loan,2025-07-20,6187.34,16,386.71
C010616,101992,Credit Card,2026-06-18,4455.74,11,405.07
C010617,107335,Personal Loan,2026-03-14,9517.04,28,339.89
C010618,101630,Vehicle Finance,2025-04-24,29356.61,57,515.03
C010619,103959,Payroll Loan,2025-03-28,10670.65,23,463.94
C010620,100518,Credit Card,2025-02-08,3386.2,11,307.84
C010621,106250,Vehicle Finance,2025-02-02,49367.62,44,1121.99
C010622,105399,Vehicle Finance,2025-09-01,43620.74,53,823.03
C010623,105215,Credit Card,2025-08-19,2874.96,17,169.12
C010624,106985,Personal Loan,2025-08-05,4515.41,34,132.81
C010625,103269,Personal Loan,2025-02-03,6648.36,35,189.95
C010626,109284,Credit Card,2025-12-01,3181.96,8,397.74
C010627,109563,Personal Loan,2025-01-29,4237.72,29,146.13
C010628,107685,Credit Card,2025-11-13,3904.1,15,260.27
C010629,109078,Personal Loan,2025-03-06,21000.0,36,583.33
C010630,106185,Credit Card,2025-11-13,4504.3,24,187.68
C010631,109228,Personal Loan,2025-06-12,21000.0,32,656.25
C010632,105084,Vehicle Finance,2026-06-10,43979.99,57,771.58
C010633,107913,Credit Card,2025-03-21,2249.14,15,149.94
C010634,104567,Personal Loan,2026-03-18,7319.81,15,487.99
C010635,107324,Credit Card,2025-11-15,1750.86,20,87.54
C010636,104372,Personal Loan,2025-09-28,3967.66,27,146.95
C010637,103375,Credit Card,2026-03-31,7875.47,23,342.41
C010638,108059,Payroll Loan,2025-04-16,15111.2,29,521.08
C010639,101486,Personal Loan,2026-04-14,11688.87,29,403.06
C010640,103565,Personal Loan,2026-04-03,11012.66,29,379.75
C010641,109331,Payroll Loan,2026-04-24,9975.61,35,285.02
C010642,103144,Personal Loan,2025-01-30,3886.63,35,111.05
C010643,105629,Personal Loan,2025-10-26,6534.5,30,217.82
C010644,108927,Personal Loan,2025-07-20,10161.44,15,677.43
C010645,109175,Personal Loan,2025-05-17,6530.24,25,261.21
C010646,108716,Credit Card,2025-06-29,4954.67,9,550.52
C010647,101964,Personal Loan,2025-11-06,7076.06,26,272.16
C010648,107366,Payroll Loan,2025-01-19,6533.91,33,198.0
C010649,107618,Vehicle Finance,2025-12-12,39980.97,49,815.94
C010650,106547,Credit Card,2025-07-07,7841.25,17,461.25
C010651,108014,Personal Loan,2026-01-30,9633.12,14,688.08
C010652,103639,Credit Card,2025-04-23,7004.97,21,333.57
C010653,107721,Personal Loan,2026-01-24,6265.65,31,202.12
C010654,107664,Payroll Loan,2025-12-14,15967.07,47,339.72
C010655,108475,Payroll Loan,2025-04-16,16493.99,47,350.94
C010656,107855,Personal Loan,2025-06-09,9303.55,19,489.66
C010657,105760,Vehicle Finance,2025-05-21,41985.82,43,976.41
C010658,105052,Vehicle Finance,2026-05-21,78508.04,33,2379.03
C010659,105893,Credit Card,2025-12-21,7123.1,9,791.46
C010660,103880,Payroll Loan,2026-02-05,16590.27,26,638.09
C010661,109781,Payroll Loan,2025-02-18,8408.44,34,247.31
C010662,101186,Credit Card,2025-03-12,3778.85,9,419.87
C010663,109346,Credit Card,2026-06-30,4192.82,24,174.7
C010664,105790,Personal Loan,2026-03-02,3380.25,12,281.69
C010665,102787,Personal Loan,2026-03-11,2398.74,33,72.69
C010666,105209,Personal Loan,2026-05-23,4491.99,33,136.12
C010667,101180,Personal Loan,2026-04-06,13999.11,19,736.8
C010668,106373,Credit Card,2025-01-27,6110.5,22,277.75
C010669,109793,Personal Loan,2025-06-17,3960.2,33,120.01
C010670,100135,Credit Card,2025-08-10,4928.12,14,352.01
C010671,104970,Personal Loan,2025-03-24,7238.05,32,226.19
C010672,106246,Payroll Loan,2026-05-04,2750.0,24,114.58
C010673,106003,Credit Card,2026-05-25,11233.03,21,534.91
C010674,108225,Vehicle Finance,2025-03-29,26994.1,35,771.26
C010675,107104,Payroll Loan,2026-02-21,16111.74,21,767.23
C010676,105890,Credit Card,2026-03-21,13500.0,15,900.0
C010677,109429,Payroll Loan,2025-01-16,17571.41,36,488.09
C010678,104520,Credit Card,2025-03-10,4069.35,16,254.33
C010679,102322,Personal Loan,2026-06-02,3718.52,29,128.22
C010680,109958,Credit Card,2025-05-17,5666.72,16,354.17
C010681,107453,Credit Card,2026-03-14,5921.22,13,455.48
C010682,106140,Payroll Loan,2025-12-27,2911.32,45,64.7
C010683,103445,Personal Loan,2025-10-22,4116.48,17,242.15
C010684,107980,Personal Loan,2025-01-15,8934.2,14,638.16
C010685,100876,Personal Loan,2025-11-09,4785.18,33,145.01
C010686,102221,Vehicle Finance,2026-03-04,34023.23,28,1215.12
C010687,109008,Personal Loan,2025-06-01,19647.93,26,755.69
C010688,101940,Credit Card,2026-01-03,3693.81,14,263.84
C010689,100277,Personal Loan,2025-08-09,4085.41,12,340.45
C010690,109236,Personal Loan,2026-06-02,5713.14,14,408.08
C010691,103462,Personal Loan,2025-10-03,5359.82,15,357.32
C010692,109274,Vehicle Finance,2025-01-04,16680.47,58,287.59
C010693,100023,Personal Loan,2025-03-28,3623.34,26,139.36
C010694,101283,Personal Loan,2025-04-17,3451.22,34,101.51
C010695,105391,Personal Loan,2025-07-13,6571.94,21,312.95
C010696,109637,Credit Card,2025-08-17,4083.57,18,226.86
C010697,104525,Personal Loan,2025-10-03,5928.44,18,329.36
C010698,107291,Personal Loan,2026-01-27,4291.0,21,204.33
C010699,100081,Personal Loan,2026-02-03,19616.04,21,934.1
C010700,102991,Personal Loan,2025-09-24,11868.56,32,370.89
C010701,105128,Personal Loan,2025-10-27,10488.97,21,499.47
C010702,102180,Vehicle Finance,2025-03-01,20856.25,36,579.34
C010703,101922,Credit Card,2026-03-13,5281.19,7,754.46
C010704,106515,Credit Card,2025-01-28,6376.1,17,375.06
C010705,102440,Personal Loan,2026-06-15,14456.12,21,688.39
C010706,100975,Credit Card,2025-07-09,9253.38,23,402.32
C010707,102078,Personal Loan,2025-09-04,13573.9,30,452.46
C010708,107107,Vehicle Finance,2025-03-28,30220.0,37,816.76
C010709,105992,Credit Card,2025-06-23,3349.2,11,304.47
C010710,108222,Credit Card,2025-04-07,4954.36,10,495.44
C010711,100423,Vehicle Finance,2025-07-04,83240.24,44,1891.82
C010712,105090,Personal Loan,2025-06-11,4743.84,15,316.26
C010713,109396,Credit Card,2026-01-31,5081.46,6,846.91
C010714,108256,Vehicle Finance,2025-11-15,44891.2,38,1181.35
C010715,106083,Credit Card,2026-02-15,2507.28,11,227.93
C010716,106746,Vehicle Finance,2026-03-05,17164.85,50,343.3
C010717,100826,Credit Card,2026-04-19,2734.68,17,160.86
C010718,105786,Payroll Loan,2025-04-24,21594.76,43,502.2
C010719,100986,Payroll Loan,2025-07-14,8525.12,27,315.75
C010720,104268,Personal Loan,2025-08-24,4960.64,33,150.32
C010721,103188,Vehicle Finance,2025-08-23,21628.06,39,554.57
C010722,106524,Vehicle Finance,2026-01-30,23875.87,25,955.03
C010723,107801,Personal Loan,2025-01-22,4198.65,30,139.95
C010724,109744,Payroll Loan,2026-04-15,11573.11,24,482.21
C010725,109688,Credit Card,2025-11-06,6290.02,21,299.52
C010726,101179,Credit Card,2025-04-25,4459.01,22,202.68
C010727,100380,Payroll Loan,2025-07-03,9498.33,15,633.22
C010728,101688,Credit Card,2026-04-04,4241.18,12,353.43
C010729,108057,Payroll Loan,2025-11-20,14352.08,22,652.37
C010730,106631,Credit Card,2025-08-26,3306.59,14,236.18
C010731,106073,Personal Loan,2026-05-07,6522.82,29,224.92
C010732,109846,Personal Loan,2025-12-20,8338.12,23,362.53
C010733,104731,Payroll Loan,2025-03-26,7553.45,16,472.09
C010734,104996,Credit Card,2025-09-11,1454.52,11,132.23
C010735,107033,Personal Loan,2026-06-21,14463.08,12,1205.26
C010736,103961,Credit Card,2026-02-11,6274.44,24,261.44
C010737,101761,Vehicle Finance,2025-12-21,24723.29,58,426.26
C010738,109604,Personal Loan,2026-01-29,2469.2,27,91.45
C010739,109713,Vehicle Finance,2025-08-30,27661.31,35,790.32
C010740,102789,Credit Card,2025-10-10,5183.03,23,225.35
C010741,101305,Credit Card,2025-02-12,5522.66,22,251.03
C010742,103289,Payroll Loan,2026-06-05,13031.32,28,465.4
C010743,103880,Credit Card,2025-03-29,1347.48,13,103.65
C010744,104220,Credit Card,2026-05-09,2425.77,20,121.29
C010745,109761,Credit Card,2026-05-11,4621.79,20,231.09
C010746,105194,Personal Loan,2025-07-04,7877.63,16,492.35
C010747,107980,Payroll Loan,2026-06-17,14405.76,47,306.51
C010748,100541,Payroll Loan,2025-03-07,7971.01,34,234.44
C010749,101640,Personal Loan,2025-02-23,7925.44,36,220.15
C010750,104026,Payroll Loan,2025-03-22,19971.39,38,525.56
C010751,100852,Vehicle Finance,2026-05-02,35240.01,54,652.59
C010752,105827,Credit Card,2025-05-22,4067.5,15,271.17
C010753,102359,Personal Loan,2026-06-27,8426.02,32,263.31
C010754,101237,Payroll Loan,2025-12-24,10453.29,30,348.44
C010755,101178,Payroll Loan,2025-06-01,8951.59,25,358.06
C010756,104612,Payroll Loan,2025-04-13,11540.84,26,443.88
C010757,103257,Personal Loan,2026-02-11,12177.09,21,579.86
C010758,103073,Personal Loan,2025-11-04,5360.68,21,255.27
C010759,103084,Credit Card,2025-03-19,3756.52,17,220.97
C010760,101116,Payroll Loan,2026-02-14,4909.99,29,169.31
C010761,101184,Personal Loan,2026-04-26,3326.52,33,100.8
C010762,109161,Personal Loan,2025-04-24,9917.14,31,319.91
C010763,101049,Vehicle Finance,2025-10-16,24318.46,30,810.62
C010764,103580,Payroll Loan,2025-06-17,18136.71,39,465.04
C010765,102061,Payroll Loan,2025-05-08,5108.84,19,268.89
C010766,104929,Payroll Loan,2025-01-25,21016.67,19,1106.14
C010767,107438,Vehicle Finance,2026-06-20,54678.14,50,1093.56
C010768,105248,Payroll Loan,2025-03-04,15972.08,26,614.31
C010769,107705,Payroll Loan,2025-07-12,33000.0,41,804.88
C010770,101660,Payroll Loan,2025-07-24,11234.02,44,255.32
C010771,106237,Vehicle Finance,2026-03-13,110291.03,37,2980.84
C010772,105665,Personal Loan,2025-05-30,6098.01,29,210.28
C010773,100174,Credit Card,2026-05-15,10268.23,7,1466.89
C010774,102459,Personal Loan,2025-04-27,3522.64,19,185.4
C010775,105196,Vehicle Finance,2026-03-08,40316.89,59,683.34
C010776,106051,Credit Card,2025-06-28,4353.57,23,189.29
C010777,102050,Payroll Loan,2025-03-16,10351.35,31,333.91
C010778,101174,Vehicle Finance,2025-03-01,52610.92,45,1169.13
C010779,101424,Personal Loan,2025-12-11,21000.0,13,1615.38
C010780,107921,Credit Card,2026-02-02,6945.44,11,631.4
C010781,100951,Personal Loan,2025-12-11,4331.91,35,123.77
C010782,108635,Personal Loan,2025-11-21,4545.14,23,197.61
C010783,101535,Personal Loan,2025-10-17,8267.55,25,330.7
C010784,109805,Credit Card,2025-05-24,2174.17,18,120.79
C010785,106324,Personal Loan,2026-02-28,5785.11,15,385.67
C010786,108955,Credit Card,2025-03-16,5257.63,22,238.98
C010787,104517,Credit Card,2025-03-27,4646.65,11,422.42
C010788,106642,Vehicle Finance,2025-01-23,19202.83,40,480.07
C010789,103466,Personal Loan,2025-12-17,19219.43,19,1011.55
C010790,101447,Personal Loan,2026-01-07,12720.9,36,353.36
C010791,107360,Vehicle Finance,2026-04-02,74700.74,54,1383.35
C010792,100874,Personal Loan,2025-04-27,20156.42,16,1259.78
C010793,104217,Vehicle Finance,2025-11-07,35461.68,39,909.27
C010794,100791,Credit Card,2025-08-24,6766.26,20,338.31
C010795,105162,Vehicle Finance,2026-06-18,40674.1,36,1129.84
C010796,108400,Credit Card,2025-11-19,3877.87,13,298.3
C010797,101791,Payroll Loan,2025-12-26,12290.39,28,438.94
C010798,107649,Credit Card,2025-07-14,5757.8,14,411.27
C010799,103095,Personal Loan,2026-02-04,5332.61,36,148.13
C010800,102226,Personal Loan,2025-01-21,5548.4,19,292.02
C010801,109014,Payroll Loan,2026-04-22,3893.57,23,169.29
C010802,102366,Payroll Loan,2025-10-14,13717.74,17,806.93
C010803,105774,Vehicle Finance,2025-11-14,87818.1,42,2090.91
C010804,100967,Payroll Loan,2026-05-28,11091.93,15,739.46
C010805,101500,Credit Card,2025-03-31,4479.64,7,639.95
C010806,109719,Personal Loan,2025-03-12,10663.28,32,333.23
C010807,104293,Credit Card,2025-12-15,2559.93,14,182.85
C010808,102512,Vehicle Finance,2025-07-25,17926.41,54,331.97
C010809,108752,Credit Card,2025-11-12,4288.15,10,428.81
C010810,108478,Payroll Loan,2025-06-21,6025.36,17,354.43
C010811,102469,Credit Card,2025-08-11,2929.73,14,209.27
C010812,107652,Credit Card,2025-05-12,4032.67,12,336.06
C010813,102732,Payroll Loan,2025-12-15,6704.04,26,257.85
C010814,108022,Payroll Loan,2025-12-11,15875.53,31,512.11
C010815,102988,Credit Card,2026-01-04,5859.46,7,837.07
C010816,106287,Personal Loan,2025-07-22,3900.98,18,216.72
C010817,109689,Payroll Loan,2025-08-30,5644.68,25,225.79
C010818,102132,Credit Card,2025-06-21,3007.3,17,176.9
C010819,102153,Credit Card,2025-11-29,5966.64,6,994.44
C010820,102203,Payroll Loan,2025-04-04,6435.22,14,459.66
C010821,104832,Vehicle Finance,2025-02-09,23863.79,34,701.88
C010822,109337,Personal Loan,2025-07-18,12430.3,15,828.69
C010823,108424,Personal Loan,2025-12-22,4219.66,21,200.94
C010824,105535,Payroll Loan,2026-06-26,5900.18,46,128.26
C010825,104736,Credit Card,2025-05-04,6825.17,11,620.47
C010826,106707,Vehicle Finance,2026-04-19,18805.81,33,569.87
C010827,108377,Payroll Loan,2025-05-03,6307.0,17,371.0
C010828,105305,Payroll Loan,2025-02-22,19330.07,21,920.48
C010829,105231,Payroll Loan,2025-04-04,7898.05,19,415.69
C010830,103425,Payroll Loan,2025-12-12,13368.27,24,557.01
C010831,109227,Payroll Loan,2025-07-27,29523.62,40,738.09
C010832,107046,Credit Card,2025-09-21,10076.71,7,1439.53
C010833,106270,Credit Card,2025-06-01,6380.86,14,455.78
C010834,108596,Payroll Loan,2026-01-06,15582.53,27,577.13
C010835,106325,Payroll Loan,2025-10-24,7342.56,31,236.86
C010836,102338,Vehicle Finance,2026-05-29,51014.92,25,2040.6
C010837,106943,Personal Loan,2025-09-28,4963.88,15,330.93
C010838,101626,Personal Loan,2025-02-19,6945.93,29,239.51
C010839,101700,Personal Loan,2026-03-16,7188.51,26,276.48
C010840,100660,Personal Loan,2025-10-30,10514.84,30,350.49
C010841,101347,Credit Card,2025-05-21,6725.18,8,840.65
C010842,109032,Credit Card,2025-02-07,11864.39,19,624.44
C010843,100360,Vehicle Finance,2025-06-12,42989.7,59,728.64
C010844,106873,Personal Loan,2025-07-23,14624.43,34,430.13
C010845,108920,Vehicle Finance,2025-04-06,38174.02,59,647.02
C010846,107107,Personal Loan,2025-09-04,5337.52,29,184.05
C010847,102492,Credit Card,2025-11-17,3611.35,8,451.42
C010848,100544,Payroll Loan,2025-02-16,7340.84,29,253.13
C010849,104582,Payroll Loan,2025-01-02,5883.21,37,159.01
C010850,103987,Personal Loan,2025-05-13,21000.0,14,1500.0
C010851,107502,Credit Card,2026-04-17,2368.83,22,107.67
C010852,100574,Personal Loan,2025-11-09,4145.08,17,243.83
C010853,107845,Credit Card,2025-09-23,1978.24,12,164.85
C010854,106890,Vehicle Finance,2025-05-04,39178.06,50,783.56
C010855,103203,Personal Loan,2025-11-17,5538.06,27,205.11
C010856,103425,Credit Card,2026-01-29,3512.67,22,159.67
C010857,106903,Credit Card,2025-05-17,2480.6,20,124.03
C010858,109808,Credit Card,2025-12-30,3523.72,17,207.28
C010859,103512,Personal Loan,2025-03-10,12998.8,32,406.21
C010860,107209,Personal Loan,2025-09-29,5736.55,29,197.81
C010861,105973,Credit Card,2026-01-16,3545.15,12,295.43
C010862,101427,Credit Card,2025-11-02,6539.46,24,272.48
C010863,108299,Vehicle Finance,2026-06-16,41550.32,38,1093.43
C010864,101822,Credit Card,2025-06-26,2971.79,14,212.27
C010865,100890,Payroll Loan,2025-01-27,11030.32,39,282.83
C010866,101219,Vehicle Finance,2025-10-28,22593.26,55,410.79
C010867,103907,Vehicle Finance,2026-06-15,73314.56,57,1286.22
C010868,102496,Credit Card,2025-06-25,4200.23,15,280.02
C010869,104506,Credit Card,2026-03-16,2303.25,22,104.69
C010870,109712,Vehicle Finance,2026-05-11,21385.51,26,822.52
C010871,100741,Credit Card,2025-04-11,3912.2,16,244.51
C010872,109854,Personal Loan,2025-02-15,5769.28,23,250.84
C010873,103172,Personal Loan,2025-06-22,9335.31,25,373.41
C010874,102870,Personal Loan,2025-04-22,8996.31,19,473.49
C010875,100809,Personal Loan,2026-06-24,3921.25,22,178.24
C010876,102443,Personal Loan,2025-05-18,3997.1,35,114.2
C010877,109773,Payroll Loan,2026-05-06,11867.28,22,539.42
C010878,102566,Credit Card,2026-03-07,6916.94,24,288.21
C010879,108057,Credit Card,2026-05-19,11424.04,19,601.27
C010880,105059,Personal Loan,2025-09-04,5194.67,27,192.4
C010881,100342,Credit Card,2025-12-31,4371.08,12,364.26
C010882,104818,Payroll Loan,2025-10-31,10890.79,25,435.63
C010883,100876,Vehicle Finance,2025-09-26,31630.88,31,1020.35
C010884,104485,Vehicle Finance,2025-06-11,72092.02,37,1948.43
C010885,104808,Payroll Loan,2025-04-27,7433.46,20,371.67
C010886,100797,Vehicle Finance,2025-05-27,17421.64,35,497.76
C010887,106032,Payroll Loan,2025-06-06,11893.33,48,247.78
C010888,102584,Personal Loan,2025-12-21,7813.77,23,339.73
C010889,107967,Payroll Loan,2025-02-09,19495.2,22,886.15
C010890,104542,Personal Loan,2026-01-10,10039.2,13,772.25
C010891,108685,Credit Card,2026-01-14,3195.7,15,213.05
C010892,102157,Personal Loan,2025-10-10,8842.89,32,276.34
C010893,106536,Payroll Loan,2026-04-27,22963.07,42,546.74
C010894,106246,Personal Loan,2026-01-20,8304.5,13,638.81
C010895,100032,Credit Card,2025-12-03,1850.05,16,115.63
C010896,101540,Vehicle Finance,2026-02-27,114000.0,41,2780.49
C010897,102893,Personal Loan,2025-10-23,5377.16,17,316.3
C010898,103592,Vehicle Finance,2025-02-25,51917.99,55,943.96
C010899,108829,Payroll Loan,2026-01-10,6263.91,43,145.67
C010900,107590,Credit Card,2025-05-09,5955.75,18,330.88
C010901,102026,Personal Loan,2025-02-04,5795.5,19,305.03
C010902,105917,Payroll Loan,2025-12-06,4768.63,20,238.43
C010903,100468,Credit Card,2025-06-08,3801.08,22,172.78
C010904,109124,Personal Loan,2026-04-23,11689.96,23,508.26
C010905,106894,Payroll Loan,2025-08-02,8610.29,43,200.24
C010906,102884,Vehicle Finance,2026-03-19,42620.58,44,968.65
C010907,106731,Credit Card,2026-04-01,1845.12,9,205.01
C010908,100104,Personal Loan,2025-11-15,8155.3,27,302.05
C010909,102607,Payroll Loan,2025-05-28,7349.36,36,204.15
C010910,105063,Personal Loan,2025-08-31,7006.51,15,467.1
C010911,106307,Credit Card,2025-02-21,2297.78,6,382.96
C010912,102213,Credit Card,2025-01-18,2378.66,22,108.12
C010913,105801,Credit Card,2025-01-23,3339.19,16,208.7
C010914,101233,Personal Loan,2026-05-19,16098.16,34,473.48
C010915,101385,Vehicle Finance,2025-03-13,58335.37,37,1576.63
C010916,100179,Personal Loan,2026-02-11,5015.59,15,334.37
C010917,107643,Personal Loan,2026-06-01,5972.39,15,398.16
C010918,105866,Credit Card,2025-06-05,4698.86,18,261.05
C010919,102195,Vehicle Finance,2025-04-23,66374.7,30,2212.49
C010920,103863,Vehicle Finance,2025-10-04,60095.77,35,1717.02
C010921,107859,Vehicle Finance,2025-11-24,32952.34,39,844.93
C010922,103234,Personal Loan,2025-05-11,5357.88,29,184.75
C010923,102675,Personal Loan,2025-09-02,21000.0,27,777.78
C010924,103815,Credit Card,2026-05-15,4800.32,23,208.71
C010925,102172,Payroll Loan,2025-09-10,16472.83,12,1372.74
C010926,107632,Vehicle Finance,2025-09-02,65061.5,51,1275.72
C010927,108769,Personal Loan,2025-06-06,4385.24,17,257.96
C010928,102322,Personal Loan,2026-04-12,2917.4,17,171.61
C010929,109208,Personal Loan,2026-05-31,5252.6,25,210.1
C010930,105097,Vehicle Finance,2025-12-05,30778.99,59,521.68
C010931,106560,Personal Loan,2025-05-03,10726.48,20,536.32
C010932,109940,Personal Loan,2025-10-14,13942.64,32,435.71
C010933,109124,Payroll Loan,2025-03-22,8435.84,12,702.99
C010934,100500,Vehicle Finance,2026-05-11,48454.06,51,950.08
C010935,101134,Personal Loan,2026-05-20,7907.49,28,282.41
C010936,106577,Personal Loan,2025-03-17,5737.71,23,249.47
C010937,106188,Payroll Loan,2025-09-26,6404.02,29,220.83
C010938,106829,Credit Card,2025-02-05,4826.12,7,689.45
C010939,101695,Personal Loan,2025-10-06,4901.18,20,245.06
C010940,104228,Personal Loan,2025-12-29,7286.48,34,214.31
C010941,104825,Credit Card,2026-02-07,1871.92,24,78.0
C010942,108073,Credit Card,2026-05-15,5005.17,16,312.82
C010943,106465,Credit Card,2026-06-20,5750.68,23,250.03
C010944,106715,Vehicle Finance,2025-03-14,42134.31,28,1504.8
C010945,103416,Payroll Loan,2026-01-26,14884.11,31,480.13
C010946,107123,Credit Card,2025-05-13,6665.54,15,444.37
C010947,100869,Credit Card,2026-02-22,2679.74,20,133.99
C010948,101295,Personal Loan,2025-08-07,6592.7,35,188.36
C010949,104273,Personal Loan,2025-11-26,6944.64,32,217.02
C010950,105474,Vehicle Finance,2026-05-24,17052.3,51,334.36
C010951,102896,Personal Loan,2026-05-22,4210.42,33,127.59
C010952,101674,Personal Loan,2026-04-11,8380.87,17,492.99
C010953,105045,Credit Card,2025-09-10,1764.54,23,76.72
C010954,100797,Credit Card,2026-06-15,3015.12,19,158.69
C010955,102108,Credit Card,2025-01-01,2152.99,16,134.56
C010956,104246,Credit Card,2026-02-27,4197.26,8,524.66
C010957,105027,Payroll Loan,2025-04-28,6654.07,43,154.75
C010958,100988,Personal Loan,2025-07-10,5570.17,32,174.07
C010959,108053,Credit Card,2026-05-24,4685.62,18,260.31
C010960,100004,Payroll Loan,2025-01-29,13546.01,44,307.86
C010961,105000,Vehicle Finance,2025-04-21,86347.8,51,1693.09
C010962,109712,Personal Loan,2025-12-02,3907.9,25,156.32
C010963,108970,Credit Card,2026-06-25,6773.76,7,967.68
C010964,108769,Credit Card,2026-05-04,4254.38,6,709.06
C010965,107093,Payroll Loan,2025-10-30,12042.88,27,446.03
C010966,101859,Credit Card,2025-09-01,8197.21,23,356.4
C010967,106321,Credit Card,2025-08-06,6838.59,9,759.84
C010968,101499,Payroll Loan,2025-08-03,9224.67,23,401.07
C010969,109778,Credit Card,2026-03-06,2029.38,19,106.81
C010970,103431,Vehicle Finance,2026-03-09,39636.99,46,861.67
C010971,100458,Personal Loan,2025-06-12,11947.83,16,746.74
C010972,101127,Personal Loan,2025-08-07,6396.92,27,236.92
C010973,100950,Vehicle Finance,2026-03-25,33666.85,57,590.65
C010974,103390,Personal Loan,2026-02-05,3051.07,30,101.7
C010975,101777,Credit Card,2025-10-12,5065.69,23,220.25
C010976,107054,Payroll Loan,2025-04-24,21590.07,25,863.6
C010977,106989,Credit Card,2025-05-11,1978.78,10,197.88
C010978,102395,Payroll Loan,2025-12-12,7555.52,44,171.72
C010979,101108,Payroll Loan,2026-01-17,15462.96,17,909.59
C010980,107787,Credit Card,2025-11-08,3380.15,6,563.36
C010981,100511,Personal Loan,2025-10-31,11038.93,25,441.56
C010982,109229,Personal Loan,2025-08-28,8026.57,15,535.1
C010983,102878,Vehicle Finance,2026-02-15,37907.29,42,902.55
C010984,100381,Personal Loan,2025-06-29,7368.53,27,272.91
C010985,107136,Vehicle Finance,2025-12-20,73518.24,54,1361.45
C010986,105406,Payroll Loan,2025-12-03,20404.83,47,434.15
C010987,108791,Payroll Loan,2025-05-09,3778.0,22,171.73
C010988,100765,Credit Card,2026-06-02,2804.53,14,200.32
C010989,104149,Credit Card,2026-02-09,4889.32,17,287.61
C010990,105512,Payroll Loan,2025-06-17,6243.74,20,312.19
C010991,103192,Payroll Loan,2025-06-04,12438.43,34,365.84
C010992,100373,Payroll Loan,2025-01-31,18621.1,36,517.25
C010993,101166,Credit Card,2025-09-10,4959.39,18,275.52
C010994,104973,Vehicle Finance,2026-04-25,33589.41,43,781.15
C010995,105403,Vehicle Finance,2025-05-27,43848.1,45,974.4
C010996,104270,Vehicle Finance,2025-01-10,43364.92,59,735.0
C010997,106181,Personal Loan,2025-09-04,9224.11,24,384.34
C010998,109577,Personal Loan,2025-02-04,6367.41,17,374.55
C010999,100668,Credit Card,2026-03-10,2887.39,7,412.48
C011000,101818,Credit Card,2025-03-20,6786.82,18,377.05
C011001,105079,Personal Loan,2025-08-07,6721.86,30,224.06
C011002,101085,Vehicle Finance,2026-02-12,53304.52,27,1974.24
C011003,103988,Vehicle Finance,2025-05-17,92341.08,55,1678.93
C011004,100731,Personal Loan,2025-02-07,4498.27,30,149.94
C011005,100493,Personal Loan,2026-03-07,12508.56,36,347.46
C011006,101397,Credit Card,2025-09-28,5865.99,23,255.04
C011007,101122,Credit Card,2025-02-10,5022.24,6,837.04
C011008,105863,Personal Loan,2025-03-17,16471.52,34,484.46
C011009,105854,Personal Loan,2026-05-03,10478.06,36,291.06
C011010,109734,Personal Loan,2025-10-31,5742.91,19,302.26
C011011,108552,Credit Card,2025-05-22,5426.15,17,319.19
C011012,105958,Credit Card,2025-09-23,4114.73,13,316.52
C011013,109175,Vehicle Finance,2026-06-23,33963.01,25,1358.52
C011014,106520,Payroll Loan,2025-06-19,9923.46,46,215.73
C011015,109354,Vehicle Finance,2025-04-26,37319.61,54,691.1
C011016,106154,Credit Card,2025-11-09,6415.76,8,801.97
C011017,108489,Credit Card,2026-03-27,7955.23,7,1136.46
C011018,101754,Payroll Loan,2025-06-17,14676.42,46,319.05
C011019,109731,Personal Loan,2025-02-18,9724.84,30,324.16
C011020,109446,Personal Loan,2026-04-04,2729.88,28,97.5
C011021,100592,Credit Card,2026-03-29,4455.26,13,342.71
C011022,109919,Credit Card,2026-05-21,8087.69,22,367.62
C011023,104135,Payroll Loan,2025-07-11,20936.3,14,1495.45
C011024,101562,Vehicle Finance,2025-10-11,114000.0,58,1965.52
C011025,107276,Personal Loan,2025-09-15,9525.17,21,453.58
C011026,102489,Vehicle Finance,2025-03-09,61378.6,30,2045.95
C011027,106701,Credit Card,2025-12-08,4253.65,6,708.94
C011028,105703,Personal Loan,2025-06-26,4239.01,16,264.94
C011029,106636,Payroll Loan,2026-05-05,8344.69,29,287.75
C011030,109191,Personal Loan,2026-03-25,7089.93,20,354.5
C011031,107040,Vehicle Finance,2025-05-02,27477.25,50,549.54
C011032,105810,Credit Card,2025-04-24,7873.99,24,328.08
C011033,102630,Vehicle Finance,2025-03-10,30432.77,42,724.59
C011034,103773,Credit Card,2025-03-11,3306.08,11,300.55
C011035,101537,Payroll Loan,2025-09-05,7237.15,26,278.35
C011036,103800,Personal Loan,2026-06-10,6750.65,31,217.76
C011037,100137,Personal Loan,2025-10-16,4893.81,34,143.94
C011038,104002,Credit Card,2025-10-28,7939.45,8,992.43
C011039,100143,Payroll Loan,2025-08-09,8250.91,28,294.68
C011040,109308,Vehicle Finance,2025-09-10,86521.08,30,2884.04
C011041,102543,Vehicle Finance,2025-09-27,96484.43,34,2837.78
C011042,107711,Personal Loan,2026-05-20,7947.2,17,467.48
C011043,101446,Vehicle Finance,2025-02-04,26706.39,43,621.08
C011044,108006,Personal Loan,2025-10-20,5257.56,36,146.04
C011045,100232,Credit Card,2025-11-13,2360.74,14,168.62
C011046,100432,Payroll Loan,2025-09-28,6149.24,32,192.16
C011047,102844,Credit Card,2025-08-22,3130.02,11,284.55
C011048,103096,Vehicle Finance,2025-06-13,78939.26,50,1578.79
C011049,108078,Vehicle Finance,2025-08-30,26802.21,55,487.31
C011050,107836,Credit Card,2026-01-04,3051.64,16,190.73
C011051,105232,Payroll Loan,2025-06-20,27657.91,12,2304.83
C011052,101186,Credit Card,2026-01-25,3357.27,10,335.73
C011053,108040,Vehicle Finance,2026-03-23,65850.47,44,1496.6
C011054,102616,Payroll Loan,2025-03-15,13736.83,41,335.04
C011055,106680,Payroll Loan,2025-12-22,15305.17,38,402.77
C011056,108229,Credit Card,2026-03-03,3931.86,6,655.31
C011057,102469,Payroll Loan,2026-02-23,26234.58,26,1009.02
C011058,105586,Payroll Loan,2025-08-30,13605.7,16,850.36
C011059,107453,Credit Card,2025-06-07,10507.76,23,456.86
C011060,105441,Personal Loan,2025-08-17,7406.06,31,238.91
C011061,103915,Credit Card,2026-02-28,3790.9,16,236.93
C011062,102952,Personal Loan,2026-05-09,8218.47,14,587.03
C011063,106811,Personal Loan,2025-10-21,5012.93,31,161.71
C011064,100927,Vehicle Finance,2025-03-27,15572.27,58,268.49
C011065,105611,Payroll Loan,2025-02-16,13995.73,17,823.28
C011066,108651,Vehicle Finance,2025-09-25,102365.09,32,3198.91
C011067,102255,Credit Card,2025-10-17,3180.65,20,159.03
C011068,101816,Payroll Loan,2025-09-04,10806.01,14,771.86
C011069,105763,Personal Loan,2026-02-15,5733.92,35,163.83
C011070,105267,Credit Card,2025-11-25,4693.79,12,391.15
C011071,101486,Credit Card,2025-10-16,5676.34,15,378.42
C011072,105925,Credit Card,2025-05-02,4092.51,7,584.64
C011073,100796,Payroll Loan,2026-01-02,9395.59,19,494.5
C011074,104771,Credit Card,2025-05-15,3452.35,16,215.77
C011075,100646,Personal Loan,2026-06-06,16424.99,35,469.29
C011076,108136,Credit Card,2025-01-28,6647.21,9,738.58
C011077,109689,Vehicle Finance,2025-04-06,29749.2,56,531.24
C011078,100051,Payroll Loan,2026-03-19,20619.69,46,448.25
C011079,106403,Payroll Loan,2026-06-21,9204.9,44,209.2
C011080,103626,Personal Loan,2025-02-21,3801.11,27,140.78
C011081,101025,Vehicle Finance,2025-03-27,24295.89,36,674.89
C011082,107003,Personal Loan,2025-12-01,4567.71,25,182.71
C011083,108784,Payroll Loan,2026-06-24,8773.6,33,265.87
C011084,100483,Personal Loan,2025-01-17,4882.79,16,305.17
C011085,101444,Vehicle Finance,2025-08-03,14424.31,47,306.9
C011086,109210,Personal Loan,2025-11-19,5948.5,34,174.96
C011087,100237,Vehicle Finance,2025-12-08,46732.56,58,805.73
C011088,103789,Credit Card,2025-05-05,3913.84,15,260.92
C011089,109123,Personal Loan,2025-01-10,6852.6,32,214.14
C011090,105952,Personal Loan,2025-12-30,10472.28,30,349.08
C011091,101950,Payroll Loan,2026-06-20,6763.88,44,153.72
C011092,100095,Personal Loan,2026-02-23,7360.52,27,272.61
C011093,105246,Personal Loan,2026-05-11,6013.6,23,261.46
C011094,105394,Personal Loan,2026-06-19,4195.73,28,149.85
C011095,105096,Credit Card,2026-01-04,5594.88,7,799.27
C011096,102066,Payroll Loan,2026-02-11,16529.5,12,1377.46
C011097,109557,Vehicle Finance,2025-04-04,67792.21,44,1540.73
C011098,103358,Payroll Loan,2026-06-01,5550.18,20,277.51
C011099,109164,Personal Loan,2025-11-26,4911.79,12,409.32
C011100,109379,Payroll Loan,2026-05-24,9200.59,26,353.87
C011101,102036,Vehicle Finance,2026-06-19,27834.17,28,994.08
C011102,107179,Personal Loan,2025-06-03,3880.22,29,133.8
C011103,104722,Credit Card,2026-02-27,2163.85,8,270.48
C011104,106461,Personal Loan,2025-08-07,8487.78,21,404.18
C011105,105445,Personal Loan,2025-02-13,15577.8,20,778.89
C011106,109888,Vehicle Finance,2025-08-14,33448.53,40,836.21
C011107,105975,Personal Loan,2025-09-13,4126.06,23,179.39
C011108,101788,Credit Card,2025-07-08,4828.25,15,321.88
C011109,108463,Payroll Loan,2025-08-17,4493.41,28,160.48
C011110,100609,Personal Loan,2026-02-08,3440.63,33,104.26
C011111,107170,Vehicle Finance,2026-01-26,70037.64,53,1321.46
C011112,107686,Credit Card,2025-07-29,3522.36,18,195.69
C011113,105372,Vehicle Finance,2026-01-23,48845.41,41,1191.35
C011114,100231,Credit Card,2026-05-18,3211.48,12,267.62
C011115,103336,Personal Loan,2026-05-06,7528.94,29,259.62
C011116,107792,Credit Card,2025-11-01,6650.64,6,1108.44
C011117,108551,Credit Card,2026-04-12,4480.02,21,213.33
C011118,105062,Credit Card,2025-06-16,4447.14,10,444.71
C011119,104689,Personal Loan,2025-03-24,8473.64,26,325.91
C011120,102270,Personal Loan,2026-04-06,4836.74,22,219.85
C011121,104686,Credit Card,2026-02-01,2486.22,7,355.17
C011122,106404,Personal Loan,2026-01-09,10403.39,23,452.32
C011123,109419,Personal Loan,2026-02-17,7131.24,19,375.33
C011124,104942,Vehicle Finance,2025-06-23,53596.51,25,2143.86
C011125,100749,Vehicle Finance,2025-05-31,28669.54,58,494.3
C011126,101894,Personal Loan,2026-05-04,11506.0,16,719.12
C011127,104923,Vehicle Finance,2026-02-28,13654.55,50,273.09
C011128,108060,Vehicle Finance,2025-09-01,55841.6,41,1361.99
C011129,105958,Personal Loan,2025-08-14,7604.16,12,633.68
C011130,102893,Vehicle Finance,2025-02-27,64961.97,57,1139.68
C011131,109433,Credit Card,2025-01-28,2924.01,8,365.5
C011132,102451,Payroll Loan,2026-03-21,10652.58,30,355.09
C011133,100210,Payroll Loan,2025-07-09,10417.67,14,744.12
C011134,106957,Credit Card,2026-01-21,5990.48,6,998.41
C011135,100523,Personal Loan,2026-05-06,12124.03,12,1010.34
C011136,104196,Payroll Loan,2025-01-22,12913.71,38,339.83
C011137,101508,Personal Loan,2025-06-01,3856.77,34,113.43
C011138,103437,Personal Loan,2025-03-16,6896.25,24,287.34
C011139,103437,Personal Loan,2025-10-17,17082.78,30,569.43
C011140,105601,Personal Loan,2026-05-03,3416.3,35,97.61
C011141,109756,Vehicle Finance,2025-04-24,21702.87,51,425.55
C011142,106596,Payroll Loan,2025-01-23,8139.24,13,626.1
C011143,101489,Personal Loan,2026-01-01,13921.19,32,435.04
C011144,101244,Personal Loan,2025-10-28,9217.15,25,368.69
C011145,103406,Personal Loan,2026-02-05,3913.33,13,301.03
C011146,108954,Personal Loan,2025-02-02,9619.87,29,331.72
C011147,104380,Credit Card,2025-04-29,4373.81,18,242.99
C011148,103724,Personal Loan,2026-03-31,15852.21,20,792.61
C011149,102615,Vehicle Finance,2025-06-24,21425.47,24,892.73
C011150,101954,Credit Card,2025-03-28,5585.19,8,698.15
C011151,104951,Personal Loan,2026-06-01,12288.53,24,512.02
C011152,101295,Personal Loan,2025-11-24,4148.85,20,207.44
C011153,104692,Payroll Loan,2026-06-20,13034.43,36,362.07
C011154,108992,Personal Loan,2026-06-23,18021.77,23,783.56
C011155,101355,Payroll Loan,2025-03-28,17843.12,26,686.27
C011156,100636,Payroll Loan,2025-12-29,9801.9,22,445.54
C011157,101758,Payroll Loan,2026-01-21,9610.46,28,343.23
C011158,107087,Vehicle Finance,2025-08-08,41479.85,35,1185.14
C011159,100538,Credit Card,2026-04-13,3649.98,10,365.0
C011160,100205,Personal Loan,2025-07-20,4966.37,15,331.09
C011161,100874,Personal Loan,2025-01-27,6350.89,12,529.24
C011162,108788,Vehicle Finance,2026-06-04,42857.45,29,1477.84
C011163,100013,Personal Loan,2025-10-25,9437.96,13,726.0
C011164,109105,Credit Card,2025-11-17,7853.61,10,785.36
C011165,105971,Vehicle Finance,2026-02-13,67151.81,57,1178.1
C011166,102673,Personal Loan,2026-06-29,9217.43,17,542.2
C011167,109001,Credit Card,2025-12-19,2195.48,12,182.96
C011168,100622,Vehicle Finance,2025-02-03,32405.46,54,600.1
C011169,101930,Vehicle Finance,2025-08-01,28946.91,52,556.67
C011170,100393,Credit Card,2026-03-19,2400.13,17,141.18
C011171,102892,Credit Card,2026-02-18,4120.5,21,196.21
C011172,109581,Personal Loan,2025-04-12,7107.56,18,394.86
C011173,105502,Personal Loan,2025-04-08,5534.13,29,190.83
C011174,106414,Personal Loan,2025-07-06,10365.93,29,357.45
C011175,102159,Personal Loan,2026-04-06,9415.33,26,362.13
C011176,109526,Credit Card,2025-12-21,6373.88,18,354.1
C011177,109422,Credit Card,2025-12-31,2004.04,14,143.15
C011178,104804,Personal Loan,2026-03-17,5112.48,12,426.04
C011179,104547,Payroll Loan,2025-06-23,28819.16,17,1695.24
C011180,108022,Personal Loan,2025-11-07,8209.76,29,283.1
C011181,104371,Personal Loan,2025-10-01,6277.26,25,251.09
C011182,109486,Payroll Loan,2025-02-27,6013.9,48,125.29
C011183,102954,Vehicle Finance,2025-06-28,29941.66,48,623.78
C011184,102512,Vehicle Finance,2025-01-03,31298.29,35,894.24
C011185,101990,Personal Loan,2025-06-24,15741.16,30,524.71
C011186,100897,Personal Loan,2026-04-22,21000.0,16,1312.5
C011187,108744,Personal Loan,2025-02-09,3550.09,26,136.54
C011188,102808,Payroll Loan,2025-05-30,33000.0,39,846.15
C011189,105152,Credit Card,2025-10-04,6203.4,18,344.63
C011190,105481,Vehicle Finance,2026-01-02,32469.62,29,1119.64
C011191,101269,Credit Card,2025-02-20,4368.97,12,364.08
C011192,106955,Personal Loan,2026-02-28,8107.57,13,623.66
C011193,101600,Vehicle Finance,2025-09-29,26024.71,36,722.91
C011194,109757,Payroll Loan,2026-01-19,13522.28,12,1126.86
C011195,104891,Personal Loan,2025-11-11,7574.32,17,445.55
C011196,107848,Payroll Loan,2025-02-25,22772.78,32,711.65
C011197,105465,Personal Loan,2025-07-03,2690.11,21,128.1
C011198,100875,Payroll Loan,2026-02-28,27045.66,17,1590.92
C011199,108032,Personal Loan,2025-09-27,12817.89,25,512.72
C011200,109206,Personal Loan,2026-05-03,4722.25,26,181.62
C011201,105419,Credit Card,2026-01-14,4291.58,23,186.59
C011202,108450,Personal Loan,2026-03-10,4756.06,27,176.15
C011203,103195,Personal Loan,2025-10-14,3104.4,18,172.47
C011204,102152,Personal Loan,2025-10-06,12643.6,29,435.99
C011205,107367,Vehicle Finance,2025-11-01,26964.45,26,1037.09
C011206,108924,Personal Loan,2025-04-19,4105.28,23,178.49
C011207,102922,Credit Card,2025-11-15,5791.74,16,361.98
C011208,102272,Personal Loan,2025-12-08,4147.1,20,207.36
C011209,102254,Personal Loan,2025-01-05,10410.92,26,400.42
C011210,105245,Credit Card,2026-01-18,4736.25,9,526.25
C011211,106723,Payroll Loan,2025-07-28,4556.51,13,350.5
C011212,107691,Vehicle Finance,2025-05-28,17008.14,35,485.95
C011213,101468,Vehicle Finance,2025-12-21,20247.39,25,809.9
C011214,100958,Vehicle Finance,2025-12-17,43567.21,50,871.34
C011215,107145,Personal Loan,2025-04-04,5478.62,26,210.72
C011216,107074,Personal Loan,2026-04-23,8021.12,25,320.84
C011217,104140,Vehicle Finance,2026-03-05,38794.84,46,843.37
C011218,105178,Payroll Loan,2025-07-28,22139.02,34,651.15
C011219,101724,Vehicle Finance,2025-02-04,35234.51,54,652.49
C011220,105097,Personal Loan,2025-10-18,4901.52,29,169.02
C011221,103138,Personal Loan,2026-06-24,14932.44,20,746.62
C011222,106188,Payroll Loan,2026-01-27,9830.87,46,213.71
C011223,109632,Payroll Loan,2025-06-29,8238.48,26,316.86
C011224,100758,Credit Card,2026-02-09,2377.44,16,148.59
C011225,109155,Credit Card,2026-03-14,4805.79,19,252.94
C011226,101273,Credit Card,2025-12-18,2385.19,16,149.07
C011227,101683,Payroll Loan,2025-04-27,9152.03,20,457.6
C011228,101766,Vehicle Finance,2025-10-16,28223.76,53,532.52
C011229,100206,Credit Card,2025-05-13,1670.89,9,185.65
C011230,101517,Payroll Loan,2026-01-19,5799.03,15,386.6
C011231,107934,Personal Loan,2025-01-12,6712.9,25,268.52
C011232,104493,Vehicle Finance,2026-04-08,43093.15,57,756.02
C011233,104361,Credit Card,2025-09-21,7692.39,11,699.31
C011234,106002,Personal Loan,2026-05-05,5677.82,23,246.86
C011235,102202,Personal Loan,2026-06-07,6983.47,31,225.27
C011236,101339,Vehicle Finance,2025-08-23,34625.62,32,1082.05
C011237,103574,Payroll Loan,2026-05-05,22409.57,47,476.8
C011238,107450,Credit Card,2026-01-24,10851.38,21,516.73
C011239,101565,Credit Card,2025-09-16,1837.63,23,79.9
C011240,108487,Vehicle Finance,2025-08-09,24784.07,38,652.21
C011241,100093,Credit Card,2026-05-01,1587.17,9,176.35
C011242,100967,Payroll Loan,2026-04-16,11441.07,41,279.05
C011243,103296,Personal Loan,2026-04-20,8831.18,24,367.97
C011244,101683,Credit Card,2026-03-30,6389.97,23,277.82
C011245,104348,Personal Loan,2026-05-30,5463.54,18,303.53
C011246,103694,Credit Card,2026-02-16,3599.5,24,149.98
C011247,105016,Credit Card,2025-06-13,6904.15,22,313.82
C011248,106571,Credit Card,2025-09-25,8910.86,18,495.05
C011249,102152,Personal Loan,2025-01-11,8763.24,35,250.38
C011250,100855,Payroll Loan,2025-10-21,13099.01,24,545.79
C011251,100504,Personal Loan,2025-05-04,11475.68,35,327.88
C011252,103474,Payroll Loan,2026-03-14,11510.58,35,328.87
C011253,107966,Personal Loan,2026-04-30,14318.17,34,421.12
C011254,109909,Vehicle Finance,2025-01-27,17428.4,52,335.16
C011255,107810,Personal Loan,2025-10-30,8677.7,31,279.93
C011256,105203,Personal Loan,2025-11-06,7274.82,33,220.45
C011257,105171,Vehicle Finance,2026-01-16,37655.67,49,768.48
C011258,101733,Payroll Loan,2025-05-12,8110.92,32,253.47
C011259,103063,Credit Card,2025-01-06,3070.17,19,161.59
C011260,106117,Credit Card,2025-11-26,2422.32,8,302.79
C011261,100229,Personal Loan,2025-05-11,2372.84,27,87.88
C011262,103565,Payroll Loan,2025-09-18,16720.84,26,643.11
C011263,106510,Personal Loan,2026-02-15,2958.64,27,109.58
C011264,108897,Credit Card,2025-12-15,6738.97,22,306.32
C011265,108475,Payroll Loan,2026-05-07,12386.81,13,952.83
C011266,109506,Personal Loan,2025-02-21,5586.57,36,155.18
C011267,106412,Personal Loan,2025-01-07,7135.45,22,324.34
C011268,102353,Payroll Loan,2026-05-21,11669.51,34,343.22
C011269,102236,Personal Loan,2026-04-19,9692.44,12,807.7
C011270,109189,Vehicle Finance,2025-11-15,33944.27,54,628.6
C011271,106908,Payroll Loan,2026-04-16,5969.09,35,170.55
C011272,107759,Personal Loan,2025-06-10,2584.69,24,107.7
C011273,105042,Credit Card,2026-06-07,9707.55,8,1213.44
C011274,101557,Credit Card,2026-03-12,2108.94,10,210.89
C011275,105910,Personal Loan,2025-08-03,6210.96,22,282.32
C011276,108262,Personal Loan,2026-01-08,7421.33,24,309.22
C011277,102441,Credit Card,2025-05-16,3335.69,9,370.63
C011278,101778,Personal Loan,2025-09-02,10031.96,23,436.17
C011279,104494,Credit Card,2025-09-14,4656.89,15,310.46
C011280,100098,Payroll Loan,2025-06-02,33000.0,45,733.33
C011281,100967,Personal Loan,2025-06-03,5933.36,33,179.8
C011282,107780,Personal Loan,2025-06-24,5618.72,27,208.1
C011283,108638,Credit Card,2026-01-01,7665.53,21,365.03
C011284,103462,Credit Card,2025-01-28,2999.55,6,499.92
C011285,100698,Vehicle Finance,2025-09-25,48888.78,36,1358.02
C011286,109217,Vehicle Finance,2025-07-29,27593.11,48,574.86
C011287,109159,Payroll Loan,2026-04-05,14773.6,17,869.04
C011288,104429,Credit Card,2025-10-07,9081.14,12,756.76
C011289,109451,Credit Card,2025-12-18,7659.45,18,425.52
C011290,106105,Personal Loan,2026-04-05,7424.67,28,265.17
C011291,106769,Personal Loan,2026-04-23,13145.87,22,597.54
C011292,107459,Credit Card,2025-12-20,4186.79,22,190.31
C011293,102519,Personal Loan,2025-12-07,4685.73,12,390.48
C011294,108445,Personal Loan,2025-04-29,8585.02,16,536.56
C011295,101534,Personal Loan,2025-03-05,9504.02,21,452.57
C011296,101775,Payroll Loan,2026-06-11,4570.25,14,326.45
C011297,101088,Credit Card,2025-07-07,7342.22,20,367.11
C011298,102042,Payroll Loan,2025-05-01,9880.35,41,240.98
C011299,107743,Personal Loan,2025-09-07,4106.38,13,315.88
C011300,108879,Vehicle Finance,2025-12-04,25129.7,59,425.93
C011301,101148,Credit Card,2025-04-10,3558.03,8,444.75
C011302,102920,Payroll Loan,2025-06-29,14842.33,37,401.14
C011303,102397,Credit Card,2026-02-09,5519.62,18,306.65
C011304,106373,Personal Loan,2025-03-08,3802.91,23,165.34
C011305,108579,Credit Card,2025-09-04,6775.8,10,677.58
C011306,100709,Vehicle Finance,2026-03-26,68834.43,27,2549.42
C011307,103387,Personal Loan,2025-06-02,8623.3,30,287.44
C011308,106678,Payroll Loan,2025-11-18,15053.76,44,342.13
C011309,109054,Credit Card,2026-04-04,7477.23,11,679.75
C011310,101863,Vehicle Finance,2025-10-14,59950.94,33,1816.7
C011311,105091,Payroll Loan,2025-07-10,2750.0,13,211.54
C011312,107979,Payroll Loan,2025-06-14,18739.49,39,480.5
C011313,108338,Credit Card,2026-03-21,5262.79,24,219.28
C011314,107420,Payroll Loan,2026-03-02,8706.67,37,235.32
C011315,107721,Vehicle Finance,2026-03-25,16121.51,31,520.05
C011316,105881,Payroll Loan,2026-04-11,16076.36,19,846.12
C011317,100275,Credit Card,2025-08-20,7926.99,23,344.65
C011318,101506,Payroll Loan,2026-04-02,19016.84,48,396.18
C011319,108054,Payroll Loan,2025-02-17,18192.09,18,1010.67
C011320,102653,Vehicle Finance,2025-02-09,39700.12,39,1017.95
C011321,107000,Payroll Loan,2025-09-27,7858.81,24,327.45
C011322,100422,Credit Card,2025-04-19,3704.77,11,336.8
C011323,105975,Credit Card,2026-06-18,6209.99,7,887.14
C011324,103151,Credit Card,2025-03-09,4018.7,18,223.26
C011325,105884,Payroll Loan,2025-05-26,7043.76,48,146.74
C011326,103807,Credit Card,2025-06-16,4577.37,20,228.87
C011327,107523,Credit Card,2025-06-13,7926.88,12,660.57
C011328,104653,Payroll Loan,2025-03-03,2750.0,12,229.17
C011329,107828,Payroll Loan,2026-05-26,33000.0,39,846.15
C011330,109968,Credit Card,2025-04-07,2136.01,6,356.0
C011331,104206,Credit Card,2026-02-03,7338.1,20,366.9
C011332,107253,Personal Loan,2026-01-21,5856.41,35,167.33
C011333,104609,Credit Card,2025-04-30,2603.21,10,260.32
C011334,103930,Payroll Loan,2026-01-01,8927.06,22,405.78
C011335,106922,Personal Loan,2025-02-13,7179.3,33,217.55
C011336,108457,Payroll Loan,2025-06-04,4031.93,16,252.0
C011337,103110,Credit Card,2026-05-17,3488.25,15,232.55
C011338,103665,Personal Loan,2026-03-27,6672.48,36,185.35
C011339,104124,Payroll Loan,2025-08-16,11141.88,37,301.13
C011340,103625,Vehicle Finance,2025-12-31,27875.01,27,1032.41
C011341,101936,Vehicle Finance,2025-03-24,33241.26,59,563.41
C011342,100637,Vehicle Finance,2025-08-24,64043.77,29,2208.41
C011343,102889,Personal Loan,2025-01-19,10329.38,32,322.79
C011344,107353,Credit Card,2025-01-12,2779.65,24,115.82
C011345,109227,Credit Card,2026-06-06,6804.19,19,358.12
C011346,102024,Payroll Loan,2025-12-25,9308.67,26,358.03
C011347,104031,Credit Card,2025-03-20,5271.46,23,229.19
C011348,102352,Vehicle Finance,2026-03-04,32893.12,41,802.27
C011349,108580,Payroll Loan,2025-09-30,18892.46,42,449.82
C011350,103463,Payroll Loan,2025-05-03,11469.02,18,637.17
C011351,101173,Credit Card,2026-06-02,13053.28,24,543.89
C011352,108220,Payroll Loan,2025-03-06,15895.25,43,369.66
C011353,101579,Credit Card,2026-01-29,7429.33,19,391.02
C011354,108607,Personal Loan,2025-06-22,6017.64,22,273.53
C011355,105401,Credit Card,2026-05-06,5034.7,22,228.85
C011356,105510,Vehicle Finance,2026-01-19,24630.44,50,492.61
C011357,104748,Vehicle Finance,2026-01-15,58426.87,30,1947.56
C011358,109256,Personal Loan,2026-06-10,3857.38,35,110.21
C011359,101836,Personal Loan,2025-04-04,8640.17,19,454.75
C011360,104273,Vehicle Finance,2025-08-03,48882.17,40,1222.05
C011361,100628,Credit Card,2025-08-19,10529.81,19,554.2
C011362,106049,Personal Loan,2026-03-30,5537.94,21,263.71
C011363,106353,Personal Loan,2025-12-17,3957.18,36,109.92
C011364,109293,Personal Loan,2026-02-20,5591.99,29,192.83
C011365,106558,Vehicle Finance,2025-08-08,18084.61,42,430.59
C011366,105214,Personal Loan,2026-04-30,5920.12,17,348.24
C011367,106854,Vehicle Finance,2025-02-19,50100.52,32,1565.64
C011368,104610,Credit Card,2025-12-29,5612.24,19,295.38
C011369,109496,Payroll Loan,2026-05-19,9752.44,28,348.3
C011370,100290,Vehicle Finance,2026-06-01,61947.84,54,1147.18
C011371,103552,Credit Card,2025-02-17,5026.81,13,386.68
C011372,108806,Credit Card,2026-05-16,7956.36,9,884.04
C011373,106627,Credit Card,2026-02-17,3501.61,24,145.9
C011374,101890,Credit Card,2025-01-19,5532.31,17,325.43
C011375,107369,Personal Loan,2026-05-10,4278.82,16,267.43
C011376,104571,Personal Loan,2025-10-10,5361.66,25,214.47
C011377,106116,Credit Card,2025-08-08,3554.81,16,222.18
C011378,107941,Personal Loan,2025-06-28,3573.56,20,178.68
C011379,107481,Vehicle Finance,2025-02-01,40140.95,52,771.94
C011380,105127,Credit Card,2026-04-08,4690.95,21,223.38
C011381,107952,Credit Card,2026-06-29,3071.32,12,255.94
C011382,107810,Personal Loan,2025-08-12,5322.29,35,152.07
C011383,105339,Personal Loan,2026-06-15,5818.84,30,193.96
C011384,108368,Payroll Loan,2026-05-14,18539.12,38,487.87
C011385,104201,Vehicle Finance,2025-08-21,52461.76,40,1311.54
C011386,108553,Personal Loan,2026-05-11,4221.46,35,120.61
C011387,107633,Credit Card,2026-03-06,2729.33,19,143.65
C011388,100796,Payroll Loan,2025-07-18,12156.73,28,434.17
C011389,104509,Credit Card,2025-03-17,10728.69,9,1192.08
C011390,102066,Credit Card,2025-11-10,3020.49,11,274.59
C011391,102138,Payroll Loan,2025-10-05,6638.2,23,288.62
C011392,109095,Personal Loan,2025-01-16,10192.2,25,407.69
C011393,108004,Credit Card,2025-05-24,7480.36,7,1068.62
C011394,102628,Personal Loan,2025-07-14,4965.41,34,146.04
C011395,106198,Credit Card,2026-04-30,3706.98,19,195.1
C011396,107067,Credit Card,2025-12-26,7770.88,20,388.54
C011397,101588,Payroll Loan,2025-03-20,11332.69,39,290.58
C011398,105291,Credit Card,2025-04-26,5854.86,19,308.15
C011399,106538,Credit Card,2026-06-23,4422.82,17,260.17
C011400,109370,Vehicle Finance,2025-03-28,43194.23,54,799.89
C011401,104697,Personal Loan,2026-05-09,8004.28,31,258.2
C011402,102555,Vehicle Finance,2026-06-05,46749.97,38,1230.26
C011403,104975,Personal Loan,2026-01-09,8357.59,18,464.31
C011404,108063,Credit Card,2025-11-15,6910.99,14,493.64
C011405,101619,Personal Loan,2026-06-01,2304.09,18,128.0
C011406,104097,Personal Loan,2025-11-05,3751.16,31,121.01
C011407,101096,Credit Card,2025-10-18,4038.19,19,212.54
C011408,102405,Personal Loan,2026-03-24,5755.25,31,185.65
C011409,100919,Credit Card,2025-04-22,4074.19,19,214.43
C011410,104909,Credit Card,2025-11-01,2540.99,20,127.05
C011411,106952,Vehicle Finance,2026-04-03,55338.27,57,970.85
C011412,105410,Personal Loan,2025-12-19,14789.97,29,510.0
C011413,101134,Credit Card,2025-06-28,3138.01,11,285.27
C011414,101103,Vehicle Finance,2025-06-17,47524.79,59,805.5
C011415,104490,Personal Loan,2025-11-24,2568.4,24,107.02
C011416,101923,Credit Card,2025-07-26,9545.96,10,954.6
C011417,101508,Credit Card,2025-07-11,5979.76,16,373.74
C011418,109093,Payroll Loan,2025-05-30,22165.31,33,671.68
C011419,103700,Credit Card,2025-02-20,2544.65,20,127.23
C011420,106658,Personal Loan,2025-11-23,5010.62,27,185.58
C011421,104372,Credit Card,2025-06-08,3086.62,7,440.95
C011422,107042,Personal Loan,2025-11-22,10541.21,16,658.83
C011423,103403,Personal Loan,2026-05-21,3578.92,33,108.45
C011424,103540,Personal Loan,2025-04-01,5804.35,25,232.17
C011425,108689,Personal Loan,2026-04-08,8808.78,32,275.27
C011426,105398,Credit Card,2026-02-22,2486.59,15,165.77
C011427,107613,Credit Card,2025-05-10,4450.19,14,317.87
C011428,100386,Credit Card,2025-04-16,6555.28,8,819.41
C011429,103310,Personal Loan,2025-08-05,21000.0,18,1166.67
C011430,101433,Vehicle Finance,2026-01-10,25698.07,32,803.06
C011431,100361,Credit Card,2025-11-22,5515.74,10,551.57
C011432,109756,Vehicle Finance,2025-02-04,63553.07,24,2648.04
C011433,108098,Personal Loan,2025-03-19,5633.1,18,312.95
C011434,102096,Personal Loan,2026-05-17,10742.62,26,413.18
C011435,102710,Personal Loan,2025-05-02,7274.85,12,606.24
C011436,104909,Credit Card,2025-02-02,4597.97,22,209.0
C011437,103000,Personal Loan,2025-05-24,7584.96,34,223.09
C011438,109304,Payroll Loan,2025-02-05,7360.4,15,490.69
C011439,104818,Credit Card,2025-10-26,6548.56,9,727.62
C011440,106534,Personal Loan,2025-02-17,15704.2,26,604.01
C011441,107029,Personal Loan,2025-01-04,18239.84,17,1072.93
C011442,101662,Personal Loan,2025-09-05,9034.66,27,334.62
C011443,105344,Payroll Loan,2025-12-24,13170.35,45,292.67
C011444,104493,Personal Loan,2025-10-28,7158.71,15,477.25
C011445,107323,Payroll Loan,2025-04-30,12566.55,46,273.19
C011446,104627,Payroll Loan,2025-03-24,13773.49,27,510.13
C011447,100574,Personal Loan,2025-10-17,9222.66,20,461.13
C011448,104756,Payroll Loan,2026-02-14,7031.42,32,219.73
C011449,108452,Vehicle Finance,2025-09-12,37317.95,31,1203.8
C011450,108415,Personal Loan,2025-03-09,5005.77,34,147.23
C011451,102451,Payroll Loan,2025-08-11,23053.77,28,823.35
C011452,105557,Credit Card,2026-05-28,13500.0,20,675.0
C011453,106474,Credit Card,2026-06-07,3758.24,19,197.8
C011454,107658,Vehicle Finance,2025-08-26,25560.41,24,1065.02
C011455,103117,Credit Card,2026-06-05,6741.72,6,1123.62
C011456,103653,Credit Card,2025-10-24,5891.58,20,294.58
C011457,108724,Personal Loan,2026-02-08,9639.6,17,567.04
C011458,106959,Payroll Loan,2026-02-23,17745.54,39,455.01
C011459,101445,Payroll Loan,2025-10-11,13358.36,27,494.75
C011460,104283,Personal Loan,2026-03-30,11363.39,15,757.56
C011461,100298,Credit Card,2026-06-13,8949.81,12,745.82
C011462,107675,Personal Loan,2026-03-12,8337.55,28,297.77
C011463,103413,Credit Card,2025-09-13,2440.9,20,122.04
C011464,107355,Credit Card,2025-07-03,3332.09,16,208.26
C011465,109445,Personal Loan,2025-04-13,5339.19,13,410.71
C011466,103404,Personal Loan,2026-02-11,5596.52,14,399.75
C011467,109899,Credit Card,2026-01-06,5007.37,19,263.55
C011468,103565,Credit Card,2025-02-17,5962.66,13,458.67
C011469,103270,Personal Loan,2026-01-06,5317.92,12,443.16
C011470,108230,Vehicle Finance,2025-12-10,64846.59,36,1801.29
C011471,100499,Vehicle Finance,2025-11-23,45340.15,60,755.67
C011472,105976,Credit Card,2025-07-14,7473.08,18,415.17
C011473,101625,Vehicle Finance,2026-02-26,25673.41,57,450.41
C011474,106159,Vehicle Finance,2025-01-10,26281.81,39,673.89
C011475,102761,Personal Loan,2025-04-29,2033.6,29,70.12
C011476,109586,Payroll Loan,2026-03-09,7537.13,22,342.6
C011477,103097,Personal Loan,2026-02-20,10666.62,18,592.59
C011478,102234,Vehicle Finance,2026-04-26,52865.18,57,927.46
C011479,107530,Personal Loan,2026-06-28,9939.97,26,382.31
C011480,105220,Personal Loan,2025-03-11,3922.04,33,118.85
C011481,106646,Credit Card,2025-04-09,5491.45,23,238.76
C011482,101958,Personal Loan,2025-04-01,4622.37,17,271.9
C011483,102648,Credit Card,2025-10-06,7406.94,15,493.8
C011484,102396,Credit Card,2025-03-12,1839.14,23,79.96
C011485,107507,Payroll Loan,2026-06-07,5228.95,47,111.25
C011486,106091,Vehicle Finance,2026-06-30,52811.25,26,2031.2
C011487,103273,Personal Loan,2026-04-11,5220.87,26,200.8
C011488,101152,Vehicle Finance,2025-01-31,60147.98,47,1279.74
C011489,106056,Personal Loan,2025-09-09,4233.55,35,120.96
C011490,101491,Vehicle Finance,2026-01-15,24698.23,57,433.3
C011491,109614,Vehicle Finance,2025-06-30,47334.56,53,893.1
C011492,102435,Vehicle Finance,2025-01-22,69487.87,26,2672.61
C011493,103571,Credit Card,2025-07-04,4114.28,16,257.14
C011494,105081,Vehicle Finance,2025-12-21,48373.41,30,1612.45
C011495,102414,Credit Card,2025-07-24,3508.11,6,584.69
C011496,109591,Credit Card,2026-06-14,8047.2,19,423.54
C011497,105910,Vehicle Finance,2026-03-15,37593.3,51,737.12
C011498,106810,Personal Loan,2025-04-05,5564.68,14,397.48
C011499,101082,Personal Loan,2026-04-21,9358.84,35,267.4
C011500,106533,Credit Card,2026-01-12,1773.83,24,73.91
C011501,107744,Credit Card,2025-06-22,10588.34,20,529.42
C011502,103699,Personal Loan,2026-01-19,7417.06,34,218.15
C011503,107671,Personal Loan,2026-06-04,4094.82,27,151.66
C011504,100894,Credit Card,2025-06-28,5538.07,17,325.77
C011505,106440,Personal Loan,2025-06-05,5787.86,35,165.37
C011506,107956,Credit Card,2026-04-28,3037.63,16,189.85
C011507,105755,Personal Loan,2025-11-12,2555.39,21,121.69
C011508,100389,Vehicle Finance,2026-01-16,40554.74,56,724.19
C011509,104712,Personal Loan,2026-06-28,10295.84,19,541.89
C011510,107390,Personal Loan,2025-04-27,7145.11,29,246.38
C011511,100962,Credit Card,2026-02-26,2752.73,10,275.27
C011512,103632,Payroll Loan,2025-03-19,9123.76,38,240.1
C011513,107426,Credit Card,2025-05-01,4919.36,21,234.26
C011514,104764,Personal Loan,2026-04-06,11330.49,24,472.1
C011515,104528,Credit Card,2025-07-16,7772.75,7,1110.39
C011516,105201,Personal Loan,2025-01-20,16948.32,19,892.02
C011517,105524,Vehicle Finance,2025-07-11,62578.92,50,1251.58
C011518,102457,Personal Loan,2026-04-20,14759.04,36,409.97
C011519,100995,Credit Card,2025-08-24,4563.36,22,207.43
C011520,106682,Payroll Loan,2025-02-20,13946.46,27,516.54
C011521,108057,Credit Card,2026-01-14,2200.69,8,275.09
C011522,102791,Vehicle Finance,2026-04-22,43425.97,44,986.95
C011523,102893,Payroll Loan,2025-11-30,8345.73,18,463.65
C011524,101460,Vehicle Finance,2025-05-20,74851.9,52,1439.46
C011525,102442,Vehicle Finance,2025-08-22,47344.27,31,1527.23
C011526,103600,Personal Loan,2026-03-17,5790.93,33,175.48
C011527,108060,Payroll Loan,2025-04-06,12162.16,44,276.41
C011528,108349,Personal Loan,2026-06-30,9426.35,22,428.47
C011529,108917,Payroll Loan,2025-06-01,6524.75,40,163.12
C011530,104163,Credit Card,2025-06-03,3032.18,14,216.58
C011531,101535,Payroll Loan,2026-05-05,11472.28,20,573.61
C011532,109635,Vehicle Finance,2026-04-08,32732.41,36,909.23
C011533,100818,Personal Loan,2025-07-04,5097.62,27,188.8
C011534,100372,Vehicle Finance,2026-03-06,32253.69,60,537.56
C011535,107623,Payroll Loan,2025-01-02,18208.98,14,1300.64
C011536,100184,Vehicle Finance,2026-03-06,19033.35,54,352.47
C011537,105514,Personal Loan,2026-04-29,16752.1,36,465.34
C011538,108963,Credit Card,2025-06-28,8077.36,15,538.49
C011539,109411,Personal Loan,2025-05-18,4130.18,27,152.97
C011540,101921,Credit Card,2026-03-28,6705.28,14,478.95
C011541,101698,Credit Card,2025-12-21,6665.4,8,833.18
C011542,102165,Personal Loan,2026-06-01,12699.2,26,488.43
C011543,104518,Personal Loan,2025-01-15,6678.86,31,215.45
C011544,107819,Credit Card,2025-01-07,6422.14,13,494.01
C011545,101984,Personal Loan,2025-01-20,18397.59,18,1022.09
C011546,101808,Credit Card,2026-03-17,4989.36,17,293.49
C011547,104208,Credit Card,2025-02-22,3277.18,17,192.78
C011548,106143,Credit Card,2025-02-16,3304.23,23,143.66
C011549,103014,Personal Loan,2025-05-31,7027.25,13,540.56
C011550,100448,Vehicle Finance,2025-04-23,44998.04,28,1607.07
C011551,109387,Credit Card,2026-01-09,5470.66,14,390.76
C011552,108759,Credit Card,2025-07-28,2424.12,6,404.02
C011553,104726,Vehicle Finance,2025-05-18,26685.5,41,650.87
C011554,105708,Personal Loan,2026-06-24,10263.24,16,641.45
C011555,103463,Credit Card,2026-01-11,1925.77,8,240.72
C011556,104491,Credit Card,2026-02-01,6083.57,19,320.19
C011557,107847,Payroll Loan,2026-01-11,12664.87,42,301.54
C011558,103631,Credit Card,2026-06-25,4487.15,17,263.95
C011559,107938,Vehicle Finance,2026-04-17,18272.7,43,424.95
C011560,103126,Credit Card,2025-08-01,4616.14,21,219.82
C011561,102233,Credit Card,2025-08-17,9336.51,22,424.39
C011562,102642,Personal Loan,2026-01-30,8213.04,29,283.21
C011563,104777,Personal Loan,2025-10-18,11319.1,29,390.31
C011564,109752,Credit Card,2026-01-01,2347.0,13,180.54
C011565,106549,Credit Card,2026-01-09,4082.8,12,340.23
C011566,103052,Credit Card,2025-01-03,6582.29,6,1097.05
C011567,101276,Personal Loan,2025-08-07,8212.04,21,391.05
C011568,102377,Vehicle Finance,2025-02-20,41185.77,28,1470.92
C011569,103929,Personal Loan,2025-12-27,7905.2,21,376.44
C011570,104579,Credit Card,2025-01-08,3302.79,12,275.23
C011571,102305,Vehicle Finance,2026-05-04,53427.3,46,1161.46
C011572,102575,Personal Loan,2025-09-14,5793.35,27,214.57
C011573,101799,Vehicle Finance,2025-09-05,34266.24,37,926.11
C011574,102716,Personal Loan,2025-11-12,9296.19,23,404.18
C011575,108364,Vehicle Finance,2025-09-02,28532.65,24,1188.86
C011576,102654,Credit Card,2025-01-23,4607.79,10,460.78
C011577,101973,Personal Loan,2026-03-14,4867.83,27,180.29
C011578,101379,Vehicle Finance,2025-05-16,50507.23,54,935.32
C011579,100539,Payroll Loan,2025-12-07,18615.94,23,809.39
C011580,108869,Vehicle Finance,2026-03-05,58915.16,55,1071.18
C011581,107541,Vehicle Finance,2025-02-27,47509.19,58,819.12
C011582,101842,Credit Card,2025-03-08,7053.72,9,783.75
C011583,102506,Vehicle Finance,2025-01-07,44606.66,49,910.34
C011584,100219,Personal Loan,2026-01-10,8196.74,23,356.38
C011585,100352,Credit Card,2026-06-15,4276.57,9,475.17
C011586,107777,Credit Card,2025-09-05,5260.64,22,239.12
C011587,103731,Credit Card,2026-02-21,4322.25,11,392.93
C011588,104516,Personal Loan,2025-02-13,21000.0,24,875.0
C011589,107837,Credit Card,2025-05-25,3091.24,10,309.12
C011590,103542,Vehicle Finance,2026-02-06,30073.63,49,613.75
C011591,109723,Credit Card,2026-05-28,2745.09,17,161.48
C011592,105331,Credit Card,2026-04-08,4188.5,8,523.56
C011593,101846,Vehicle Finance,2025-03-03,61402.54,51,1203.97
C011594,105568,Credit Card,2025-10-18,1681.91,13,129.38
C011595,103181,Credit Card,2026-02-07,7197.31,14,514.09
C011596,103849,Credit Card,2025-10-25,5582.22,17,328.37
C011597,106668,Credit Card,2025-06-01,2326.68,11,211.52
C011598,108516,Credit Card,2025-01-31,4231.5,21,201.5
C011599,105045,Credit Card,2025-12-15,4082.54,11,371.14
C011600,108428,Credit Card,2026-06-04,3450.47,10,345.05
C011601,103792,Personal Loan,2025-02-23,1942.54,25,77.7
C011602,103654,Credit Card,2026-04-25,7515.02,14,536.79
C011603,108398,Payroll Loan,2026-03-16,12882.72,17,757.81
C011604,102222,Personal Loan,2026-06-27,5535.88,17,325.64
C011605,101629,Vehicle Finance,2025-07-04,42548.28,36,1181.9
C011606,104865,Credit Card,2026-02-08,5873.78,13,451.83
C011607,101184,Personal Loan,2025-05-08,11567.45,19,608.81
C011608,101562,Personal Loan,2025-12-06,13595.71,20,679.79
C011609,106316,Payroll Loan,2025-02-26,8224.78,33,249.24
C011610,102824,Personal Loan,2026-04-22,6937.31,34,204.04
C011611,101237,Personal Loan,2025-09-20,13372.46,20,668.62
C011612,103832,Credit Card,2026-05-27,8261.9,23,359.21
C011613,108476,Payroll Loan,2026-04-09,7031.21,37,190.03
C011614,103829,Personal Loan,2026-05-18,3284.87,17,193.23
C011615,103107,Personal Loan,2026-01-19,9570.83,12,797.57
C011616,101795,Payroll Loan,2025-01-20,3256.78,26,125.26
C011617,102961,Personal Loan,2026-06-16,8887.42,35,253.93
C011618,105095,Personal Loan,2026-02-27,12315.28,28,439.83
C011619,103886,Personal Loan,2025-06-10,5359.83,26,206.15
C011620,106139,Payroll Loan,2025-07-22,16703.52,35,477.24
C011621,104441,Payroll Loan,2026-03-04,9983.19,34,293.62
C011622,106117,Vehicle Finance,2026-03-21,41599.42,45,924.43
C011623,108336,Payroll Loan,2025-03-22,25226.57,47,536.74
C011624,108023,Personal Loan,2025-02-02,6242.26,28,222.94
C011625,109845,Personal Loan,2026-01-02,4034.71,13,310.36
C011626,100772,Vehicle Finance,2025-10-13,63772.21,56,1138.79
C011627,102553,Credit Card,2025-12-05,2205.99,9,245.11
C011628,101569,Personal Loan,2026-06-20,12226.97,22,555.77
C011629,107354,Vehicle Finance,2025-12-26,29782.19,40,744.55
C011630,104370,Personal Loan,2025-11-25,5094.6,22,231.57
C011631,100107,Credit Card,2025-02-27,6025.79,22,273.9
C011632,104829,Personal Loan,2025-01-31,12959.36,34,381.16
C011633,105459,Credit Card,2026-06-01,3712.22,23,161.4
C011634,102055,Personal Loan,2026-06-09,6695.81,15,446.39
C011635,103182,Vehicle Finance,2026-04-08,47133.85,37,1273.89
C011636,102994,Personal Loan,2025-06-04,7168.83,33,217.24
C011637,105287,Payroll Loan,2026-04-06,13972.34,29,481.8
C011638,101594,Credit Card,2026-05-23,3524.72,17,207.34
C011639,104722,Credit Card,2025-01-21,4471.56,11,406.51
C011640,105428,Personal Loan,2025-05-06,14600.55,30,486.68
C011641,105308,Personal Loan,2025-04-25,21000.0,12,1750.0
C011642,104772,Vehicle Finance,2025-09-25,52758.14,57,925.58
C011643,107311,Personal Loan,2026-02-24,6343.41,14,453.1
C011644,106880,Vehicle Finance,2025-03-11,36096.49,58,622.35
C011645,104820,Personal Loan,2025-07-04,21000.0,18,1166.67
C011646,106306,Credit Card,2026-04-26,4894.95,17,287.94
C011647,100930,Payroll Loan,2025-04-14,9255.62,34,272.22
C011648,102709,Vehicle Finance,2025-12-29,30988.44,25,1239.54
C011649,102304,Personal Loan,2025-08-03,7911.38,36,219.76
C011650,107603,Credit Card,2025-03-01,8646.19,14,617.58
C011651,104112,Payroll Loan,2025-06-13,8225.82,31,265.35
C011652,101519,Payroll Loan,2026-04-07,3389.99,32,105.94
C011653,105947,Vehicle Finance,2025-10-17,25536.95,43,593.88
C011654,106304,Vehicle Finance,2026-06-26,47015.58,55,854.83
C011655,108567,Personal Loan,2025-09-17,17670.77,34,519.73
C011656,106201,Payroll Loan,2026-06-05,9433.54,35,269.53
C011657,109284,Personal Loan,2025-01-15,12190.55,30,406.35
C011658,102355,Credit Card,2025-01-24,4289.3,19,225.75
C011659,104855,Vehicle Finance,2026-05-27,92101.09,26,3542.35
C011660,101954,Personal Loan,2026-03-10,15685.6,30,522.85
C011661,104232,Vehicle Finance,2026-06-29,31151.24,33,943.98
C011662,101068,Credit Card,2026-05-21,3369.49,12,280.79
C011663,103683,Personal Loan,2025-12-25,6381.64,33,193.38
C011664,106204,Personal Loan,2026-06-28,5364.06,26,206.31
C011665,103195,Vehicle Finance,2025-01-01,56886.3,40,1422.16
C011666,103640,Payroll Loan,2026-05-30,6552.39,38,172.43
C011667,105831,Payroll Loan,2025-12-04,9027.93,35,257.94
C011668,109988,Vehicle Finance,2026-04-24,98462.1,42,2344.34
C011669,101917,Credit Card,2025-11-27,3708.16,18,206.01
C011670,106350,Credit Card,2026-05-09,4501.99,24,187.58
C011671,109462,Payroll Loan,2025-12-08,14651.66,36,406.99
C011672,100100,Credit Card,2025-04-28,13423.35,24,559.31
C011673,103937,Personal Loan,2025-10-23,4608.56,29,158.92
C011674,103739,Payroll Loan,2026-06-06,16733.18,36,464.81
C011675,109697,Vehicle Finance,2025-12-25,20249.75,43,470.92
C011676,100143,Personal Loan,2026-02-25,2679.97,26,103.08
C011677,109803,Vehicle Finance,2025-11-25,13766.94,39,353.0
C011678,106266,Payroll Loan,2025-06-17,16146.03,46,351.0
C011679,100283,Credit Card,2025-08-09,3477.03,9,386.34
C011680,109177,Credit Card,2025-09-06,3761.22,11,341.93
C011681,107811,Personal Loan,2026-02-12,11407.99,26,438.77
C011682,107450,Credit Card,2025-06-23,5264.07,24,219.34
C011683,102906,Personal Loan,2025-09-03,16232.01,27,601.19
C011684,102654,Personal Loan,2026-01-13,9748.63,31,314.47
C011685,107987,Payroll Loan,2025-02-26,8881.27,15,592.08
C011686,101788,Vehicle Finance,2025-03-10,49490.23,36,1374.73
C011687,104546,Payroll Loan,2025-02-23,11152.03,19,586.95
C011688,108774,Personal Loan,2025-06-18,8176.04,15,545.07
C011689,109609,Credit Card,2025-12-10,4909.3,21,233.78
C011690,101194,Personal Loan,2026-01-30,2409.12,31,77.71
C011691,107596,Personal Loan,2025-09-23,4554.83,13,350.37
C011692,107099,Personal Loan,2026-03-07,7967.01,18,442.61
C011693,108527,Personal Loan,2025-03-07,7988.4,18,443.8
C011694,102444,Payroll Loan,2025-09-30,9332.11,19,491.16
C011695,108020,Credit Card,2026-04-14,1125.0,17,66.18
C011696,103016,Payroll Loan,2025-12-01,17818.03,40,445.45
C011697,104109,Personal Loan,2025-01-18,14148.58,20,707.43
C011698,100468,Credit Card,2026-02-13,2771.82,21,131.99
C011699,106790,Personal Loan,2026-03-04,12288.16,36,341.34
C011700,101700,Personal Loan,2025-09-16,5949.12,14,424.94
C011701,103918,Payroll Loan,2025-12-31,11921.19,42,283.84
C011702,100394,Personal Loan,2025-12-06,3442.72,35,98.36
C011703,105463,Payroll Loan,2025-05-31,14864.73,47,316.27
C011704,105205,Payroll Loan,2025-03-12,9771.48,39,250.55
C011705,106692,Personal Loan,2026-01-05,18200.98,24,758.37
C011706,104499,Payroll Loan,2026-06-06,4520.93,18,251.16
C011707,107664,Credit Card,2025-07-03,4308.27,11,391.66
C011708,105325,Credit Card,2025-04-28,5527.71,24,230.32
C011709,101337,Payroll Loan,2025-02-01,19339.7,15,1289.31
C011710,100654,Credit Card,2025-09-04,6400.0,24,266.67
C011711,101899,Payroll Loan,2025-01-29,15227.43,45,338.39
C011712,108062,Payroll Loan,2026-05-12,9975.82,34,293.41
C011713,104126,Personal Loan,2026-02-27,7553.72,24,314.74
C011714,101242,Credit Card,2025-07-28,3792.28,20,189.61
C011715,103946,Vehicle Finance,2025-08-24,27158.99,27,1005.89
C011716,108319,Personal Loan,2025-04-26,4166.48,29,143.67
C011717,108029,Personal Loan,2026-02-08,5049.94,29,174.14
C011718,103222,Personal Loan,2026-04-08,2636.44,22,119.84
C011719,102786,Credit Card,2026-03-14,4291.21,9,476.8
C011720,104440,Personal Loan,2025-03-05,1882.0,29,64.9
C011721,102972,Personal Loan,2025-09-22,8347.79,34,245.52
C011722,106527,Payroll Loan,2026-03-24,11103.18,18,616.84
C011723,106742,Payroll Loan,2025-05-22,10523.41,42,250.56
C011724,106055,Credit Card,2025-03-15,3693.56,10,369.36
C011725,108516,Payroll Loan,2025-12-15,9491.03,13,730.08
C011726,105659,Vehicle Finance,2025-01-15,47982.34,30,1599.41
C011727,106727,Vehicle Finance,2025-06-05,32095.82,50,641.92
C011728,104002,Vehicle Finance,2025-04-24,56866.07,57,997.65
C011729,102339,Personal Loan,2025-09-05,6528.62,24,272.03
C011730,104799,Vehicle Finance,2025-06-28,11451.2,54,212.06
C011731,106397,Credit Card,2026-02-07,8146.35,7,1163.76
C011732,100656,Vehicle Finance,2025-08-10,23462.28,34,690.07
C011733,104721,Vehicle Finance,2025-08-19,33741.97,52,648.88
C011734,101621,Vehicle Finance,2026-03-13,24511.26,36,680.87
C011735,102534,Credit Card,2025-04-19,7152.5,15,476.83
C011736,107328,Payroll Loan,2026-04-22,9248.37,39,237.14
C011737,103365,Payroll Loan,2025-12-29,6176.33,24,257.35
C011738,106723,Personal Loan,2025-07-13,6074.66,12,506.22
C011739,105283,Personal Loan,2025-07-05,8041.58,32,251.3
C011740,103369,Payroll Loan,2025-04-02,8067.9,18,448.22
C011741,104761,Personal Loan,2025-01-28,9640.6,34,283.55
C011742,107924,Personal Loan,2025-08-02,8130.99,36,225.86
C011743,105548,Personal Loan,2025-09-08,4985.2,25,199.41
C011744,108062,Credit Card,2026-02-27,2127.58,8,265.95
C011745,102983,Personal Loan,2025-11-09,20082.62,14,1434.47
C011746,105276,Personal Loan,2026-06-09,12115.11,18,673.06
C011747,103093,Personal Loan,2025-01-13,3861.06,33,117.0
C011748,109799,Credit Card,2025-06-13,4654.59,9,517.18
C011749,108791,Credit Card,2026-02-04,4501.89,19,236.94
C011750,102666,Payroll Loan,2025-01-18,10539.2,12,878.27
C011751,101940,Personal Loan,2025-03-27,6635.14,17,390.3
C011752,102948,Credit Card,2026-04-25,4248.33,18,236.02
C011753,100624,Personal Loan,2026-05-02,5744.39,32,179.51
C011754,100094,Credit Card,2025-07-01,6783.43,13,521.8
C011755,100283,Personal Loan,2025-03-29,4222.26,22,191.92
C011756,101499,Vehicle Finance,2025-12-18,37907.61,41,924.58
C011757,106864,Vehicle Finance,2025-07-15,49183.18,54,910.8
C011758,108180,Payroll Loan,2025-03-19,7754.24,34,228.07
C011759,100516,Personal Loan,2025-08-31,7431.64,18,412.87
C011760,106293,Payroll Loan,2025-09-06,11262.82,27,417.14
C011761,105818,Credit Card,2025-09-05,5916.12,21,281.72
C011762,101902,Credit Card,2025-08-23,5291.89,7,755.98
C011763,106554,Credit Card,2026-01-26,3115.0,23,135.43
C011764,106773,Vehicle Finance,2025-11-27,57328.65,44,1302.92
C011765,109563,Credit Card,2026-04-24,3812.69,16,238.29
C011766,101636,Personal Loan,2025-12-04,12560.8,25,502.43
C011767,100356,Credit Card,2026-05-06,11817.54,10,1181.75
C011768,104067,Personal Loan,2025-09-07,7107.05,32,222.1
C011769,107029,Payroll Loan,2025-07-27,7156.1,35,204.46
C011770,109981,Vehicle Finance,2026-06-18,22502.87,30,750.1
C011771,106128,Payroll Loan,2025-01-02,7665.31,31,247.27
C011772,103164,Personal Loan,2026-06-14,6198.8,27,229.59
C011773,102286,Personal Loan,2025-07-08,6080.15,28,217.15
C011774,106793,Payroll Loan,2025-04-24,14299.68,27,529.62
C011775,106997,Payroll Loan,2026-03-03,12266.38,20,613.32
C011776,100061,Vehicle Finance,2025-09-02,114000.0,54,2111.11
C011777,109128,Personal Loan,2026-05-16,9560.22,14,682.87
C011778,102996,Vehicle Finance,2025-09-04,56864.92,40,1421.62
C011779,105478,Payroll Loan,2026-06-22,9424.04,26,362.46
C011780,103057,Vehicle Finance,2025-08-14,27096.51,45,602.14
C011781,103181,Credit Card,2025-04-09,2659.96,21,126.66
C011782,108380,Vehicle Finance,2025-01-19,109713.23,40,2742.83
C011783,105029,Personal Loan,2025-07-19,5552.03,36,154.22
C011784,101705,Credit Card,2025-11-25,2421.26,18,134.51
C011785,103382,Personal Loan,2025-12-25,19651.69,20,982.58
C011786,103222,Vehicle Finance,2025-06-01,43194.73,29,1489.47
C011787,107574,Payroll Loan,2025-10-13,9658.04,16,603.63
C011788,101631,Personal Loan,2025-01-07,3031.95,21,144.38
C011789,103917,Vehicle Finance,2026-01-02,24801.92,60,413.37
C011790,104765,Personal Loan,2026-01-06,8636.61,15,575.77
C011791,101067,Personal Loan,2025-01-12,12469.97,23,542.17
C011792,102720,Vehicle Finance,2026-04-18,114000.0,51,2235.29
C011793,105586,Personal Loan,2026-02-11,9460.6,20,473.03
C011794,101782,Personal Loan,2025-01-19,4756.22,32,148.63
C011795,105748,Payroll Loan,2025-02-10,19475.61,12,1622.97
C011796,104316,Personal Loan,2026-03-28,16155.79,35,461.59
C011797,108653,Credit Card,2026-04-05,2442.92,14,174.49
C011798,104729,Vehicle Finance,2025-12-01,39804.87,37,1075.81
C011799,104890,Vehicle Finance,2025-06-22,54481.68,35,1556.62
C011800,103091,Vehicle Finance,2025-07-02,39505.18,50,790.1
C011801,100582,Vehicle Finance,2025-09-20,113276.15,58,1953.04
C011802,109669,Personal Loan,2025-11-18,6873.12,15,458.21
C011803,102769,Payroll Loan,2026-01-14,13259.33,19,697.86
C011804,101456,Personal Loan,2025-10-06,7076.66,27,262.1
C011805,100876,Credit Card,2025-09-02,3445.12,15,229.67
C011806,107139,Credit Card,2025-12-19,4102.26,6,683.71
C011807,103892,Personal Loan,2026-05-01,6580.2,12,548.35
C011808,105274,Personal Loan,2025-10-11,8752.53,22,397.84
C011809,101093,Payroll Loan,2025-09-29,22638.56,15,1509.24
C011810,103848,Personal Loan,2025-08-24,7168.33,22,325.83
C011811,103195,Vehicle Finance,2026-05-10,56541.04,42,1346.22
C011812,106742,Personal Loan,2025-01-14,15861.15,32,495.66
C011813,107105,Vehicle Finance,2025-03-01,14189.8,33,429.99
C011814,101538,Personal Loan,2025-07-13,6701.03,32,209.41
C011815,108633,Payroll Loan,2025-08-20,14553.6,30,485.12
C011816,109301,Personal Loan,2025-06-26,5962.48,27,220.83
C011817,100874,Credit Card,2025-08-12,4278.03,12,356.5
C011818,108332,Vehicle Finance,2025-04-20,72524.45,53,1368.39
C011819,108016,Credit Card,2026-05-10,5355.13,18,297.51
C011820,107440,Credit Card,2025-06-06,5246.13,11,476.92
C011821,109982,Credit Card,2025-03-31,2550.16,11,231.83
C011822,109583,Payroll Loan,2026-06-13,8310.57,45,184.68
C011823,103739,Personal Loan,2026-06-18,13070.18,24,544.59
C011824,109408,Vehicle Finance,2025-05-01,27492.66,46,597.67
C011825,101690,Payroll Loan,2025-05-28,21063.46,44,478.72
C011826,102020,Personal Loan,2025-02-23,6229.75,12,519.15
C011827,107352,Personal Loan,2025-07-05,5294.85,30,176.5
C011828,108866,Personal Loan,2026-04-19,6461.61,31,208.44
C011829,102024,Personal Loan,2025-04-27,3259.68,12,271.64
C011830,107913,Personal Loan,2025-10-08,7167.59,24,298.65
C011831,107851,Personal Loan,2026-01-12,3516.81,34,103.44
C011832,104338,Personal Loan,2026-05-18,5555.34,26,213.67
C011833,108729,Personal Loan,2025-04-11,3353.08,32,104.78
C011834,105313,Payroll Loan,2025-01-21,11093.21,44,252.12
C011835,105475,Credit Card,2025-12-10,2123.02,10,212.3
C011836,105621,Personal Loan,2025-10-26,4755.23,16,297.2
C011837,105909,Payroll Loan,2025-02-08,5470.07,17,321.77
C011838,105181,Credit Card,2025-06-17,9858.51,22,448.11
C011839,109095,Personal Loan,2025-08-09,6907.72,24,287.82
C011840,104245,Credit Card,2025-07-15,6157.19,13,473.63
C011841,102626,Payroll Loan,2026-03-08,7283.69,26,280.14
C011842,106225,Personal Loan,2026-02-10,6681.59,30,222.72
C011843,104769,Payroll Loan,2025-10-24,15617.43,47,332.29
C011844,108236,Vehicle Finance,2026-02-10,38579.53,60,642.99
C011845,108669,Vehicle Finance,2025-10-19,21957.0,59,372.15
C011846,109533,Personal Loan,2025-09-17,7855.8,19,413.46
C011847,108536,Personal Loan,2025-12-01,5454.27,28,194.8
C011848,106661,Vehicle Finance,2025-01-20,76350.04,25,3054.0
C011849,104642,Payroll Loan,2025-01-04,3348.38,35,95.67
C011850,109467,Credit Card,2026-05-26,4055.44,9,450.6
C011851,103921,Payroll Loan,2025-12-09,7735.97,32,241.75
C011852,109626,Credit Card,2025-01-05,5046.52,24,210.27
C011853,109732,Payroll Loan,2026-05-19,14305.19,27,529.82
C011854,106504,Personal Loan,2025-10-16,8102.4,19,426.44
C011855,109797,Payroll Loan,2025-08-18,3805.54,47,80.97
C011856,102832,Payroll Loan,2025-04-21,12307.02,47,261.85
C011857,100611,Credit Card,2026-01-22,2335.76,10,233.58
C011858,105186,Credit Card,2025-09-28,5281.11,19,277.95
C011859,103250,Credit Card,2026-06-05,4934.71,17,290.28
C011860,109042,Personal Loan,2025-02-12,3633.12,22,165.14
C011861,106680,Personal Loan,2026-02-12,4479.78,32,139.99
C011862,101271,Payroll Loan,2025-01-13,8988.28,44,204.28
C011863,106125,Personal Loan,2025-11-30,10097.73,26,388.37
C011864,107425,Personal Loan,2026-04-07,18602.51,30,620.08
C011865,103890,Credit Card,2025-11-13,5598.89,6,933.15
C011866,109462,Vehicle Finance,2025-04-29,31211.84,32,975.37
C011867,107334,Payroll Loan,2025-10-18,7358.62,35,210.25
C011868,107178,Credit Card,2025-05-20,6699.6,17,394.09
C011869,103224,Payroll Loan,2025-10-01,16770.99,36,465.86
C011870,109482,Credit Card,2025-01-11,6593.22,18,366.29
C011871,106730,Credit Card,2026-05-27,12170.41,10,1217.04
C011872,107223,Vehicle Finance,2026-03-19,18358.94,42,437.12
C011873,108046,Personal Loan,2025-01-12,4844.49,35,138.41
C011874,109864,Personal Loan,2025-11-04,17392.81,18,966.27
C011875,106890,Credit Card,2025-10-13,9817.41,20,490.87
C011876,109610,Credit Card,2026-03-19,5071.41,24,211.31
C011877,102434,Personal Loan,2025-07-06,5172.03,35,147.77
C011878,106276,Credit Card,2025-08-30,5227.54,17,307.5
C011879,104540,Personal Loan,2025-07-11,13563.13,34,398.92
C011880,106001,Credit Card,2025-12-16,1675.92,15,111.73
C011881,108799,Payroll Loan,2025-07-21,10051.43,29,346.6
C011882,108969,Vehicle Finance,2025-10-16,37839.22,39,970.24
C011883,100705,Credit Card,2025-02-04,3491.13,10,349.11
C011884,107704,Vehicle Finance,2026-02-28,25471.33,37,688.41
C011885,109559,Credit Card,2025-03-18,2920.45,18,162.25
C011886,105979,Credit Card,2025-07-06,4568.41,12,380.7
C011887,106047,Personal Loan,2026-01-05,10552.92,32,329.78
C011888,107140,Personal Loan,2025-03-05,5133.0,25,205.32
C011889,109763,Credit Card,2025-12-21,3822.87,10,382.29
C011890,100706,Credit Card,2025-05-08,5831.51,15,388.77
C011891,108040,Credit Card,2026-06-09,1976.12,17,116.24
C011892,109553,Personal Loan,2025-11-01,5669.3,27,209.97
C011893,100236,Vehicle Finance,2025-10-29,33066.71,30,1102.22
C011894,104251,Vehicle Finance,2025-06-01,15849.25,35,452.84
C011895,107037,Payroll Loan,2026-04-10,13560.18,29,467.59
C011896,100897,Credit Card,2025-04-01,5469.06,8,683.63
C011897,101983,Vehicle Finance,2025-12-29,48450.71,45,1076.68
C011898,103789,Vehicle Finance,2026-04-30,40893.88,58,705.07
C011899,109325,Personal Loan,2025-10-09,14830.31,27,549.27
C011900,105140,Personal Loan,2025-06-25,15576.69,14,1112.62
C011901,108863,Credit Card,2026-03-10,12183.51,23,529.72
C011902,109967,Credit Card,2025-01-20,4088.49,21,194.69
C011903,106175,Personal Loan,2025-04-19,7052.72,20,352.64
C011904,106001,Vehicle Finance,2025-11-10,56485.91,31,1822.13
C011905,106989,Credit Card,2025-06-05,5338.82,14,381.34
C011906,100454,Personal Loan,2026-02-10,15814.06,13,1216.47
C011907,103076,Credit Card,2025-03-04,6066.09,15,404.41
C011908,100723,Vehicle Finance,2025-04-04,64954.87,49,1325.61
C011909,101547,Personal Loan,2026-02-22,6643.72,24,276.82
C011910,104079,Payroll Loan,2025-09-30,8430.59,27,312.24
C011911,109234,Personal Loan,2026-03-04,6290.8,18,349.49
C011912,108644,Personal Loan,2025-02-27,7385.94,23,321.13
C011913,103919,Credit Card,2025-09-27,4885.13,12,407.09
C011914,103603,Personal Loan,2025-04-16,2581.74,28,92.2
C011915,109730,Personal Loan,2026-03-25,14310.94,24,596.29
C011916,109845,Credit Card,2025-05-22,6738.35,16,421.15
C011917,105684,Personal Loan,2026-01-18,7110.65,17,418.27
C011918,100143,Payroll Loan,2026-03-11,9898.25,43,230.19
C011919,103902,Payroll Loan,2026-01-17,9065.57,35,259.02
C011920,105474,Payroll Loan,2025-04-09,21940.02,37,592.97
C011921,107321,Credit Card,2025-03-25,6343.44,10,634.34
C011922,109767,Credit Card,2025-02-20,6379.39,23,277.36
C011923,106443,Credit Card,2026-04-04,5491.55,6,915.26
C011924,104834,Credit Card,2025-07-22,5933.28,8,741.66
C011925,105007,Payroll Loan,2025-04-14,8900.17,18,494.45
C011926,105079,Personal Loan,2026-06-21,4966.3,31,160.2
C011927,106114,Personal Loan,2025-05-14,2251.39,20,112.57
C011928,103195,Credit Card,2025-10-22,3649.4,14,260.67
C011929,101965,Personal Loan,2026-01-08,15255.81,18,847.54
C011930,108003,Payroll Loan,2025-10-15,33000.0,13,2538.46
C011931,107396,Personal Loan,2025-10-01,7421.07,21,353.38
C011932,109303,Credit Card,2026-03-10,4254.35,13,327.26
C011933,107029,Credit Card,2025-02-08,4559.13,8,569.89
C011934,104272,Personal Loan,2025-09-14,4936.93,34,145.2
C011935,108846,Credit Card,2026-05-26,4150.83,8,518.85
C011936,109129,Payroll Loan,2026-01-29,11264.19,14,804.58
C011937,106566,Payroll Loan,2025-09-18,27483.84,25,1099.35
C011938,101397,Personal Loan,2025-02-06,21000.0,14,1500.0
C011939,108992,Personal Loan,2025-08-08,7795.24,12,649.6
C011940,106750,Personal Loan,2025-06-01,6231.86,13,479.37
C011941,102549,Personal Loan,2025-05-14,9708.2,33,294.19
C011942,103075,Personal Loan,2025-08-21,21000.0,16,1312.5
C011943,101196,Vehicle Finance,2025-05-02,37822.68,29,1304.23
C011944,101060,Personal Loan,2025-07-01,8463.54,19,445.45
C011945,103840,Personal Loan,2025-09-20,5580.22,22,253.65
C011946,106171,Payroll Loan,2025-01-19,13664.69,29,471.2
C011947,106088,Credit Card,2025-03-10,11821.85,24,492.58
C011948,105435,Personal Loan,2025-09-27,8309.56,31,268.05
C011949,105971,Personal Loan,2025-05-07,8458.53,27,313.28
C011950,105673,Vehicle Finance,2025-05-25,54959.9,38,1446.31
C011951,106245,Credit Card,2025-06-22,5826.8,10,582.68
C011952,107376,Personal Loan,2025-09-02,7486.78,23,325.51
C011953,108676,Credit Card,2025-02-08,4118.77,10,411.88
C011954,104757,Vehicle Finance,2026-04-17,17995.99,47,382.89
C011955,106209,Credit Card,2025-05-19,2537.39,22,115.34
C011956,103810,Vehicle Finance,2025-03-06,33677.69,52,647.65
C011957,108396,Vehicle Finance,2026-02-22,80094.49,45,1779.88
C011958,107413,Personal Loan,2025-10-02,3180.0,13,244.62
C011959,101708,Personal Loan,2025-08-18,3589.74,33,108.78
C011960,107235,Vehicle Finance,2025-07-22,57960.38,56,1035.01
C011961,101277,Credit Card,2025-03-11,7147.56,18,397.09
C011962,105270,Credit Card,2025-06-17,11142.02,20,557.1
C011963,108729,Personal Loan,2026-03-08,5402.76,20,270.14
C011964,106200,Credit Card,2025-08-03,3798.85,21,180.9
C011965,100559,Vehicle Finance,2025-12-31,21700.95,45,482.24
C011966,105086,Personal Loan,2025-03-07,6196.47,31,199.89
C011967,108080,Personal Loan,2025-06-14,17343.23,25,693.73
C011968,106261,Credit Card,2025-11-08,11399.38,21,542.83
C011969,108796,Credit Card,2025-01-05,5335.85,12,444.65
C011970,103996,Payroll Loan,2025-08-30,17742.79,20,887.14
C011971,104991,Personal Loan,2025-07-15,5256.87,29,181.27
C011972,108139,Payroll Loan,2026-05-02,10330.09,45,229.56
C011973,106287,Personal Loan,2025-08-12,5844.11,24,243.5
C011974,107069,Credit Card,2025-01-29,3869.06,17,227.59
C011975,102546,Personal Loan,2026-04-20,2529.62,32,79.05
C011976,107130,Credit Card,2026-01-18,9341.3,12,778.44
C011977,103971,Personal Loan,2025-09-30,6225.99,18,345.89
C011978,109811,Vehicle Finance,2025-01-21,39658.17,52,762.66
C011979,104387,Credit Card,2025-05-13,5112.66,19,269.09
C011980,105045,Credit Card,2025-09-12,5790.6,10,579.06
C011981,100117,Personal Loan,2025-02-16,2188.74,18,121.6
C011982,109505,Credit Card,2025-07-11,3870.85,17,227.7
C011983,101584,Credit Card,2025-06-25,6152.34,23,267.49
C011984,103964,Credit Card,2025-04-29,5222.73,22,237.4
C011985,103532,Payroll Loan,2025-05-02,13206.95,45,293.49
C011986,109099,Personal Loan,2026-06-22,10015.16,20,500.76
C011987,106475,Credit Card,2026-03-18,5917.5,23,257.28
C011988,105660,Vehicle Finance,2025-10-13,29957.47,44,680.85
C011989,106859,Personal Loan,2026-05-22,10410.68,31,335.83
C011990,105702,Credit Card,2026-05-15,2268.0,6,378.0
C011991,104054,Vehicle Finance,2025-03-15,57968.43,34,1704.95
C011992,108746,Payroll Loan,2025-10-31,15397.63,36,427.71
C011993,105343,Personal Loan,2025-12-28,2086.5,33,63.23
C011994,109545,Personal Loan,2026-06-10,4977.91,31,160.58
C011995,100639,Vehicle Finance,2026-04-17,68973.53,31,2224.95
C011996,101996,Credit Card,2026-06-04,4612.5,11,419.32
C011997,104652,Vehicle Finance,2025-10-22,34382.11,47,731.53
C011998,101299,Vehicle Finance,2025-02-07,38678.3,48,805.8
C011999,102375,Credit Card,2025-04-11,3534.87,18,196.38
C012000,107772,Credit Card,2025-05-30,4489.76,16,280.61
C012001,103114,Credit Card,2026-06-11,3712.64,6,618.77
C012002,103583,Credit Card,2026-05-12,6565.66,18,364.76
C012003,101162,Payroll Loan,2025-05-04,13245.91,20,662.3
C012004,101382,Personal Loan,2025-06-26,6872.66,30,229.09
C012005,108857,Credit Card,2025-04-20,9013.71,8,1126.71
C012006,102309,Credit Card,2025-09-22,4806.19,14,343.3
C012007,100538,Personal Loan,2026-05-27,4173.06,35,119.23
C012008,103486,Payroll Loan,2025-04-30,10007.83,40,250.2
C012009,103899,Credit Card,2026-05-31,5931.88,20,296.59
C012010,107730,Personal Loan,2026-04-01,16300.3,28,582.15
C012011,103006,Payroll Loan,2026-05-16,6518.82,31,210.28
C012012,100738,Personal Loan,2025-07-05,3086.96,31,99.58
C012013,109763,Personal Loan,2025-07-29,7555.79,31,243.74
C012014,105067,Personal Loan,2025-11-17,8436.29,29,290.91
C012015,103785,Personal Loan,2025-09-28,3609.25,20,180.46
C012016,100176,Personal Loan,2025-09-24,12464.36,26,479.4
C012017,102439,Payroll Loan,2026-01-13,9256.5,19,487.18
C012018,106987,Payroll Loan,2025-12-18,12051.93,13,927.07
C012019,108459,Credit Card,2025-10-24,2245.35,14,160.38
C012020,109634,Vehicle Finance,2025-12-23,38425.9,52,738.96
C012021,106463,Credit Card,2025-07-20,8422.39,19,443.28
C012022,103569,Vehicle Finance,2025-04-15,21721.68,42,517.18
C012023,103703,Payroll Loan,2026-01-05,7778.13,36,216.06
C012024,109230,Personal Loan,2025-05-12,11650.81,19,613.2
C012025,103682,Personal Loan,2026-05-03,10125.65,15,675.04
C012026,108848,Vehicle Finance,2025-06-24,55002.28,36,1527.84
C012027,108585,Payroll Loan,2025-02-16,13093.04,47,278.58
C012028,103483,Credit Card,2026-03-10,8118.68,18,451.04
C012029,104854,Personal Loan,2026-02-09,4968.66,17,292.27
C012030,102083,Personal Loan,2025-08-14,5519.12,23,239.96
C012031,106599,Credit Card,2026-03-28,3827.14,18,212.62
C012032,103302,Credit Card,2025-12-09,4522.77,13,347.91
C012033,102109,Personal Loan,2025-11-13,5137.33,35,146.78
C012034,109156,Payroll Loan,2025-07-20,10731.88,44,243.91
C012035,105692,Credit Card,2026-05-16,5777.45,20,288.87
C012036,104256,Vehicle Finance,2025-01-01,46870.48,33,1420.32
C012037,101371,Personal Loan,2025-07-06,8568.73,29,295.47
C012038,104984,Credit Card,2025-10-23,7714.9,20,385.74
C012039,100568,Credit Card,2026-01-19,5297.35,11,481.58
C012040,101464,Payroll Loan,2025-07-16,30317.73,20,1515.89
C012041,101060,Personal Loan,2025-06-21,21000.0,32,656.25
C012042,102283,Credit Card,2026-04-01,3409.52,15,227.3
C012043,109654,Vehicle Finance,2026-04-24,48676.57,56,869.22
C012044,109263,Personal Loan,2026-03-31,14865.81,17,874.46
C012045,105164,Payroll Loan,2025-08-27,14527.58,12,1210.63
C012046,109144,Credit Card,2025-12-23,2640.57,18,146.7
C012047,104490,Personal Loan,2026-06-16,1877.4,32,58.67
C012048,102964,Credit Card,2025-02-24,2219.66,19,116.82
C012049,106699,Credit Card,2025-07-26,3761.16,7,537.31
C012050,107002,Vehicle Finance,2025-12-21,29156.59,28,1041.31
C012051,104065,Personal Loan,2025-01-24,3291.7,27,121.91
C012052,106868,Payroll Loan,2025-09-01,11140.85,12,928.4
C012053,106006,Payroll Loan,2026-05-04,10252.49,27,379.72
C012054,104218,Payroll Loan,2026-06-04,29785.35,20,1489.27
C012055,108756,Credit Card,2025-05-10,4161.35,7,594.48
C012056,107138,Personal Loan,2025-10-10,5418.58,13,416.81
C012057,100954,Credit Card,2025-08-14,2301.07,15,153.4
C012058,108953,Payroll Loan,2025-05-24,5286.46,13,406.65
C012059,109519,Payroll Loan,2026-04-13,19516.98,16,1219.81
C012060,107746,Credit Card,2025-11-25,3911.93,15,260.8
C012061,104690,Vehicle Finance,2025-02-03,23054.56,30,768.49
C012062,105507,Vehicle Finance,2025-10-26,31280.0,28,1117.14
C012063,101438,Credit Card,2025-01-01,2192.18,13,168.63
C012064,106353,Payroll Loan,2025-07-18,10925.44,13,840.42
C012065,104040,Payroll Loan,2025-01-31,14086.15,19,741.38
C012066,108378,Personal Loan,2026-01-15,6585.33,29,227.08
C012067,104870,Personal Loan,2026-05-28,5438.14,13,418.32
C012068,107498,Payroll Loan,2025-09-30,9012.55,36,250.35
C012069,105856,Vehicle Finance,2025-02-04,43187.09,42,1028.26
C012070,109391,Personal Loan,2025-09-05,5850.21,26,225.01
C012071,108426,Personal Loan,2025-08-30,12039.88,21,573.33
C012072,108397,Personal Loan,2026-06-13,11284.61,18,626.92
C012073,102727,Personal Loan,2025-11-25,2953.57,36,82.04
C012074,100573,Personal Loan,2025-10-19,8269.03,32,258.41
C012075,105217,Payroll Loan,2025-07-11,10243.85,43,238.23
C012076,107166,Credit Card,2025-09-28,9242.78,23,401.86
C012077,107383,Payroll Loan,2026-04-26,6998.56,31,225.76
C012078,101339,Vehicle Finance,2026-03-20,42381.55,46,921.34
C012079,108699,Payroll Loan,2026-03-26,4807.15,26,184.89
C012080,108338,Vehicle Finance,2026-02-11,106235.58,39,2723.99
C012081,109339,Vehicle Finance,2025-12-16,21833.71,54,404.33
C012082,101001,Credit Card,2025-03-16,6172.52,8,771.56
C012083,105387,Credit Card,2026-05-15,6305.35,10,630.54
C012084,102877,Personal Loan,2025-10-06,3123.46,30,104.12
C012085,107118,Personal Loan,2025-01-01,5850.32,14,417.88
C012086,103147,Personal Loan,2025-06-26,5481.41,18,304.52
C012087,109729,Personal Loan,2026-04-12,14834.01,29,511.52
C012088,109329,Personal Loan,2025-12-18,5898.19,12,491.52
C012089,108912,Vehicle Finance,2025-11-14,31898.61,56,569.62
C012090,109882,Personal Loan,2025-07-23,8634.17,20,431.71
C012091,105421,Credit Card,2026-03-20,3797.2,17,223.36
C012092,105388,Vehicle Finance,2025-12-15,40342.26,31,1301.36
C012093,104737,Personal Loan,2025-04-11,8603.16,35,245.8
C012094,105221,Vehicle Finance,2025-09-24,38163.92,43,887.53
C012095,105927,Credit Card,2026-03-12,5136.37,12,428.03
C012096,105404,Credit Card,2025-09-22,4861.88,7,694.55
C012097,102363,Vehicle Finance,2026-04-18,35286.56,54,653.45
C012098,106402,Vehicle Finance,2026-06-07,38729.9,41,944.63
C012099,103371,Credit Card,2025-04-21,4552.19,20,227.61
C012100,100689,Credit Card,2026-05-12,6803.6,12,566.97
C012101,109900,Credit Card,2026-04-13,3669.61,21,174.74
C012102,102965,Credit Card,2026-06-22,3207.55,20,160.38
C012103,105567,Vehicle Finance,2026-01-29,34928.78,29,1204.44
C012104,106119,Credit Card,2025-12-20,5579.09,7,797.01
C012105,101817,Payroll Loan,2025-10-02,9657.08,43,224.58
C012106,102348,Personal Loan,2026-01-24,5719.26,23,248.66
C012107,104727,Payroll Loan,2026-04-13,8546.45,48,178.05
C012108,106094,Personal Loan,2025-04-15,4850.41,28,173.23
C012109,109881,Personal Loan,2025-07-26,10532.57,18,585.14
C012110,109008,Credit Card,2025-02-07,2359.86,23,102.6
C012111,109869,Vehicle Finance,2025-10-08,64571.27,32,2017.85
C012112,107685,Payroll Loan,2025-05-11,7255.68,36,201.55
C012113,107511,Vehicle Finance,2025-06-15,36941.76,30,1231.39
C012114,105337,Credit Card,2025-07-07,3549.28,18,197.18
C012115,103742,Personal Loan,2025-01-30,9932.79,28,354.74
C012116,102789,Vehicle Finance,2025-02-14,67657.47,49,1380.76
C012117,107221,Credit Card,2026-02-10,2183.79,7,311.97
C012118,104117,Personal Loan,2025-08-27,12502.79,19,658.04
C012119,109471,Credit Card,2025-06-15,3487.59,12,290.63
C012120,100860,Payroll Loan,2025-08-15,4874.05,32,152.31
C012121,105364,Personal Loan,2025-03-07,11777.37,30,392.58
C012122,101451,Credit Card,2025-11-30,6204.14,6,1034.02
C012123,104107,Credit Card,2026-05-20,5255.47,9,583.94
C012124,109986,Payroll Loan,2026-04-24,4159.77,16,259.99
C012125,102291,Personal Loan,2025-04-25,4985.32,15,332.35
C012126,109169,Credit Card,2026-05-07,5472.33,15,364.82
C012127,109214,Credit Card,2025-05-10,9992.1,11,908.37
C012128,106176,Credit Card,2025-12-18,9679.71,6,1613.28
C012129,109429,Credit Card,2025-05-22,2401.58,23,104.42
C012130,106292,Credit Card,2026-05-11,6025.24,7,860.75
C012131,108827,Credit Card,2025-12-24,2474.5,16,154.66
C012132,102807,Personal Loan,2025-05-02,15516.99,26,596.81
C012133,102986,Vehicle Finance,2025-07-03,23998.74,59,406.76
C012134,103915,Credit Card,2025-10-27,3237.55,12,269.8
C012135,109009,Personal Loan,2025-01-06,12411.67,30,413.72
C012136,102051,Personal Loan,2026-05-03,11297.67,12,941.47
C012137,109886,Personal Loan,2025-10-30,10346.75,17,608.63
C012138,109504,Personal Loan,2026-05-26,15103.37,23,656.67
C012139,105038,Credit Card,2026-01-14,6166.46,18,342.58
C012140,108152,Credit Card,2026-06-28,2024.71,16,126.54
C012141,100718,Credit Card,2025-10-13,4163.41,16,260.21
C012142,102938,Personal Loan,2026-03-19,16186.33,16,1011.65
C012143,103566,Credit Card,2026-01-04,8252.3,12,687.69
C012144,103626,Credit Card,2025-02-06,5832.98,18,324.05
C012145,101256,Personal Loan,2025-11-11,18701.89,32,584.43
C012146,100111,Credit Card,2026-03-07,5069.95,21,241.43
C012147,103963,Vehicle Finance,2026-05-26,26142.24,36,726.17
C012148,102679,Credit Card,2025-03-06,3597.56,12,299.8
C012149,109542,Credit Card,2025-12-08,2028.75,11,184.43
C012150,102654,Personal Loan,2026-03-19,6738.28,13,518.33
C012151,107987,Personal Loan,2025-07-26,15155.28,23,658.93
C012152,101537,Payroll Loan,2025-03-31,13035.09,32,407.35
C012153,109742,Vehicle Finance,2026-05-31,18367.23,28,655.97
C012154,109154,Payroll Loan,2026-02-06,9038.2,13,695.25
C012155,100494,Personal Loan,2025-07-13,21000.0,17,1235.29
C012156,100232,Payroll Loan,2026-04-11,24220.92,37,654.62
C012157,108871,Vehicle Finance,2025-02-13,43760.85,41,1067.34
C012158,105607,Vehicle Finance,2025-03-17,53364.37,42,1270.58
C012159,106782,Personal Loan,2025-05-12,5926.33,27,219.49
C012160,104173,Credit Card,2025-01-14,2250.26,19,118.43
C012161,100778,Credit Card,2026-02-05,8882.64,14,634.47
C012162,104004,Payroll Loan,2026-02-21,14979.27,29,516.53
C012163,107916,Vehicle Finance,2025-08-22,29697.58,31,957.99
C012164,101506,Payroll Loan,2025-11-08,17402.13,43,404.7
C012165,103430,Vehicle Finance,2026-04-29,52241.75,59,885.45
C012166,107932,Personal Loan,2025-07-10,5638.1,13,433.7
C012167,105668,Payroll Loan,2025-09-11,4766.7,22,216.67
C012168,103242,Personal Loan,2025-07-30,5190.58,27,192.24
C012169,106539,Personal Loan,2025-01-23,7173.02,16,448.31
C012170,106844,Credit Card,2025-02-19,8315.23,10,831.52
C012171,106964,Credit Card,2025-07-27,2112.06,9,234.67
C012172,103159,Personal Loan,2026-02-17,12953.15,17,761.95
C012173,109078,Payroll Loan,2026-04-07,5608.07,12,467.34
C012174,109085,Payroll Loan,2026-05-07,11368.34,18,631.57
C012175,106198,Vehicle Finance,2025-06-05,15536.18,26,597.55
C012176,102275,Payroll Loan,2025-04-04,5090.15,31,164.2
C012177,103669,Personal Loan,2025-12-15,6274.75,17,369.1
C012178,108323,Credit Card,2025-10-30,4907.14,11,446.1
C012179,108147,Payroll Loan,2025-02-17,8941.67,47,190.25
C012180,107436,Vehicle Finance,2026-02-21,26514.48,60,441.91
C012181,104856,Payroll Loan,2026-01-13,2750.0,45,61.11
C012182,108702,Credit Card,2025-06-23,2328.84,13,179.14
C012183,103384,Personal Loan,2025-03-23,11739.12,16,733.7
C012184,109868,Payroll Loan,2026-05-31,18961.25,14,1354.38
C012185,109388,Vehicle Finance,2025-11-24,50438.48,25,2017.54
C012186,105778,Personal Loan,2025-06-12,13552.69,34,398.61
C012187,109907,Personal Loan,2026-01-06,1771.9,24,73.83
C012188,107300,Credit Card,2026-06-19,4392.68,13,337.9
C012189,102778,Credit Card,2026-01-20,3686.4,11,335.13
C012190,105706,Credit Card,2025-02-28,4056.84,13,312.06
C012191,102710,Personal Loan,2025-08-10,3247.34,28,115.98
C012192,108944,Credit Card,2025-01-31,3542.56,7,506.08
C012193,109439,Credit Card,2025-08-15,5090.62,18,282.81
C012194,106170,Personal Loan,2025-09-25,11830.33,24,492.93
C012195,100025,Vehicle Finance,2026-06-06,92664.4,40,2316.61
C012196,108462,Personal Loan,2025-01-13,12864.29,30,428.81
C012197,102390,Credit Card,2026-06-19,6089.59,6,1014.93
C012198,102646,Vehicle Finance,2026-03-09,61527.13,39,1577.62
C012199,100334,Credit Card,2025-06-15,9895.5,7,1413.64
C012200,100450,Payroll Loan,2026-02-02,33000.0,32,1031.25
C012201,109243,Vehicle Finance,2026-03-09,20046.7,26,771.03
C012202,100989,Payroll Loan,2025-01-06,15334.62,38,403.54
C012203,105344,Vehicle Finance,2026-05-05,29582.21,59,501.39
C012204,106526,Personal Loan,2025-02-18,9522.67,27,352.69
C012205,106273,Personal Loan,2025-10-30,7954.43,21,378.78
C012206,108354,Credit Card,2025-09-07,8395.39,17,493.85
C012207,108261,Credit Card,2025-08-20,3588.75,12,299.06
C012208,102423,Personal Loan,2026-06-15,11858.46,15,790.56
C012209,106958,Payroll Loan,2025-02-02,3707.0,12,308.92
C012210,105903,Vehicle Finance,2026-03-28,31436.82,29,1084.03
C012211,102172,Credit Card,2026-03-26,4414.29,19,232.33
C012212,105253,Payroll Loan,2025-07-16,17303.28,42,411.98
C012213,107040,Vehicle Finance,2025-03-28,47970.42,51,940.6
C012214,106590,Payroll Loan,2025-06-21,20504.64,31,661.44
C012215,105780,Credit Card,2026-02-06,2746.41,10,274.64
C012216,102305,Vehicle Finance,2026-02-02,36948.91,26,1421.11
C012217,107969,Vehicle Finance,2025-11-25,46967.56,31,1515.08
C012218,102221,Credit Card,2025-06-16,3814.62,6,635.77
C012219,104365,Payroll Loan,2026-05-18,7647.14,22,347.6
C012220,107796,Payroll Loan,2026-01-19,5754.34,43,133.82
C012221,109061,Personal Loan,2025-02-03,11850.43,33,359.1
C012222,100486,Credit Card,2025-01-23,2973.76,8,371.72
C012223,108626,Payroll Loan,2026-01-20,9434.74,28,336.96
C012224,106940,Personal Loan,2026-03-27,3741.62,34,110.05
C012225,101683,Vehicle Finance,2026-01-15,77974.69,52,1499.51
C012226,100716,Credit Card,2025-04-12,2848.05,18,158.23
C012227,101945,Vehicle Finance,2026-04-06,26164.63,48,545.1
C012228,101032,Personal Loan,2025-07-18,8312.39,33,251.89
C012229,103170,Personal Loan,2026-01-21,5692.55,15,379.5
C012230,102429,Credit Card,2026-01-25,2896.01,22,131.64
C012231,101151,Payroll Loan,2025-05-28,7881.7,21,375.32
C012232,103415,Personal Loan,2025-04-30,21000.0,32,656.25
C012233,108238,Vehicle Finance,2026-02-08,62243.15,51,1220.45
C012234,109868,Personal Loan,2026-06-29,9792.44,36,272.01
C012235,108599,Credit Card,2025-11-28,4141.89,22,188.27
C012236,104564,Payroll Loan,2025-07-07,9021.29,12,751.77
C012237,106512,Credit Card,2025-07-18,6007.19,20,300.36
C012238,104290,Credit Card,2025-11-04,4776.25,11,434.2
C012239,105738,Payroll Loan,2026-03-05,6696.51,15,446.43
C012240,107709,Credit Card,2026-04-15,6455.93,20,322.8
C012241,103601,Credit Card,2026-03-18,6793.68,18,377.43
C012242,102698,Credit Card,2026-06-16,2352.88,23,102.3
C012243,108706,Personal Loan,2025-09-25,13146.95,31,424.1
C012244,105970,Vehicle Finance,2026-05-09,46549.12,34,1369.09
C012245,105166,Credit Card,2026-01-05,10942.78,16,683.92
C012246,106999,Credit Card,2026-05-14,6112.86,21,291.09
C012247,100034,Personal Loan,2025-01-25,6438.6,12,536.55
C012248,108562,Personal Loan,2026-02-02,2131.21,31,68.75
C012249,108393,Vehicle Finance,2026-06-09,12284.16,40,307.1
C012250,101224,Payroll Loan,2025-02-25,4863.0,31,156.87
C012251,102838,Vehicle Finance,2026-06-07,88743.31,42,2112.94
C012252,106549,Personal Loan,2025-05-13,17293.77,26,665.14
C012253,108016,Payroll Loan,2025-09-15,9071.16,12,755.93
C012254,100048,Vehicle Finance,2026-01-05,36538.26,57,641.02
C012255,101639,Payroll Loan,2025-02-17,9319.11,37,251.87
C012256,104968,Personal Loan,2025-12-23,5953.24,36,165.37
C012257,101182,Payroll Loan,2026-01-27,7255.07,28,259.11
C012258,103607,Payroll Loan,2025-12-13,8161.23,22,370.96
C012259,105187,Personal Loan,2025-05-28,14150.7,23,615.25
C012260,108148,Personal Loan,2025-03-10,6062.13,23,263.57
C012261,102220,Vehicle Finance,2025-12-22,45792.44,49,934.54
C012262,107272,Personal Loan,2025-05-22,5071.75,27,187.84
C012263,102680,Credit Card,2025-03-21,6391.38,9,710.15
C012264,106916,Personal Loan,2025-12-08,12782.43,12,1065.2
C012265,101971,Personal Loan,2025-06-10,6668.34,30,222.28
C012266,101696,Credit Card,2025-09-13,5478.88,11,498.08
C012267,107784,Payroll Loan,2026-04-19,4601.98,14,328.71
C012268,103102,Personal Loan,2025-12-13,2984.79,17,175.58
C012269,109272,Personal Loan,2025-05-18,12517.47,28,447.05
C012270,102877,Credit Card,2025-05-17,4435.27,13,341.17
C012271,102147,Personal Loan,2026-06-02,4956.6,24,206.52
C012272,101941,Credit Card,2025-10-19,3205.92,7,457.99
C012273,103645,Credit Card,2025-08-11,2716.43,15,181.1
C012274,104213,Vehicle Finance,2025-01-15,75699.73,54,1401.85
C012275,102069,Credit Card,2025-08-03,4294.21,15,286.28
C012276,104252,Personal Loan,2025-01-26,5431.85,14,387.99
C012277,106852,Personal Loan,2025-06-17,5555.92,23,241.56
C012278,103499,Personal Loan,2025-06-15,16945.78,13,1303.52
C012279,100043,Payroll Loan,2025-04-18,14872.0,37,401.95
C012280,107941,Personal Loan,2025-01-07,3817.01,21,181.76
C012281,100255,Vehicle Finance,2026-05-11,50115.9,54,928.07
C012282,106906,Personal Loan,2025-08-09,3292.98,34,96.85
C012283,102202,Credit Card,2025-10-09,4174.48,21,198.78
C012284,107950,Personal Loan,2025-06-22,5773.69,19,303.88
C012285,105098,Credit Card,2025-08-26,4592.83,24,191.37
C012286,108083,Personal Loan,2025-09-30,7202.84,30,240.09
C012287,103562,Payroll Loan,2025-03-27,3319.72,24,138.32
C012288,102208,Payroll Loan,2025-02-21,13976.24,47,297.37
C012289,100749,Vehicle Finance,2025-07-01,17353.63,39,444.96
C012290,109463,Personal Loan,2025-09-04,4358.9,20,217.94
C012291,108643,Vehicle Finance,2026-06-14,59173.57,52,1137.95
C012292,106505,Personal Loan,2025-04-02,9679.34,33,293.31
C012293,108513,Payroll Loan,2025-04-05,12520.61,13,963.12
C012294,107983,Payroll Loan,2025-08-27,11323.6,37,306.04
C012295,100480,Personal Loan,2026-05-09,16445.54,25,657.82
C012296,109284,Credit Card,2025-04-19,3943.58,20,197.18
C012297,109654,Credit Card,2025-10-16,7152.94,7,1021.85
C012298,108153,Credit Card,2025-12-28,8226.8,12,685.57
C012299,106475,Personal Loan,2026-06-17,12308.61,31,397.05
C012300,105597,Payroll Loan,2025-04-17,8408.2,33,254.79
C012301,104046,Vehicle Finance,2025-08-09,29327.44,32,916.48
C012302,104799,Payroll Loan,2025-01-19,13200.14,33,400.0
C012303,102303,Personal Loan,2025-07-24,7093.35,12,591.11
C012304,105480,Payroll Loan,2026-06-20,15833.1,13,1217.93
C012305,103239,Personal Loan,2025-12-01,7218.55,33,218.74
C012306,108745,Personal Loan,2026-01-15,9150.47,14,653.6
C012307,100508,Personal Loan,2025-11-30,7013.57,35,200.39
C012308,100662,Personal Loan,2026-02-28,5596.19,16,349.76
C012309,108564,Vehicle Finance,2025-03-30,43998.03,35,1257.09
C012310,103870,Credit Card,2025-01-28,2497.35,14,178.38
C012311,105603,Personal Loan,2025-12-21,3201.41,13,246.26
C012312,102844,Personal Loan,2025-12-26,6701.07,12,558.42
C012313,102238,Credit Card,2025-09-07,2480.99,16,155.06
C012314,104466,Credit Card,2025-10-17,7656.7,15,510.45
C012315,101291,Credit Card,2025-02-08,5834.62,20,291.73
C012316,106022,Credit Card,2026-05-18,2484.62,17,146.15
C012317,101330,Credit Card,2025-04-15,5564.54,15,370.97
C012318,107725,Personal Loan,2026-01-16,3550.3,14,253.59
C012319,103984,Personal Loan,2025-07-16,3099.09,24,129.13
C012320,100085,Payroll Loan,2025-04-23,18810.79,19,990.04
C012321,104617,Credit Card,2025-02-03,2065.78,11,187.8
C012322,104316,Payroll Loan,2025-03-29,4016.47,48,83.68
C012323,100578,Payroll Loan,2026-01-18,19126.35,41,466.5
C012324,102904,Personal Loan,2025-05-04,10598.9,19,557.84
C012325,102874,Credit Card,2025-11-28,6028.67,11,548.06
C012326,107363,Credit Card,2025-11-28,4346.96,10,434.7
C012327,107687,Credit Card,2025-03-29,5265.07,7,752.15
C012328,102745,Personal Loan,2025-08-31,9501.7,35,271.48
C012329,109321,Credit Card,2025-09-28,4841.04,10,484.1
C012330,102342,Vehicle Finance,2026-06-07,20430.18,49,416.94
C012331,105271,Credit Card,2026-04-12,6067.93,13,466.76
C012332,101729,Credit Card,2026-02-15,4627.43,20,231.37
C012333,101538,Personal Loan,2025-07-02,21000.0,15,1400.0
C012334,105032,Vehicle Finance,2025-03-07,16566.15,37,447.73
C012335,102460,Personal Loan,2025-06-08,5569.65,32,174.05
C012336,100521,Credit Card,2026-06-03,6048.71,6,1008.12
C012337,109805,Personal Loan,2025-07-29,13528.7,13,1040.67
C012338,106978,Personal Loan,2026-02-18,6162.3,29,212.49
C012339,106773,Credit Card,2025-03-03,4762.21,16,297.64
C012340,108843,Personal Loan,2025-01-16,7474.58,30,249.15
C012341,107294,Vehicle Finance,2025-09-05,56279.36,48,1172.49
C012342,101960,Credit Card,2026-05-08,3552.96,8,444.12
C012343,108990,Credit Card,2026-03-29,9054.91,7,1293.56
C012344,104951,Credit Card,2025-12-25,1713.32,7,244.76
C012345,108557,Credit Card,2025-04-15,3651.24,24,152.14
C012346,108803,Credit Card,2025-07-21,2792.32,23,121.41
C012347,100077,Credit Card,2025-05-04,13381.23,6,2230.2
C012348,108525,Credit Card,2025-01-31,4181.89,20,209.09
C012349,100800,Vehicle Finance,2025-03-07,62737.68,50,1254.75
C012350,107820,Personal Loan,2026-03-15,15413.71,14,1100.98
C012351,106660,Payroll Loan,2025-01-25,5869.4,39,150.5
C012352,101866,Vehicle Finance,2025-04-27,40458.4,41,986.79
C012353,109302,Credit Card,2025-07-22,3520.58,15,234.71
C012354,104371,Vehicle Finance,2025-09-15,31090.76,49,634.51
C012355,103711,Credit Card,2026-05-05,6714.94,24,279.79
C012356,109833,Payroll Loan,2026-06-06,13317.03,16,832.31
C012357,105558,Personal Loan,2026-06-21,7075.19,14,505.37
C012358,102421,Personal Loan,2026-02-19,6267.13,16,391.7
C012359,108622,Personal Loan,2025-02-23,7169.47,15,477.96
C012360,101334,Payroll Loan,2025-10-31,11990.78,47,255.12
C012361,106012,Personal Loan,2026-02-24,4937.75,29,170.27
C012362,104132,Payroll Loan,2025-07-26,8592.48,19,452.24
C012363,108327,Personal Loan,2026-04-18,15597.41,15,1039.83
C012364,101512,Payroll Loan,2025-12-27,22829.13,28,815.33
C012365,105864,Personal Loan,2025-12-04,6935.67,17,407.98
C012366,104708,Personal Loan,2025-11-24,6859.13,22,311.78
C012367,104901,Payroll Loan,2025-06-04,8062.91,16,503.93
C012368,106192,Payroll Loan,2025-05-14,8133.89,41,198.39
C012369,103688,Vehicle Finance,2025-02-24,28310.71,57,496.68
C012370,103951,Credit Card,2026-03-14,8228.46,22,374.02
C012371,103036,Personal Loan,2026-04-01,5709.29,12,475.77
C012372,102528,Payroll Loan,2025-03-07,8178.36,27,302.9
C012373,109438,Payroll Loan,2025-04-13,8959.84,20,447.99
C012374,104605,Payroll Loan,2025-04-26,6104.1,13,469.55
C012375,103518,Payroll Loan,2025-12-04,15153.17,26,582.81
C012376,107908,Credit Card,2025-03-20,7023.84,9,780.43
C012377,101304,Personal Loan,2025-01-26,7398.95,34,217.62
C012378,108177,Payroll Loan,2025-11-29,15140.81,29,522.1
C012379,100030,Vehicle Finance,2025-01-19,38240.19,41,932.69
C012380,100062,Payroll Loan,2025-01-20,15754.45,44,358.06
C012381,102644,Personal Loan,2025-01-29,4450.48,30,148.35
C012382,100450,Credit Card,2026-06-07,3796.37,20,189.82
C012383,104943,Credit Card,2026-06-13,9503.63,11,863.97
C012384,109173,Personal Loan,2025-12-07,3963.78,29,136.68
C012385,101684,Personal Loan,2025-08-28,7763.72,13,597.21
C012386,102278,Credit Card,2026-05-07,4342.39,16,271.4
C012387,101216,Personal Loan,2025-02-19,7604.32,29,262.22
C012388,104064,Credit Card,2025-03-09,3969.9,9,441.1
C012389,104284,Credit Card,2025-09-24,2771.52,15,184.77
C012390,101125,Personal Loan,2025-04-25,13255.94,14,946.85
C012391,109421,Personal Loan,2025-09-18,12242.12,14,874.44
C012392,103346,Personal Loan,2026-02-16,4361.68,35,124.62
C012393,102232,Personal Loan,2025-01-09,9300.86,12,775.07
C012394,107613,Personal Loan,2026-04-06,15832.65,36,439.8
C012395,106614,Personal Loan,2026-05-01,6392.28,36,177.56
C012396,100530,Credit Card,2025-05-27,2780.97,23,120.91
C012397,109495,Personal Loan,2026-04-28,5963.46,20,298.17
C012398,104484,Payroll Loan,2026-01-30,6387.28,16,399.2
C012399,108130,Personal Loan,2025-06-13,7025.66,33,212.9
C012400,106158,Credit Card,2026-04-07,5104.37,23,221.93
C012401,107994,Personal Loan,2026-06-30,2558.05,32,79.94
C012402,102866,Credit Card,2025-06-14,2885.26,17,169.72
C012403,102150,Credit Card,2026-02-08,2603.51,8,325.44
C012404,108213,Personal Loan,2025-07-10,6999.75,30,233.32
C012405,108373,Personal Loan,2025-11-13,14976.75,15,998.45
C012406,100037,Payroll Loan,2025-08-12,7225.53,22,328.43
C012407,100988,Personal Loan,2025-01-14,9110.65,31,293.89
C012408,104272,Personal Loan,2026-02-20,3617.77,20,180.89
C012409,103196,Credit Card,2025-01-03,3093.25,13,237.94
C012410,108520,Personal Loan,2025-07-14,5921.09,31,191.0
C012411,105556,Credit Card,2025-12-18,4081.37,8,510.17
C012412,101167,Vehicle Finance,2025-02-28,31648.25,43,736.01
C012413,104654,Vehicle Finance,2025-06-01,49984.0,42,1190.1
C012414,101920,Personal Loan,2025-11-02,2904.29,22,132.01
C012415,107130,Personal Loan,2025-06-18,9418.43,35,269.1
C012416,106552,Personal Loan,2025-01-30,5400.68,32,168.77
C012417,105812,Credit Card,2025-11-10,6335.73,22,287.99
C012418,103145,Vehicle Finance,2025-11-01,28781.69,33,872.17
C012419,106304,Payroll Loan,2025-01-04,20110.44,16,1256.9
C012420,102470,Personal Loan,2025-06-13,3367.48,36,93.54
C012421,102838,Vehicle Finance,2025-10-26,9500.0,53,179.25
C012422,105221,Personal Loan,2026-01-12,6285.98,30,209.53
C012423,101947,Vehicle Finance,2025-05-15,57935.1,41,1413.05
C012424,106321,Personal Loan,2025-04-11,16449.79,23,715.21
C012425,108878,Personal Loan,2025-06-10,21000.0,18,1166.67
C012426,107151,Credit Card,2026-02-13,8687.4,17,511.02
C012427,101985,Payroll Loan,2025-05-31,4582.95,27,169.74
C012428,103822,Credit Card,2026-05-22,2519.1,17,148.18
C012429,107392,Personal Loan,2025-02-02,7328.8,26,281.88
C012430,105892,Vehicle Finance,2026-02-10,30784.23,50,615.68
C012431,107818,Vehicle Finance,2026-06-08,36112.75,57,633.56
C012432,109180,Credit Card,2025-06-14,4443.66,23,193.2
C012433,107186,Payroll Loan,2025-06-08,6149.51,24,256.23
C012434,109505,Payroll Loan,2025-10-24,23904.66,12,1992.06
C012435,103142,Personal Loan,2025-12-29,6305.37,26,242.51
C012436,106326,Payroll Loan,2026-04-03,27438.51,33,831.47
C012437,103886,Credit Card,2026-05-07,4654.54,17,273.8
C012438,105380,Vehicle Finance,2026-03-07,84541.56,57,1483.19
C012439,105535,Personal Loan,2025-07-21,4458.05,15,297.2
C012440,107425,Credit Card,2025-01-31,2054.91,18,114.16
C012441,106496,Credit Card,2025-10-01,3224.86,11,293.17
C012442,109086,Payroll Loan,2025-02-03,10045.14,20,502.26
C012443,106896,Personal Loan,2026-02-23,9306.93,22,423.04
C012444,102251,Credit Card,2025-03-02,5751.69,15,383.45
C012445,105149,Credit Card,2025-02-22,4486.28,18,249.24
C012446,103727,Credit Card,2025-09-08,6890.58,14,492.18
C012447,105433,Payroll Loan,2025-11-22,15463.18,35,441.81
C012448,100223,Credit Card,2025-04-09,3398.96,6,566.49
C012449,109786,Personal Loan,2025-11-14,2898.52,31,93.5
C012450,109673,Vehicle Finance,2026-01-18,60611.9,38,1595.05
C012451,105235,Credit Card,2025-03-23,3681.73,19,193.78
C012452,108176,Payroll Loan,2026-05-06,13052.41,41,318.35
C012453,107680,Credit Card,2025-04-12,2079.26,9,231.03
C012454,100766,Personal Loan,2025-01-13,10487.16,20,524.36
C012455,101390,Credit Card,2026-05-19,4799.35,15,319.96
C012456,108691,Vehicle Finance,2026-02-10,40336.06,25,1613.44
C012457,101793,Vehicle Finance,2026-02-13,18361.57,51,360.03
C012458,107074,Credit Card,2025-01-21,3858.57,9,428.73
C012459,109673,Payroll Loan,2025-09-21,14302.47,28,510.8
C012460,108628,Payroll Loan,2025-02-12,14006.25,17,823.9
C012461,109539,Personal Loan,2026-03-03,4476.94,27,165.81
C012462,108512,Personal Loan,2025-08-25,7516.63,27,278.39
C012463,100100,Payroll Loan,2026-04-25,13470.38,16,841.9
C012464,102476,Personal Loan,2026-06-30,1757.98,28,62.78
C012465,109722,Personal Loan,2025-06-18,8537.62,17,502.21
C012466,102917,Payroll Loan,2025-06-12,9270.22,35,264.86
C012467,100732,Vehicle Finance,2026-06-19,45379.4,57,796.13
C012468,103382,Personal Loan,2025-10-07,14260.44,16,891.28
C012469,100978,Credit Card,2026-01-26,10076.57,20,503.83
C012470,106955,Vehicle Finance,2026-06-18,55701.12,56,994.66
C012471,108569,Vehicle Finance,2025-08-14,31688.73,45,704.19
C012472,106600,Credit Card,2025-12-10,5361.0,15,357.4
C012473,106946,Payroll Loan,2026-02-28,6176.22,31,199.23
C012474,104881,Personal Loan,2025-07-18,6897.43,22,313.52
C012475,107134,Personal Loan,2025-12-29,6537.18,26,251.43
C012476,105443,Payroll Loan,2025-06-28,19491.15,21,928.15
C012477,103407,Personal Loan,2026-03-01,12019.99,14,858.57
C012478,104509,Payroll Loan,2025-06-03,12094.28,25,483.77
C012479,100565,Personal Loan,2025-09-23,3470.18,14,247.87
C012480,103250,Credit Card,2025-02-14,3364.51,9,373.83
C012481,106164,Personal Loan,2026-04-17,7485.28,14,534.66
C012482,108141,Personal Loan,2025-02-26,8447.71,30,281.59
C012483,102369,Credit Card,2025-01-20,4211.76,8,526.47
C012484,105714,Payroll Loan,2026-02-03,10577.94,18,587.66
C012485,106085,Vehicle Finance,2025-04-09,34823.32,47,740.92
C012486,107657,Payroll Loan,2025-10-31,13962.7,28,498.67
C012487,102264,Personal Loan,2026-06-27,4866.04,24,202.75
C012488,101592,Personal Loan,2025-03-12,7694.88,18,427.49
C012489,108454,Payroll Loan,2025-05-02,9197.54,38,242.04
C012490,102467,Credit Card,2025-08-08,3550.27,13,273.1
C012491,101605,Personal Loan,2026-03-16,6580.14,27,243.71
C012492,104055,Personal Loan,2025-05-08,5156.37,12,429.7
C012493,103095,Payroll Loan,2026-06-16,7119.62,13,547.66
C012494,102244,Personal Loan,2025-08-18,7121.05,35,203.46
C012495,100695,Vehicle Finance,2026-01-24,54887.42,33,1663.26
C012496,106103,Payroll Loan,2025-12-07,5169.23,40,129.23
C012497,102308,Credit Card,2025-09-14,3054.36,8,381.8
C012498,107144,Payroll Loan,2025-03-09,6831.42,19,359.55
C012499,103081,Personal Loan,2025-08-17,4656.13,23,202.44
C012500,102271,Vehicle Finance,2026-01-28,114000.0,45,2533.33
C012501,108360,Personal Loan,2025-04-06,5134.01,17,302.0
C012502,100131,Vehicle Finance,2025-01-22,62691.75,55,1139.85
C012503,100888,Credit Card,2025-10-15,4730.09,6,788.35
C012504,106067,Payroll Loan,2025-01-06,10509.29,41,256.32
C012505,100521,Personal Loan,2025-06-25,14532.23,12,1211.02
C012506,109812,Vehicle Finance,2026-04-08,39418.24,59,668.11
C012507,104091,Vehicle Finance,2025-05-01,61214.75,38,1610.91
C012508,103274,Personal Loan,2026-01-25,5686.5,29,196.09
C012509,103254,Personal Loan,2025-02-24,7780.53,24,324.19
C012510,106344,Payroll Loan,2025-02-15,14240.18,18,791.12
C012511,103346,Payroll Loan,2025-07-22,18691.36,31,602.95
C012512,100480,Personal Loan,2025-02-03,5334.54,36,148.18
C012513,100140,Payroll Loan,2026-01-19,9271.33,14,662.24
C012514,105689,Credit Card,2026-03-29,2794.94,18,155.27
C012515,101237,Personal Loan,2025-03-15,4717.71,18,262.1
C012516,105601,Credit Card,2025-02-19,4037.35,9,448.59
C012517,109729,Vehicle Finance,2025-11-08,28523.08,26,1097.04
C012518,105673,Personal Loan,2026-02-11,5086.28,21,242.2
C012519,107996,Personal Loan,2025-03-25,5936.07,31,191.49
C012520,104858,Credit Card,2025-12-07,8328.55,22,378.57
C012521,101841,Personal Loan,2025-06-12,6098.89,18,338.83
C012522,104506,Payroll Loan,2026-04-05,9619.81,31,310.32
C012523,106386,Credit Card,2025-12-30,3021.65,8,377.71
C012524,108650,Credit Card,2025-09-05,2365.1,7,337.87
C012525,104113,Credit Card,2025-10-12,4697.2,11,427.02
C012526,100133,Credit Card,2025-11-12,3163.21,15,210.88
C012527,105497,Payroll Loan,2025-07-13,3600.46,14,257.18
C012528,103748,Credit Card,2025-03-17,4113.47,13,316.42
C012529,108361,Personal Loan,2026-01-15,6473.54,26,248.98
C012530,104167,Credit Card,2026-04-29,5025.09,16,314.07
C012531,106124,Personal Loan,2025-10-30,11048.45,25,441.94
C012532,108289,Payroll Loan,2025-07-16,12250.57,46,266.32
C012533,105825,Vehicle Finance,2026-05-03,26427.03,43,614.58
C012534,103897,Personal Loan,2025-05-04,12447.07,24,518.63
C012535,103652,Personal Loan,2025-08-17,20003.26,35,571.52
C012536,100893,Personal Loan,2025-01-17,3430.9,19,180.57
C012537,101979,Vehicle Finance,2025-12-18,26175.7,39,671.17
C012538,101226,Personal Loan,2025-09-05,5862.92,35,167.51
C012539,102164,Payroll Loan,2026-03-16,15664.04,14,1118.86
C012540,101204,Credit Card,2025-01-01,6459.98,22,293.64
C012541,106840,Credit Card,2025-12-29,10881.69,22,494.62
C012542,106039,Personal Loan,2025-12-04,2876.91,14,205.49
C012543,107861,Vehicle Finance,2025-09-25,33106.23,46,719.7
C012544,105302,Vehicle Finance,2026-02-08,29127.71,56,520.14
C012545,103045,Credit Card,2025-02-06,5343.25,15,356.22
C012546,102494,Vehicle Finance,2025-03-03,25406.08,43,590.84
C012547,100925,Personal Loan,2026-04-19,8104.04,13,623.39
C012548,101890,Credit Card,2025-09-12,4950.82,21,235.75
C012549,105013,Credit Card,2025-02-07,10588.81,9,1176.53
C012550,109096,Vehicle Finance,2025-09-09,24256.63,38,638.33
C012551,103653,Payroll Loan,2025-09-15,12644.61,28,451.59
C012552,105860,Personal Loan,2025-03-16,20761.55,21,988.65
C012553,102637,Vehicle Finance,2025-04-30,87523.71,36,2431.21
C012554,108434,Payroll Loan,2025-10-06,3270.84,30,109.03
C012555,100752,Credit Card,2026-02-15,3725.48,15,248.37
C012556,102646,Credit Card,2025-12-26,4677.22,6,779.54
C012557,109893,Personal Loan,2026-01-03,10153.62,16,634.6
C012558,104747,Personal Loan,2026-01-20,17121.89,33,518.85
C012559,107755,Credit Card,2025-04-29,6310.17,12,525.85
C012560,102570,Vehicle Finance,2025-03-12,37213.84,29,1283.24
C012561,108276,Vehicle Finance,2026-01-30,54724.06,60,912.07
C012562,101596,Vehicle Finance,2026-02-02,34918.71,30,1163.96
C012563,104288,Personal Loan,2025-07-07,17160.42,26,660.02
C012564,103892,Credit Card,2025-12-28,7264.75,9,807.19
C012565,109181,Vehicle Finance,2025-05-30,44125.15,52,848.56
C012566,100032,Personal Loan,2025-03-24,9324.68,23,405.42
C012567,109586,Payroll Loan,2025-03-08,29437.54,38,774.67
C012568,108900,Vehicle Finance,2025-04-19,26365.5,46,573.16
C012569,103139,Personal Loan,2025-06-28,2695.71,15,179.71
C012570,104499,Credit Card,2025-06-26,6806.19,17,400.36
C012571,107454,Payroll Loan,2026-06-14,21278.95,45,472.87
C012572,101236,Personal Loan,2026-02-05,14917.76,24,621.57
C012573,102721,Payroll Loan,2025-04-03,12915.17,24,538.13
C012574,104670,Credit Card,2025-06-29,6763.73,8,845.47
C012575,108083,Personal Loan,2026-05-12,5075.97,32,158.62
C012576,108706,Credit Card,2026-02-18,8122.4,11,738.4
C012577,105003,Credit Card,2026-06-07,8137.43,17,478.67
C012578,109574,Payroll Loan,2026-01-01,7475.78,18,415.32
C012579,109674,Payroll Loan,2025-10-20,6230.65,46,135.45
C012580,100018,Credit Card,2026-02-04,5094.88,21,242.61
C012581,105792,Credit Card,2025-12-07,3882.76,21,184.89
C012582,109748,Personal Loan,2025-02-10,7587.83,19,399.36
C012583,102646,Credit Card,2025-08-11,3553.84,14,253.85
C012584,103237,Payroll Loan,2025-08-30,10740.06,47,228.51
C012585,103140,Payroll Loan,2025-10-29,9142.58,19,481.19
C012586,107070,Personal Loan,2025-04-04,6683.7,16,417.73
C012587,104304,Credit Card,2026-03-05,4515.68,17,265.63
C012588,107528,Payroll Loan,2025-02-12,15342.79,16,958.92
C012589,103614,Credit Card,2026-05-26,3886.23,19,204.54
C012590,109065,Personal Loan,2025-06-10,4349.57,31,140.31
C012591,102591,Personal Loan,2025-10-18,5332.05,20,266.6
C012592,104098,Payroll Loan,2025-12-17,5422.75,37,146.56
C012593,108567,Credit Card,2025-08-01,7998.63,16,499.91
C012594,107663,Payroll Loan,2026-01-31,11243.25,32,351.35
C012595,103729,Personal Loan,2025-01-27,9301.46,28,332.2
C012596,106853,Credit Card,2026-05-10,5287.89,10,528.79
C012597,104568,Payroll Loan,2025-07-24,4514.67,15,300.98
C012598,103254,Credit Card,2026-01-28,2981.31,17,175.37
C012599,102925,Vehicle Finance,2025-01-02,56953.25,37,1539.28
C012600,108262,Personal Loan,2025-02-16,7175.49,33,217.44
C012601,108098,Personal Loan,2025-07-05,7329.18,22,333.14
C012602,108918,Personal Loan,2026-01-22,9656.0,25,386.24
C012603,103967,Vehicle Finance,2026-05-03,22381.05,33,678.21
C012604,105669,Credit Card,2025-02-16,3265.92,24,136.08
C012605,100928,Payroll Loan,2026-06-05,19238.97,45,427.53
C012606,108192,Payroll Loan,2026-03-30,7888.57,45,175.3
C012607,101709,Personal Loan,2026-04-22,18933.14,35,540.95
C012608,106249,Personal Loan,2025-01-21,11627.66,35,332.22
C012609,108692,Personal Loan,2025-04-21,3989.36,34,117.33
C012610,107892,Vehicle Finance,2025-10-28,58451.61,27,2164.87
C012611,108172,Credit Card,2025-09-08,6015.49,24,250.65
C012612,106182,Vehicle Finance,2026-03-24,13547.11,31,437.0
C012613,109517,Payroll Loan,2026-06-26,10209.85,37,275.94
C012614,106930,Personal Loan,2025-07-18,20207.49,18,1122.64
C012615,106545,Credit Card,2025-12-22,2571.03,7,367.29
C012616,100376,Payroll Loan,2025-08-16,10381.12,31,334.87
C012617,106397,Personal Loan,2026-06-08,6730.03,21,320.48
C012618,100964,Payroll Loan,2025-12-26,8416.14,13,647.4
C012619,103898,Credit Card,2025-09-23,4164.94,20,208.25
C012620,104135,Personal Loan,2025-06-25,11429.55,28,408.2
C012621,104070,Vehicle Finance,2025-02-01,44305.32,25,1772.21
C012622,107894,Personal Loan,2026-06-01,12880.24,16,805.02
C012623,106924,Credit Card,2025-11-29,5154.94,16,322.18
C012624,100637,Credit Card,2025-04-19,3128.67,11,284.42
C012625,103777,Personal Loan,2025-06-24,13390.78,20,669.54
C012626,100137,Credit Card,2025-01-21,6671.36,13,513.18
C012627,108162,Payroll Loan,2025-11-15,8947.16,31,288.62
C012628,102181,Payroll Loan,2026-05-29,4932.94,32,154.15
C012629,104244,Credit Card,2025-12-13,4703.99,9,522.67
C012630,108604,Personal Loan,2025-09-09,4040.62,17,237.68
C012631,107485,Vehicle Finance,2025-07-30,58721.98,41,1432.24
C012632,108872,Credit Card,2026-03-18,3031.51,16,189.47
C012633,103430,Personal Loan,2026-03-18,1750.0,17,102.94
C012634,102944,Payroll Loan,2026-01-02,33000.0,16,2062.5
C012635,104923,Credit Card,2025-06-21,4743.54,18,263.53
C012636,106819,Personal Loan,2026-03-04,10723.6,19,564.4
C012637,108880,Payroll Loan,2025-05-15,7600.65,31,245.18
C012638,107035,Credit Card,2025-07-12,4991.51,12,415.96
C012639,108951,Payroll Loan,2025-06-20,11541.26,43,268.4
C012640,100010,Credit Card,2026-06-01,3877.97,7,554.0
C012641,108720,Payroll Loan,2026-05-22,6259.98,18,347.78
C012642,103742,Payroll Loan,2025-05-25,10114.55,31,326.28
C012643,101532,Payroll Loan,2026-06-30,18961.82,17,1115.4
C012644,101501,Payroll Loan,2025-12-07,12888.04,28,460.29
C012645,103891,Credit Card,2026-04-03,3391.68,12,282.64
C012646,103462,Payroll Loan,2025-10-16,3457.0,14,246.93
C012647,100723,Vehicle Finance,2025-07-07,69454.63,29,2394.99
C012648,102653,Personal Loan,2025-02-05,7662.48,29,264.22
C012649,104932,Vehicle Finance,2026-03-11,84240.23,48,1755.0
C012650,100763,Personal Loan,2026-03-21,15103.75,12,1258.65
C012651,102834,Personal Loan,2025-09-03,10283.24,20,514.16
C012652,109861,Credit Card,2025-02-19,9226.38,20,461.32
C012653,109301,Personal Loan,2025-11-17,8476.87,30,282.56
C012654,105012,Personal Loan,2026-02-25,11078.15,17,651.66
C012655,104561,Personal Loan,2025-10-10,5697.26,12,474.77
C012656,101451,Credit Card,2025-09-03,5295.77,17,311.52
C012657,109238,Vehicle Finance,2026-04-21,44176.66,58,761.67
C012658,102344,Personal Loan,2026-01-11,6871.41,12,572.62
C012659,101683,Credit Card,2026-05-23,3587.89,15,239.19
C012660,100368,Personal Loan,2025-07-31,12415.9,23,539.82
C012661,108925,Credit Card,2025-10-04,4846.62,24,201.94
C012662,103001,Personal Loan,2025-12-30,3244.18,15,216.28
C012663,104207,Personal Loan,2025-03-26,10782.83,29,371.82
C012664,100645,Vehicle Finance,2025-12-15,29437.93,27,1090.29
C012665,102891,Payroll Loan,2025-02-08,14923.92,41,364.0
C012666,102476,Credit Card,2025-08-06,3599.24,22,163.6
C012667,109947,Credit Card,2025-07-10,3263.55,7,466.22
C012668,104354,Personal Loan,2026-04-12,11897.57,21,566.55
C012669,102181,Personal Loan,2026-01-06,6985.53,34,205.46
C012670,106717,Credit Card,2026-06-01,4932.01,18,274.0
C012671,102377,Credit Card,2025-01-25,4809.85,6,801.64
C012672,108326,Vehicle Finance,2026-06-02,60756.6,29,2095.06
C012673,109277,Payroll Loan,2025-01-12,12701.35,19,668.49
C012674,100551,Payroll Loan,2026-03-17,9715.04,42,231.31
C012675,104755,Personal Loan,2025-02-14,7069.38,30,235.65
C012676,102467,Personal Loan,2025-04-07,4720.94,36,131.14
C012677,108532,Payroll Loan,2025-01-22,8177.4,20,408.87
C012678,101357,Payroll Loan,2026-06-11,26113.56,35,746.1
C012679,104102,Personal Loan,2025-03-24,9410.44,18,522.8
C012680,103482,Payroll Loan,2025-11-11,9615.47,24,400.64
C012681,104709,Credit Card,2025-07-15,3088.65,24,128.69
C012682,101764,Credit Card,2025-04-28,3933.71,24,163.9
C012683,101219,Credit Card,2025-01-19,7186.0,16,449.12
C012684,102352,Personal Loan,2025-11-21,8725.88,16,545.37
C012685,106809,Vehicle Finance,2025-06-02,14135.92,25,565.44
C012686,109175,Vehicle Finance,2025-11-27,27604.43,25,1104.18
C012687,109660,Vehicle Finance,2026-01-17,42972.46,51,842.6
C012688,106415,Personal Loan,2025-08-24,2288.7,23,99.51
C012689,100101,Vehicle Finance,2025-08-26,88702.35,52,1705.81
C012690,108666,Personal Loan,2025-03-02,5422.47,17,318.97
C012691,109177,Credit Card,2025-07-18,2495.54,22,113.43
C012692,105436,Payroll Loan,2025-12-30,11923.91,45,264.98
C012693,105535,Credit Card,2026-02-15,4951.21,15,330.08
C012694,108198,Vehicle Finance,2025-04-03,54737.1,40,1368.43
C012695,103507,Vehicle Finance,2025-06-30,33886.1,57,594.49
C012696,103497,Credit Card,2025-05-23,8197.45,17,482.2
C012697,107460,Payroll Loan,2025-11-15,12886.53,29,444.36
C012698,102445,Payroll Loan,2026-03-08,16900.48,43,393.03
C012699,108282,Credit Card,2026-04-22,6398.61,21,304.7
C012700,105488,Vehicle Finance,2025-12-30,56363.06,60,939.38
C012701,103055,Personal Loan,2025-01-12,3413.91,28,121.93
C012702,109422,Personal Loan,2025-03-24,5990.15,24,249.59
C012703,101452,Personal Loan,2025-01-28,3154.66,17,185.57
C012704,108351,Vehicle Finance,2025-11-06,73053.84,54,1352.85
C012705,105316,Personal Loan,2025-03-05,11114.38,29,383.25
C012706,102432,Credit Card,2025-05-24,3353.99,21,159.71
C012707,106161,Personal Loan,2025-05-18,4276.98,31,137.97
C012708,109548,Payroll Loan,2026-01-30,18524.23,12,1543.69
C012709,101731,Personal Loan,2025-11-18,6380.28,23,277.4
C012710,105250,Payroll Loan,2025-07-10,26145.4,42,622.51
C012711,107074,Personal Loan,2025-07-30,5892.67,33,178.57
C012712,104210,Personal Loan,2025-04-19,19056.77,17,1120.99
C012713,102293,Credit Card,2025-02-16,5669.58,21,269.98
C012714,102882,Credit Card,2025-07-05,3188.38,16,199.27
C012715,104163,Personal Loan,2025-07-20,12513.9,30,417.13
C012716,106272,Payroll Loan,2026-04-25,6312.66,37,170.61
C012717,105979,Credit Card,2025-07-05,2672.25,19,140.64
C012718,105789,Vehicle Finance,2025-01-27,50713.69,59,859.55
C012719,103636,Credit Card,2025-10-05,9487.8,12,790.65
C012720,108251,Credit Card,2026-02-04,4713.23,10,471.32
C012721,104428,Personal Loan,2025-07-10,4440.22,13,341.56
C012722,109148,Payroll Loan,2026-05-25,10113.44,20,505.67
C012723,103179,Payroll Loan,2025-03-28,13352.61,32,417.27
C012724,107465,Credit Card,2025-05-21,9994.24,11,908.57
C012725,105560,Credit Card,2026-06-16,2853.15,9,317.02
C012726,101850,Payroll Loan,2025-03-30,8429.65,45,187.33
C012727,100890,Personal Loan,2025-04-17,3415.61,19,179.77
C012728,101325,Payroll Loan,2026-05-28,18794.47,15,1252.96
C012729,104690,Payroll Loan,2026-01-20,13286.43,33,402.62
C012730,105361,Vehicle Finance,2025-08-11,31402.04,25,1256.08
C012731,106748,Credit Card,2025-05-08,5267.11,7,752.44
C012732,101536,Credit Card,2025-04-23,4046.77,15,269.78
C012733,101844,Credit Card,2025-03-17,6328.95,23,275.17
C012734,106172,Payroll Loan,2025-06-22,19015.76,13,1462.75
C012735,105769,Credit Card,2025-03-17,8002.94,7,1143.28
C012736,101617,Payroll Loan,2025-10-10,11901.01,27,440.78
C012737,105827,Personal Loan,2026-06-30,6181.62,26,237.75
C012738,102323,Vehicle Finance,2025-08-16,45365.24,48,945.11
C012739,103075,Payroll Loan,2026-04-12,6910.8,28,246.81
C012740,100838,Credit Card,2025-10-17,2959.01,7,422.72
C012741,100691,Credit Card,2026-04-23,3774.55,6,629.09
C012742,108371,Vehicle Finance,2025-07-31,61450.69,33,1862.14
C012743,109570,Credit Card,2025-12-29,3004.04,6,500.67
C012744,105896,Personal Loan,2025-10-17,4704.51,18,261.36
C012745,100974,Credit Card,2026-02-23,4297.78,7,613.97
C012746,103465,Credit Card,2026-05-08,4993.55,8,624.19
C012747,103529,Payroll Loan,2025-04-15,18657.54,45,414.61
C012748,103967,Vehicle Finance,2026-03-24,21939.46,29,756.53
C012749,101840,Vehicle Finance,2025-04-24,63234.43,50,1264.69
C012750,101347,Credit Card,2025-11-22,5036.61,23,218.98
C012751,109208,Payroll Loan,2025-10-20,13385.88,19,704.52
C012752,108480,Credit Card,2025-08-19,10110.4,20,505.52
C012753,100530,Vehicle Finance,2026-04-04,35485.02,26,1364.81
C012754,103051,Personal Loan,2026-04-09,7100.72,13,546.21
C012755,101350,Payroll Loan,2025-04-11,11549.4,30,384.98
C012756,100713,Credit Card,2025-07-13,2285.04,9,253.89
C012757,106458,Personal Loan,2026-05-31,9724.3,22,442.01
C012758,103592,Personal Loan,2026-04-26,1750.0,14,125.0
C012759,105487,Credit Card,2025-04-16,4422.51,9,491.39
C012760,102431,Credit Card,2025-04-13,4473.59,20,223.68
C012761,107208,Personal Loan,2026-04-18,8949.38,29,308.6
C012762,104076,Personal Loan,2025-05-28,15947.09,15,1063.14
C012763,101192,Credit Card,2026-05-24,4888.44,22,222.2
C012764,108603,Personal Loan,2025-11-24,2809.19,27,104.04
C012765,102966,Credit Card,2025-07-29,5680.82,24,236.7
C012766,107450,Payroll Loan,2026-01-17,8439.15,35,241.12
C012767,106855,Vehicle Finance,2026-02-01,73125.92,52,1406.27
C012768,102437,Personal Loan,2026-05-18,6296.77,27,233.21
C012769,102515,Credit Card,2025-06-10,4781.72,9,531.3
C012770,103214,Personal Loan,2025-08-20,14011.65,35,400.33
C012771,108928,Payroll Loan,2025-12-31,14648.88,44,332.93
C012772,104331,Credit Card,2025-08-13,3624.83,14,258.92
C012773,107433,Vehicle Finance,2026-01-22,39122.57,55,711.32
C012774,101615,Credit Card,2025-02-06,3002.14,21,142.96
C012775,100762,Personal Loan,2026-06-19,4459.89,30,148.66
C012776,102851,Personal Loan,2026-01-06,5143.67,19,270.72
C012777,101814,Vehicle Finance,2026-02-02,31914.35,52,613.74
C012778,103085,Credit Card,2026-03-05,2212.45,6,368.74
C012779,102817,Credit Card,2025-05-29,6582.1,14,470.15
C012780,101889,Personal Loan,2025-01-06,20354.7,23,884.99
C012781,109620,Payroll Loan,2025-11-29,29170.32,15,1944.69
C012782,102735,Personal Loan,2025-12-17,4585.52,23,199.37
C012783,100205,Payroll Loan,2025-01-11,6337.01,35,181.06
C012784,104247,Vehicle Finance,2025-06-13,57970.86,52,1114.82
C012785,107680,Vehicle Finance,2026-02-02,57215.08,29,1972.93
C012786,108478,Vehicle Finance,2026-02-14,11236.18,52,216.08
C012787,103715,Credit Card,2026-05-07,4810.89,10,481.09
C012788,106800,Personal Loan,2025-02-08,8131.71,16,508.23
C012789,101397,Credit Card,2026-01-31,4465.53,23,194.15
C012790,100670,Vehicle Finance,2025-09-26,92577.21,36,2571.59
C012791,107463,Credit Card,2025-04-26,4674.86,10,467.49
C012792,105084,Credit Card,2026-04-22,7250.82,18,402.82
C012793,100035,Credit Card,2025-11-20,3193.72,13,245.67
C012794,102349,Payroll Loan,2026-06-20,5172.73,12,431.06
C012795,103914,Vehicle Finance,2025-09-29,35896.12,27,1329.49
C012796,100013,Personal Loan,2026-01-29,6644.68,26,255.56
C012797,103049,Personal Loan,2025-01-29,6450.71,21,307.18
C012798,105655,Vehicle Finance,2025-02-16,60342.91,54,1117.46
C012799,100462,Credit Card,2025-08-08,5651.44,15,376.76
C012800,101992,Credit Card,2025-10-24,13500.0,11,1227.27
C012801,105641,Credit Card,2025-03-24,2707.97,19,142.52
C012802,106470,Personal Loan,2025-10-16,15657.33,22,711.7
C012803,106662,Vehicle Finance,2026-04-03,59960.4,53,1131.33
C012804,102608,Credit Card,2025-09-24,8634.51,7,1233.5
C012805,101344,Credit Card,2025-03-06,8435.39,13,648.88
C012806,102421,Credit Card,2025-09-14,4235.91,24,176.5
C012807,105561,Personal Loan,2025-10-11,10374.96,13,798.07
C012808,105909,Vehicle Finance,2025-01-12,26832.8,50,536.66
C012809,109500,Personal Loan,2025-12-11,18783.93,18,1043.55
C012810,105907,Credit Card,2026-01-10,5664.5,9,629.39
C012811,107802,Vehicle Finance,2025-12-31,39229.21,48,817.28
C012812,108488,Personal Loan,2025-11-24,3548.9,19,186.78
C012813,104429,Personal Loan,2026-02-28,9236.22,30,307.87
C012814,101984,Personal Loan,2025-10-27,5855.83,20,292.79
C012815,102067,Payroll Loan,2025-04-27,10337.43,18,574.3
C012816,109870,Personal Loan,2026-01-26,13702.45,15,913.5
C012817,102746,Vehicle Finance,2025-06-25,24686.33,55,448.84
C012818,103693,Credit Card,2025-10-29,8547.71,12,712.31
C012819,103671,Payroll Loan,2026-01-17,7504.15,44,170.55
C012820,109700,Payroll Loan,2025-08-22,9284.81,48,193.43
C012821,101282,Personal Loan,2025-01-13,13296.29,29,458.49
C012822,101554,Personal Loan,2025-07-02,4730.19,13,363.86
C012823,106411,Credit Card,2025-03-13,4836.09,13,372.01
C012824,109528,Vehicle Finance,2025-08-05,62943.04,28,2247.97
C012825,106379,Vehicle Finance,2025-05-11,55140.27,48,1148.76
C012826,109641,Credit Card,2025-10-11,6455.09,10,645.51
C012827,105081,Payroll Loan,2025-12-27,10806.85,48,225.14
C012828,102905,Personal Loan,2025-07-24,7968.03,31,257.03
C012829,101776,Credit Card,2025-10-15,6131.79,9,681.31
C012830,102032,Credit Card,2025-08-29,3458.67,17,203.45
C012831,108261,Credit Card,2026-01-18,5291.49,12,440.96
C012832,106030,Credit Card,2025-12-15,6899.6,9,766.62
C012833,108572,Payroll Loan,2026-04-27,3196.44,45,71.03
C012834,101374,Personal Loan,2025-10-30,7607.02,34,223.74
C012835,102147,Payroll Loan,2025-12-07,4995.95,24,208.16
C012836,102952,Credit Card,2025-08-27,2186.22,13,168.17
C012837,107161,Payroll Loan,2025-02-02,13203.67,44,300.08
C012838,109830,Credit Card,2026-04-21,3612.24,11,328.39
C012839,106642,Credit Card,2025-10-03,12494.19,24,520.59
C012840,107650,Personal Loan,2025-07-07,12304.67,25,492.19
C012841,108484,Credit Card,2025-12-04,4069.7,15,271.31
C012842,107961,Personal Loan,2025-05-27,6755.06,30,225.17
C012843,102961,Personal Loan,2026-02-23,11936.98,22,542.59
C012844,108735,Vehicle Finance,2025-07-05,40627.7,32,1269.62
C012845,109247,Payroll Loan,2026-06-03,7049.08,35,201.4
C012846,106894,Payroll Loan,2025-12-08,11804.46,23,513.24
C012847,101562,Credit Card,2025-10-10,2002.15,10,200.22
C012848,107167,Personal Loan,2025-01-05,8637.21,24,359.88
C012849,105111,Vehicle Finance,2026-03-06,40065.17,34,1178.39
C012850,107326,Personal Loan,2025-07-18,11022.97,32,344.47
C012851,100451,Payroll Loan,2025-02-03,5334.4,40,133.36
C012852,103915,Personal Loan,2025-01-25,2055.5,32,64.23
C012853,105300,Credit Card,2025-08-11,6595.86,13,507.37
C012854,101002,Credit Card,2026-03-07,5048.52,10,504.85
C012855,105047,Personal Loan,2025-08-14,7546.52,28,269.52
C012856,106101,Credit Card,2025-07-21,2044.64,15,136.31
C012857,105861,Personal Loan,2025-07-07,5191.58,21,247.22
C012858,108000,Personal Loan,2025-03-31,11324.57,31,365.31
C012859,104263,Personal Loan,2025-09-21,11404.63,26,438.64
C012860,102345,Credit Card,2025-09-29,6402.62,22,291.03
C012861,101453,Payroll Loan,2025-06-18,16022.72,17,942.51
C012862,101824,Vehicle Finance,2025-07-19,17652.59,28,630.45
C012863,103569,Credit Card,2026-02-15,6872.84,10,687.28
C012864,109571,Vehicle Finance,2026-05-22,67286.27,47,1431.62
C012865,107610,Personal Loan,2026-03-31,20623.25,14,1473.09
C012866,101385,Vehicle Finance,2026-01-01,29733.5,31,959.15
C012867,106141,Personal Loan,2025-02-25,5585.68,19,293.98
C012868,105488,Credit Card,2025-09-18,5877.86,22,267.18
C012869,102209,Payroll Loan,2026-01-18,20950.06,35,598.57
C012870,107412,Vehicle Finance,2026-06-13,40827.44,45,907.28
C012871,100092,Credit Card,2026-01-13,6886.36,24,286.93
C012872,100951,Personal Loan,2026-02-04,14223.16,14,1015.94
C012873,106311,Vehicle Finance,2026-04-24,16262.21,32,508.19
C012874,105606,Credit Card,2025-04-17,5644.63,17,332.04
C012875,105951,Payroll Loan,2026-06-15,27733.56,25,1109.34
C012876,106802,Credit Card,2025-09-11,4490.54,9,498.95
C012877,109086,Personal Loan,2026-05-16,3660.99,15,244.07
C012878,100437,Credit Card,2025-10-01,2989.47,14,213.53
C012879,107948,Payroll Loan,2026-04-09,9678.34,40,241.96
C012880,104199,Credit Card,2026-05-15,5922.08,9,658.01
C012881,102603,Credit Card,2025-08-07,8044.22,12,670.35
C012882,104743,Credit Card,2025-10-31,3579.89,10,357.99
C012883,105437,Vehicle Finance,2025-07-08,28543.3,28,1019.4
C012884,105559,Credit Card,2026-01-10,2744.19,17,161.42
C012885,102707,Credit Card,2025-10-09,4858.39,17,285.79
C012886,100397,Personal Loan,2025-03-31,2464.13,33,74.67
C012887,106669,Personal Loan,2025-10-25,5572.8,20,278.64
C012888,108936,Personal Loan,2025-08-10,4251.35,30,141.71
C012889,109057,Vehicle Finance,2026-04-22,23160.4,47,492.77
C012890,108606,Payroll Loan,2025-04-09,9565.99,24,398.58
C012891,102185,Payroll Loan,2025-09-28,9994.19,21,475.91
C012892,108533,Credit Card,2025-09-03,6697.35,24,279.06
C012893,106540,Personal Loan,2025-09-21,6794.15,12,566.18
C012894,105197,Personal Loan,2026-04-21,3620.88,20,181.04
C012895,102958,Personal Loan,2026-01-24,9234.87,16,577.18
C012896,107881,Vehicle Finance,2026-04-12,33916.13,33,1027.76
C012897,101219,Credit Card,2026-01-01,2062.49,10,206.25
C012898,108013,Payroll Loan,2025-03-24,20302.85,47,431.98
C012899,109038,Personal Loan,2025-02-28,8394.45,34,246.9
C012900,109632,Personal Loan,2025-08-15,4594.73,27,170.18
C012901,108841,Personal Loan,2026-05-28,4234.63,23,184.11
C012902,108163,Credit Card,2026-06-05,2996.32,11,272.39
C012903,107542,Personal Loan,2025-03-21,8425.26,29,290.53
C012904,101195,Payroll Loan,2025-03-11,18006.77,14,1286.2
C012905,103332,Credit Card,2025-08-30,3748.17,6,624.7
C012906,101427,Credit Card,2025-03-28,5513.1,13,424.08
C012907,103663,Payroll Loan,2025-01-27,20534.7,35,586.71
C012908,105086,Credit Card,2025-02-20,4697.27,23,204.23
C012909,108824,Payroll Loan,2025-08-12,11312.33,43,263.08
C012910,107095,Credit Card,2025-10-12,4016.93,15,267.8
C012911,108129,Personal Loan,2025-07-21,15471.43,13,1190.11
C012912,108354,Personal Loan,2026-06-29,4640.2,34,136.48
C012913,108062,Payroll Loan,2026-03-10,16433.41,23,714.5
C012914,100119,Vehicle Finance,2026-04-30,14666.27,47,312.05
C012915,109475,Vehicle Finance,2026-02-09,24756.62,51,485.42
C012916,104337,Personal Loan,2025-05-03,3961.46,17,233.03
C012917,102508,Personal Loan,2026-05-22,4894.15,14,349.58
C012918,104235,Vehicle Finance,2026-03-17,23467.9,48,488.91
C012919,105526,Credit Card,2026-06-15,2465.19,20,123.26
C012920,106945,Payroll Loan,2025-01-16,10302.11,18,572.34
C012921,104178,Personal Loan,2026-01-03,11185.82,32,349.56
C012922,105543,Vehicle Finance,2025-11-25,114000.0,47,2425.53
C012923,104121,Payroll Loan,2025-01-11,10127.8,18,562.66
C012924,108028,Credit Card,2026-04-22,5026.52,21,239.36
C012925,101019,Personal Loan,2025-03-23,5852.05,26,225.08
C012926,107001,Payroll Loan,2025-07-13,9311.77,13,716.29
C012927,105567,Personal Loan,2025-03-07,13581.75,14,970.12
C012928,104806,Credit Card,2025-07-31,3438.51,22,156.3
C012929,103859,Payroll Loan,2025-08-21,15979.24,28,570.69
C012930,102378,Personal Loan,2025-12-23,12436.4,20,621.82
C012931,102570,Credit Card,2026-01-26,2416.29,12,201.36
C012932,106443,Vehicle Finance,2026-04-23,22574.21,30,752.47
C012933,101492,Vehicle Finance,2025-04-24,29437.83,50,588.76
C012934,102269,Personal Loan,2025-10-24,4979.79,15,331.99
C012935,104337,Payroll Loan,2025-12-01,11071.77,39,283.89
C012936,106476,Personal Loan,2026-05-28,8277.81,36,229.94
C012937,104018,Personal Loan,2025-10-12,5410.59,20,270.53
C012938,101513,Personal Loan,2025-11-17,7884.11,12,657.01
C012939,107976,Personal Loan,2025-02-10,9596.76,35,274.19
C012940,102121,Credit Card,2025-07-07,3974.38,17,233.79
C012941,109423,Personal Loan,2025-05-05,7067.17,31,227.97
C012942,104297,Payroll Loan,2026-04-06,7299.05,30,243.3
C012943,108077,Credit Card,2025-02-18,5089.41,22,231.34
C012944,105188,Credit Card,2026-03-22,2842.06,11,258.37
C012945,102586,Personal Loan,2026-06-01,8768.14,35,250.52
C012946,109537,Payroll Loan,2025-12-19,18562.92,22,843.77
C012947,103120,Personal Loan,2025-04-08,4496.11,36,124.89
C012948,106076,Payroll Loan,2025-03-16,12609.58,30,420.32
C012949,107996,Personal Loan,2025-08-02,6972.02,36,193.67
C012950,104248,Credit Card,2025-01-02,2479.69,19,130.51
C012951,108031,Credit Card,2026-04-27,5606.21,15,373.75
C012952,108281,Credit Card,2025-01-29,2563.75,24,106.82
C012953,102644,Personal Loan,2026-02-22,1916.37,26,73.71
C012954,101393,Personal Loan,2025-05-18,9583.93,26,368.61
C012955,100689,Vehicle Finance,2025-06-17,57451.67,37,1552.75
C012956,100148,Payroll Loan,2025-05-10,15802.24,18,877.9
C012957,105283,Personal Loan,2025-07-14,20463.47,17,1203.73
C012958,102557,Credit Card,2025-12-04,7598.19,9,844.24
C012959,104152,Personal Loan,2026-05-30,19212.93,20,960.65
C012960,105329,Personal Loan,2025-08-24,6240.79,15,416.05
C012961,102867,Personal Loan,2025-10-15,5076.08,12,423.01
C012962,106364,Payroll Loan,2025-01-15,2750.0,19,144.74
C012963,103889,Credit Card,2025-07-13,7517.37,8,939.67
C012964,108016,Credit Card,2026-04-18,4183.08,14,298.79
C012965,101607,Credit Card,2025-01-09,2881.75,15,192.12
C012966,106033,Personal Loan,2025-11-21,12765.52,34,375.46
C012967,103130,Vehicle Finance,2025-04-20,27550.82,37,744.62
C012968,101162,Payroll Loan,2025-08-03,9816.6,34,288.72
C012969,101540,Credit Card,2025-09-22,4730.01,8,591.25
C012970,107915,Credit Card,2025-07-31,6672.29,8,834.04
C012971,108698,Credit Card,2025-10-01,6738.33,13,518.33
C012972,100125,Personal Loan,2025-02-27,11294.48,27,418.31
C012973,102298,Vehicle Finance,2025-09-11,41086.43,45,913.03
C012974,107054,Personal Loan,2025-10-07,4462.77,29,153.89
C012975,107599,Credit Card,2025-07-16,4915.35,20,245.77
C012976,105214,Personal Loan,2026-06-25,5641.78,23,245.29
C012977,100323,Vehicle Finance,2026-03-05,55308.47,41,1348.99
C012978,104952,Personal Loan,2025-10-12,4363.09,17,256.65
C012979,104307,Payroll Loan,2025-02-24,8429.35,17,495.84
C012980,107453,Personal Loan,2025-01-09,8801.15,23,382.66
C012981,108198,Vehicle Finance,2025-11-14,33438.35,51,655.65
C012982,100442,Vehicle Finance,2025-12-05,33768.17,56,603.0
C012983,109396,Personal Loan,2025-01-26,7577.6,29,261.3
C012984,104107,Payroll Loan,2025-01-05,14397.18,33,436.28
C012985,106066,Personal Loan,2026-04-20,12662.94,27,469.0
C012986,109416,Personal Loan,2026-05-13,3394.22,31,109.49
C012987,106014,Payroll Loan,2025-01-14,12595.31,16,787.21
C012988,100138,Vehicle Finance,2025-10-09,18466.49,36,512.96
C012989,102281,Credit Card,2025-11-01,6198.92,20,309.95
C012990,108774,Credit Card,2026-01-13,4841.61,12,403.47
C012991,101275,Vehicle Finance,2025-07-01,58612.74,57,1028.29
C012992,106486,Vehicle Finance,2026-04-23,16380.5,41,399.52
C012993,104303,Personal Loan,2026-01-03,5715.85,26,219.84
C012994,109081,Personal Loan,2026-03-05,9194.97,22,417.95
C012995,109681,Credit Card,2025-09-29,2882.66,11,262.06
C012996,100460,Vehicle Finance,2025-10-25,23406.35,32,731.45
C012997,109517,Personal Loan,2026-05-25,7388.49,36,205.24
C012998,108074,Payroll Loan,2025-08-09,14624.68,40,365.62
C012999,109570,Vehicle Finance,2025-08-09,33775.19,25,1351.01
C013000,105314,Personal Loan,2026-05-20,6058.35,17,356.37
C013001,109644,Vehicle Finance,2025-07-15,17370.73,37,469.48
C013002,102485,Credit Card,2025-01-13,5165.9,11,469.63
C013003,101027,Personal Loan,2025-11-17,5259.43,22,239.07
C013004,104711,Personal Loan,2025-08-10,3748.47,31,120.92
C013005,102444,Payroll Loan,2025-01-16,33000.0,40,825.0
C013006,109232,Credit Card,2025-09-30,2595.77,22,117.99
C013007,106055,Vehicle Finance,2025-10-26,22161.08,26,852.35
C013008,104394,Credit Card,2026-04-21,1871.56,13,143.97
C013009,100451,Personal Loan,2025-07-05,4476.54,34,131.66
C013010,101369,Credit Card,2025-04-01,6946.45,19,365.6
C013011,106362,Personal Loan,2025-08-08,8192.65,20,409.63
C013012,100656,Personal Loan,2026-01-17,16772.02,33,508.24
C013013,107140,Personal Loan,2025-10-12,3794.44,16,237.15
C013014,100144,Personal Loan,2025-12-31,17629.69,13,1356.13
C013015,103944,Payroll Loan,2025-02-21,10427.63,16,651.73
C013016,102113,Vehicle Finance,2026-06-08,40174.61,45,892.77
C013017,102644,Personal Loan,2025-06-13,21000.0,25,840.0
C013018,105494,Payroll Loan,2026-04-20,18383.29,17,1081.37
C013019,103953,Vehicle Finance,2025-11-12,15732.9,29,542.51
C013020,103504,Personal Loan,2025-09-22,13287.49,13,1022.11
C013021,102125,Vehicle Finance,2026-06-17,59523.15,57,1044.27
C013022,108751,Personal Loan,2025-02-20,10916.72,19,574.56
C013023,102451,Vehicle Finance,2026-06-28,27448.94,31,885.45
C013024,107861,Vehicle Finance,2026-04-04,102987.47,34,3029.04
C013025,109610,Payroll Loan,2025-07-10,7897.04,38,207.82
C013026,104648,Credit Card,2025-05-16,4790.08,16,299.38
C013027,103050,Credit Card,2025-07-21,5458.99,13,419.92
C013028,102304,Payroll Loan,2026-02-16,5846.77,34,171.96
C013029,102532,Personal Loan,2025-02-28,6859.99,36,190.56
C013030,104148,Credit Card,2025-11-03,3541.93,21,168.66
C013031,106174,Credit Card,2025-02-24,3249.01,20,162.45
C013032,106380,Vehicle Finance,2025-01-27,107327.83,29,3700.96
C013033,101943,Personal Loan,2025-09-19,12355.47,12,1029.62
C013034,100233,Personal Loan,2025-01-02,7063.71,27,261.62
C013035,107969,Personal Loan,2026-01-24,2114.25,29,72.91
C013036,108893,Personal Loan,2025-03-11,4061.55,35,116.04
C013037,100887,Credit Card,2026-04-20,4036.23,24,168.18
C013038,106548,Payroll Loan,2025-05-30,9339.23,24,389.13
C013039,104189,Credit Card,2026-04-23,2683.25,13,206.4
C013040,109626,Payroll Loan,2025-05-30,9355.8,46,203.39
C013041,108117,Payroll Loan,2025-08-20,10003.77,18,555.76
C013042,106643,Personal Loan,2025-05-01,9166.62,21,436.51
C013043,103442,Credit Card,2026-01-30,2852.8,20,142.64
C013044,103628,Credit Card,2026-04-20,3061.47,21,145.78
C013045,104717,Personal Loan,2026-06-12,8711.98,25,348.48
C013046,104381,Vehicle Finance,2025-10-19,22920.93,30,764.03
C013047,100900,Credit Card,2025-04-09,7466.71,18,414.82
C013048,100070,Vehicle Finance,2025-03-05,69759.99,27,2583.7
C013049,106826,Vehicle Finance,2025-05-04,64439.25,41,1571.69
C013050,100573,Credit Card,2025-02-26,5770.04,12,480.84
C013051,104653,Personal Loan,2025-07-28,7680.29,18,426.68
C013052,101030,Personal Loan,2025-11-19,4683.16,26,180.12
C013053,104627,Personal Loan,2026-02-18,3929.33,14,280.67
C013054,103935,Vehicle Finance,2026-01-03,63420.99,53,1196.62
C013055,100805,Vehicle Finance,2025-06-30,38528.93,30,1284.3
C013056,102870,Payroll Loan,2026-01-25,9900.42,48,206.26
C013057,100683,Payroll Loan,2025-01-18,4746.11,46,103.18
C013058,104008,Vehicle Finance,2025-12-23,64117.14,56,1144.95
C013059,100863,Payroll Loan,2026-05-20,17676.96,14,1262.64
C013060,104061,Personal Loan,2025-12-13,12046.66,20,602.33
C013061,100833,Personal Loan,2026-03-30,8018.8,34,235.85
C013062,103510,Vehicle Finance,2026-03-04,47269.64,57,829.29
C013063,103296,Vehicle Finance,2025-02-25,12287.45,46,267.12
C013064,105138,Credit Card,2025-02-12,3869.73,13,297.67
C013065,104239,Personal Loan,2026-02-13,4869.7,14,347.84
C013066,109356,Credit Card,2025-12-22,3634.91,21,173.09
C013067,108969,Personal Loan,2025-01-20,5767.02,31,186.03
C013068,105229,Personal Loan,2025-04-10,5793.21,21,275.87
C013069,100386,Payroll Loan,2025-04-30,2750.0,40,68.75
C013070,108203,Payroll Loan,2025-04-17,10345.03,33,313.49
C013071,106746,Vehicle Finance,2025-01-06,36607.93,47,778.89
C013072,107795,Vehicle Finance,2026-02-27,23718.94,28,847.1
C013073,109001,Credit Card,2025-07-24,2332.14,10,233.21
C013074,104175,Credit Card,2026-06-29,4779.59,15,318.64
C013075,104848,Personal Loan,2025-06-20,11677.08,30,389.24
C013076,102397,Vehicle Finance,2025-06-24,27274.67,32,852.33
C013077,100720,Vehicle Finance,2025-12-07,49716.34,32,1553.64
C013078,100317,Vehicle Finance,2025-10-09,74637.26,40,1865.93
C013079,107136,Personal Loan,2025-03-27,3875.22,12,322.94
C013080,100557,Credit Card,2026-01-19,3732.63,15,248.84
C013081,108788,Credit Card,2025-07-15,5404.31,18,300.24
C013082,102191,Credit Card,2026-06-02,3793.96,16,237.12
C013083,105151,Credit Card,2025-01-05,9878.35,21,470.4
C013084,108772,Personal Loan,2025-12-19,6840.68,22,310.94
C013085,101945,Personal Loan,2025-02-28,14774.65,25,590.99
C013086,101055,Credit Card,2026-01-21,6602.24,23,287.05
C013087,103866,Vehicle Finance,2025-01-28,32516.06,36,903.22
C013088,108255,Credit Card,2025-06-06,6791.5,21,323.4
C013089,102669,Personal Loan,2026-02-10,21000.0,36,583.33
C013090,104573,Personal Loan,2025-07-22,8422.95,17,495.47
C013091,106485,Personal Loan,2025-06-15,5123.55,17,301.39
C013092,106456,Credit Card,2026-05-06,6612.94,9,734.77
C013093,108354,Personal Loan,2025-04-05,3533.78,20,176.69
C013094,101439,Personal Loan,2025-01-23,2911.36,27,107.83
C013095,109717,Payroll Loan,2025-04-21,7415.8,18,411.99
C013096,107941,Credit Card,2025-10-31,3624.9,20,181.24
C013097,109769,Vehicle Finance,2025-10-10,36455.53,43,847.8
C013098,100898,Vehicle Finance,2025-03-16,41202.7,32,1287.58
C013099,107702,Personal Loan,2025-05-06,5721.56,31,184.57
C013100,105231,Payroll Loan,2025-01-24,10853.36,32,339.17
C013101,107927,Personal Loan,2025-12-23,4946.97,33,149.91
C013102,101031,Personal Loan,2025-03-19,5296.49,27,196.17
C013103,104905,Personal Loan,2026-04-27,6513.76,19,342.83
C013104,108551,Personal Loan,2025-09-13,4706.33,33,142.62
C013105,108159,Payroll Loan,2025-10-20,18095.93,47,385.02
C013106,105885,Personal Loan,2025-12-01,21000.0,25,840.0
C013107,106637,Vehicle Finance,2026-05-08,29718.98,60,495.32
C013108,105457,Credit Card,2025-03-30,7449.79,9,827.75
C013109,108572,Personal Loan,2025-08-27,21000.0,13,1615.38
C013110,102727,Credit Card,2025-10-07,3890.51,12,324.21
C013111,109482,Vehicle Finance,2026-05-17,19104.67,33,578.93
C013112,105111,Credit Card,2026-06-15,9820.03,16,613.75
C013113,109891,Payroll Loan,2025-07-18,15773.95,28,563.36
C013114,100207,Personal Loan,2025-10-21,5556.01,25,222.24
C013115,105332,Personal Loan,2025-02-20,8304.75,24,346.03
C013116,104809,Credit Card,2025-02-03,5113.65,10,511.36
C013117,104869,Payroll Loan,2026-06-06,19434.68,14,1388.19
C013118,102144,Payroll Loan,2025-05-15,11890.21,29,410.01
C013119,103706,Payroll Loan,2025-07-16,6260.7,19,329.51
C013120,108921,Payroll Loan,2025-01-22,6767.09,36,187.97
C013121,101260,Personal Loan,2025-10-21,10795.87,22,490.72
C013122,102724,Payroll Loan,2025-11-17,5282.31,18,293.46
C013123,106181,Personal Loan,2025-06-09,4329.18,34,127.33
C013124,105113,Vehicle Finance,2026-04-24,27693.46,30,923.12
C013125,109957,Credit Card,2025-07-29,3503.47,8,437.93
C013126,100032,Credit Card,2026-02-28,6077.07,14,434.08
C013127,102667,Personal Loan,2025-06-28,10385.45,18,576.97
C013128,107429,Credit Card,2025-01-25,10033.9,11,912.17
C013129,101559,Personal Loan,2026-04-08,6162.87,26,237.03
C013130,101607,Payroll Loan,2026-03-01,3295.81,46,71.65
C013131,102583,Vehicle Finance,2026-03-17,19042.8,35,544.08
C013132,109988,Personal Loan,2025-10-06,7185.98,26,276.38
C013133,104852,Personal Loan,2025-05-20,6947.41,28,248.12
C013134,102929,Payroll Loan,2026-04-11,3660.71,40,91.52
C013135,108407,Credit Card,2026-01-11,2910.84,13,223.91
C013136,106655,Credit Card,2025-08-05,8115.01,6,1352.5
C013137,102730,Credit Card,2026-01-23,4984.15,23,216.7
C013138,109600,Payroll Loan,2025-08-11,10543.08,30,351.44
C013139,109907,Vehicle Finance,2026-01-08,26420.07,28,943.57
C013140,107564,Payroll Loan,2026-06-24,9605.96,29,331.24
C013141,103866,Personal Loan,2025-02-04,17295.24,12,1441.27
C013142,103498,Credit Card,2025-07-07,4338.57,20,216.93
C013143,102893,Credit Card,2025-06-04,4275.92,7,610.85
C013144,109208,Payroll Loan,2025-04-18,5248.92,27,194.4
C013145,100789,Payroll Loan,2026-05-03,11138.1,14,795.58
C013146,102127,Payroll Loan,2026-06-17,10579.84,43,246.04
C013147,101746,Credit Card,2025-03-16,3788.72,20,189.44
C013148,106345,Credit Card,2026-05-09,3801.14,21,181.01
C013149,100945,Vehicle Finance,2026-02-13,59788.3,47,1272.09
C013150,107451,Vehicle Finance,2025-03-02,28780.94,25,1151.24
C013151,101388,Credit Card,2026-06-23,1743.13,22,79.23
C013152,103569,Personal Loan,2025-04-28,8290.01,31,267.42
C013153,101858,Personal Loan,2025-06-17,13926.22,16,870.39
C013154,108313,Vehicle Finance,2026-04-13,72698.31,42,1730.91
C013155,106405,Payroll Loan,2025-10-21,15078.16,13,1159.86
C013156,104726,Personal Loan,2025-04-30,4587.61,31,147.99
C013157,109368,Personal Loan,2025-07-09,11572.67,34,340.37
C013158,108616,Payroll Loan,2025-06-22,4985.47,31,160.82
C013159,105713,Vehicle Finance,2025-05-15,58716.14,33,1779.28
C013160,102146,Vehicle Finance,2025-07-09,77421.8,34,2277.11
C013161,101138,Personal Loan,2026-01-19,8674.24,12,722.85
C013162,108957,Credit Card,2025-07-05,8919.88,20,445.99
C013163,107086,Credit Card,2026-02-13,3722.7,23,161.86
C013164,105331,Personal Loan,2025-05-07,4243.02,32,132.59
C013165,100940,Credit Card,2025-09-17,2206.62,21,105.08
C013166,104288,Payroll Loan,2025-04-08,24366.08,18,1353.67
C013167,109568,Credit Card,2026-01-27,5420.5,10,542.05
C013168,102354,Personal Loan,2025-07-17,11426.82,14,816.2
C013169,103091,Credit Card,2025-01-07,2860.93,23,124.39
C013170,101031,Personal Loan,2025-10-05,4895.58,15,326.37
C013171,103057,Personal Loan,2025-07-01,5744.34,19,302.33
C013172,102913,Credit Card,2025-01-13,4996.14,8,624.52
C013173,107784,Payroll Loan,2025-08-09,11055.06,37,298.79
C013174,103977,Personal Loan,2025-01-23,4643.62,36,128.99
C013175,106902,Credit Card,2025-08-08,4016.94,24,167.37
C013176,105992,Credit Card,2025-10-28,2697.78,19,141.99
C013177,102855,Credit Card,2025-01-30,5381.83,7,768.83
C013178,107234,Personal Loan,2025-04-07,3338.88,27,123.66
C013179,108579,Personal Loan,2025-01-31,4814.56,20,240.73
C013180,100428,Credit Card,2025-03-30,7737.58,19,407.24
C013181,107055,Payroll Loan,2026-03-21,4516.1,20,225.8
C013182,109515,Payroll Loan,2025-02-05,17301.86,22,786.45
C013183,105646,Payroll Loan,2025-02-16,24657.76,48,513.7
C013184,102487,Payroll Loan,2026-03-09,13487.52,42,321.13
C013185,100905,Personal Loan,2025-04-06,4265.99,19,224.53
C013186,106787,Personal Loan,2025-06-05,5568.1,19,293.06
C013187,101041,Personal Loan,2025-10-23,6253.78,36,173.72
C013188,108067,Credit Card,2025-10-04,6562.59,19,345.4
C013189,107961,Credit Card,2025-01-15,5361.49,8,670.19
C013190,104174,Payroll Loan,2025-10-14,8692.27,26,334.32
C013191,106136,Personal Loan,2026-05-02,5276.55,20,263.83
C013192,104378,Personal Loan,2025-05-18,4987.15,34,146.68
C013193,107688,Personal Loan,2025-06-19,11056.96,24,460.71
C013194,100479,Personal Loan,2026-03-22,5515.71,29,190.2
C013195,105156,Vehicle Finance,2025-07-29,38472.92,59,652.08
C013196,104082,Vehicle Finance,2026-06-15,34239.22,51,671.36
C013197,104567,Personal Loan,2026-03-03,6369.08,25,254.76
C013198,109372,Credit Card,2025-08-26,6186.32,18,343.68
C013199,105041,Personal Loan,2026-02-04,8494.25,28,303.37
C013200,103693,Personal Loan,2026-06-24,7105.77,29,245.03
C013201,106955,Vehicle Finance,2025-12-29,22761.73,38,598.99
C013202,108973,Payroll Loan,2025-04-23,6019.52,25,240.78
C013203,108097,Payroll Loan,2026-05-27,6835.31,48,142.4
C013204,107009,Personal Loan,2026-02-21,3714.96,12,309.58
C013205,109143,Personal Loan,2025-12-28,5861.02,20,293.05
C013206,108849,Credit Card,2025-10-12,3505.25,19,184.49
C013207,102103,Payroll Loan,2026-01-31,5035.56,35,143.87
C013208,101959,Credit Card,2025-10-25,4816.01,18,267.56
C013209,104573,Credit Card,2025-10-07,2659.46,8,332.43
C013210,106688,Credit Card,2026-05-12,3488.62,13,268.36
C013211,109339,Credit Card,2025-08-22,3888.21,24,162.01
C013212,100995,Payroll Loan,2026-06-06,5217.8,23,226.86
C013213,108763,Credit Card,2025-02-08,6901.73,17,405.98
C013214,104874,Personal Loan,2025-01-02,5263.66,13,404.9
C013215,106433,Payroll Loan,2025-05-16,5638.7,48,117.47
C013216,107243,Vehicle Finance,2025-05-10,20254.26,26,779.01
C013217,102135,Personal Loan,2025-09-24,7156.23,21,340.77
C013218,101618,Credit Card,2025-06-10,11652.99,24,485.54
C013219,103448,Payroll Loan,2025-05-08,10541.75,31,340.06
C013220,109588,Credit Card,2025-09-14,4970.91,15,331.39
C013221,107287,Personal Loan,2025-10-19,18287.39,31,589.92
C013222,104699,Credit Card,2025-11-20,3023.67,17,177.86
C013223,107579,Credit Card,2025-08-15,4088.53,12,340.71
C013224,104476,Vehicle Finance,2026-04-10,88457.54,27,3276.21
C013225,100916,Personal Loan,2025-06-13,9001.78,24,375.07
C013226,108860,Payroll Loan,2026-06-24,7512.66,18,417.37
C013227,108292,Personal Loan,2026-02-17,9130.38,31,294.53
C013228,108602,Personal Loan,2025-09-08,2552.38,13,196.34
C013229,106161,Credit Card,2025-12-21,2628.39,21,125.16
C013230,109168,Personal Loan,2025-06-21,21000.0,16,1312.5
C013231,109570,Payroll Loan,2026-01-31,17637.48,28,629.91
C013232,106698,Payroll Loan,2026-02-20,24269.31,27,898.86
C013233,107663,Vehicle Finance,2025-12-12,28113.78,58,484.72
C013234,106620,Vehicle Finance,2026-01-20,21349.11,31,688.68
C013235,103706,Payroll Loan,2025-04-05,10993.47,25,439.74
C013236,102298,Credit Card,2025-03-07,6719.94,9,746.66
C013237,106435,Credit Card,2025-02-23,1796.18,12,149.68
C013238,107423,Credit Card,2025-12-20,8737.66,14,624.12
C013239,107645,Payroll Loan,2025-10-11,18365.28,19,966.59
C013240,106216,Personal Loan,2026-03-31,9300.25,15,620.02
C013241,107016,Personal Loan,2025-07-08,8299.73,14,592.84
C013242,103431,Personal Loan,2025-02-08,8061.11,20,403.06
C013243,100172,Vehicle Finance,2025-12-26,47533.53,47,1011.35
C013244,109666,Personal Loan,2025-10-25,7328.85,22,333.13
C013245,101711,Credit Card,2025-01-19,2406.64,9,267.4
C013246,104863,Vehicle Finance,2025-01-09,48066.0,57,843.26
C013247,109074,Personal Loan,2026-01-07,8194.82,26,315.19
C013248,107234,Payroll Loan,2025-06-04,22692.18,20,1134.61
C013249,109185,Credit Card,2025-08-17,8673.8,12,722.82
C013250,106660,Personal Loan,2025-01-29,11269.1,32,352.16
C013251,100021,Payroll Loan,2026-05-16,15017.21,35,429.06
C013252,100106,Vehicle Finance,2026-06-13,34602.91,56,617.91
C013253,107998,Vehicle Finance,2025-08-23,39955.38,50,799.11
C013254,104568,Credit Card,2025-11-26,8315.51,21,395.98
C013255,105276,Payroll Loan,2025-04-15,11531.88,48,240.25
C013256,106070,Credit Card,2026-06-27,2701.59,7,385.94
C013257,105530,Payroll Loan,2026-06-14,12071.44,33,365.8
C013258,110000,Payroll Loan,2026-04-28,4530.45,35,129.44
C013259,100385,Payroll Loan,2025-05-28,16130.2,47,343.2
C013260,101544,Credit Card,2025-08-09,3234.1,16,202.13
C013261,100872,Vehicle Finance,2025-08-27,38624.33,35,1103.55
C013262,106820,Vehicle Finance,2025-10-11,73724.03,26,2835.54
C013263,105191,Credit Card,2025-05-09,2088.51,11,189.86
C013264,104367,Vehicle Finance,2026-01-26,56222.62,31,1813.63
C013265,108941,Vehicle Finance,2025-07-11,48921.38,28,1747.19
C013266,104706,Credit Card,2025-05-01,5096.08,14,364.01
C013267,108379,Payroll Loan,2025-07-28,18501.98,37,500.05
C013268,101584,Personal Loan,2025-02-03,5752.46,21,273.93
C013269,103379,Credit Card,2025-03-05,10838.36,7,1548.34
C013270,105302,Payroll Loan,2026-04-06,9058.32,25,362.33
C013271,108531,Payroll Loan,2025-08-10,10341.12,45,229.8
C013272,100459,Personal Loan,2025-12-01,15458.52,29,533.05
C013273,104407,Payroll Loan,2025-04-11,6462.61,31,208.47
C013274,104142,Payroll Loan,2026-05-23,13564.28,21,645.92
C013275,107793,Personal Loan,2025-09-11,2526.22,21,120.3
C013276,104056,Payroll Loan,2026-01-22,11254.54,46,244.66
C013277,103223,Vehicle Finance,2025-02-13,26738.21,60,445.64
C013278,101736,Credit Card,2025-06-03,5938.71,8,742.34
C013279,107436,Personal Loan,2026-03-24,13382.19,18,743.46
C013280,109977,Personal Loan,2025-05-26,2892.44,34,85.07
C013281,107682,Vehicle Finance,2025-04-05,28488.93,54,527.57
C013282,107125,Personal Loan,2025-07-02,3550.8,26,136.57
C013283,105563,Credit Card,2025-01-03,2332.04,11,212.0
C013284,109557,Personal Loan,2025-04-12,4976.74,34,146.37
C013285,102285,Personal Loan,2026-01-06,10227.13,15,681.81
C013286,107425,Credit Card,2025-09-23,1683.8,24,70.16
C013287,102720,Vehicle Finance,2025-01-26,97831.73,38,2574.52
C013288,104940,Personal Loan,2025-05-22,9573.29,12,797.77
C013289,101250,Personal Loan,2026-02-02,9639.54,12,803.3
C013290,106128,Personal Loan,2026-04-16,3391.93,34,99.76
C013291,104259,Personal Loan,2025-03-11,6483.89,35,185.25
C013292,101680,Payroll Loan,2026-03-02,27181.96,39,696.97
C013293,107796,Credit Card,2026-02-20,3251.8,7,464.54
C013294,101530,Personal Loan,2025-04-26,3287.39,24,136.97
C013295,107269,Payroll Loan,2025-12-14,20687.34,26,795.67
C013296,104864,Payroll Loan,2025-10-08,20021.31,21,953.4
C013297,109698,Payroll Loan,2026-06-24,19847.45,25,793.9
C013298,102031,Credit Card,2026-05-04,4039.57,19,212.61
C013299,105355,Credit Card,2025-12-16,3721.45,9,413.49
C013300,107701,Vehicle Finance,2025-03-09,56921.0,58,981.4
C013301,104229,Personal Loan,2026-02-08,6855.94,20,342.8
C013302,102970,Credit Card,2026-03-09,4120.42,6,686.74
C013303,103193,Credit Card,2025-11-23,4792.4,13,368.65
C013304,100874,Vehicle Finance,2025-05-14,66736.32,59,1131.12
C013305,108776,Personal Loan,2026-03-20,8393.68,25,335.75
C013306,105855,Personal Loan,2025-07-06,8004.25,29,276.01
C013307,104556,Credit Card,2026-02-17,4176.84,23,181.6
C013308,105555,Credit Card,2025-10-31,4375.97,6,729.33
C013309,100241,Credit Card,2025-08-05,4964.28,14,354.59
C013310,102612,Personal Loan,2026-03-21,13790.89,13,1060.84
C013311,100812,Credit Card,2025-07-05,4591.95,10,459.2
C013312,101288,Personal Loan,2025-04-17,18088.91,25,723.56
C013313,108909,Personal Loan,2026-05-19,9692.47,28,346.16
C013314,106286,Personal Loan,2026-05-21,8182.73,24,340.95
C013315,100419,Personal Loan,2025-01-20,8529.42,20,426.47
C013316,107404,Personal Loan,2025-09-11,6799.13,27,251.82
C013317,106879,Personal Loan,2025-12-31,10277.66,22,467.17
C013318,101891,Payroll Loan,2025-06-24,4553.31,20,227.67
C013319,103241,Personal Loan,2025-03-14,4614.3,32,144.2
C013320,107459,Payroll Loan,2025-04-28,9121.47,31,294.24
C013321,103179,Credit Card,2026-05-10,4532.97,19,238.58
C013322,106556,Personal Loan,2025-06-23,8654.51,19,455.5
C013323,104308,Vehicle Finance,2025-02-12,87034.15,46,1892.05
C013324,107746,Credit Card,2025-06-21,3791.87,18,210.66
C013325,105227,Personal Loan,2025-06-10,8322.16,28,297.22
C013326,100640,Personal Loan,2026-03-20,21000.0,34,617.65
C013327,106393,Personal Loan,2025-01-13,5906.62,15,393.77
C013328,109661,Credit Card,2025-08-14,3424.24,7,489.18
C013329,107845,Personal Loan,2026-02-20,5736.98,16,358.56
C013330,106596,Credit Card,2025-06-26,5094.97,9,566.11
C013331,101098,Personal Loan,2025-08-05,3434.36,30,114.48
C013332,102588,Credit Card,2025-03-25,7550.48,15,503.37
C013333,109009,Personal Loan,2026-04-01,9973.04,21,474.91
C013334,108772,Credit Card,2025-12-08,10865.57,6,1810.93
C013335,100456,Payroll Loan,2025-11-26,7397.26,34,217.57
C013336,105808,Credit Card,2025-07-27,3314.84,10,331.48
C013337,108220,Credit Card,2025-04-20,5665.51,22,257.52
C013338,101606,Personal Loan,2026-03-26,8366.92,28,298.82
C013339,109578,Credit Card,2025-05-20,7965.71,9,885.08
C013340,108526,Credit Card,2025-03-22,8779.67,12,731.64
C013341,105536,Personal Loan,2025-05-23,6512.19,33,197.34
C013342,107222,Payroll Loan,2025-11-17,24074.86,47,512.23
C013343,100507,Credit Card,2025-07-22,3275.45,14,233.96
C013344,102804,Payroll Loan,2025-02-03,4459.58,21,212.36
C013345,101202,Vehicle Finance,2025-01-04,51337.98,29,1770.28
C013346,105438,Vehicle Finance,2025-03-10,32878.5,50,657.57
C013347,108059,Vehicle Finance,2026-05-25,31996.93,26,1230.65
C013348,103992,Vehicle Finance,2026-06-20,51910.14,37,1402.98
C013349,103999,Vehicle Finance,2025-12-11,51948.89,30,1731.63
C013350,100069,Credit Card,2026-01-17,3848.62,6,641.44
C013351,101536,Personal Loan,2026-03-24,4240.76,16,265.05
C013352,104778,Personal Loan,2025-10-14,8667.02,22,393.96
C013353,104554,Payroll Loan,2026-01-03,8797.5,25,351.9
C013354,102357,Payroll Loan,2025-02-27,9861.51,27,365.24
C013355,101640,Vehicle Finance,2025-02-09,50054.66,52,962.59
C013356,101545,Personal Loan,2025-01-08,21000.0,36,583.33
C013357,106860,Personal Loan,2026-04-15,6458.42,21,307.54
C013358,100927,Credit Card,2025-05-22,2109.78,21,100.47
C013359,103738,Credit Card,2025-03-23,2784.33,9,309.37
C013360,102235,Credit Card,2025-09-23,6353.37,11,577.58
C013361,103244,Payroll Loan,2025-02-06,8106.49,32,253.33
C013362,107596,Vehicle Finance,2025-02-11,25529.9,35,729.43
C013363,108163,Payroll Loan,2025-03-04,16683.02,22,758.32
C013364,103588,Credit Card,2025-07-14,5217.32,13,401.33
C013365,108261,Credit Card,2025-04-24,5135.33,20,256.77
C013366,101391,Credit Card,2025-05-22,4477.83,20,223.89
C013367,107622,Personal Loan,2026-06-29,8495.11,16,530.94
C013368,101696,Payroll Loan,2026-05-19,4145.58,35,118.45
C013369,103007,Personal Loan,2025-03-30,9690.21,18,538.34
C013370,106524,Personal Loan,2025-12-06,7257.24,25,290.29
C013371,103176,Payroll Loan,2025-05-07,6514.79,23,283.25
C013372,104034,Personal Loan,2025-10-29,6502.38,19,342.23
C013373,101011,Payroll Loan,2025-07-21,3332.67,37,90.07
C013374,106220,Payroll Loan,2025-09-24,10097.05,12,841.42
C013375,104690,Credit Card,2025-06-27,5440.03,20,272.0
C013376,100522,Payroll Loan,2025-03-24,9556.81,13,735.14
C013377,102494,Payroll Loan,2025-02-06,10729.82,36,298.05
C013378,107285,Credit Card,2025-07-27,3302.56,17,194.27
C013379,103634,Credit Card,2025-06-18,4724.32,15,314.95
C013380,109628,Credit Card,2025-11-30,4178.51,21,198.98
C013381,109104,Personal Loan,2025-07-03,4625.36,23,201.1
C013382,107866,Credit Card,2026-04-05,5729.9,20,286.5
C013383,109001,Personal Loan,2025-09-05,3377.66,31,108.96
C013384,107218,Payroll Loan,2026-06-06,4496.27,20,224.81
C013385,104473,Credit Card,2025-09-24,3560.89,19,187.42
C013386,101987,Personal Loan,2026-01-01,7298.85,24,304.12
C013387,106276,Payroll Loan,2025-11-22,18809.71,36,522.49
C013388,104057,Payroll Loan,2026-02-16,11650.81,44,264.79
C013389,109691,Credit Card,2026-03-19,3056.13,21,145.53
C013390,101557,Personal Loan,2025-10-08,8953.24,31,288.81
C013391,105166,Payroll Loan,2025-11-22,6818.11,43,158.56
C013392,107621,Payroll Loan,2025-04-18,3622.46,42,86.25
C013393,105350,Personal Loan,2025-08-10,3791.78,28,135.42
C013394,107422,Vehicle Finance,2026-01-09,16527.6,60,275.46
C013395,100206,Payroll Loan,2026-06-04,10001.56,31,322.63
C013396,101232,Payroll Loan,2026-02-02,6991.94,22,317.82
C013397,100448,Payroll Loan,2025-12-20,10604.53,43,246.62
C013398,107453,Credit Card,2025-05-11,8426.97,13,648.23
C013399,106748,Personal Loan,2025-09-27,2689.88,13,206.91
C013400,105712,Credit Card,2026-05-02,5081.91,6,846.98
C013401,104218,Vehicle Finance,2025-06-20,21639.64,51,424.31
C013402,109808,Credit Card,2025-10-06,4813.96,13,370.3
C013403,104782,Vehicle Finance,2025-01-07,64512.14,33,1954.91
C013404,109896,Payroll Loan,2026-01-10,4377.11,17,257.48
C013405,101409,Credit Card,2025-08-19,4540.11,21,216.2
C013406,100808,Vehicle Finance,2025-10-12,100400.24,40,2510.01
C013407,108172,Personal Loan,2025-03-19,4343.68,16,271.48
C013408,108369,Credit Card,2025-11-12,4688.79,13,360.68
C013409,106449,Payroll Loan,2025-10-25,4235.36,43,98.5
C013410,101606,Payroll Loan,2026-02-07,7080.97,16,442.56
C013411,104001,Payroll Loan,2026-05-25,16585.49,14,1184.68
C013412,105499,Personal Loan,2025-05-04,12803.63,30,426.79
C013413,108032,Credit Card,2026-04-11,4988.12,15,332.54
C013414,105052,Credit Card,2026-03-06,2996.42,17,176.26
C013415,106304,Personal Loan,2025-08-09,4716.74,24,196.53
C013416,102739,Personal Loan,2025-07-06,2820.37,23,122.62
C013417,100246,Credit Card,2026-03-05,2575.91,12,214.66
C013418,107222,Payroll Loan,2025-11-01,8668.95,25,346.76
C013419,100615,Personal Loan,2025-09-15,7882.47,12,656.87
C013420,105359,Credit Card,2025-11-28,7378.95,21,351.38
C013421,104437,Vehicle Finance,2025-08-31,56591.87,57,992.84
C013422,106221,Personal Loan,2026-05-25,4321.75,14,308.7
C013423,105977,Personal Loan,2026-01-22,3623.79,26,139.38
C013424,106912,Payroll Loan,2025-04-07,14413.52,32,450.42
C013425,100861,Personal Loan,2026-01-25,5491.35,23,238.75
C013426,104045,Credit Card,2025-08-20,3243.98,9,360.44
C013427,103161,Personal Loan,2025-07-02,13701.77,31,441.99
C013428,100415,Personal Loan,2025-02-27,9178.27,19,483.07
C013429,109670,Credit Card,2025-07-25,5118.55,12,426.55
C013430,102577,Vehicle Finance,2025-08-22,28579.83,38,752.1
C013431,100714,Personal Loan,2026-06-14,14041.67,14,1002.98
C013432,101757,Credit Card,2026-02-02,4115.81,21,195.99
C013433,107241,Vehicle Finance,2025-12-22,26020.35,55,473.1
C013434,107534,Vehicle Finance,2025-06-23,68420.0,35,1954.86
C013435,102137,Credit Card,2025-09-13,6325.15,9,702.79
C013436,102497,Credit Card,2025-12-13,5014.06,17,294.94
C013437,104901,Payroll Loan,2025-11-17,14549.77,29,501.72
C013438,103653,Personal Loan,2026-02-09,9520.57,24,396.69
C013439,105986,Credit Card,2025-12-24,6810.15,21,324.29
C013440,104461,Personal Loan,2025-10-27,1791.81,17,105.4
C013441,105174,Personal Loan,2025-08-05,2755.62,28,98.42
C013442,108353,Payroll Loan,2026-04-02,12130.72,36,336.96
C013443,106551,Payroll Loan,2025-02-24,5002.87,15,333.52
C013444,108445,Personal Loan,2025-02-04,5924.15,25,236.97
C013445,102350,Vehicle Finance,2025-10-06,24369.65,35,696.28
C013446,102200,Credit Card,2026-01-28,3092.37,14,220.88
C013447,104924,Credit Card,2026-03-12,3102.7,7,443.24
C013448,104084,Payroll Loan,2026-04-14,27239.4,25,1089.58
C013449,108360,Vehicle Finance,2026-03-17,80842.73,57,1418.29
C013450,102445,Credit Card,2026-02-19,4181.59,21,199.12
C013451,104383,Personal Loan,2026-04-22,4307.48,33,130.53
C013452,109761,Payroll Loan,2025-08-12,15644.83,43,363.83
C013453,103305,Credit Card,2025-07-21,3777.04,9,419.67
C013454,105332,Credit Card,2025-06-21,4589.94,10,458.99
C013455,104642,Personal Loan,2025-06-20,7007.16,21,333.67
C013456,100009,Personal Loan,2025-04-06,18736.67,20,936.83
C013457,102128,Personal Loan,2025-04-24,2098.85,17,123.46
C013458,100907,Personal Loan,2025-08-13,4523.55,21,215.41
C013459,109394,Vehicle Finance,2026-01-02,58615.17,44,1332.16
C013460,108560,Vehicle Finance,2025-06-14,24782.72,42,590.06
C013461,102513,Personal Loan,2025-10-31,7886.41,16,492.9
C013462,103981,Vehicle Finance,2025-12-19,44526.7,39,1141.71
C013463,108634,Vehicle Finance,2025-02-06,51774.46,29,1785.33
C013464,109054,Personal Loan,2025-04-19,5649.36,33,171.19
C013465,105643,Personal Loan,2025-01-03,17395.66,17,1023.27
C013466,106633,Credit Card,2025-01-03,4320.99,20,216.05
C013467,109882,Payroll Loan,2025-02-14,30622.37,13,2355.57
C013468,105333,Personal Loan,2026-02-25,10134.1,12,844.51
C013469,102964,Vehicle Finance,2026-05-25,15826.94,28,565.25
C013470,108150,Personal Loan,2026-02-17,12127.81,29,418.2
C013471,108690,Personal Loan,2025-01-05,4908.14,35,140.23
C013472,107304,Personal Loan,2025-05-14,15056.72,15,1003.78
C013473,108042,Vehicle Finance,2026-02-26,21744.53,38,572.22
C013474,105819,Credit Card,2025-12-18,2929.53,17,172.33
C013475,105954,Credit Card,2025-07-21,5343.65,23,232.33
C013476,100850,Vehicle Finance,2026-03-12,45252.77,41,1103.73
C013477,101312,Vehicle Finance,2025-02-15,53394.02,60,889.9
C013478,108025,Vehicle Finance,2025-07-14,31883.27,48,664.23
C013479,109511,Personal Loan,2025-10-20,8618.49,21,410.4
C013480,108314,Personal Loan,2025-10-18,3439.83,15,229.32
C013481,107083,Personal Loan,2025-11-01,9362.24,13,720.17
C013482,108938,Credit Card,2025-06-02,3282.53,11,298.41
C013483,105303,Vehicle Finance,2026-05-19,72258.29,46,1570.83
C013484,101017,Personal Loan,2025-06-08,6907.83,34,203.17
C013485,102727,Personal Loan,2025-11-10,9216.78,18,512.04
C013486,109722,Credit Card,2025-08-09,4436.18,16,277.26
C013487,108610,Payroll Loan,2025-11-11,10989.13,30,366.3
C013488,104376,Personal Loan,2025-11-08,7794.39,23,338.89
C013489,100886,Credit Card,2025-10-27,5172.07,22,235.09
C013490,102179,Personal Loan,2026-02-11,13288.59,36,369.13
C013491,107817,Personal Loan,2026-01-11,4910.79,13,377.75
C013492,107108,Personal Loan,2025-06-24,3920.71,29,135.2
C013493,108529,Credit Card,2026-03-08,5073.83,22,230.63
C013494,107746,Personal Loan,2025-09-01,14381.62,24,599.23
C013495,107777,Vehicle Finance,2025-02-21,49789.0,60,829.82
C013496,100006,Payroll Loan,2026-06-10,13654.15,38,359.32
C013497,102663,Personal Loan,2025-03-17,5375.36,33,162.89
C013498,103251,Credit Card,2026-05-18,1557.11,23,67.7
C013499,106310,Personal Loan,2025-02-03,9484.99,36,263.47
C013500,104684,Credit Card,2025-03-02,4545.78,19,239.25
C013501,101459,Credit Card,2026-06-07,12891.1,9,1432.34
C013502,108491,Personal Loan,2026-02-12,5049.84,19,265.78
C013503,103675,Vehicle Finance,2025-11-14,15458.71,26,594.57
C013504,100200,Vehicle Finance,2025-12-05,48881.2,42,1163.84
C013505,108144,Payroll Loan,2026-06-19,7189.53,45,159.77
C013506,107518,Personal Loan,2025-12-07,5399.9,31,174.19
C013507,109432,Personal Loan,2025-03-24,6545.88,17,385.05
C013508,109314,Personal Loan,2025-12-12,4182.23,29,144.21
C013509,103953,Credit Card,2026-02-05,10173.88,24,423.91
C013510,109416,Vehicle Finance,2025-08-27,47124.68,29,1624.99
C013511,107842,Credit Card,2025-06-20,10271.14,10,1027.11
C013512,102252,Personal Loan,2026-03-25,6774.43,18,376.36
C013513,106859,Vehicle Finance,2025-04-10,34806.51,40,870.16
C013514,106175,Payroll Loan,2025-12-22,11348.64,45,252.19
C013515,102712,Credit Card,2026-03-17,2446.52,17,143.91
C013516,104768,Payroll Loan,2026-01-28,10705.24,21,509.77
C013517,102242,Credit Card,2025-04-01,4092.25,21,194.87
C013518,106162,Credit Card,2026-03-29,4922.24,8,615.28
C013519,104867,Payroll Loan,2025-11-24,13014.66,41,317.43
C013520,105465,Vehicle Finance,2025-08-24,47074.83,57,825.87
C013521,106553,Credit Card,2025-04-12,4022.72,24,167.61
C013522,109047,Personal Loan,2025-03-06,4408.68,26,169.56
C013523,104185,Personal Loan,2025-07-04,5944.27,36,165.12
C013524,107327,Vehicle Finance,2025-02-26,46565.04,25,1862.6
C013525,104960,Vehicle Finance,2025-02-17,74392.55,26,2861.25
C013526,105461,Personal Loan,2025-12-18,21000.0,34,617.65
C013527,102133,Personal Loan,2026-05-27,13701.71,29,472.47
C013528,109974,Credit Card,2025-09-29,4238.78,11,385.34
C013529,105504,Credit Card,2026-06-18,3626.95,7,518.14
C013530,109388,Personal Loan,2026-03-17,9595.92,32,299.87
C013531,106591,Payroll Loan,2025-03-23,15818.1,39,405.59
C013532,101498,Credit Card,2025-01-25,3187.84,7,455.41
C013533,106408,Personal Loan,2025-07-16,4093.44,28,146.19
C013534,106358,Personal Loan,2025-01-31,3984.9,27,147.59
C013535,108060,Payroll Loan,2025-03-10,7961.02,24,331.71
C013536,109359,Vehicle Finance,2026-02-24,41146.35,42,979.68
C013537,100351,Personal Loan,2025-03-05,18983.47,14,1355.96
C013538,108451,Personal Loan,2026-06-27,12324.21,23,535.84
C013539,106025,Personal Loan,2025-05-06,21000.0,25,840.0
C013540,108941,Credit Card,2026-04-08,5618.66,9,624.3
C013541,103957,Credit Card,2025-02-12,2047.37,20,102.37
C013542,106168,Vehicle Finance,2025-08-17,29759.5,41,725.84
C013543,101758,Personal Loan,2025-03-13,8777.71,13,675.21
C013544,100781,Payroll Loan,2026-04-24,9945.85,28,355.21
C013545,100475,Credit Card,2025-02-08,4714.48,13,362.65
C013546,100171,Credit Card,2025-01-20,2690.55,12,224.21
C013547,104628,Personal Loan,2026-06-22,7046.1,16,440.38
C013548,103017,Payroll Loan,2026-02-05,26221.75,43,609.81
C013549,103043,Credit Card,2026-03-24,4192.99,9,465.89
C013550,106164,Personal Loan,2025-04-05,3028.82,25,121.15
C013551,109065,Payroll Loan,2025-10-27,7506.89,35,214.48
C013552,109255,Vehicle Finance,2025-06-05,13833.96,34,406.88
C013553,105872,Personal Loan,2025-01-12,8361.75,29,288.34
C013554,103943,Vehicle Finance,2025-07-10,37472.91,31,1208.8
C013555,104158,Payroll Loan,2025-11-17,11493.23,40,287.33
C013556,106269,Vehicle Finance,2025-04-08,24943.33,47,530.71
C013557,109086,Credit Card,2026-04-27,4542.31,15,302.82
C013558,105337,Vehicle Finance,2025-10-02,49731.94,56,888.07
C013559,104024,Payroll Loan,2026-06-21,7054.46,39,180.88
C013560,102361,Personal Loan,2025-08-21,5161.98,24,215.08
C013561,100949,Personal Loan,2025-06-25,5785.41,27,214.27
C013562,103137,Credit Card,2025-10-17,1645.48,8,205.68
C013563,107990,Personal Loan,2025-05-04,12102.33,32,378.2
C013564,103732,Vehicle Finance,2025-07-21,72852.51,48,1517.76
C013565,108417,Payroll Loan,2025-03-21,3190.47,41,77.82
C013566,107646,Personal Loan,2025-02-20,4005.72,14,286.12
C013567,107865,Personal Loan,2026-06-23,11071.65,14,790.83
C013568,106686,Personal Loan,2026-03-16,18826.32,14,1344.74
C013569,100260,Credit Card,2026-02-18,5361.6,10,536.16
C013570,104745,Vehicle Finance,2026-03-17,29315.63,42,697.99
C013571,107188,Payroll Loan,2026-01-24,13606.89,33,412.33
C013572,109914,Personal Loan,2026-01-30,3810.35,27,141.12
C013573,107587,Personal Loan,2025-04-01,10171.59,16,635.72
C013574,102985,Payroll Loan,2025-12-26,11546.88,44,262.43
C013575,105745,Vehicle Finance,2025-09-24,65412.98,33,1982.21
C013576,107332,Vehicle Finance,2025-09-18,24689.79,58,425.69
C013577,108471,Payroll Loan,2026-03-05,5362.16,36,148.95
C013578,101107,Personal Loan,2026-02-09,7855.5,28,280.55
C013579,109275,Credit Card,2025-11-09,3787.0,22,172.14
C013580,104517,Credit Card,2026-04-20,2782.16,13,214.01
C013581,108985,Vehicle Finance,2025-01-05,36534.49,33,1107.11
C013582,107782,Personal Loan,2026-02-18,4789.07,18,266.06
C013583,105242,Personal Loan,2026-04-05,3742.66,27,138.62
C013584,104782,Credit Card,2025-05-20,11501.72,24,479.24
C013585,102768,Personal Loan,2025-07-22,3721.5,14,265.82
C013586,105859,Personal Loan,2025-04-21,10835.78,24,451.49
C013587,102947,Personal Loan,2025-05-21,12993.26,13,999.48
C013588,104778,Credit Card,2025-11-06,6800.92,20,340.05
C013589,102366,Payroll Loan,2026-01-23,5433.16,25,217.33
C013590,102258,Credit Card,2025-08-04,2895.86,17,170.34
C013591,109082,Credit Card,2025-09-03,4996.11,13,384.32
C013592,108712,Personal Loan,2025-07-09,7200.22,33,218.19
C013593,105749,Personal Loan,2025-02-25,4006.67,29,138.16
C013594,106639,Personal Loan,2026-05-27,4113.08,30,137.1
C013595,100013,Credit Card,2025-06-07,2619.05,15,174.6
C013596,107433,Credit Card,2026-02-07,3832.33,15,255.49
C013597,109611,Personal Loan,2026-03-26,7500.93,26,288.5
C013598,109492,Credit Card,2025-10-01,4869.66,19,256.3
C013599,100525,Credit Card,2025-09-07,3734.43,20,186.72
C013600,106925,Credit Card,2025-07-07,10990.15,7,1570.02
C013601,104763,Payroll Loan,2026-02-20,13783.72,40,344.59
C013602,100650,Personal Loan,2025-05-24,5891.4,26,226.59
C013603,107889,Credit Card,2025-03-24,5168.11,16,323.01
C013604,106294,Personal Loan,2026-06-29,7382.74,24,307.61
C013605,102607,Personal Loan,2025-10-24,5800.31,31,187.11
C013606,105051,Personal Loan,2025-06-12,9009.1,28,321.75
C013607,103514,Personal Loan,2025-01-10,7421.04,25,296.84
C013608,102216,Personal Loan,2026-04-07,18308.95,15,1220.6
C013609,104278,Payroll Loan,2025-04-21,10581.73,23,460.08
C013610,105933,Vehicle Finance,2025-03-14,34429.65,34,1012.64
C013611,100510,Credit Card,2025-02-24,6356.55,15,423.77
C013612,106731,Credit Card,2026-02-22,7138.92,23,310.39
C013613,104915,Payroll Loan,2026-04-05,17008.2,23,739.49
C013614,105592,Personal Loan,2025-09-26,4208.64,36,116.91
C013615,101449,Personal Loan,2025-12-29,3967.31,26,152.59
C013616,101533,Credit Card,2025-09-05,2999.81,14,214.27
C013617,105396,Payroll Loan,2025-07-01,12219.2,44,277.71
C013618,106351,Personal Loan,2026-03-18,6255.23,26,240.59
C013619,106332,Credit Card,2026-06-21,3594.62,14,256.76
C013620,100249,Vehicle Finance,2025-01-30,45045.34,32,1407.67
C013621,104737,Payroll Loan,2025-11-28,11994.85,22,545.22
C013622,101595,Credit Card,2025-01-05,5504.27,19,289.7
C013623,105482,Payroll Loan,2025-02-22,24331.51,30,811.05
C013624,107983,Vehicle Finance,2025-02-27,58359.39,30,1945.31
C013625,109595,Personal Loan,2025-07-13,4401.5,35,125.76
C013626,104899,Credit Card,2025-01-26,3272.05,24,136.34
C013627,104959,Credit Card,2025-04-28,3979.22,22,180.87
C013628,105906,Vehicle Finance,2026-05-24,44396.49,30,1479.88
C013629,100541,Personal Loan,2025-06-16,4750.6,32,148.46
C013630,103392,Personal Loan,2025-03-06,21000.0,17,1235.29
C013631,103141,Credit Card,2025-08-03,2541.8,18,141.21
C013632,105661,Personal Loan,2026-03-06,12713.82,26,488.99
C013633,101561,Personal Loan,2026-01-30,9933.48,23,431.89
C013634,100379,Credit Card,2026-02-17,2497.37,10,249.74
C013635,103409,Credit Card,2025-04-12,5078.6,7,725.51
C013636,100239,Credit Card,2025-01-01,6199.77,19,326.3
C013637,107045,Credit Card,2025-05-26,4812.12,12,401.01
C013638,109039,Vehicle Finance,2025-06-02,57857.04,60,964.28
C013639,106852,Vehicle Finance,2026-04-18,35775.65,56,638.85
C013640,102864,Payroll Loan,2026-03-17,10919.8,24,454.99
C013641,107065,Personal Loan,2026-04-01,3275.77,35,93.59
C013642,108036,Personal Loan,2025-12-22,10022.49,36,278.4
C013643,108938,Vehicle Finance,2025-12-10,10546.06,24,439.42
C013644,105164,Vehicle Finance,2026-02-28,76312.77,31,2461.7
C013645,104031,Payroll Loan,2026-05-06,17768.53,40,444.21
C013646,100753,Vehicle Finance,2026-03-30,52339.14,46,1137.81
C013647,104582,Credit Card,2025-06-07,3421.06,11,311.01
C013648,100628,Credit Card,2025-01-18,8988.27,11,817.12
C013649,103821,Vehicle Finance,2025-10-28,74952.17,41,1828.1
C013650,100621,Credit Card,2026-01-02,8897.17,19,468.27
C013651,103759,Personal Loan,2025-01-24,5864.68,15,390.98
C013652,105025,Credit Card,2025-01-19,4725.5,10,472.55
C013653,103380,Credit Card,2026-04-28,11585.47,6,1930.91
C013654,103337,Payroll Loan,2026-05-22,9300.02,43,216.28
C013655,107377,Personal Loan,2026-02-21,10566.78,29,364.37
C013656,109780,Personal Loan,2025-08-22,7678.8,15,511.92
C013657,102606,Personal Loan,2025-02-03,13389.78,33,405.75
C013658,101076,Personal Loan,2025-06-24,5582.13,21,265.82
C013659,100351,Payroll Loan,2026-05-16,33000.0,30,1100.0
C013660,103968,Credit Card,2025-04-05,5293.27,22,240.6
C013661,104962,Vehicle Finance,2025-08-30,33645.92,26,1294.07
C013662,100140,Credit Card,2026-01-05,3065.35,17,180.31
C013663,104992,Personal Loan,2026-05-27,4417.71,20,220.89
C013664,106139,Vehicle Finance,2026-03-24,26342.21,45,585.38
C013665,104634,Vehicle Finance,2025-03-13,75880.38,40,1897.01
C013666,100945,Payroll Loan,2025-03-01,15375.02,13,1182.69
C013667,104532,Personal Loan,2025-10-07,9085.41,21,432.64
C013668,106808,Personal Loan,2026-06-21,12063.43,28,430.84
C013669,104912,Payroll Loan,2025-08-10,12995.59,26,499.83
C013670,107188,Payroll Loan,2025-02-14,5178.52,18,287.7
C013671,109487,Credit Card,2026-06-12,2726.08,21,129.81
C013672,109861,Personal Loan,2026-03-05,3955.58,13,304.28
C013673,102494,Personal Loan,2025-09-18,8709.36,17,512.32
C013674,102212,Personal Loan,2025-02-07,17842.4,31,575.56
C013675,101811,Payroll Loan,2025-05-14,17352.72,12,1446.06
C013676,106565,Payroll Loan,2025-04-24,12620.51,38,332.12
C013677,105969,Credit Card,2025-03-03,6974.4,19,367.07
C013678,103058,Payroll Loan,2025-03-28,12588.3,22,572.2
C013679,101584,Vehicle Finance,2025-06-24,25306.79,27,937.29
C013680,103045,Personal Loan,2025-04-03,4217.61,21,200.84
C013681,101540,Credit Card,2025-04-11,6675.43,10,667.54
C013682,108567,Payroll Loan,2026-04-14,8540.13,20,427.01
C013683,104841,Payroll Loan,2025-10-17,12873.15,36,357.59
C013684,108905,Personal Loan,2025-12-29,7833.28,18,435.18
C013685,108915,Payroll Loan,2025-09-14,7650.5,37,206.77
C013686,102690,Vehicle Finance,2026-06-15,57078.24,36,1585.51
C013687,101150,Vehicle Finance,2026-02-25,48976.32,46,1064.7
C013688,105983,Vehicle Finance,2025-05-02,42562.58,55,773.87
C013689,101351,Personal Loan,2025-04-01,3340.72,14,238.62
C013690,107402,Vehicle Finance,2025-04-14,38583.46,44,876.9
C013691,106794,Credit Card,2025-11-02,3489.18,13,268.4
C013692,103394,Payroll Loan,2025-04-01,5418.45,24,225.77
C013693,105053,Payroll Loan,2025-05-23,7325.93,12,610.49
C013694,101540,Personal Loan,2026-04-01,11176.87,30,372.56
C013695,102316,Personal Loan,2026-01-28,16286.19,24,678.59
C013696,108164,Personal Loan,2025-07-01,9883.64,22,449.26
C013697,103602,Personal Loan,2026-03-30,8472.17,19,445.9
C013698,105230,Credit Card,2025-11-23,3204.36,8,400.54
C013699,108128,Vehicle Finance,2026-03-16,68581.93,42,1632.9
C013700,102779,Personal Loan,2025-07-09,14989.01,14,1070.64
C013701,104921,Personal Loan,2025-11-04,11054.75,16,690.92
C013702,100276,Credit Card,2025-10-23,4875.66,20,243.78
C013703,101123,Payroll Loan,2025-05-28,11737.71,47,249.74
C013704,108579,Credit Card,2026-01-12,2750.68,11,250.06
C013705,108107,Personal Loan,2025-06-28,2344.06,17,137.89
C013706,104449,Vehicle Finance,2025-03-06,33834.52,37,914.45
C013707,104163,Payroll Loan,2026-01-13,11076.8,48,230.77
C013708,105547,Payroll Loan,2026-05-09,11640.61,38,306.33
C013709,105173,Payroll Loan,2026-04-22,16526.28,35,472.18
C013710,101342,Payroll Loan,2025-06-18,18849.72,30,628.32
C013711,101676,Credit Card,2025-10-21,5951.74,18,330.65
C013712,100827,Payroll Loan,2025-03-31,21312.67,23,926.64
C013713,105970,Payroll Loan,2025-10-29,9563.08,40,239.08
C013714,103560,Credit Card,2026-03-07,4521.37,15,301.42
C013715,105993,Personal Loan,2026-04-05,9924.96,28,354.46
C013716,102292,Personal Loan,2026-06-29,4473.55,26,172.06
C013717,103635,Credit Card,2026-01-21,7217.81,6,1202.97
C013718,100344,Credit Card,2025-07-01,8338.17,24,347.42
C013719,104014,Vehicle Finance,2025-03-29,27184.82,36,755.13
C013720,101762,Personal Loan,2025-08-13,8192.28,30,273.08
C013721,109515,Personal Loan,2025-09-24,3633.78,36,100.94
C013722,106538,Payroll Loan,2025-04-13,5466.86,46,118.84
C013723,105398,Personal Loan,2025-12-08,7491.35,12,624.28
C013724,102510,Payroll Loan,2025-01-13,11684.46,22,531.11
C013725,103007,Credit Card,2025-04-11,2996.08,19,157.69
C013726,109659,Personal Loan,2025-03-15,8502.61,26,327.02
C013727,101981,Vehicle Finance,2025-05-07,54123.78,49,1104.57
C013728,109009,Payroll Loan,2026-06-07,6982.59,16,436.41
C013729,108848,Credit Card,2026-06-15,3611.73,18,200.65
C013730,103458,Payroll Loan,2026-04-28,7380.68,46,160.45
C013731,101830,Payroll Loan,2026-06-13,14871.24,36,413.09
C013732,107914,Payroll Loan,2026-03-12,9933.68,36,275.94
C013733,108969,Credit Card,2025-05-25,7438.11,24,309.92
C013734,101798,Personal Loan,2026-05-29,4638.34,12,386.53
C013735,109188,Credit Card,2026-06-12,2408.5,17,141.68
C013736,104653,Credit Card,2025-12-12,4752.08,17,279.53
C013737,107619,Vehicle Finance,2025-08-31,36930.75,46,802.84
C013738,104292,Credit Card,2025-08-04,5419.45,17,318.79
C013739,107009,Vehicle Finance,2025-03-11,49842.54,25,1993.7
C013740,108730,Credit Card,2025-05-23,3312.25,6,552.04
C013741,102092,Credit Card,2025-04-06,6330.07,24,263.75
C013742,104051,Credit Card,2026-02-18,3042.07,18,169.0
C013743,105453,Vehicle Finance,2025-02-01,75157.22,53,1418.06
C013744,101626,Personal Loan,2026-01-12,4376.57,18,243.14
C013745,101266,Credit Card,2025-12-11,11121.9,8,1390.24
C013746,106988,Vehicle Finance,2025-09-24,30790.06,34,905.59
C013747,108223,Payroll Loan,2025-04-18,22315.9,41,544.29
C013748,106405,Payroll Loan,2025-12-06,11754.12,34,345.71
C013749,105817,Payroll Loan,2025-10-22,26626.17,16,1664.14
C013750,103221,Vehicle Finance,2025-12-18,24460.44,28,873.59
C013751,108759,Payroll Loan,2025-06-02,6373.95,44,144.86
C013752,107418,Personal Loan,2025-08-30,9647.16,18,535.95
C013753,104876,Credit Card,2025-11-14,5205.17,11,473.2
C013754,106403,Payroll Loan,2025-04-23,9067.34,39,232.5
C013755,107883,Personal Loan,2026-06-24,8953.3,36,248.7
C013756,101546,Credit Card,2025-04-30,2604.32,10,260.43
C013757,105654,Credit Card,2025-03-10,3693.79,10,369.38
C013758,102022,Personal Loan,2025-03-11,6109.6,18,339.42
C013759,103617,Personal Loan,2025-01-25,17020.69,13,1309.28
C013760,106623,Personal Loan,2025-03-13,8273.92,16,517.12
C013761,108034,Credit Card,2026-04-14,2926.31,16,182.89
C013762,106002,Credit Card,2025-08-05,3722.07,24,155.09
C013763,109132,Payroll Loan,2025-10-02,2750.0,28,98.21
C013764,100349,Credit Card,2025-05-01,2676.57,14,191.18
C013765,102127,Credit Card,2025-11-20,11149.9,13,857.68
C013766,102558,Vehicle Finance,2025-01-26,72979.36,47,1552.75
C013767,107290,Personal Loan,2025-06-12,16371.7,25,654.87
C013768,100928,Vehicle Finance,2025-07-06,44748.94,46,972.8
C013769,102005,Personal Loan,2025-09-20,7719.31,26,296.9
C013770,109741,Payroll Loan,2025-03-13,5553.9,18,308.55
C013771,103952,Vehicle Finance,2025-09-25,27212.36,28,971.87
C013772,104832,Credit Card,2026-01-20,3760.27,14,268.59
C013773,109208,Payroll Loan,2026-06-15,5135.35,37,138.79
C013774,105069,Vehicle Finance,2025-10-03,12767.85,30,425.6
C013775,102185,Personal Loan,2026-02-26,6045.43,26,232.52
C013776,101465,Personal Loan,2025-01-20,8116.29,35,231.89
C013777,103120,Credit Card,2025-03-10,2216.57,14,158.33
C013778,104686,Personal Loan,2025-03-30,6973.85,27,258.29
C013779,106198,Personal Loan,2025-03-19,5418.38,15,361.23
C013780,109637,Credit Card,2025-01-13,4232.18,7,604.6
C013781,104457,Vehicle Finance,2026-04-02,17360.64,31,560.02
C013782,108650,Personal Loan,2025-05-20,2649.95,21,126.19
C013783,100123,Vehicle Finance,2025-03-22,28801.34,47,612.79
C013784,104817,Vehicle Finance,2025-03-31,25879.27,57,454.02
C013785,103887,Credit Card,2026-06-05,3442.79,7,491.83
C013786,108807,Vehicle Finance,2025-02-26,37931.16,43,882.12
C013787,109461,Payroll Loan,2025-01-23,18596.91,33,563.54
C013788,104217,Personal Loan,2025-04-20,12137.61,36,337.16
C013789,109478,Vehicle Finance,2026-01-10,75879.69,50,1517.59
C013790,106125,Payroll Loan,2026-01-11,10638.16,33,322.37
C013791,104306,Personal Loan,2025-04-10,5892.81,25,235.71
C013792,103824,Personal Loan,2025-01-13,7124.92,21,339.28
C013793,100106,Credit Card,2025-10-30,2726.12,10,272.61
C013794,106807,Credit Card,2025-04-06,9530.7,20,476.54
C013795,103728,Payroll Loan,2025-07-20,17330.41,19,912.13
C013796,107020,Payroll Loan,2025-10-22,20412.85,45,453.62
C013797,103831,Personal Loan,2026-04-16,3936.65,29,135.75
C013798,101039,Personal Loan,2025-06-19,6010.16,28,214.65
C013799,109018,Personal Loan,2025-02-15,4837.78,27,179.18
C013800,108986,Vehicle Finance,2025-09-15,21241.0,33,643.67
C013801,103197,Personal Loan,2025-06-30,4562.93,17,268.41
C013802,102507,Personal Loan,2026-06-24,6992.49,15,466.17
C013803,105971,Payroll Loan,2025-06-06,18781.79,39,481.58
C013804,107620,Credit Card,2025-05-28,13500.0,7,1928.57
C013805,104873,Personal Loan,2025-04-27,8071.32,17,474.78
C013806,109422,Personal Loan,2026-04-18,10943.64,22,497.44
C013807,105087,Vehicle Finance,2025-01-17,17735.23,37,479.33
C013808,102933,Personal Loan,2025-01-04,4880.85,23,212.21
C013809,107038,Personal Loan,2025-02-01,11979.38,21,570.45
C013810,109752,Personal Loan,2025-07-18,5825.42,34,171.34
C013811,106699,Vehicle Finance,2025-11-16,55906.88,31,1803.45
C013812,107743,Credit Card,2025-06-03,5391.9,22,245.09
C013813,109949,Credit Card,2025-12-28,6139.88,13,472.3
C013814,107335,Vehicle Finance,2025-12-24,44402.16,24,1850.09
C013815,108600,Credit Card,2025-01-01,3486.33,20,174.32
C013816,101060,Credit Card,2026-06-19,6797.54,16,424.85
C013817,101728,Personal Loan,2025-03-16,4530.21,14,323.59
C013818,104634,Personal Loan,2025-11-23,4260.61,35,121.73
C013819,107779,Credit Card,2025-05-03,4561.3,13,350.87
C013820,104735,Personal Loan,2025-10-09,13231.54,23,575.28
C013821,108379,Personal Loan,2025-06-24,7760.41,26,298.48
C013822,108951,Personal Loan,2026-01-27,2878.35,24,119.93
C013823,103139,Personal Loan,2026-05-10,2121.12,31,68.42
C013824,104904,Payroll Loan,2025-01-03,4872.48,39,124.94
C013825,107530,Vehicle Finance,2026-03-27,20141.24,55,366.2
C013826,103858,Personal Loan,2026-02-19,5223.44,15,348.23
C013827,100503,Credit Card,2025-10-31,3703.25,13,284.87
C013828,104244,Personal Loan,2025-02-25,6991.43,36,194.21
C013829,107350,Payroll Loan,2026-01-17,16554.49,15,1103.63
C013830,109638,Payroll Loan,2026-05-21,9452.23,42,225.05
C013831,102156,Credit Card,2026-01-05,6955.3,16,434.71
C013832,106139,Personal Loan,2026-05-08,5361.55,17,315.39
C013833,106018,Payroll Loan,2026-06-14,20634.38,26,793.63
C013834,104981,Personal Loan,2025-07-22,9805.99,26,377.15
C013835,108725,Personal Loan,2026-06-08,3635.99,27,134.67
C013836,107639,Credit Card,2025-01-04,2583.2,12,215.27
C013837,100528,Credit Card,2026-02-25,4387.94,20,219.4
C013838,102809,Personal Loan,2025-05-25,4532.37,25,181.29
C013839,100276,Credit Card,2025-05-16,5023.72,17,295.51
C013840,108555,Payroll Loan,2026-03-20,10074.06,48,209.88
C013841,105159,Payroll Loan,2026-05-07,12291.62,48,256.08
C013842,106232,Personal Loan,2025-07-06,4096.88,24,170.7
C013843,102114,Vehicle Finance,2025-06-03,30080.99,25,1203.24
C013844,102644,Payroll Loan,2025-08-10,8962.17,43,208.42
C013845,102647,Vehicle Finance,2025-09-28,101981.03,54,1888.54
C013846,100976,Payroll Loan,2025-12-28,7534.1,18,418.56
C013847,104015,Personal Loan,2025-11-15,21000.0,25,840.0
C013848,105025,Personal Loan,2025-06-03,5077.23,17,298.66
C013849,107318,Personal Loan,2025-12-25,6404.26,24,266.84
C013850,107626,Personal Loan,2025-12-11,10129.59,21,482.36
C013851,103694,Payroll Loan,2026-01-25,8147.24,16,509.2
C013852,103274,Personal Loan,2025-09-01,3616.28,24,150.68
C013853,100096,Payroll Loan,2025-10-25,20442.19,43,475.4
C013854,109631,Credit Card,2026-06-30,5325.12,22,242.05
C013855,101806,Vehicle Finance,2025-10-09,35496.25,56,633.86
C013856,105358,Credit Card,2026-06-13,5758.6,24,239.94
C013857,105865,Credit Card,2025-08-20,6503.5,13,500.27
C013858,108507,Personal Loan,2025-10-06,6209.27,27,229.97
C013859,101239,Credit Card,2025-02-07,2740.24,11,249.11
C013860,101238,Personal Loan,2025-08-15,3340.1,36,92.78
C013861,109952,Personal Loan,2025-03-15,8231.82,12,685.98
C013862,105454,Credit Card,2025-01-12,7506.59,10,750.66
C013863,101816,Personal Loan,2025-08-01,6842.38,34,201.25
C013864,109780,Personal Loan,2025-07-02,5372.26,30,179.08
C013865,107034,Credit Card,2025-07-03,3777.08,18,209.84
C013866,104346,Payroll Loan,2026-02-02,7516.97,41,183.34
C013867,102056,Credit Card,2025-02-23,4936.21,23,214.62
C013868,107783,Vehicle Finance,2026-02-23,37314.79,38,981.97
C013869,107731,Credit Card,2025-08-10,4339.19,18,241.07
C013870,107052,Vehicle Finance,2025-03-31,49522.7,54,917.09
C013871,107564,Credit Card,2025-03-16,5242.85,20,262.14
C013872,103409,Vehicle Finance,2026-05-07,30496.48,27,1129.5
C013873,108253,Credit Card,2025-06-19,7323.7,8,915.46
C013874,108303,Payroll Loan,2025-03-31,8572.86,16,535.8
C013875,100938,Credit Card,2025-07-23,4688.64,8,586.08
C013876,104427,Credit Card,2026-04-20,6116.15,8,764.52
C013877,108407,Personal Loan,2025-07-19,8667.21,13,666.71
C013878,103846,Personal Loan,2025-08-17,6531.45,29,225.22
C013879,103418,Personal Loan,2026-04-16,14926.01,35,426.46
C013880,106635,Vehicle Finance,2025-05-09,61738.21,26,2374.55
C013881,100975,Personal Loan,2026-06-07,16961.9,22,771.0
C013882,102138,Personal Loan,2026-01-22,14482.31,15,965.49
C013883,101944,Personal Loan,2025-01-27,3860.93,33,117.0
C013884,109075,Payroll Loan,2026-04-14,13803.0,26,530.88
C013885,102393,Personal Loan,2025-12-06,5275.34,15,351.69
C013886,100668,Credit Card,2026-06-11,5744.25,21,273.54
C013887,105240,Payroll Loan,2025-11-02,12051.58,40,301.29
C013888,108975,Personal Loan,2026-02-23,21000.0,32,656.25
C013889,100653,Personal Loan,2025-08-25,6352.93,22,288.77
C013890,105413,Credit Card,2026-06-09,3192.22,9,354.69
C013891,109791,Credit Card,2025-01-02,4363.3,16,272.71
C013892,106690,Payroll Loan,2025-08-03,12462.3,43,289.82
C013893,105809,Credit Card,2025-04-06,8677.48,11,788.86
C013894,109572,Personal Loan,2026-05-10,7126.5,36,197.96
C013895,100633,Personal Loan,2026-05-08,9593.25,28,342.62
C013896,109610,Credit Card,2025-09-15,13500.0,16,843.75
C013897,101818,Personal Loan,2026-01-22,7312.76,23,317.95
C013898,108527,Personal Loan,2025-03-09,5863.99,35,167.54
C013899,107524,Payroll Loan,2025-09-29,7293.19,19,383.85
C013900,107638,Credit Card,2026-06-12,6362.59,9,706.95
C013901,104004,Personal Loan,2025-04-02,7185.0,36,199.58
C013902,105691,Vehicle Finance,2025-03-24,27913.52,46,606.82
C013903,105359,Payroll Loan,2026-06-28,17961.22,38,472.66
C013904,102258,Credit Card,2025-02-21,13500.0,20,675.0
C013905,109725,Credit Card,2025-10-26,2914.03,11,264.91
C013906,104403,Credit Card,2025-06-19,2955.44,17,173.85
C013907,107415,Vehicle Finance,2026-06-28,70481.6,59,1194.6
C013908,105787,Payroll Loan,2025-10-31,9040.11,12,753.34
C013909,100668,Personal Loan,2026-06-09,19171.44,36,532.54
C013910,102435,Credit Card,2025-06-24,4658.22,8,582.28
C013911,109835,Vehicle Finance,2025-11-10,44346.34,34,1304.3
C013912,106026,Payroll Loan,2025-11-23,33000.0,27,1222.22
C013913,103505,Credit Card,2025-10-02,3608.4,9,400.93
C013914,105629,Personal Loan,2025-11-23,10193.1,25,407.72
C013915,105329,Credit Card,2025-04-16,5231.02,19,275.32
C013916,107180,Vehicle Finance,2026-02-13,31211.25,46,678.51
C013917,109306,Credit Card,2025-08-11,3429.28,19,180.49
C013918,106309,Personal Loan,2026-06-14,8127.91,35,232.23
C013919,101516,Vehicle Finance,2025-09-06,41598.85,24,1733.29
C013920,108648,Credit Card,2025-12-08,13500.0,20,675.0
C013921,101357,Personal Loan,2025-04-13,16444.08,30,548.14
C013922,104197,Vehicle Finance,2025-05-15,30300.41,33,918.19
C013923,102291,Payroll Loan,2026-06-17,21141.83,44,480.5
C013924,105767,Personal Loan,2025-01-15,8381.57,20,419.08
C013925,109440,Vehicle Finance,2026-02-24,53709.88,49,1096.12
C013926,106052,Credit Card,2025-12-07,6542.53,21,311.55
C013927,100111,Personal Loan,2025-02-13,5214.96,25,208.6
C013928,103479,Personal Loan,2025-07-18,10576.8,25,423.07
C013929,102378,Vehicle Finance,2025-02-02,60470.55,45,1343.79
C013930,106619,Payroll Loan,2025-07-18,25641.88,21,1221.04
C013931,103834,Credit Card,2025-04-08,6942.92,11,631.17
C013932,103304,Payroll Loan,2025-06-30,8950.12,36,248.61
C013933,109428,Payroll Loan,2026-06-30,12486.81,38,328.6
C013934,107780,Vehicle Finance,2025-08-20,20019.82,34,588.82
C013935,105422,Personal Loan,2025-04-22,4367.45,16,272.97
C013936,109079,Personal Loan,2025-09-23,3963.65,22,180.17
C013937,107044,Credit Card,2026-03-14,4425.26,23,192.4
C013938,102526,Credit Card,2026-01-02,5128.91,11,466.26
C013939,103565,Personal Loan,2025-02-24,5826.8,14,416.2
C013940,105853,Credit Card,2026-02-24,2759.96,19,145.26
C013941,103544,Personal Loan,2025-02-03,8569.64,23,372.59
C013942,108611,Credit Card,2025-09-08,11453.79,17,673.75
C013943,104007,Vehicle Finance,2026-06-13,33905.83,28,1210.92
C013944,105841,Credit Card,2025-02-16,3359.96,8,420.0
C013945,100606,Credit Card,2026-04-01,6068.35,19,319.39
C013946,104207,Payroll Loan,2025-08-30,13768.67,20,688.43
C013947,103034,Personal Loan,2026-04-27,6162.36,27,228.24
C013948,106939,Vehicle Finance,2026-05-06,37128.58,27,1375.13
C013949,108802,Personal Loan,2026-03-08,4539.0,26,174.58
C013950,104024,Credit Card,2026-05-10,4903.54,22,222.89
C013951,100294,Personal Loan,2026-02-23,3220.31,34,94.72
C013952,104784,Payroll Loan,2026-06-12,5725.7,25,229.03
C013953,104318,Personal Loan,2025-06-01,5628.55,21,268.03
C013954,109928,Personal Loan,2026-03-09,7466.48,25,298.66
C013955,101618,Vehicle Finance,2025-11-27,58919.74,30,1963.99
C013956,103796,Personal Loan,2026-01-19,6337.55,20,316.88
C013957,100474,Credit Card,2025-01-18,3106.47,21,147.93
C013958,109075,Payroll Loan,2025-10-25,18176.51,28,649.16
C013959,107775,Vehicle Finance,2025-11-03,32480.46,49,662.87
C013960,107421,Payroll Loan,2025-07-02,8434.42,35,240.98
C013961,106107,Personal Loan,2025-08-10,3899.37,20,194.97
C013962,104204,Vehicle Finance,2026-03-21,23540.92,25,941.64
C013963,107816,Payroll Loan,2025-04-24,10927.43,28,390.27
C013964,109022,Personal Loan,2025-04-08,3081.58,26,118.52
C013965,101719,Vehicle Finance,2025-07-04,41278.54,49,842.42
C013966,101507,Payroll Loan,2026-02-07,13423.29,34,394.8
C013967,106399,Credit Card,2026-05-05,4643.5,20,232.18
C013968,109536,Personal Loan,2025-10-24,8232.46,26,316.63
C013969,106474,Personal Loan,2025-12-22,9318.64,21,443.74
C013970,107066,Payroll Loan,2025-11-16,11684.93,16,730.31
C013971,103284,Vehicle Finance,2025-04-23,26889.61,39,689.48
C013972,105466,Vehicle Finance,2025-08-02,12226.55,30,407.55
C013973,101450,Personal Loan,2025-12-26,8890.7,29,306.58
C013974,104476,Vehicle Finance,2025-11-04,30195.33,54,559.17
C013975,108827,Vehicle Finance,2026-03-18,75389.59,56,1346.24
C013976,109300,Credit Card,2026-03-05,4979.44,15,331.96
C013977,105927,Personal Loan,2025-08-25,3953.52,24,164.73
C013978,108099,Credit Card,2025-09-21,5322.96,10,532.3
C013979,104517,Payroll Loan,2025-08-25,33000.0,12,2750.0
C013980,105496,Personal Loan,2026-03-17,11415.9,34,335.76
C013981,103578,Credit Card,2025-04-10,4238.67,14,302.76
C013982,108153,Personal Loan,2025-01-13,7389.47,27,273.68
C013983,100511,Vehicle Finance,2026-06-09,73868.24,57,1295.93
C013984,105587,Vehicle Finance,2026-03-14,39661.23,42,944.32
C013985,103062,Credit Card,2026-04-22,3667.66,15,244.51
C013986,107277,Payroll Loan,2026-05-02,21020.18,38,553.16
C013987,105278,Credit Card,2025-07-27,10616.14,8,1327.02
C013988,106371,Personal Loan,2026-05-22,13453.92,25,538.16
C013989,107233,Payroll Loan,2025-05-04,9389.99,22,426.82
C013990,101949,Personal Loan,2025-09-09,7222.84,21,343.94
C013991,107762,Credit Card,2025-02-28,9169.39,16,573.09
C013992,102175,Personal Loan,2025-08-28,11939.51,35,341.13
C013993,106350,Payroll Loan,2025-10-28,5791.61,16,361.98
C013994,107220,Payroll Loan,2025-07-24,5920.4,42,140.96
C013995,101126,Credit Card,2026-04-23,4178.82,18,232.16
C013996,102803,Personal Loan,2025-02-15,9125.11,34,268.39
C013997,102093,Personal Loan,2025-04-07,8233.44,21,392.07
C013998,108934,Personal Loan,2026-04-23,8513.07,34,250.38
C013999,103290,Personal Loan,2025-10-20,6089.23,18,338.29
C014000,105324,Vehicle Finance,2025-05-19,23875.43,25,955.02
C014001,104129,Personal Loan,2026-01-27,9274.34,19,488.12
C014002,101387,Credit Card,2025-03-24,9185.33,7,1312.19
C014003,101820,Vehicle Finance,2026-04-16,22435.12,60,373.92
C014004,107663,Credit Card,2026-02-22,8705.11,24,362.71
C014005,103753,Credit Card,2025-05-12,3545.6,18,196.98
C014006,107492,Personal Loan,2025-03-17,7241.39,29,249.7
C014007,108146,Credit Card,2025-05-17,2167.47,9,240.83
C014008,106509,Vehicle Finance,2026-02-22,11840.3,57,207.72
C014009,101719,Vehicle Finance,2025-10-10,47773.57,25,1910.94
C014010,109090,Credit Card,2026-03-31,5846.12,9,649.57
C014011,106042,Personal Loan,2026-02-06,4678.13,12,389.84
C014012,107462,Personal Loan,2025-05-21,3334.58,15,222.31
C014013,109283,Vehicle Finance,2025-06-27,49458.34,47,1052.31
C014014,107722,Personal Loan,2025-02-25,4937.54,23,214.68
C014015,104719,Personal Loan,2026-02-23,4588.85,21,218.52
C014016,105044,Credit Card,2025-07-20,8984.71,12,748.73
C014017,100280,Credit Card,2025-06-04,3214.7,9,357.19
C014018,107643,Personal Loan,2025-03-15,6397.03,36,177.7
C014019,102291,Vehicle Finance,2026-05-01,18602.14,41,453.71
C014020,104273,Payroll Loan,2025-11-16,9911.96,19,521.68
C014021,104923,Payroll Loan,2025-02-10,7912.38,14,565.17
C014022,104493,Vehicle Finance,2026-05-07,29704.7,39,761.66
C014023,109535,Payroll Loan,2026-01-25,11466.73,28,409.53
C014024,106007,Payroll Loan,2025-10-11,9246.83,31,298.28
C014025,108384,Personal Loan,2026-05-05,5094.53,29,175.67
C014026,107570,Personal Loan,2025-05-08,14221.06,25,568.84
C014027,106626,Personal Loan,2025-05-16,6475.65,26,249.06
C014028,100915,Personal Loan,2025-11-22,10003.21,19,526.48
C014029,101547,Credit Card,2025-07-05,2845.17,20,142.26
C014030,104844,Credit Card,2025-02-19,2296.6,7,328.09
C014031,108356,Personal Loan,2026-01-18,4453.57,25,178.14
C014032,100134,Credit Card,2025-06-17,2003.27,24,83.47
C014033,108346,Personal Loan,2026-06-07,8675.19,13,667.32
C014034,105018,Personal Loan,2026-05-15,9364.68,23,407.16
C014035,105477,Personal Loan,2025-07-04,5031.47,22,228.7
C014036,104331,Personal Loan,2026-04-10,9892.29,35,282.64
C014037,104794,Credit Card,2026-01-03,3117.12,23,135.53
C014038,100619,Personal Loan,2026-02-25,4984.18,34,146.59
C014039,104413,Payroll Loan,2026-06-29,9898.02,39,253.8
C014040,103546,Payroll Loan,2026-01-08,14133.67,37,381.99
C014041,104199,Personal Loan,2026-02-17,21000.0,29,724.14
C014042,102821,Payroll Loan,2026-02-05,5151.5,33,156.11
C014043,105755,Credit Card,2026-06-12,2727.73,8,340.97
C014044,108931,Vehicle Finance,2025-12-15,24380.51,32,761.89
C014045,100885,Personal Loan,2025-10-25,4761.33,12,396.78
C014046,104381,Credit Card,2025-11-06,4123.05,10,412.3
C014047,102509,Payroll Loan,2025-10-01,5413.02,48,112.77
C014048,100876,Personal Loan,2025-01-28,10638.79,20,531.94
C014049,107608,Payroll Loan,2025-09-20,4663.84,34,137.17
C014050,104003,Credit Card,2025-02-24,5710.5,16,356.91
C014051,105257,Personal Loan,2025-05-30,8725.26,29,300.87
C014052,106422,Vehicle Finance,2025-05-07,38451.27,33,1165.19
C014053,101976,Personal Loan,2026-04-01,8643.02,32,270.09
C014054,109164,Credit Card,2025-10-26,3543.35,12,295.28
C014055,108964,Personal Loan,2025-08-24,15545.67,27,575.77
C014056,108727,Vehicle Finance,2025-05-01,81109.97,33,2457.88
C014057,102787,Personal Loan,2026-05-22,8116.63,23,352.9
C014058,104393,Payroll Loan,2025-09-12,16511.37,21,786.26
C014059,102710,Personal Loan,2026-03-08,21000.0,18,1166.67
C014060,106331,Vehicle Finance,2025-11-14,32233.69,29,1111.51
C014061,102950,Personal Loan,2025-11-22,6270.69,30,209.02
C014062,109675,Credit Card,2026-02-13,6908.22,12,575.69
C014063,102463,Personal Loan,2025-12-10,9131.62,18,507.31
C014064,101490,Credit Card,2025-11-01,2998.33,24,124.93
C014065,104896,Personal Loan,2025-10-07,6409.06,25,256.36
C014066,108832,Payroll Loan,2026-01-05,10229.11,33,309.97
C014067,100292,Credit Card,2025-02-15,2499.45,18,138.86
C014068,108466,Payroll Loan,2025-09-05,6917.6,19,364.08
C014069,108138,Personal Loan,2025-04-26,6498.05,21,309.43
C014070,109147,Personal Loan,2026-05-19,2613.77,30,87.13
C014071,105544,Credit Card,2026-02-18,2846.23,13,218.94
C014072,109669,Credit Card,2026-02-22,6843.01,23,297.52
C014073,104026,Payroll Loan,2025-04-30,12462.87,31,402.03
C014074,101648,Personal Loan,2025-09-01,20310.29,24,846.26
C014075,100198,Credit Card,2025-02-09,4042.27,15,269.48
C014076,105607,Credit Card,2025-04-09,2967.56,6,494.59
C014077,100578,Payroll Loan,2025-10-16,7350.68,12,612.56
C014078,101656,Payroll Loan,2026-01-23,4357.58,14,311.26
C014079,109607,Personal Loan,2026-05-01,3879.88,29,133.79
C014080,102706,Personal Loan,2025-09-01,9668.09,32,302.13
C014081,101694,Credit Card,2026-01-08,1829.92,24,76.25
C014082,107944,Vehicle Finance,2025-05-03,55572.07,29,1916.28
C014083,103141,Payroll Loan,2025-07-29,7670.79,27,284.1
C014084,108793,Personal Loan,2025-11-25,1888.09,34,55.53
C014085,102811,Credit Card,2025-10-11,2102.36,21,100.11
C014086,104573,Payroll Loan,2025-07-31,11455.88,37,309.62
C014087,100308,Personal Loan,2025-08-24,8299.31,36,230.54
C014088,107478,Personal Loan,2026-03-01,6695.11,29,230.87
C014089,109056,Personal Loan,2025-08-25,11637.03,31,375.39
C014090,102046,Personal Loan,2025-06-04,6836.74,14,488.34
C014091,106647,Personal Loan,2025-02-13,7462.91,21,355.38
C014092,104526,Credit Card,2025-09-14,5171.85,21,246.28
C014093,108679,Vehicle Finance,2025-06-27,37134.63,59,629.4
C014094,100042,Personal Loan,2025-07-13,6829.4,20,341.47
C014095,109628,Vehicle Finance,2025-07-10,92799.86,45,2062.22
C014096,107788,Vehicle Finance,2026-04-09,22194.7,36,616.52
C014097,105097,Credit Card,2026-04-28,4948.83,7,706.98
C014098,102665,Personal Loan,2025-08-21,3162.82,27,117.14
C014099,102779,Personal Loan,2025-10-07,21000.0,19,1105.26
C014100,100343,Personal Loan,2025-05-09,9199.88,34,270.58
C014101,100739,Personal Loan,2025-02-08,6517.2,28,232.76
C014102,103517,Payroll Loan,2026-04-16,12672.31,48,264.01
C014103,106262,Personal Loan,2025-06-20,4034.68,12,336.22
C014104,103579,Personal Loan,2026-05-22,4868.92,31,157.06
C014105,100823,Vehicle Finance,2025-06-01,31812.25,44,723.01
C014106,107196,Payroll Loan,2025-07-21,4745.93,42,113.0
C014107,101101,Credit Card,2025-08-28,6111.29,11,555.57
C014108,103664,Credit Card,2026-04-25,4569.07,19,240.48
C014109,109780,Credit Card,2025-06-22,1556.55,9,172.95
C014110,103010,Credit Card,2025-09-25,4688.17,21,223.25
C014111,103558,Payroll Loan,2026-03-06,9657.02,25,386.28
C014112,100082,Personal Loan,2026-02-04,8247.91,18,458.22
C014113,100327,Vehicle Finance,2025-06-25,49653.54,53,936.86
C014114,107817,Credit Card,2025-05-29,7500.39,16,468.77
C014115,102438,Credit Card,2025-06-17,10635.72,7,1519.39
C014116,100732,Payroll Loan,2025-03-29,7504.86,46,163.15
C014117,109006,Credit Card,2025-09-12,4647.61,19,244.61
C014118,103427,Credit Card,2025-10-11,2539.1,14,181.36
C014119,101082,Personal Loan,2026-05-14,7869.99,29,271.38
C014120,102464,Payroll Loan,2025-08-08,14744.18,17,867.3
C014121,101461,Personal Loan,2025-05-31,6352.74,26,244.34
C014122,109551,Credit Card,2025-01-01,3800.19,15,253.35
C014123,107936,Personal Loan,2026-06-27,8813.7,29,303.92
C014124,106063,Credit Card,2025-01-25,2457.7,24,102.4
C014125,107239,Vehicle Finance,2025-01-06,63382.91,36,1760.64
C014126,100291,Vehicle Finance,2025-12-09,49822.76,25,1992.91
C014127,104392,Vehicle Finance,2025-12-03,92947.48,25,3717.9
C014128,106756,Credit Card,2025-07-08,6804.47,7,972.07
C014129,107536,Credit Card,2025-10-08,4918.3,16,307.39
C014130,108828,Vehicle Finance,2025-01-18,42864.1,28,1530.86
C014131,108038,Vehicle Finance,2025-12-01,52331.05,26,2012.73
C014132,106682,Vehicle Finance,2025-08-23,28695.76,46,623.82
C014133,101672,Payroll Loan,2026-05-23,8882.57,17,522.5
C014134,105237,Vehicle Finance,2025-03-09,57476.95,37,1553.43
C014135,105261,Vehicle Finance,2026-05-16,83980.85,48,1749.6
C014136,103268,Personal Loan,2025-03-24,6377.07,31,205.71
C014137,106097,Personal Loan,2025-02-10,8120.89,21,386.71
C014138,106192,Payroll Loan,2026-02-20,4912.75,43,114.25
C014139,107822,Payroll Loan,2025-01-26,12188.56,47,259.33
C014140,100413,Vehicle Finance,2025-02-12,37721.87,35,1077.77
C014141,102130,Personal Loan,2025-11-30,6390.89,16,399.43
C014142,102249,Credit Card,2025-09-09,5155.26,22,234.33
C014143,102314,Payroll Loan,2025-07-20,8619.4,12,718.28
C014144,109205,Credit Card,2025-06-28,6147.92,15,409.86
C014145,103148,Vehicle Finance,2026-03-15,33267.37,31,1073.14
C014146,107108,Vehicle Finance,2026-06-19,23424.13,57,410.95
C014147,108832,Payroll Loan,2026-03-05,16879.14,32,527.47
C014148,100947,Personal Loan,2025-01-12,21000.0,14,1500.0
C014149,107865,Personal Loan,2025-10-28,15650.15,32,489.07
C014150,106706,Payroll Loan,2025-09-06,14324.57,12,1193.71
C014151,109821,Credit Card,2025-07-07,3801.81,11,345.62
C014152,108997,Credit Card,2026-01-17,5383.06,13,414.08
C014153,102931,Personal Loan,2025-09-30,6398.3,25,255.93
C014154,106708,Credit Card,2026-05-30,6488.5,21,308.98
C014155,102029,Credit Card,2025-11-08,3973.17,9,441.46
C014156,105908,Personal Loan,2025-06-22,6279.33,12,523.28
C014157,109727,Credit Card,2026-05-28,4581.27,23,199.19
C014158,104948,Payroll Loan,2025-12-13,5981.88,16,373.87
C014159,109571,Payroll Loan,2026-02-01,3373.89,19,177.57
C014160,105911,Personal Loan,2025-05-20,10383.49,12,865.29
C014161,109098,Personal Loan,2025-05-03,10634.23,17,625.54
C014162,108711,Credit Card,2025-12-10,2845.54,10,284.55
C014163,100294,Credit Card,2025-06-03,2132.29,15,142.15
C014164,103160,Payroll Loan,2025-02-17,21254.62,22,966.12
C014165,100784,Credit Card,2025-08-16,4660.78,13,358.52
C014166,107723,Credit Card,2025-06-06,6231.11,17,366.54
C014167,107256,Credit Card,2026-05-23,4039.97,11,367.27
C014168,106411,Vehicle Finance,2025-08-31,27469.7,60,457.83
C014169,101036,Personal Loan,2025-07-21,2028.82,32,63.4
C014170,101307,Credit Card,2025-02-02,5055.08,9,561.68
C014171,108424,Credit Card,2025-12-15,6555.24,6,1092.54
C014172,102387,Vehicle Finance,2025-04-17,28044.55,30,934.82
C014173,105798,Personal Loan,2026-01-22,7194.16,20,359.71
C014174,108837,Personal Loan,2025-02-27,10590.11,25,423.6
C014175,103201,Personal Loan,2026-01-18,14569.07,20,728.45
C014176,103243,Personal Loan,2026-06-01,15549.49,26,598.06
C014177,101880,Credit Card,2026-05-29,7796.51,12,649.71
C014178,104093,Credit Card,2025-10-07,4947.3,23,215.1
C014179,106038,Payroll Loan,2025-06-15,8875.55,45,197.23
C014180,103328,Personal Loan,2025-11-17,4179.37,12,348.28
C014181,102410,Payroll Loan,2026-03-01,6516.38,23,283.32
C014182,105560,Vehicle Finance,2026-03-23,24223.81,30,807.46
C014183,100539,Credit Card,2025-02-06,2948.07,21,140.38
C014184,100661,Personal Loan,2025-07-07,11834.92,23,514.56
C014185,106467,Personal Loan,2025-10-02,7533.86,33,228.3
C014186,104417,Personal Loan,2025-02-24,14914.27,22,677.92
C014187,109732,Vehicle Finance,2025-11-18,21273.78,44,483.49
C014188,104998,Vehicle Finance,2025-04-03,17934.59,59,303.98
C014189,103302,Personal Loan,2025-03-20,4668.86,14,333.49
C014190,108143,Payroll Loan,2026-01-11,15081.32,19,793.75
C014191,100981,Payroll Loan,2025-12-30,7787.34,38,204.93
C014192,102127,Personal Loan,2026-06-02,5372.75,31,173.31
C014193,107692,Vehicle Finance,2026-06-15,34936.32,48,727.84
C014194,103882,Personal Loan,2025-09-03,6099.52,31,196.76
C014195,104541,Payroll Loan,2026-01-14,15109.13,14,1079.22
C014196,105269,Credit Card,2025-06-18,7954.32,24,331.43
C014197,105928,Payroll Loan,2025-10-07,30771.91,47,654.72
C014198,108097,Vehicle Finance,2026-04-27,50297.47,60,838.29
C014199,105683,Credit Card,2025-06-13,4689.94,7,669.99
C014200,107020,Personal Loan,2025-08-05,9890.41,24,412.1
C014201,107854,Personal Loan,2025-03-16,9763.35,31,314.95
C014202,100451,Credit Card,2025-03-12,4050.99,8,506.37
C014203,105176,Credit Card,2026-03-07,12478.68,19,656.77
C014204,103493,Payroll Loan,2025-05-22,10245.58,42,243.94
C014205,103809,Credit Card,2025-11-19,6775.1,17,398.54
C014206,102175,Personal Loan,2026-03-03,6095.79,29,210.2
C014207,107385,Credit Card,2025-07-20,7036.84,20,351.84
C014208,101229,Personal Loan,2026-04-16,3751.4,18,208.41
C014209,101141,Credit Card,2026-05-02,10111.09,21,481.48
C014210,102755,Personal Loan,2026-03-08,5768.13,24,240.34
C014211,109467,Vehicle Finance,2025-11-08,70854.09,47,1507.53
C014212,105715,Personal Loan,2026-06-22,3277.23,15,218.48
C014213,104165,Credit Card,2026-02-07,4142.29,6,690.38
C014214,108170,Credit Card,2025-03-14,2245.08,20,112.25
C014215,100345,Personal Loan,2025-12-28,5343.23,17,314.31
C014216,108851,Personal Loan,2025-09-26,5488.79,21,261.37
C014217,103350,Personal Loan,2025-04-18,4522.15,25,180.89
C014218,103356,Payroll Loan,2025-12-27,10109.86,33,306.36
C014219,108826,Payroll Loan,2026-06-29,13642.87,29,470.44
C014220,102305,Vehicle Finance,2026-06-18,19648.91,25,785.96
C014221,102427,Payroll Loan,2026-01-03,8054.6,38,211.96
C014222,105738,Personal Loan,2026-06-02,7083.79,13,544.91
C014223,102347,Personal Loan,2025-08-08,2926.81,22,133.04
C014224,106665,Credit Card,2025-07-14,6265.56,15,417.7
C014225,105979,Payroll Loan,2025-12-11,16490.69,39,422.84
C014226,105528,Personal Loan,2026-05-01,7590.81,16,474.43
C014227,104551,Credit Card,2025-04-03,3626.5,13,278.96
C014228,108300,Personal Loan,2025-10-09,9278.49,28,331.37
C014229,107564,Vehicle Finance,2026-04-22,14368.44,57,252.08
C014230,103959,Credit Card,2025-02-22,6288.15,19,330.96
C014231,101984,Vehicle Finance,2025-03-19,53498.86,31,1725.77
C014232,103318,Credit Card,2025-02-01,5207.14,6,867.86
C014233,101487,Personal Loan,2026-02-21,2611.65,22,118.71
C014234,105668,Credit Card,2026-06-30,4286.83,12,357.24
C014235,108972,Credit Card,2025-10-07,6026.0,13,463.54
C014236,106600,Personal Loan,2026-05-30,4669.27,32,145.91
C014237,108030,Personal Loan,2026-06-06,5841.18,17,343.6
C014238,103344,Personal Loan,2025-12-12,8512.24,12,709.35
C014239,109438,Vehicle Finance,2026-03-23,80794.91,36,2244.3
C014240,102538,Personal Loan,2026-01-18,5039.44,20,251.97
C014241,105773,Credit Card,2025-06-14,8219.82,12,684.98
C014242,109668,Personal Loan,2025-11-15,10148.01,34,298.47
C014243,100128,Payroll Loan,2025-01-19,6619.44,18,367.75
C014244,107079,Payroll Loan,2026-03-11,25596.46,24,1066.52
C014245,104882,Credit Card,2025-01-03,6641.53,24,276.73
C014246,106131,Payroll Loan,2025-06-04,20064.64,43,466.62
C014247,108262,Payroll Loan,2025-03-25,12610.71,15,840.71
C014248,102848,Credit Card,2025-05-17,3696.16,10,369.62
C014249,109740,Vehicle Finance,2025-02-24,47182.37,34,1387.72
C014250,109216,Payroll Loan,2025-10-01,9257.74,12,771.48
C014251,105246,Personal Loan,2025-02-26,17826.82,25,713.07
C014252,105287,Personal Loan,2025-04-22,4299.73,32,134.37
C014253,107430,Credit Card,2025-08-10,9061.08,19,476.9
C014254,102701,Personal Loan,2025-10-10,6567.24,14,469.09
C014255,103437,Personal Loan,2026-04-19,7108.54,20,355.43
C014256,103615,Credit Card,2026-06-06,6574.09,23,285.83
C014257,100886,Personal Loan,2025-12-03,3775.48,34,111.04
C014258,103722,Payroll Loan,2025-06-17,7666.34,25,306.65
C014259,109702,Payroll Loan,2025-02-08,12843.57,37,347.12
C014260,100342,Vehicle Finance,2025-11-26,55519.63,58,957.23
C014261,108342,Personal Loan,2026-03-06,4478.93,18,248.83
C014262,104091,Personal Loan,2026-05-06,6682.32,17,393.08
C014263,103308,Credit Card,2025-09-19,6661.93,14,475.85
C014264,102608,Personal Loan,2025-11-09,8288.56,15,552.57
C014265,102084,Vehicle Finance,2026-01-27,27234.15,39,698.31
C014266,104523,Personal Loan,2025-02-27,2581.79,34,75.94
C014267,102580,Credit Card,2025-09-12,6459.35,16,403.71
C014268,105607,Payroll Loan,2025-12-06,11973.06,14,855.22
C014269,107641,Payroll Loan,2025-12-13,18355.8,42,437.04
C014270,103357,Personal Loan,2025-11-25,10281.35,16,642.58
C014271,108770,Personal Loan,2025-06-22,8747.9,21,416.57
C014272,100306,Credit Card,2025-06-22,5495.8,21,261.7
C014273,101396,Personal Loan,2026-06-01,7113.56,16,444.6
C014274,109276,Vehicle Finance,2025-12-03,29710.86,26,1142.73
C014275,108388,Credit Card,2025-01-05,9119.7,15,607.98
C014276,101176,Vehicle Finance,2026-02-23,34036.32,52,654.54
C014277,104195,Vehicle Finance,2025-11-05,73131.81,51,1433.96
C014278,103507,Vehicle Finance,2026-03-19,53582.97,26,2060.88
C014279,101026,Personal Loan,2025-06-03,8233.18,25,329.33
C014280,107273,Vehicle Finance,2026-03-04,31063.78,45,690.31
C014281,104329,Payroll Loan,2025-05-05,8129.79,26,312.68
C014282,108795,Payroll Loan,2025-10-03,12307.13,14,879.08
C014283,103505,Credit Card,2026-04-24,5750.11,22,261.37
C014284,106462,Personal Loan,2026-02-20,10419.05,17,612.89
C014285,109007,Vehicle Finance,2026-01-31,45115.91,32,1409.87
C014286,102404,Credit Card,2025-01-31,9863.82,24,410.99
C014287,103993,Vehicle Finance,2025-07-16,27987.54,41,682.62
C014288,106635,Personal Loan,2026-02-03,3772.44,15,251.5
C014289,106870,Credit Card,2026-03-18,4131.6,14,295.11
C014290,104025,Personal Loan,2025-05-19,3918.17,14,279.87
C014291,100764,Payroll Loan,2026-05-08,16996.32,24,708.18
C014292,107448,Personal Loan,2025-02-16,11225.87,16,701.62
C014293,106942,Personal Loan,2025-09-27,8139.87,31,262.58
C014294,103955,Credit Card,2025-09-17,6918.06,21,329.43
C014295,108157,Credit Card,2025-04-14,3751.04,12,312.59
C014296,100879,Credit Card,2025-04-11,6825.3,11,620.48
C014297,105409,Personal Loan,2025-09-04,8429.17,24,351.22
C014298,105267,Credit Card,2026-06-19,5623.54,10,562.35
C014299,100944,Credit Card,2025-12-23,4411.69,13,339.36
C014300,100423,Payroll Loan,2025-04-13,3365.61,39,86.3
C014301,109877,Vehicle Finance,2025-12-14,9791.79,24,407.99
C014302,106234,Personal Loan,2026-05-26,2960.4,36,82.23
C014303,108485,Vehicle Finance,2025-06-29,91409.98,50,1828.2
C014304,103174,Credit Card,2026-04-04,4928.32,7,704.05
C014305,105170,Personal Loan,2025-11-10,2559.03,31,82.55
C014306,108822,Payroll Loan,2026-04-08,7021.03,43,163.28
C014307,104372,Personal Loan,2025-09-21,6331.26,22,287.78
C014308,105009,Personal Loan,2025-08-29,16278.88,21,775.18
C014309,108626,Personal Loan,2025-02-06,6017.08,35,171.92
C014310,100341,Personal Loan,2025-05-25,6306.13,18,350.34
C014311,105510,Payroll Loan,2025-04-08,13523.87,37,365.51
C014312,106386,Credit Card,2025-09-20,3985.49,17,234.44
C014313,108558,Personal Loan,2025-10-19,3010.02,12,250.84
C014314,108311,Payroll Loan,2026-06-05,7467.2,37,201.82
C014315,101710,Credit Card,2025-05-06,3732.26,6,622.04
C014316,100449,Vehicle Finance,2025-06-14,18458.03,41,450.2
C014317,101976,Personal Loan,2025-09-30,5405.23,16,337.83
C014318,107450,Payroll Loan,2025-03-15,11427.85,34,336.11
C014319,102281,Credit Card,2025-09-05,2783.54,21,132.55
C014320,107616,Personal Loan,2026-02-20,4705.9,12,392.16
C014321,109378,Vehicle Finance,2025-07-02,16742.68,24,697.61
C014322,106806,Personal Loan,2025-09-18,6196.73,35,177.05
C014323,101216,Personal Loan,2026-05-30,2284.08,31,73.68
C014324,104902,Personal Loan,2025-05-13,3207.71,27,118.8
C014325,102754,Vehicle Finance,2026-05-14,31996.09,50,639.92
C014326,106475,Payroll Loan,2025-01-25,8043.92,12,670.33
C014327,104379,Credit Card,2025-11-24,4165.27,7,595.04
C014328,104896,Credit Card,2026-03-17,2804.42,7,400.63
C014329,106068,Personal Loan,2025-03-03,6856.46,25,274.26
C014330,103764,Personal Loan,2025-05-21,16876.0,14,1205.43
C014331,109416,Vehicle Finance,2025-11-06,67837.43,40,1695.94
C014332,100497,Payroll Loan,2025-01-07,7271.27,22,330.51
C014333,107257,Credit Card,2025-08-08,6102.15,14,435.87
C014334,104964,Personal Loan,2026-06-21,11037.01,29,380.59
C014335,106927,Personal Loan,2025-09-05,2256.29,30,75.21
C014336,107831,Personal Loan,2026-04-10,13102.73,23,569.68
C014337,108656,Personal Loan,2025-01-30,8044.38,14,574.6
C014338,100510,Credit Card,2025-12-06,3677.86,10,367.79
C014339,103690,Personal Loan,2026-06-17,4273.0,22,194.23
C014340,100373,Personal Loan,2025-11-19,4520.67,28,161.45
C014341,103348,Credit Card,2025-07-12,3984.62,19,209.72
C014342,101694,Personal Loan,2025-04-25,7902.65,30,263.42
C014343,106562,Personal Loan,2025-03-08,4780.71,24,199.2
C014344,102952,Payroll Loan,2025-08-20,10226.15,23,444.62
C014345,104849,Payroll Loan,2025-12-28,4151.35,35,118.61
C014346,105001,Payroll Loan,2025-12-06,2750.0,15,183.33
C014347,100775,Personal Loan,2026-05-28,9431.9,31,304.25
C014348,108287,Payroll Loan,2025-06-13,14091.02,30,469.7
C014349,104664,Vehicle Finance,2025-10-06,27566.71,32,861.46
C014350,100297,Personal Loan,2026-01-08,6291.83,36,174.77
C014351,101003,Personal Loan,2025-12-27,7367.88,36,204.66
C014352,107819,Personal Loan,2025-12-17,8280.43,12,690.04
C014353,109368,Personal Loan,2025-12-03,6087.26,17,358.07
C014354,107145,Personal Loan,2026-05-07,2295.94,34,67.53
C014355,102953,Personal Loan,2025-06-30,3521.15,24,146.71
C014356,104993,Personal Loan,2025-02-19,5599.21,31,180.62
C014357,102748,Personal Loan,2026-06-12,7048.18,28,251.72
C014358,101924,Vehicle Finance,2025-01-23,18415.45,58,317.51
C014359,108651,Payroll Loan,2026-06-29,12807.94,19,674.1
C014360,100851,Personal Loan,2025-01-01,21000.0,30,700.0
C014361,104307,Payroll Loan,2026-03-03,11589.28,26,445.74
C014362,101582,Payroll Loan,2026-06-20,10552.62,30,351.75
C014363,104914,Credit Card,2025-07-10,8179.98,15,545.33
C014364,103329,Vehicle Finance,2025-11-28,21237.69,26,816.83
C014365,103905,Vehicle Finance,2026-06-21,20325.7,38,534.89
C014366,105309,Payroll Loan,2026-02-16,8621.78,40,215.54
C014367,103204,Payroll Loan,2026-03-09,6148.99,48,128.1
C014368,103495,Credit Card,2025-12-20,1125.0,19,59.21
C014369,102903,Payroll Loan,2025-07-03,14737.58,36,409.38
C014370,105588,Credit Card,2025-05-06,9180.8,20,459.04
C014371,106686,Credit Card,2025-02-15,4184.87,21,199.28
C014372,108815,Personal Loan,2025-12-31,12585.1,34,370.15
C014373,109943,Vehicle Finance,2025-05-21,22354.45,52,429.89
C014374,101298,Personal Loan,2025-12-26,11249.14,27,416.63
C014375,106971,Credit Card,2026-02-01,4805.91,6,800.98
C014376,108945,Personal Loan,2026-05-12,4946.03,23,215.04
C014377,101220,Credit Card,2026-04-05,3386.75,10,338.68
C014378,101944,Personal Loan,2025-07-13,4452.52,13,342.5
C014379,101477,Personal Loan,2025-01-29,4689.64,16,293.1
C014380,104926,Payroll Loan,2025-12-12,14018.72,39,359.45
C014381,107989,Vehicle Finance,2026-02-01,60497.38,58,1043.06
C014382,107337,Personal Loan,2025-08-03,9485.01,18,526.95
C014383,106995,Credit Card,2026-01-02,8897.93,9,988.66
C014384,106969,Personal Loan,2025-04-06,6208.13,16,388.01
C014385,108320,Personal Loan,2025-04-04,8998.04,21,428.48
C014386,107582,Personal Loan,2026-02-24,10255.85,36,284.88
C014387,104804,Payroll Loan,2025-03-26,10020.69,20,501.03
C014388,107137,Credit Card,2025-09-12,8325.15,12,693.76
C014389,100406,Payroll Loan,2025-05-25,20931.94,30,697.73
C014390,100161,Vehicle Finance,2025-08-10,25475.71,58,439.24
C014391,104551,Credit Card,2025-02-05,7852.9,22,356.95
C014392,104960,Personal Loan,2025-09-09,2987.46,26,114.9
C014393,108123,Vehicle Finance,2026-05-14,52285.14,40,1307.13
C014394,103792,Credit Card,2026-05-12,2400.07,7,342.87
C014395,102572,Payroll Loan,2025-09-06,25880.21,15,1725.35
C014396,109280,Payroll Loan,2025-11-27,13922.64,47,296.23
C014397,106952,Payroll Loan,2025-02-21,20431.64,29,704.54
C014398,109548,Payroll Loan,2025-05-03,15874.97,21,755.95
C014399,106302,Payroll Loan,2025-11-14,9361.87,20,468.09
C014400,102563,Personal Loan,2025-08-21,15868.83,26,610.34
C014401,103013,Personal Loan,2025-06-15,6196.52,27,229.5
C014402,107121,Vehicle Finance,2025-02-25,30114.83,35,860.42
C014403,101576,Personal Loan,2025-06-23,9145.97,30,304.87
C014404,102372,Payroll Loan,2025-06-21,14944.9,24,622.7
C014405,107621,Vehicle Finance,2025-04-19,41241.8,55,749.85
C014406,107486,Personal Loan,2025-07-07,7073.99,34,208.06
C014407,106571,Vehicle Finance,2025-09-11,54287.69,56,969.42
C014408,102992,Credit Card,2025-03-19,1387.58,12,115.63
C014409,100706,Vehicle Finance,2025-01-23,53447.34,53,1008.44
C014410,107306,Personal Loan,2026-04-22,7896.88,35,225.63
C014411,102579,Vehicle Finance,2025-11-03,21978.61,26,845.33
C014412,100272,Personal Loan,2025-12-08,4729.72,32,147.8
C014413,105659,Vehicle Finance,2025-05-03,26452.85,54,489.87
C014414,107028,Credit Card,2025-01-09,5868.71,16,366.79
C014415,104108,Payroll Loan,2026-04-03,15954.51,26,613.64
C014416,104208,Personal Loan,2025-02-24,3904.27,14,278.88
C014417,104576,Payroll Loan,2026-03-24,15466.48,47,329.07
C014418,107387,Vehicle Finance,2026-06-17,20770.85,44,472.06
C014419,108810,Payroll Loan,2025-02-14,11851.05,13,911.62
C014420,100916,Credit Card,2025-02-23,3744.39,10,374.44
C014421,101834,Payroll Loan,2025-01-03,7087.04,44,161.07
C014422,108681,Personal Loan,2026-01-11,4563.75,34,134.23
C014423,103397,Personal Loan,2025-05-19,12420.1,17,730.59
C014424,106655,Personal Loan,2026-02-18,9218.76,30,307.29
C014425,100328,Personal Loan,2025-10-08,8424.22,35,240.69
C014426,103709,Credit Card,2026-04-29,10361.71,15,690.78
C014427,105913,Vehicle Finance,2026-06-18,62773.14,46,1364.63
C014428,103416,Credit Card,2026-04-20,2321.71,15,154.78
C014429,102734,Payroll Loan,2025-06-30,23603.49,13,1815.65
C014430,102955,Personal Loan,2025-12-31,14097.78,14,1006.98
C014431,106770,Personal Loan,2025-08-03,17987.83,20,899.39
C014432,105888,Personal Loan,2025-12-29,8474.29,22,385.2
C014433,102936,Credit Card,2026-04-13,2801.11,23,121.79
C014434,100394,Personal Loan,2025-09-20,4279.75,36,118.88
C014435,102645,Personal Loan,2026-01-30,2721.81,16,170.11
C014436,107120,Credit Card,2025-02-02,3373.57,14,240.97
C014437,108317,Personal Loan,2026-01-31,4352.71,16,272.04
C014438,107868,Payroll Loan,2025-11-25,17274.46,26,664.4
C014439,109921,Payroll Loan,2026-02-23,5508.07,32,172.13
C014440,102534,Payroll Loan,2025-07-26,13091.81,15,872.79
C014441,107392,Vehicle Finance,2026-04-12,69145.74,24,2881.07
C014442,101400,Credit Card,2025-09-27,7464.92,23,324.56
C014443,108999,Personal Loan,2025-07-28,3759.22,21,179.01
C014444,109715,Payroll Loan,2025-12-22,7543.7,21,359.22
C014445,104934,Personal Loan,2025-05-04,9971.19,26,383.51
C014446,106340,Credit Card,2025-12-07,6587.02,13,506.69
C014447,102933,Personal Loan,2025-12-16,10225.21,31,329.85
C014448,106940,Credit Card,2026-02-24,5046.47,12,420.54
C014449,102368,Credit Card,2025-04-07,3721.66,10,372.17
C014450,106324,Personal Loan,2026-01-09,4591.96,20,229.6
C014451,104604,Personal Loan,2025-06-07,5535.58,31,178.57
C014452,102493,Personal Loan,2026-04-08,6550.2,29,225.87
C014453,107612,Payroll Loan,2025-06-17,9159.6,43,213.01
C014454,108017,Personal Loan,2026-06-21,1750.0,24,72.92
C014455,100699,Vehicle Finance,2025-03-14,59288.01,26,2280.31
C014456,104815,Personal Loan,2025-07-27,6937.37,33,210.22
C014457,106590,Credit Card,2025-12-13,6898.85,10,689.88
C014458,102635,Credit Card,2025-10-05,3362.09,10,336.21
C014459,102635,Payroll Loan,2025-04-12,14073.91,48,293.21
C014460,105935,Vehicle Finance,2025-01-12,19817.97,39,508.15
C014461,103915,Vehicle Finance,2026-04-27,23776.92,42,566.12
C014462,108837,Personal Loan,2025-05-20,10032.75,30,334.42
C014463,106946,Credit Card,2025-07-01,13500.0,9,1500.0
C014464,107763,Payroll Loan,2025-10-10,8403.22,34,247.15
C014465,108680,Vehicle Finance,2025-04-24,19869.9,25,794.8
C014466,107117,Credit Card,2025-07-23,2688.27,13,206.79
C014467,105705,Credit Card,2026-02-18,2786.69,23,121.16
C014468,102675,Payroll Loan,2025-08-27,10201.79,28,364.35
C014469,102610,Credit Card,2026-06-15,2949.22,23,128.23
C014470,102790,Vehicle Finance,2025-10-10,71432.08,33,2164.61
C014471,100632,Credit Card,2026-02-25,4300.26,13,330.79
C014472,108310,Personal Loan,2026-03-28,8316.52,30,277.22
C014473,109374,Payroll Loan,2026-01-24,16282.34,41,397.13
C014474,107998,Personal Loan,2025-01-24,3285.1,23,142.83
C014475,102920,Personal Loan,2025-07-19,16868.51,12,1405.71
C014476,108613,Credit Card,2025-12-08,3416.34,7,488.05
C014477,106082,Credit Card,2026-03-27,3028.17,16,189.26
C014478,109487,Personal Loan,2025-11-12,5233.97,32,163.56
C014479,107538,Credit Card,2026-04-03,4217.81,23,183.38
C014480,103655,Credit Card,2025-07-15,1471.7,9,163.52
C014481,105692,Vehicle Finance,2026-02-09,43819.84,60,730.33
C014482,105999,Credit Card,2026-02-17,2434.05,12,202.84
C014483,104039,Personal Loan,2025-03-13,7014.46,13,539.57
C014484,105644,Payroll Loan,2026-06-26,18698.11,21,890.39
C014485,107403,Payroll Loan,2026-02-24,2851.41,32,89.11
C014486,103036,Credit Card,2025-12-29,3578.62,15,238.57
C014487,102271,Credit Card,2025-09-15,2800.36,9,311.15
C014488,105461,Credit Card,2026-01-02,5025.14,17,295.6
C014489,107755,Payroll Loan,2026-05-01,10480.51,27,388.17
C014490,109843,Personal Loan,2025-05-09,11311.65,29,390.06
C014491,108751,Vehicle Finance,2026-06-20,14890.91,34,437.97
C014492,109357,Vehicle Finance,2026-04-22,24404.32,50,488.09
C014493,103287,Personal Loan,2025-05-27,5735.08,13,441.16
C014494,105193,Vehicle Finance,2025-03-03,71162.27,36,1976.73
C014495,102899,Payroll Loan,2025-08-08,12931.88,48,269.41
C014496,102448,Personal Loan,2026-03-03,5976.91,30,199.23
C014497,100560,Personal Loan,2026-01-24,11701.93,28,417.93
C014498,108351,Credit Card,2026-05-04,6078.82,20,303.94
C014499,103974,Personal Loan,2025-11-28,3993.42,18,221.86
C014500,108569,Personal Loan,2026-01-30,6486.9,22,294.86
C014501,102506,Payroll Loan,2026-05-19,7227.58,36,200.77
C014502,105630,Vehicle Finance,2025-06-21,78781.71,42,1875.76
C014503,104037,Personal Loan,2025-12-03,9272.4,14,662.31
C014504,104680,Vehicle Finance,2025-10-15,31221.97,34,918.29
C014505,106460,Personal Loan,2026-01-24,5564.5,34,163.66
C014506,101820,Personal Loan,2026-04-18,6828.11,34,200.83
C014507,104418,Credit Card,2025-03-30,7386.55,21,351.74
C014508,103299,Personal Loan,2025-02-10,12357.86,32,386.18
C014509,109746,Payroll Loan,2025-04-22,8572.4,43,199.36
C014510,100146,Personal Loan,2025-05-16,21000.0,32,656.25
C014511,108693,Personal Loan,2025-02-27,21000.0,26,807.69
C014512,104386,Credit Card,2025-04-26,11899.94,7,1699.99
C014513,109446,Payroll Loan,2026-06-27,6647.71,12,553.98
C014514,101282,Personal Loan,2025-12-14,7628.13,13,586.78
C014515,103553,Credit Card,2025-09-10,5967.05,21,284.15
C014516,105175,Credit Card,2025-02-28,4793.02,17,281.94
C014517,103166,Payroll Loan,2025-12-16,18237.19,27,675.45
C014518,102482,Personal Loan,2025-05-28,5152.83,25,206.11
C014519,100219,Payroll Loan,2026-02-11,14455.64,18,803.09
C014520,108868,Personal Loan,2026-04-09,5532.16,28,197.58
C014521,106034,Payroll Loan,2025-06-27,8764.89,39,224.74
C014522,101233,Personal Loan,2025-12-04,4833.97,31,155.93
C014523,108362,Credit Card,2026-05-09,2374.89,20,118.74
C014524,104397,Vehicle Finance,2025-10-16,20688.43,55,376.15
C014525,109681,Vehicle Finance,2025-04-19,20897.81,36,580.49
C014526,101389,Vehicle Finance,2025-02-24,32273.59,48,672.37
C014527,103239,Credit Card,2025-05-28,5935.04,12,494.59
C014528,105697,Vehicle Finance,2025-03-29,37242.58,47,792.4
C014529,106998,Payroll Loan,2025-09-18,12150.19,41,296.35
C014530,103153,Personal Loan,2025-03-02,4738.1,19,249.37
C014531,103395,Personal Loan,2025-01-26,9317.28,27,345.08
C014532,101046,Personal Loan,2025-04-16,12265.16,34,360.74
C014533,108450,Payroll Loan,2025-03-08,3798.86,38,99.97
C014534,106005,Credit Card,2025-05-09,5631.1,12,469.26
C014535,109091,Credit Card,2026-01-17,3267.2,22,148.51
C014536,105382,Payroll Loan,2025-08-24,7468.27,18,414.9
C014537,108328,Vehicle Finance,2025-04-25,31699.44,24,1320.81
C014538,102103,Personal Loan,2025-06-30,5254.83,26,202.11
C014539,102865,Personal Loan,2025-08-01,16680.04,14,1191.43
C014540,109668,Personal Loan,2025-01-18,2432.1,33,73.7
C014541,101730,Vehicle Finance,2026-03-06,22386.57,52,430.51
C014542,107884,Personal Loan,2026-03-27,7976.61,32,249.27
C014543,108683,Payroll Loan,2026-03-20,13230.62,43,307.69
C014544,106173,Credit Card,2026-03-27,4560.18,22,207.28
C014545,106917,Payroll Loan,2026-04-23,10428.77,22,474.04
C014546,109435,Credit Card,2025-07-22,8073.47,11,733.95
C014547,100096,Credit Card,2026-03-03,3583.76,9,398.2
C014548,107469,Credit Card,2026-05-06,4892.87,9,543.65
C014549,108423,Credit Card,2025-10-01,8351.95,20,417.6
C014550,104828,Vehicle Finance,2026-06-13,22321.71,39,572.35
C014551,100039,Credit Card,2026-05-26,11324.45,10,1132.45
C014552,109632,Payroll Loan,2025-07-27,23202.18,40,580.05
C014553,106761,Credit Card,2025-01-06,5309.38,23,230.84
C014554,106421,Credit Card,2026-01-03,4936.23,22,224.37
C014555,107530,Payroll Loan,2026-02-04,4219.35,48,87.9
C014556,101365,Personal Loan,2026-04-15,8553.64,33,259.2
C014557,108513,Personal Loan,2025-08-13,18127.58,20,906.38
C014558,100986,Credit Card,2026-03-05,6026.61,9,669.62
C014559,100721,Personal Loan,2025-03-05,12244.03,24,510.17
C014560,100923,Credit Card,2025-05-09,3565.9,20,178.3
C014561,107534,Credit Card,2026-04-03,5100.7,14,364.34
C014562,103555,Personal Loan,2025-10-31,21000.0,21,1000.0
C014563,108767,Credit Card,2025-03-17,12758.7,12,1063.23
C014564,100084,Personal Loan,2025-08-22,6505.34,16,406.58
C014565,102460,Personal Loan,2025-04-28,8384.48,14,598.89
C014566,105589,Personal Loan,2025-06-05,7673.08,14,548.08
C014567,104312,Personal Loan,2025-05-14,4719.74,33,143.02
C014568,104364,Payroll Loan,2025-12-11,12517.35,38,329.4
C014569,101138,Credit Card,2026-01-28,4867.37,22,221.24
C014570,103640,Personal Loan,2025-01-05,4769.99,31,153.87
C014571,100199,Payroll Loan,2025-04-22,7433.38,20,371.67
C014572,104296,Vehicle Finance,2025-03-31,32228.19,60,537.14
C014573,102421,Credit Card,2025-03-14,3689.43,7,527.06
C014574,104245,Credit Card,2025-02-25,6768.98,9,752.11
C014575,106707,Payroll Loan,2025-12-12,26940.64,36,748.35
C014576,109883,Credit Card,2026-06-27,7562.81,12,630.23
C014577,105124,Credit Card,2025-10-04,3413.22,6,568.87
C014578,104187,Personal Loan,2025-03-26,7898.95,33,239.36
C014579,100881,Personal Loan,2026-04-12,4997.1,23,217.27
C014580,109221,Personal Loan,2026-03-30,13989.63,22,635.89
C014581,108583,Credit Card,2026-05-31,3140.48,12,261.71
C014582,108538,Payroll Loan,2026-04-17,13858.84,38,364.71
C014583,106374,Personal Loan,2025-06-12,14955.2,16,934.7
C014584,104278,Payroll Loan,2025-10-02,14486.06,13,1114.31
C014585,100700,Personal Loan,2026-04-20,4532.45,31,146.21
C014586,100423,Payroll Loan,2025-01-30,11126.32,35,317.89
C014587,108739,Personal Loan,2025-08-25,4313.25,12,359.44
C014588,108483,Vehicle Finance,2026-02-20,32875.81,52,632.23
C014589,107316,Credit Card,2026-01-15,4272.09,16,267.01
C014590,102123,Payroll Loan,2025-11-21,9562.88,13,735.61
C014591,100414,Personal Loan,2026-02-21,3919.45,33,118.77
C014592,100585,Credit Card,2025-12-17,4656.05,21,221.72
C014593,108504,Payroll Loan,2025-12-12,3289.19,14,234.94
C014594,108711,Vehicle Finance,2025-11-02,33188.24,27,1229.19
C014595,106059,Personal Loan,2026-01-14,10921.18,18,606.73
C014596,106584,Credit Card,2025-07-02,8239.67,11,749.06
C014597,108153,Personal Loan,2025-05-26,4507.32,15,300.49
C014598,101781,Personal Loan,2026-06-27,7093.07,20,354.65
C014599,108468,Credit Card,2025-07-20,2312.89,10,231.29
C014600,102890,Vehicle Finance,2026-01-13,42005.06,54,777.87
C014601,101705,Personal Loan,2025-08-06,5240.7,24,218.36
C014602,107457,Payroll Loan,2026-01-23,6047.47,25,241.9
C014603,109122,Personal Loan,2025-05-31,3972.43,19,209.08
C014604,101235,Vehicle Finance,2025-10-28,41398.64,58,713.77
C014605,103107,Credit Card,2025-08-31,5658.88,10,565.89
C014606,107227,Credit Card,2025-02-02,6302.24,7,900.32
C014607,107315,Credit Card,2025-08-24,6201.59,15,413.44
C014608,104585,Payroll Loan,2025-11-17,6659.3,44,151.35
C014609,105494,Personal Loan,2025-08-07,8226.86,20,411.34
C014610,108372,Vehicle Finance,2025-09-18,44833.56,35,1280.96
C014611,103039,Personal Loan,2025-10-05,4808.66,18,267.15
C014612,106431,Personal Loan,2025-08-16,3281.19,12,273.43
C014613,102961,Vehicle Finance,2025-07-31,46092.54,53,869.67
C014614,109821,Personal Loan,2025-09-12,10777.79,28,384.92
C014615,100456,Vehicle Finance,2025-03-19,83669.84,34,2460.88
C014616,108571,Payroll Loan,2026-04-11,5679.71,27,210.36
C014617,104262,Vehicle Finance,2025-11-05,47491.55,53,896.07
C014618,103438,Vehicle Finance,2026-04-17,23657.02,41,577.0
C014619,102224,Vehicle Finance,2025-04-09,24645.96,52,473.96
C014620,104816,Personal Loan,2026-04-19,16719.66,30,557.32
C014621,108685,Vehicle Finance,2026-06-23,26610.24,26,1023.47
C014622,109395,Payroll Loan,2025-11-07,10123.75,29,349.09
C014623,103250,Personal Loan,2025-12-26,14039.32,24,584.97
C014624,101522,Vehicle Finance,2026-02-13,54516.75,31,1758.6
C014625,100771,Vehicle Finance,2025-07-07,34687.56,58,598.06
C014626,104172,Credit Card,2025-05-27,5812.03,18,322.89
C014627,109280,Vehicle Finance,2025-08-08,52663.45,29,1815.98
C014628,105764,Personal Loan,2025-03-26,6206.86,19,326.68
C014629,101948,Vehicle Finance,2025-05-07,49203.92,58,848.34
C014630,103512,Personal Loan,2025-12-11,5589.62,16,349.35
C014631,104548,Personal Loan,2025-10-14,7274.2,27,269.41
C014632,100942,Personal Loan,2026-05-09,9045.86,15,603.06
C014633,109679,Personal Loan,2025-06-29,2371.68,23,103.12
C014634,102065,Personal Loan,2026-01-04,3117.96,33,94.48
C014635,101259,Personal Loan,2025-07-25,10592.43,15,706.16
C014636,104330,Vehicle Finance,2026-05-21,23400.5,48,487.51
C014637,105641,Personal Loan,2026-03-03,3463.21,20,173.16
C014638,108723,Vehicle Finance,2025-08-29,37643.98,31,1214.32
C014639,101606,Personal Loan,2026-02-03,9515.78,34,279.88
C014640,105721,Payroll Loan,2025-08-16,4002.31,45,88.94
C014641,106128,Personal Loan,2026-06-07,14921.64,27,552.65
C014642,102985,Credit Card,2026-04-26,6752.99,6,1125.5
C014643,102298,Personal Loan,2025-06-22,2931.89,29,101.1
C014644,101681,Payroll Loan,2025-11-08,16696.01,43,388.28
C014645,104252,Credit Card,2025-03-03,13500.0,19,710.53
C014646,106184,Payroll Loan,2025-05-10,13235.91,25,529.44
C014647,104566,Personal Loan,2025-12-12,8833.44,25,353.34
C014648,101807,Credit Card,2025-01-20,5433.91,7,776.27
C014649,102939,Personal Loan,2025-05-21,7960.08,19,418.95
C014650,100708,Vehicle Finance,2025-05-22,34774.14,57,610.07
C014651,103337,Payroll Loan,2026-03-30,10651.34,15,710.09
C014652,100331,Vehicle Finance,2025-01-03,30540.08,58,526.55
C014653,107624,Credit Card,2026-04-03,4049.35,9,449.93
C014654,106977,Vehicle Finance,2026-06-24,46521.64,35,1329.19
C014655,106191,Personal Loan,2026-01-13,8557.58,16,534.85
C014656,108864,Personal Loan,2025-03-28,6147.89,13,472.91
C014657,105978,Payroll Loan,2025-05-12,6118.04,29,210.97
C014658,105302,Credit Card,2025-03-29,5119.14,11,465.38
C014659,105459,Payroll Loan,2026-03-29,8134.99,33,246.51
C014660,102792,Credit Card,2026-01-30,4613.74,23,200.6
C014661,104849,Personal Loan,2025-03-02,15775.78,27,584.29
C014662,102044,Vehicle Finance,2026-06-01,53198.06,49,1085.67
C014663,104549,Personal Loan,2025-01-24,3636.24,28,129.87
C014664,102764,Payroll Loan,2025-04-02,16570.38,31,534.53
C014665,102469,Personal Loan,2026-06-14,12590.12,21,599.53
C014666,103052,Vehicle Finance,2025-05-01,58687.26,53,1107.31
C014667,100979,Payroll Loan,2026-02-01,24120.85,13,1855.45
C014668,106040,Personal Loan,2025-07-09,8017.92,18,445.44
C014669,101513,Credit Card,2025-08-15,5574.33,22,253.38
C014670,109235,Credit Card,2025-09-26,4020.17,11,365.47
C014671,105065,Vehicle Finance,2025-09-14,29152.79,56,520.59
C014672,102242,Personal Loan,2025-02-12,4868.13,31,157.04
C014673,109615,Payroll Loan,2025-03-21,6581.39,26,253.13
C014674,103593,Personal Loan,2025-01-24,9363.07,27,346.78
C014675,105544,Credit Card,2026-04-10,2817.29,23,122.49
C014676,105946,Credit Card,2025-01-02,1582.79,10,158.28
C014677,109181,Personal Loan,2026-03-25,4112.11,33,124.61
C014678,104431,Credit Card,2026-06-28,4436.54,24,184.86
C014679,108073,Credit Card,2025-06-15,4055.88,17,238.58
C014680,101167,Vehicle Finance,2025-12-22,57008.85,28,2036.03
C014681,101129,Payroll Loan,2025-12-18,5430.93,32,169.72
C014682,101566,Payroll Loan,2026-05-07,6671.26,27,247.08
C014683,109591,Credit Card,2025-01-02,6821.39,20,341.07
C014684,105786,Personal Loan,2026-02-24,4669.75,29,161.03
C014685,104751,Vehicle Finance,2026-04-23,71456.38,25,2858.26
C014686,106086,Payroll Loan,2026-05-10,20241.05,20,1012.05
C014687,103567,Personal Loan,2025-01-21,5859.43,19,308.39
C014688,105886,Personal Loan,2025-08-07,7439.41,17,437.61
C014689,105512,Personal Loan,2026-03-08,8882.35,36,246.73
C014690,108152,Payroll Loan,2026-03-17,10778.93,43,250.67
C014691,105865,Personal Loan,2025-06-22,8190.58,13,630.04
C014692,101925,Vehicle Finance,2026-06-17,55869.87,27,2069.25
C014693,103163,Vehicle Finance,2025-09-19,55096.41,33,1669.59
C014694,104510,Payroll Loan,2025-10-08,12776.93,26,491.42
C014695,109430,Credit Card,2025-11-21,4739.0,17,278.76
C014696,104656,Payroll Loan,2026-03-18,11782.83,45,261.84
C014697,104595,Personal Loan,2025-06-25,17517.23,34,515.21
C014698,102152,Payroll Loan,2026-06-10,6486.99,34,190.79
C014699,100657,Personal Loan,2025-10-25,4538.23,21,216.11
C014700,107096,Personal Loan,2026-02-06,3710.34,30,123.68
C014701,109327,Payroll Loan,2026-01-04,11776.31,17,692.72
C014702,103123,Vehicle Finance,2025-01-06,31638.98,40,790.97
C014703,102274,Vehicle Finance,2026-03-31,84858.71,48,1767.89
C014704,106191,Credit Card,2026-03-13,6523.21,21,310.63
C014705,109784,Credit Card,2026-04-29,3728.92,11,338.99
C014706,104213,Vehicle Finance,2025-02-28,41923.44,41,1022.52
C014707,109419,Payroll Loan,2025-04-23,15791.84,20,789.59
C014708,102401,Credit Card,2026-05-31,9377.61,9,1041.96
C014709,109729,Payroll Loan,2026-03-30,33000.0,38,868.42
C014710,102069,Payroll Loan,2026-04-23,11351.48,43,263.99
C014711,100016,Credit Card,2025-09-05,3402.03,6,567.0
C014712,104919,Credit Card,2025-06-26,7409.01,7,1058.43
C014713,101863,Personal Loan,2025-04-29,5283.18,35,150.95
C014714,102405,Credit Card,2025-12-13,3604.83,11,327.71
C014715,104888,Payroll Loan,2025-05-22,13090.56,12,1090.88
C014716,106742,Vehicle Finance,2026-06-14,79115.03,48,1648.23
C014717,106986,Vehicle Finance,2026-06-13,19727.15,59,334.36
C014718,106171,Credit Card,2025-06-28,3039.71,17,178.81
C014719,102980,Personal Loan,2025-02-03,3420.1,36,95.0
C014720,107900,Personal Loan,2026-02-15,9872.49,30,329.08
C014721,109713,Payroll Loan,2026-02-04,12425.56,29,428.47
C014722,101333,Personal Loan,2025-06-28,8895.55,25,355.82
C014723,101859,Credit Card,2025-02-01,4393.33,18,244.07
C014724,108822,Personal Loan,2025-10-06,3884.15,13,298.78
C014725,101434,Personal Loan,2026-06-09,8644.08,15,576.27
C014726,105232,Personal Loan,2026-05-28,11242.02,35,321.2
C014727,107016,Payroll Loan,2025-06-05,7754.73,30,258.49
C014728,106513,Personal Loan,2025-09-10,19616.13,26,754.47
C014729,102790,Personal Loan,2025-07-24,6804.54,29,234.64
C014730,109792,Credit Card,2025-01-11,2673.24,17,157.25
C014731,100947,Payroll Loan,2025-12-20,8151.15,27,301.89
C014732,105192,Credit Card,2025-10-04,4718.31,12,393.19
C014733,107436,Credit Card,2025-05-18,5383.67,10,538.37
C014734,108800,Vehicle Finance,2025-06-25,18640.25,34,548.24
C014735,100200,Credit Card,2025-05-16,1859.59,22,84.53
C014736,103249,Personal Loan,2026-04-12,21000.0,17,1235.29
C014737,109408,Personal Loan,2025-09-23,15279.96,20,764.0
C014738,108301,Credit Card,2026-03-16,3035.6,22,137.98
C014739,100739,Payroll Loan,2025-04-30,8155.55,23,354.59
C014740,109356,Payroll Loan,2026-02-27,8142.9,34,239.5
C014741,107097,Vehicle Finance,2026-02-12,31855.91,49,650.12
C014742,101875,Payroll Loan,2026-01-16,20368.6,17,1198.15
C014743,102243,Personal Loan,2026-02-10,14454.68,27,535.36
C014744,104985,Personal Loan,2026-06-23,3454.18,23,150.18
C014745,107128,Credit Card,2026-03-03,3974.68,15,264.98
C014746,108952,Credit Card,2025-06-06,3508.72,8,438.59
C014747,104425,Personal Loan,2025-06-29,5058.14,20,252.91
C014748,103564,Credit Card,2025-02-16,13092.31,19,689.07
C014749,107152,Personal Loan,2026-01-17,4260.02,31,137.42
C014750,106961,Payroll Loan,2026-01-14,6135.22,19,322.91
C014751,107374,Credit Card,2025-05-29,3918.65,9,435.41
C014752,101017,Payroll Loan,2025-12-14,7688.36,29,265.12
C014753,103752,Credit Card,2026-06-15,4920.27,6,820.04
C014754,103009,Payroll Loan,2025-07-20,13622.36,48,283.8
C014755,109835,Payroll Loan,2026-06-13,18212.09,35,520.35
C014756,106595,Vehicle Finance,2025-01-11,33479.15,40,836.98
C014757,106737,Personal Loan,2025-02-09,9941.69,34,292.4
C014758,104419,Personal Loan,2025-07-21,4820.28,21,229.54
C014759,109285,Vehicle Finance,2026-02-07,64582.33,37,1745.47
C014760,106585,Personal Loan,2025-04-02,8169.45,27,302.57
C014761,106225,Payroll Loan,2025-05-27,9010.12,35,257.43
C014762,105527,Credit Card,2025-03-24,3613.99,19,190.21
C014763,102780,Credit Card,2025-03-02,5402.07,22,245.55
C014764,109294,Personal Loan,2026-04-27,11985.79,34,352.52
C014765,104492,Payroll Loan,2025-04-16,14643.82,43,340.55
C014766,101202,Personal Loan,2025-10-02,4701.28,30,156.71
C014767,101785,Vehicle Finance,2026-02-05,63208.62,30,2106.95
C014768,106236,Payroll Loan,2025-10-08,17501.26,46,380.46
C014769,107842,Personal Loan,2025-07-15,5937.83,27,219.92
C014770,104561,Payroll Loan,2025-03-20,11045.68,43,256.88
C014771,105938,Credit Card,2026-05-16,13500.0,22,613.64
C014772,109268,Credit Card,2026-05-26,5367.01,6,894.5
C014773,101510,Personal Loan,2025-09-06,15356.32,28,548.44
C014774,108566,Credit Card,2025-07-22,4602.37,24,191.77
C014775,105203,Payroll Loan,2025-12-11,6968.72,18,387.15
C014776,103167,Personal Loan,2025-11-17,3141.03,12,261.75
C014777,101502,Personal Loan,2025-01-25,15054.48,33,456.2
C014778,108340,Personal Loan,2025-02-12,6092.83,29,210.1
C014779,105666,Payroll Loan,2025-02-27,14578.44,39,373.81
C014780,105753,Credit Card,2025-10-20,6273.02,15,418.2
C014781,106546,Vehicle Finance,2026-03-02,24095.28,46,523.81
C014782,102907,Personal Loan,2025-02-14,4196.1,19,220.85
C014783,101099,Personal Loan,2025-11-18,12410.6,26,477.33
C014784,100915,Credit Card,2025-08-30,3645.97,21,173.62
C014785,107068,Personal Loan,2025-04-05,15598.63,31,503.18
C014786,101668,Vehicle Finance,2026-04-20,27624.92,31,891.13
C014787,101081,Personal Loan,2025-06-16,4005.13,33,121.37
C014788,106290,Credit Card,2025-01-26,4869.79,17,286.46
C014789,104199,Personal Loan,2025-07-08,5127.36,23,222.93
C014790,104979,Payroll Loan,2025-08-06,19518.02,40,487.95
C014791,101123,Payroll Loan,2025-02-04,27607.57,36,766.88
C014792,101339,Personal Loan,2025-05-19,1895.47,30,63.18
C014793,106483,Vehicle Finance,2025-04-08,33138.73,57,581.38
C014794,108936,Personal Loan,2025-04-16,4893.01,20,244.65
C014795,102428,Credit Card,2026-05-27,4164.06,11,378.55
C014796,105783,Credit Card,2025-08-06,4667.01,13,359.0
C014797,101944,Credit Card,2025-09-29,3449.05,7,492.72
C014798,109656,Credit Card,2026-05-19,4394.11,21,209.24
C014799,105329,Personal Loan,2025-03-21,5860.27,33,177.58
C014800,102753,Credit Card,2025-09-11,3768.0,22,171.27
C014801,101184,Payroll Loan,2025-05-01,14834.19,14,1059.58
C014802,101839,Personal Loan,2025-12-03,3914.75,26,150.57
C014803,108150,Personal Loan,2025-01-04,5799.36,20,289.97
C014804,108722,Personal Loan,2026-04-03,11129.07,19,585.74
C014805,106252,Credit Card,2025-11-26,4635.79,7,662.26
C014806,107510,Payroll Loan,2025-03-06,8733.85,37,236.05
C014807,102039,Personal Loan,2025-01-27,1976.09,31,63.74
C014808,102120,Personal Loan,2025-07-06,8707.76,15,580.52
C014809,101277,Payroll Loan,2025-10-30,13890.36,35,396.87
C014810,103514,Credit Card,2025-01-22,4349.61,16,271.85
C014811,105970,Personal Loan,2026-03-13,9124.87,13,701.91
C014812,103183,Credit Card,2025-02-21,4031.86,17,237.17
C014813,101082,Personal Loan,2025-03-02,10507.86,28,375.28
C014814,107051,Credit Card,2025-05-30,5564.08,16,347.76
C014815,100755,Personal Loan,2025-10-24,8068.72,32,252.15
C014816,102154,Credit Card,2025-11-29,4278.9,12,356.58
C014817,100611,Vehicle Finance,2025-01-11,72312.83,38,1902.97
C014818,100770,Vehicle Finance,2025-08-28,43077.33,59,730.12
C014819,100536,Credit Card,2026-05-24,6239.93,22,283.63
C014820,108183,Payroll Loan,2025-04-16,12739.42,20,636.97
C014821,101880,Credit Card,2026-06-10,3686.88,10,368.69
C014822,100116,Personal Loan,2025-01-28,6859.28,19,361.01
C014823,108017,Personal Loan,2025-12-18,3526.9,27,130.63
C014824,106082,Personal Loan,2025-09-23,2652.15,31,85.55
C014825,109553,Credit Card,2025-10-09,4768.67,16,298.04
C014826,103086,Personal Loan,2025-01-21,3688.03,24,153.67
C014827,109570,Personal Loan,2025-09-23,21000.0,19,1105.26
C014828,104233,Payroll Loan,2025-04-12,13128.5,20,656.42
C014829,105977,Credit Card,2025-05-11,4326.48,16,270.4
C014830,100674,Vehicle Finance,2025-02-01,31595.27,53,596.14
C014831,101227,Credit Card,2025-04-14,3238.72,14,231.34
C014832,101656,Vehicle Finance,2025-11-09,82210.42,31,2651.95
C014833,107314,Credit Card,2025-02-19,10345.28,10,1034.53
C014834,105013,Payroll Loan,2025-03-26,7539.34,41,183.89
C014835,107248,Credit Card,2025-02-17,5521.75,9,613.53
C014836,103834,Credit Card,2025-07-23,5407.67,6,901.28
C014837,103556,Personal Loan,2025-10-05,3298.39,29,113.74
C014838,104506,Personal Loan,2025-05-01,13795.95,33,418.06
C014839,103726,Vehicle Finance,2025-11-07,36178.63,42,861.4
C014840,100053,Personal Loan,2026-05-06,7780.93,13,598.53
C014841,103036,Payroll Loan,2025-12-26,5106.86,27,189.14
C014842,109281,Vehicle Finance,2025-12-14,20174.77,36,560.41
C014843,107610,Personal Loan,2025-05-18,2814.21,34,82.77
C014844,105199,Personal Loan,2025-08-18,21000.0,32,656.25
C014845,104202,Personal Loan,2025-10-29,3813.08,21,181.58
C014846,104352,Vehicle Finance,2026-03-21,114000.0,29,3931.03
C014847,106943,Vehicle Finance,2025-05-22,16281.14,36,452.25
C014848,108679,Credit Card,2026-03-23,7235.1,8,904.39
C014849,104761,Vehicle Finance,2025-03-12,29176.61,31,941.18
C014850,100626,Credit Card,2026-01-24,5959.51,14,425.68
C014851,106571,Vehicle Finance,2026-03-25,22181.62,55,403.3
C014852,104467,Personal Loan,2025-10-06,4889.96,13,376.15
C014853,108619,Personal Loan,2025-09-29,5415.92,25,216.64
C014854,105763,Credit Card,2025-10-11,10777.13,10,1077.71
C014855,100153,Vehicle Finance,2025-10-14,29027.37,40,725.68
C014856,102775,Personal Loan,2026-03-18,18870.58,35,539.16
C014857,102707,Vehicle Finance,2026-03-13,62116.8,26,2389.11
C014858,102596,Personal Loan,2025-03-22,6115.05,18,339.72
C014859,104629,Personal Loan,2025-02-09,2903.23,25,116.13
C014860,101616,Credit Card,2025-11-01,12754.67,16,797.17
C014861,107769,Vehicle Finance,2025-08-06,26785.16,32,837.04
C014862,107061,Vehicle Finance,2026-05-19,26930.97,40,673.27
C014863,103532,Vehicle Finance,2025-04-29,57471.25,43,1336.54
C014864,106686,Credit Card,2026-03-28,3537.57,18,196.53
C014865,108748,Credit Card,2026-03-08,3369.59,24,140.4
C014866,104093,Vehicle Finance,2025-08-28,54579.06,31,1760.61
C014867,104669,Credit Card,2026-04-05,6659.55,20,332.98
C014868,101001,Credit Card,2026-02-26,2776.09,20,138.8
C014869,105546,Personal Loan,2025-03-07,6635.85,26,255.23
C014870,101855,Credit Card,2025-03-23,5800.92,20,290.05
C014871,100287,Personal Loan,2025-07-11,3870.83,34,113.85
C014872,104035,Personal Loan,2026-05-12,6356.35,32,198.64
C014873,107023,Payroll Loan,2025-09-10,22468.0,28,802.43
C014874,102483,Credit Card,2025-10-08,3315.68,15,221.05
C014875,101459,Vehicle Finance,2025-11-12,29513.78,55,536.61
C014876,107366,Credit Card,2026-03-10,2976.12,9,330.68
C014877,101813,Vehicle Finance,2026-01-26,20436.92,54,378.46
C014878,100794,Vehicle Finance,2025-10-16,45256.96,27,1676.18
C014879,100107,Credit Card,2025-08-20,2167.02,22,98.5
C014880,103907,Vehicle Finance,2025-12-01,54541.15,49,1113.08
C014881,103998,Vehicle Finance,2025-07-11,53003.1,45,1177.85
C014882,108877,Personal Loan,2025-08-01,7335.58,16,458.47
C014883,107301,Payroll Loan,2025-11-14,7162.71,45,159.17
C014884,103381,Vehicle Finance,2025-04-01,29728.57,38,782.33
C014885,103373,Credit Card,2025-09-09,2325.08,22,105.69
C014886,107615,Vehicle Finance,2025-10-11,20422.85,32,638.21
C014887,101633,Credit Card,2026-06-17,3610.76,7,515.82
C014888,103005,Credit Card,2026-06-23,5184.08,8,648.01
C014889,107102,Payroll Loan,2025-03-14,8694.61,20,434.73
C014890,106458,Payroll Loan,2025-01-17,18231.52,48,379.82
C014891,109235,Personal Loan,2026-03-24,21000.0,25,840.0
C014892,105581,Payroll Loan,2025-07-11,11459.13,20,572.96
C014893,102512,Vehicle Finance,2025-05-11,16361.68,42,389.56
C014894,105220,Vehicle Finance,2025-02-23,61464.38,45,1365.88
C014895,103084,Credit Card,2025-01-04,4594.78,14,328.2
C014896,101477,Vehicle Finance,2026-01-11,44046.98,48,917.65
C014897,105374,Credit Card,2025-07-19,3289.38,18,182.74
C014898,100513,Vehicle Finance,2025-06-29,49649.64,28,1773.2
C014899,102159,Credit Card,2025-10-23,9317.43,20,465.87
C014900,101333,Vehicle Finance,2026-06-21,54534.75,60,908.91
C014901,108331,Personal Loan,2025-02-14,5411.68,18,300.65
C014902,107547,Credit Card,2025-04-04,7822.7,18,434.59
C014903,108990,Credit Card,2025-04-16,10470.16,17,615.89
C014904,109980,Personal Loan,2025-09-12,5256.02,14,375.43
C014905,108835,Credit Card,2026-02-12,7639.28,22,347.24
C014906,102597,Payroll Loan,2026-06-23,19439.04,37,525.38
C014907,101006,Vehicle Finance,2026-01-05,72615.55,55,1320.28
C014908,102646,Personal Loan,2025-04-19,5137.17,26,197.58
C014909,109040,Personal Loan,2026-02-05,3913.36,24,163.06
C014910,103843,Personal Loan,2025-03-05,9769.55,18,542.75
C014911,107161,Personal Loan,2025-12-14,4479.12,20,223.96
C014912,103605,Vehicle Finance,2025-12-25,78423.3,60,1307.06
C014913,105790,Personal Loan,2025-05-13,3478.21,26,133.78
C014914,106378,Vehicle Finance,2025-02-11,45856.77,43,1066.44
C014915,109000,Payroll Loan,2025-05-10,7272.51,27,269.35
C014916,104475,Vehicle Finance,2025-08-08,83161.63,58,1433.82
C014917,109402,Vehicle Finance,2025-09-12,16051.95,24,668.83
C014918,106251,Credit Card,2025-06-05,4577.81,15,305.19
C014919,104248,Payroll Loan,2026-04-27,7190.33,28,256.8
C014920,100974,Personal Loan,2025-09-24,5521.82,25,220.87
C014921,109984,Payroll Loan,2025-07-13,11847.89,14,846.28
C014922,107418,Credit Card,2025-02-20,6646.5,21,316.5
C014923,109735,Vehicle Finance,2025-11-15,30741.6,39,788.25
C014924,107709,Payroll Loan,2026-04-29,31610.84,22,1436.86
C014925,103454,Payroll Loan,2026-01-04,5861.76,14,418.7
C014926,109501,Payroll Loan,2025-02-13,5060.69,20,253.03
C014927,101755,Vehicle Finance,2025-01-30,91799.59,28,3278.56
C014928,106548,Payroll Loan,2026-05-18,9953.27,44,226.21
C014929,104098,Credit Card,2025-04-15,5843.13,16,365.2
C014930,105760,Personal Loan,2026-03-13,7829.49,14,559.25
C014931,100178,Personal Loan,2025-01-17,14996.6,34,441.08
C014932,105813,Vehicle Finance,2026-04-06,20869.17,47,444.02
C014933,104948,Credit Card,2025-02-04,8806.6,14,629.04
C014934,100918,Payroll Loan,2026-01-28,4570.47,44,103.87
C014935,103055,Personal Loan,2026-04-12,1750.0,32,54.69
C014936,103296,Personal Loan,2026-06-17,4867.88,14,347.71
C014937,101772,Credit Card,2025-05-02,4507.51,20,225.38
C014938,108905,Vehicle Finance,2026-03-14,17645.01,43,410.35
C014939,107569,Credit Card,2025-03-14,3851.71,7,550.24
C014940,108842,Vehicle Finance,2025-08-19,46135.73,35,1318.16
C014941,101128,Personal Loan,2025-09-26,10975.93,21,522.66
C014942,109546,Personal Loan,2026-03-26,14779.75,27,547.4
C014943,105059,Credit Card,2025-04-30,2421.12,8,302.64
C014944,106714,Personal Loan,2026-05-30,6018.46,15,401.23
C014945,109718,Personal Loan,2025-07-19,6358.01,36,176.61
C014946,102233,Personal Loan,2026-04-17,16791.77,34,493.88
C014947,108598,Payroll Loan,2026-04-10,15854.6,43,368.71
C014948,108309,Credit Card,2025-12-11,4792.7,17,281.92
C014949,103193,Personal Loan,2025-08-15,3565.29,12,297.11
C014950,105789,Credit Card,2026-05-17,3996.32,14,285.45
C014951,106815,Credit Card,2026-06-23,3139.8,14,224.27
C014952,100962,Payroll Loan,2025-10-31,29970.66,42,713.59
C014953,100440,Payroll Loan,2025-04-22,8489.03,38,223.4
C014954,100587,Credit Card,2025-04-28,5206.53,16,325.41
C014955,107745,Vehicle Finance,2025-10-03,70694.9,59,1198.22
C014956,106236,Credit Card,2025-04-06,8102.94,19,426.47
C014957,103433,Personal Loan,2025-07-26,16072.05,21,765.34
C014958,106588,Credit Card,2026-01-17,6402.11,23,278.35
C014959,106381,Personal Loan,2026-05-15,4135.79,34,121.64
C014960,103089,Credit Card,2025-07-11,2849.25,11,259.02
C014961,105009,Vehicle Finance,2026-02-25,49642.59,55,902.59
C014962,109361,Personal Loan,2025-02-20,6902.51,22,313.75
C014963,108936,Credit Card,2025-05-02,2825.93,14,201.85
C014964,101766,Payroll Loan,2025-02-07,9624.71,43,223.83
C014965,102564,Credit Card,2025-08-06,4711.33,9,523.48
C014966,101547,Payroll Loan,2025-03-11,4425.44,32,138.29
C014967,109389,Payroll Loan,2026-04-16,6708.59,16,419.29
C014968,103695,Personal Loan,2026-02-27,7632.65,36,212.02
C014969,105184,Credit Card,2026-04-06,4142.55,12,345.21
C014970,104984,Payroll Loan,2025-01-25,24657.57,33,747.2
C014971,100447,Personal Loan,2025-02-24,10145.6,20,507.28
C014972,104660,Credit Card,2026-02-26,3606.46,24,150.27
C014973,100835,Vehicle Finance,2026-04-15,53347.73,32,1667.12
C014974,106917,Vehicle Finance,2025-01-03,46975.81,34,1381.64
C014975,103528,Personal Loan,2025-11-27,4184.37,22,190.2
C014976,101989,Personal Loan,2025-02-11,5552.8,31,179.12
C014977,101903,Payroll Loan,2025-02-13,6202.14,38,163.21
C014978,105191,Personal Loan,2026-04-22,2715.83,25,108.63
C014979,101694,Personal Loan,2025-11-10,13864.97,15,924.33
C014980,105024,Payroll Loan,2026-03-27,6039.82,39,154.87
C014981,100464,Personal Loan,2026-06-20,5853.47,35,167.24
C014982,109051,Credit Card,2025-11-16,7294.26,17,429.07
C014983,101540,Payroll Loan,2025-01-03,22394.05,26,861.31
C014984,108052,Payroll Loan,2025-05-04,10540.67,26,405.41
C014985,109870,Payroll Loan,2026-03-25,29656.54,45,659.03
C014986,108796,Payroll Loan,2025-01-26,12931.74,35,369.48
C014987,108421,Personal Loan,2025-12-14,2910.72,18,161.71
C014988,108754,Payroll Loan,2025-07-30,23452.14,42,558.38
C014989,105103,Credit Card,2026-02-12,4081.14,21,194.34
C014990,101006,Personal Loan,2026-03-05,15320.61,13,1178.51
C014991,107499,Payroll Loan,2025-08-05,4034.67,44,91.7
C014992,105044,Personal Loan,2025-10-24,10580.47,23,460.02
C014993,102308,Personal Loan,2025-09-05,3106.42,20,155.32
C014994,108710,Personal Loan,2026-03-22,7150.51,28,255.38
C014995,104269,Vehicle Finance,2026-04-06,52666.42,43,1224.8
C014996,108252,Vehicle Finance,2026-01-05,56052.28,27,2076.01
C014997,103115,Personal Loan,2025-03-11,7353.34,25,294.13
C014998,109155,Payroll Loan,2026-05-06,8304.29,36,230.67
C014999,109295,Payroll Loan,2026-01-07,14217.49,48,296.2
C015000,100424,Personal Loan,2026-02-20,5808.75,31,187.38
