customer_id,age,income,region,risk_score,risk_band
100001,25,2478.37,SP,0.4334,MEDIUM
100002,59,3238.96,RS,0.1445,LOW
100003,53,4785.76,SP,0.3441,LOW
100004,42,3106.48,BA,0.1326,LOW
100005,42,3674.69,SP,0.2035,LOW
100006,63,5191.05,SP,0.4774,MEDIUM
100007,25,3552.58,SP,0.2117,LOW
100008,55,4681.38,RS,0.1035,LOW
100009,31,9021.35,SP,0.3666,MEDIUM
100010,25,3867.44,SP,0.6889,HIGH
100011,47,7397.68,SP,0.4175,MEDIUM
100012,69,5493.59,RJ,0.1615,LOW
100013,57,2076.76,PE,0.3431,LOW
100014,59,2474.55,MG,0.1974,LOW
100015,56,2814.99,SP,0.2698,LOW
100016,60,2786.44,SP,0.3183,LOW
100017,46,4021.86,SP,0.2654,LOW
100018,27,5641.3,RJ,0.6571,HIGH
100019,62,7671.87,SP,0.2988,LOW
100020,43,4869.58,SP,0.4931,MEDIUM
100021,46,3391.11,SP,0.2714,LOW
100022,39,1545.9,RJ,0.611,MEDIUM
100023,30,4344.75,RS,0.269,LOW
100024,67,4252.28,SP,0.2404,LOW
100025,60,4585.46,SC,0.4225,MEDIUM
100026,53,11543.01,PR,0.3678,MEDIUM
100027,41,7618.43,PE,0.3939,MEDIUM
100028,62,6122.15,SP,0.0532,LOW
100029,48,2646.63,BA,0.7121,HIGH
100030,43,3283.29,BA,0.3892,MEDIUM
100031,43,4013.08,PE,0.7037,HIGH
100032,32,2894.72,BA,0.5128,MEDIUM
100033,25,5340.44,SP,0.3259,LOW
100034,48,4984.84,PE,0.2297,LOW
100035,65,2491.03,BA,0.15,LOW
100036,24,7460.01,SP,0.8078,HIGH
100037,63,4411.41,SP,0.5571,MEDIUM
100038,62,1831.49,PE,0.7083,HIGH
100039,34,4097.76,SP,0.5172,MEDIUM
100040,52,4806.95,RS,0.463,MEDIUM
100041,29,6699.45,RJ,0.1321,LOW
100042,58,3571.89,RS,0.6635,HIGH
100043,56,6249.46,SP,0.5456,MEDIUM
100044,38,4594.74,RS,0.579,MEDIUM
100045,24,2234.14,MG,0.1973,LOW
100046,69,2129.32,PE,0.6814,HIGH
100047,43,7198.79,SP,0.9232,HIGH
100048,65,7457.03,SP,0.769,HIGH
100049,54,4904.15,SP,0.9439,HIGH
100050,59,8610.86,SP,0.4134,MEDIUM
100051,58,6974.48,PE,0.632,MEDIUM
100052,30,5831.22,SP,0.2284,LOW
100053,39,2711.91,SP,0.7793,HIGH
100054,44,9642.4,BA,0.5244,MEDIUM
100055,45,5433.1,SP,0.3473,LOW
100056,23,3489.93,SP,0.6462,MEDIUM
100057,48,3047.48,SC,0.4039,MEDIUM
100058,28,4750.93,RJ,0.3589,MEDIUM
100059,58,1883.21,BA,0.5068,MEDIUM
100060,55,5876.3,SC,0.2072,LOW
100061,67,2657.46,SP,0.5335,MEDIUM
100062,58,5017.72,PR,0.3094,LOW
100063,39,3269.73,BA,0.2476,LOW
100064,69,3699.37,RJ,0.5387,MEDIUM
100065,41,2920.54,RS,0.6708,HIGH
100066,37,3887.22,RJ,0.6021,MEDIUM
100067,66,10401.88,PR,0.4074,MEDIUM
100068,39,8165.46,RS,0.4605,MEDIUM
100069,24,4979.03,SP,0.5199,MEDIUM
100070,44,4149.32,MG,0.378,MEDIUM
100071,60,6298.43,SP,0.4335,MEDIUM
100072,30,7224.44,RS,0.3327,LOW
100073,44,2820.1,PR,0.8005,HIGH
100074,27,4046.75,RJ,0.3621,MEDIUM
100075,55,1751.63,SP,0.2906,LOW
100076,44,7200.67,PE,0.306,LOW
100077,37,11316.89,RJ,0.1357,LOW
100078,32,4364.59,SP,0.6073,MEDIUM
100079,49,1514.49,SP,0.2681,LOW
100080,54,5625.74,PR,0.5581,MEDIUM
100081,68,2721.33,SP,0.5875,MEDIUM
100082,42,3054.69,BA,0.6858,HIGH
100083,29,5673.7,SC,0.3609,MEDIUM
100084,62,4745.85,SP,0.3287,LOW
100085,52,3322.75,PR,0.3521,MEDIUM
100086,56,3074.9,SP,0.2288,LOW
100087,25,4461.5,SP,0.1917,LOW
100088,36,3450.58,PR,0.7455,HIGH
100089,59,2466.13,SP,0.6704,HIGH
100090,62,3580.33,PE,0.1397,LOW
100091,42,4943.58,PR,0.5915,MEDIUM
100092,61,3855.86,SP,0.6802,HIGH
100093,63,2131.02,PE,0.7263,HIGH
100094,40,6751.98,PR,0.2254,LOW
100095,65,1400.0,SP,0.4984,MEDIUM
100096,35,3390.0,MG,0.2845,LOW
100097,32,3118.62,PE,0.3072,LOW
100098,55,4509.61,MG,0.3003,LOW
100099,52,5499.64,MG,0.1151,LOW
100100,27,7213.34,MG,0.4247,MEDIUM
100101,62,2983.6,SP,0.4501,MEDIUM
100102,30,5565.82,SP,0.4357,MEDIUM
100103,61,4613.92,PR,0.5672,MEDIUM
100104,21,1846.97,PE,0.6802,HIGH
100105,60,10457.76,RS,0.08,LOW
100106,60,2105.33,SP,0.1946,LOW
100107,60,5136.87,RJ,0.2083,LOW
100108,54,5064.55,SP,0.7376,HIGH
100109,44,4794.12,RJ,0.5136,MEDIUM
100110,56,3312.45,SC,0.5086,MEDIUM
100111,34,6247.4,SP,0.3957,MEDIUM
100112,60,1985.97,BA,0.0958,LOW
100113,48,4069.36,MG,0.5323,MEDIUM
100114,43,3204.08,SC,0.4117,MEDIUM
100115,46,3034.3,PE,0.1568,LOW
100116,49,5159.73,SC,0.3064,LOW
100117,22,7044.69,PE,0.1802,LOW
100118,27,3562.0,BA,0.5411,MEDIUM
100119,33,6109.3,PR,0.3362,LOW
100120,26,4301.48,SP,0.456,MEDIUM
100121,42,2736.21,SP,0.5323,MEDIUM
100122,54,3710.87,BA,0.1915,LOW
100123,53,3637.63,SP,0.1192,LOW
100124,44,3006.23,PE,0.1057,LOW
100125,63,5159.07,RJ,0.5254,MEDIUM
100126,49,4700.72,RS,0.6968,HIGH
100127,24,1957.31,RJ,0.4757,MEDIUM
100128,59,1900.95,PE,0.2523,LOW
100129,49,5149.67,SP,0.513,MEDIUM
100130,52,2839.84,RJ,0.0817,LOW
100131,49,4855.27,BA,0.3102,LOW
100132,48,6110.03,SP,0.6919,HIGH
100133,25,2281.94,SP,0.2959,LOW
100134,48,2133.04,PE,0.4763,MEDIUM
100135,60,9382.18,BA,0.8532,HIGH
100136,36,4972.08,SP,0.189,LOW
100137,51,3434.42,PR,0.731,HIGH
100138,22,2682.62,SP,0.3373,LOW
100139,38,3287.32,SP,0.2651,LOW
100140,42,2371.71,PR,0.1629,LOW
100141,70,6418.1,SP,0.4998,MEDIUM
100142,31,2892.86,MG,0.1321,LOW
100143,34,7099.19,SP,0.1089,LOW
100144,41,3465.24,BA,0.227,LOW
100145,70,2545.37,PR,0.5459,MEDIUM
100146,63,3422.8,SP,0.2959,LOW
100147,22,1400.0,PE,0.244,LOW
100148,32,3963.45,BA,0.6277,MEDIUM
100149,62,3870.67,SP,0.0953,LOW
100150,23,6239.88,PE,0.6719,HIGH
100151,63,1698.35,SP,0.4009,MEDIUM
100152,35,7335.9,SP,0.3304,LOW
100153,66,6227.48,RJ,0.2051,LOW
100154,35,7660.41,SP,0.4231,MEDIUM
100155,42,4095.05,SC,0.1898,LOW
100156,54,6832.94,PR,0.632,MEDIUM
100157,27,2072.77,PE,0.051,LOW
100158,48,5914.15,SP,0.2387,LOW
100159,46,2900.63,SP,0.274,LOW
100160,60,1901.06,RJ,0.471,MEDIUM
100161,70,2448.55,SP,0.7888,HIGH
100162,54,4211.17,PE,0.1432,LOW
100163,41,2827.58,RS,0.1478,LOW
100164,41,5030.9,BA,0.2868,LOW
100165,41,1763.2,RS,0.4152,MEDIUM
100166,61,1512.97,SP,0.4258,MEDIUM
100167,37,8115.94,SP,0.3778,MEDIUM
100168,29,6481.22,MG,0.4814,MEDIUM
100169,37,2538.12,BA,0.4515,MEDIUM
100170,22,4193.96,RJ,0.2419,LOW
100171,26,6851.37,SP,0.1062,LOW
100172,25,5136.13,SC,0.3991,MEDIUM
100173,59,4509.7,SP,0.4918,MEDIUM
100174,57,7104.71,PR,0.6157,MEDIUM
100175,55,2957.49,SP,0.4214,MEDIUM
100176,44,4263.33,MG,0.2016,LOW
100177,56,4164.17,RJ,0.5421,MEDIUM
100178,29,3684.59,PE,0.0807,LOW
100179,66,3483.29,RS,0.6775,HIGH
100180,46,4349.5,SP,0.6111,MEDIUM
100181,67,4269.94,RS,0.4937,MEDIUM
100182,28,2539.18,BA,0.0858,LOW
100183,45,6171.53,SC,0.5896,MEDIUM
100184,55,2628.52,PE,0.6671,HIGH
100185,45,3782.3,BA,0.4453,MEDIUM
100186,43,3644.98,SP,0.4944,MEDIUM
100187,29,4987.7,RJ,0.088,LOW
100188,40,1518.79,RJ,0.7751,HIGH
100189,32,6441.24,MG,0.4499,MEDIUM
100190,36,3034.75,PE,0.2513,LOW
100191,55,7543.35,PR,0.2365,LOW
100192,52,3338.65,RJ,0.2715,LOW
100193,51,4102.68,PE,0.5076,MEDIUM
100194,39,10524.46,SC,0.2545,LOW
100195,68,3676.5,SP,0.3674,MEDIUM
100196,25,7612.05,PE,0.4523,MEDIUM
100197,38,4279.46,RJ,0.3808,MEDIUM
100198,26,5126.82,MG,0.3953,MEDIUM
100199,37,4343.43,MG,0.7842,HIGH
100200,69,6309.48,PE,0.599,MEDIUM
100201,39,3022.33,SP,0.8268,HIGH
100202,66,2618.87,RJ,0.1029,LOW
100203,45,3091.23,SC,0.1691,LOW
100204,55,4405.9,PE,0.5067,MEDIUM
100205,43,3777.61,SP,0.4511,MEDIUM
100206,34,5906.28,SP,0.7422,HIGH
100207,59,7856.61,PE,0.2831,LOW
100208,69,2629.21,RS,0.3075,LOW
100209,34,2952.9,RJ,0.4949,MEDIUM
100210,59,2107.89,RJ,0.3536,MEDIUM
100211,34,11130.22,MG,0.6364,MEDIUM
100212,56,4861.4,SC,0.871,HIGH
100213,60,5287.73,PR,0.268,LOW
100214,43,2207.33,RS,0.3194,LOW
100215,57,4197.64,SP,0.0812,LOW
100216,34,5363.0,BA,0.2057,LOW
100217,24,3720.14,SP,0.1189,LOW
100218,25,7038.7,PE,0.4584,MEDIUM
100219,43,12740.21,SP,0.4768,MEDIUM
100220,66,2665.77,SP,0.1042,LOW
100221,27,2571.48,SP,0.631,MEDIUM
100222,43,2755.95,SP,0.473,MEDIUM
100223,56,9079.87,RJ,0.8307,HIGH
100224,31,6926.92,SC,0.3297,LOW
100225,57,3935.47,PE,0.481,MEDIUM
100226,36,4274.35,MG,0.3464,LOW
100227,61,2838.12,PR,0.3213,LOW
100228,49,6438.51,RJ,0.9578,HIGH
100229,48,3499.89,BA,0.4285,MEDIUM
100230,29,3707.09,SP,0.0639,LOW
100231,44,5625.47,RJ,0.2529,LOW
100232,63,3837.6,SP,0.732,HIGH
100233,21,3752.04,SP,0.2257,LOW
100234,58,4221.37,PR,0.5348,MEDIUM
100235,45,6152.48,SP,0.1188,LOW
100236,56,9257.2,SP,0.2502,LOW
100237,54,5562.89,BA,0.4016,MEDIUM
100238,42,6176.03,SP,0.6291,MEDIUM
100239,36,3815.82,PR,0.4588,MEDIUM
100240,52,2990.2,RJ,0.4398,MEDIUM
100241,28,5748.84,PE,0.1782,LOW
100242,50,4559.81,SC,0.3807,MEDIUM
100243,25,2121.71,SP,0.4059,MEDIUM
100244,53,3588.06,PE,0.3515,MEDIUM
100245,52,4036.16,RJ,0.6706,HIGH
100246,25,3287.29,SP,0.1884,LOW
100247,58,8553.3,SC,0.1327,LOW
100248,41,5287.83,RS,0.4059,MEDIUM
100249,60,8119.01,RJ,0.5495,MEDIUM
100250,23,4766.1,RJ,0.4631,MEDIUM
100251,29,4367.32,SP,0.5714,MEDIUM
100252,45,2679.2,PR,0.7277,HIGH
100253,30,4224.12,PE,0.2572,LOW
100254,37,4226.4,RJ,0.1603,LOW
100255,54,2179.01,PE,0.6276,MEDIUM
100256,28,3241.74,SP,0.3114,LOW
100257,54,3596.31,BA,0.3777,MEDIUM
100258,26,5122.05,PE,0.4907,MEDIUM
100259,29,5241.11,SC,0.4806,MEDIUM
100260,50,3177.36,SP,0.8948,HIGH
100261,60,5260.06,RJ,0.4905,MEDIUM
100262,29,3848.51,SP,0.1369,LOW
100263,35,1400.0,PR,0.8304,HIGH
100264,67,3328.19,PE,0.6543,HIGH
100265,70,7049.8,RJ,0.4343,MEDIUM
100266,50,1873.52,SP,0.5415,MEDIUM
100267,43,4433.44,SP,0.2869,LOW
100268,38,8989.07,PR,0.5573,MEDIUM
100269,51,2915.35,PR,0.2004,LOW
100270,50,4204.33,SP,0.3603,MEDIUM
100271,35,2246.01,RS,0.2705,LOW
100272,22,9172.0,SP,0.4561,MEDIUM
100273,28,4035.32,PR,0.4387,MEDIUM
100274,68,4295.06,MG,0.1189,LOW
100275,41,8045.79,SP,0.486,MEDIUM
100276,45,5769.55,SC,0.1317,LOW
100277,44,2758.76,SC,0.5502,MEDIUM
100278,60,3078.34,MG,0.5013,MEDIUM
100279,24,5326.27,BA,0.2297,LOW
100280,25,3112.75,MG,0.1198,LOW
100281,34,1520.15,SP,0.5264,MEDIUM
100282,45,4094.03,PE,0.6033,MEDIUM
100283,54,2063.87,PE,0.2484,LOW
100284,45,9123.92,SP,0.412,MEDIUM
100285,43,4571.96,PE,0.3209,LOW
100286,67,2719.91,RS,0.9295,HIGH
100287,29,3003.39,SP,0.3366,LOW
100288,49,1695.83,MG,0.422,MEDIUM
100289,48,2477.73,SP,0.782,HIGH
100290,44,6840.9,PR,0.2331,LOW
100291,61,12260.0,PE,0.4441,MEDIUM
100292,34,5952.16,RJ,0.4425,MEDIUM
100293,68,4018.48,MG,0.4762,MEDIUM
100294,37,3413.52,SP,0.2929,LOW
100295,48,2653.73,PR,0.8805,HIGH
100296,47,11288.36,BA,0.5473,MEDIUM
100297,63,3836.21,SP,0.3389,LOW
100298,42,11595.15,PR,0.1793,LOW
100299,35,8198.69,RJ,0.5689,MEDIUM
100300,22,1821.21,RS,0.4364,MEDIUM
100301,39,3050.87,SC,0.444,MEDIUM
100302,62,3046.35,SC,0.557,MEDIUM
100303,21,4042.08,RJ,0.4179,MEDIUM
100304,65,4080.15,PR,0.3889,MEDIUM
100305,48,17694.95,SC,0.2676,LOW
100306,28,2504.31,SC,0.7072,HIGH
100307,36,4687.93,PR,0.5389,MEDIUM
100308,48,5646.34,BA,0.1877,LOW
100309,36,4196.83,SP,0.4953,MEDIUM
100310,26,4428.1,SP,0.419,MEDIUM
100311,54,2543.59,PE,0.5825,MEDIUM
100312,54,4420.26,SP,0.3832,MEDIUM
100313,26,5368.54,PE,0.1411,LOW
100314,35,4915.2,PR,0.2893,LOW
100315,33,5522.23,PE,0.3916,MEDIUM
100316,53,8274.15,PR,0.323,LOW
100317,57,6585.22,BA,0.5076,MEDIUM
100318,57,4346.22,RS,0.3085,LOW
100319,67,2393.22,MG,0.4109,MEDIUM
100320,59,3148.99,RJ,0.4598,MEDIUM
100321,37,3779.76,SP,0.2138,LOW
100322,26,4740.82,SP,0.2174,LOW
100323,51,3338.38,PE,0.2923,LOW
100324,66,2680.31,SP,0.1697,LOW
100325,69,2374.41,RS,0.5273,MEDIUM
100326,32,1901.26,MG,0.6742,HIGH
100327,32,3752.07,RJ,0.2152,LOW
100328,22,2074.34,PE,0.7041,HIGH
100329,28,2598.23,SP,0.5819,MEDIUM
100330,48,3476.45,PR,0.4307,MEDIUM
100331,48,2211.88,MG,0.2279,LOW
100332,39,5039.8,SP,0.3883,MEDIUM
100333,36,5991.8,SP,0.4446,MEDIUM
100334,62,3226.38,SC,0.1902,LOW
100335,44,3405.23,SP,0.5179,MEDIUM
100336,61,5436.04,BA,0.1618,LOW
100337,69,2981.32,PR,0.593,MEDIUM
100338,36,2884.56,SP,0.7971,HIGH
100339,31,7458.87,SP,0.3992,MEDIUM
100340,68,6420.49,SP,0.327,LOW
100341,52,5605.95,BA,0.6488,MEDIUM
100342,35,6549.53,PR,0.6791,HIGH
100343,52,1625.78,SP,0.4694,MEDIUM
100344,46,8043.99,PR,0.3522,MEDIUM
100345,66,5069.66,MG,0.7245,HIGH
100346,33,6822.73,SC,0.1816,LOW
100347,70,5057.75,SP,0.5833,MEDIUM
100348,67,4299.8,SP,0.5415,MEDIUM
100349,30,3680.09,RJ,0.2761,LOW
100350,29,5009.39,SC,0.2594,LOW
100351,47,3616.28,SC,0.1352,LOW
100352,23,6370.42,SP,0.2491,LOW
100353,35,1961.26,SP,0.2163,LOW
100354,42,3238.56,SC,0.1341,LOW
100355,69,11207.68,SP,0.4328,MEDIUM
100356,70,3109.82,PR,0.3515,MEDIUM
100357,28,3745.35,MG,0.685,HIGH
100358,65,2749.57,SP,0.3918,MEDIUM
100359,25,4934.69,MG,0.6017,MEDIUM
100360,58,2949.62,SP,0.4271,MEDIUM
100361,63,3841.99,PR,0.6095,MEDIUM
100362,65,6312.55,SP,0.521,MEDIUM
100363,32,3003.2,RJ,0.2839,LOW
100364,65,6132.59,MG,0.4594,MEDIUM
100365,26,6232.36,SP,0.2709,LOW
100366,46,6968.94,PR,0.0664,LOW
100367,44,4493.11,RS,0.2109,LOW
100368,36,19903.37,PE,0.4021,MEDIUM
100369,22,6967.53,SP,0.6885,HIGH
100370,59,4908.78,SP,0.3651,MEDIUM
100371,37,2758.37,RJ,0.6254,MEDIUM
100372,54,4008.82,PE,0.4242,MEDIUM
100373,41,8328.82,RJ,0.4175,MEDIUM
100374,39,9541.6,RJ,0.3479,LOW
100375,65,8539.33,RS,0.569,MEDIUM
100376,25,6122.54,SP,0.4174,MEDIUM
100377,57,2298.75,PR,0.187,LOW
100378,58,5306.45,MG,0.8267,HIGH
100379,39,2314.54,PR,0.1689,LOW
100380,34,2056.69,RS,0.2322,LOW
100381,21,4710.91,RJ,0.4738,MEDIUM
100382,67,5399.04,SC,0.3045,LOW
100383,68,6479.9,MG,0.7115,HIGH
100384,33,5331.91,SP,0.4957,MEDIUM
100385,22,5420.81,PE,0.3741,MEDIUM
100386,27,2618.11,RS,0.4231,MEDIUM
100387,24,3993.61,PE,0.1163,LOW
100388,62,2037.39,RS,0.8664,HIGH
100389,65,1605.55,SP,0.4685,MEDIUM
100390,28,5993.01,MG,0.1482,LOW
100391,58,2925.85,RJ,0.5841,MEDIUM
100392,29,6384.57,SP,0.3567,MEDIUM
100393,39,7149.85,RJ,0.2619,LOW
100394,50,3119.94,RJ,0.1527,LOW
100395,56,5575.79,SP,0.0836,LOW
100396,64,3057.9,BA,0.1924,LOW
100397,23,1731.63,SP,0.2777,LOW
100398,30,4456.1,MG,0.2477,LOW
100399,35,3350.35,RS,0.336,LOW
100400,36,3400.23,PR,0.5819,MEDIUM
100401,70,10840.07,SP,0.201,LOW
100402,59,2019.14,PR,0.4353,MEDIUM
100403,37,5047.35,RS,0.1262,LOW
100404,69,2605.38,BA,0.4461,MEDIUM
100405,45,6495.11,RJ,0.3552,MEDIUM
100406,46,4846.86,SP,0.1655,LOW
100407,42,5038.81,PR,0.258,LOW
100408,28,2668.56,SP,0.262,LOW
100409,67,2908.4,RS,0.2157,LOW
100410,21,6554.58,SC,0.72,HIGH
100411,29,9826.35,RS,0.3336,LOW
100412,32,5289.02,PE,0.3127,LOW
100413,34,2730.06,PR,0.4821,MEDIUM
100414,27,4942.02,PE,0.2284,LOW
100415,21,13467.39,SC,0.7781,HIGH
100416,54,4411.64,SP,0.3611,MEDIUM
100417,69,8472.01,BA,0.6335,MEDIUM
100418,27,2943.87,SC,0.338,LOW
100419,35,4116.01,PE,0.6447,MEDIUM
100420,46,5654.64,SP,0.3514,MEDIUM
100421,67,5082.49,RJ,0.4079,MEDIUM
100422,55,2907.28,BA,0.6076,MEDIUM
100423,59,2847.71,SP,0.5632,MEDIUM
100424,50,6749.45,SC,0.3539,MEDIUM
100425,41,7441.18,PR,0.5377,MEDIUM
100426,30,8679.06,SP,0.2934,LOW
100427,64,9983.87,SP,0.5753,MEDIUM
100428,61,4480.35,BA,0.4967,MEDIUM
100429,22,3617.23,SP,0.2499,LOW
100430,56,8033.02,RS,0.4204,MEDIUM
100431,25,5914.21,RS,0.2631,LOW
100432,57,2620.87,SC,0.3456,LOW
100433,62,2557.27,RJ,0.3815,MEDIUM
100434,27,5318.6,SP,0.0608,LOW
100435,42,3857.4,BA,0.4436,MEDIUM
100436,27,4147.05,SP,0.2574,LOW
100437,49,7027.99,SP,0.2848,LOW
100438,67,6046.15,PE,0.5195,MEDIUM
100439,25,7952.0,RJ,0.2492,LOW
100440,40,1661.88,SP,0.2901,LOW
100441,69,4743.22,PE,0.7052,HIGH
100442,36,5862.26,SP,0.1401,LOW
100443,27,2018.44,SP,0.4129,MEDIUM
100444,45,3067.11,MG,0.2878,LOW
100445,46,2805.7,RS,0.4889,MEDIUM
100446,54,4243.97,PE,0.2431,LOW
100447,36,9174.74,RS,0.2809,LOW
100448,68,11088.71,PE,0.2578,LOW
100449,47,2841.2,SP,0.6502,HIGH
100450,35,5407.74,PR,0.4576,MEDIUM
100451,69,5492.08,SP,0.26,LOW
100452,67,5058.88,PE,0.7084,HIGH
100453,45,5086.52,PE,0.1009,LOW
100454,22,4859.23,RJ,0.117,LOW
100455,50,9441.53,BA,0.4257,MEDIUM
100456,48,7129.69,SC,0.3021,LOW
100457,28,2524.92,SP,0.4128,MEDIUM
100458,52,6153.56,PR,0.9091,HIGH
100459,63,6445.77,PE,0.4277,MEDIUM
100460,26,4885.49,RJ,0.6601,HIGH
100461,57,7229.49,SP,0.4528,MEDIUM
100462,28,4596.8,PE,0.3823,MEDIUM
100463,58,4624.23,RJ,0.3992,MEDIUM
100464,41,4451.67,MG,0.3626,MEDIUM
100465,21,1594.13,RS,0.8927,HIGH
100466,69,4041.0,PR,0.7067,HIGH
100467,29,3047.51,RJ,0.0322,LOW
100468,50,2376.41,SP,0.354,MEDIUM
100469,30,8359.62,BA,0.3817,MEDIUM
100470,67,5350.04,MG,0.5875,MEDIUM
100471,57,4140.29,SC,0.3226,LOW
100472,61,3202.65,BA,0.4959,MEDIUM
100473,42,4841.6,SP,0.3939,MEDIUM
100474,44,6759.67,BA,0.564,MEDIUM
100475,52,2823.96,RS,0.1752,LOW
100476,60,4190.28,PE,0.7068,HIGH
100477,63,6371.0,SP,0.2714,LOW
100478,21,1658.32,RJ,0.1142,LOW
100479,54,4085.53,SC,0.3471,LOW
100480,26,3417.89,PE,0.5421,MEDIUM
100481,35,3938.68,PE,0.3202,LOW
100482,62,3301.26,RJ,0.3932,MEDIUM
100483,33,4486.82,PR,0.1119,LOW
100484,60,10574.29,SP,0.4754,MEDIUM
100485,44,3595.21,SC,0.0908,LOW
100486,32,4831.25,BA,0.0403,LOW
100487,37,10941.5,BA,0.1009,LOW
100488,47,3225.46,RJ,0.0982,LOW
100489,59,10035.5,PE,0.4293,MEDIUM
100490,51,4210.74,SP,0.432,MEDIUM
100491,67,9878.84,MG,0.0933,LOW
100492,64,6020.56,PR,0.5817,MEDIUM
100493,58,4867.09,PR,0.1648,LOW
100494,51,4069.75,RS,0.1309,LOW
100495,35,3112.87,PR,0.8198,HIGH
100496,41,4355.61,SP,0.1797,LOW
100497,26,6461.22,SP,0.3976,MEDIUM
100498,39,4173.65,PR,0.3702,MEDIUM
100499,67,3607.83,SC,0.5602,MEDIUM
100500,42,3723.67,MG,0.3513,MEDIUM
100501,26,6763.05,RJ,0.2711,LOW
100502,53,7562.2,SP,0.8192,HIGH
100503,69,3049.12,RS,0.1523,LOW
100504,64,3047.01,MG,0.3348,LOW
100505,34,5038.84,PR,0.6195,MEDIUM
100506,43,8743.41,MG,0.4341,MEDIUM
100507,47,7280.21,SP,0.12,LOW
100508,33,2302.96,SP,0.3906,MEDIUM
100509,34,3699.98,SP,0.5738,MEDIUM
100510,32,2686.92,SC,0.315,LOW
100511,70,3693.88,SP,0.1414,LOW
100512,58,9072.08,SP,0.6201,MEDIUM
100513,63,2121.74,PE,0.1593,LOW
100514,61,1930.98,RJ,0.6094,MEDIUM
100515,68,2821.81,MG,0.6364,MEDIUM
100516,26,4821.06,RJ,0.2256,LOW
100517,65,5657.87,SP,0.0674,LOW
100518,24,5181.32,SP,0.6661,HIGH
100519,44,7384.72,BA,0.054,LOW
100520,50,1801.83,MG,0.2819,LOW
100521,38,7429.7,RS,0.0366,LOW
100522,28,3615.68,PE,0.1613,LOW
100523,30,5966.75,SP,0.1117,LOW
100524,62,2225.19,SC,0.7636,HIGH
100525,36,4210.0,SP,0.2692,LOW
100526,36,4704.38,MG,0.3645,MEDIUM
100527,67,7314.4,BA,0.3282,LOW
100528,28,1962.39,SP,0.7781,HIGH
100529,66,4262.46,PE,0.0432,LOW
100530,67,2494.71,PR,0.4031,MEDIUM
100531,50,5353.35,RJ,0.5157,MEDIUM
100532,29,6099.14,SP,0.6634,HIGH
100533,28,7790.67,PR,0.4271,MEDIUM
100534,35,3248.75,MG,0.1147,LOW
100535,49,6554.51,SP,0.5494,MEDIUM
100536,28,8071.32,MG,0.2136,LOW
100537,43,1908.52,SP,0.0361,LOW
100538,26,5635.07,PE,0.3236,LOW
100539,48,6653.68,RJ,0.6517,HIGH
100540,22,3709.5,MG,0.1788,LOW
100541,56,2348.82,RS,0.6805,HIGH
100542,23,6604.18,RS,0.7106,HIGH
100543,30,2361.55,PE,0.6661,HIGH
100544,29,3855.4,PE,0.5801,MEDIUM
100545,62,4119.88,SP,0.7083,HIGH
100546,23,5921.22,RJ,0.6518,HIGH
100547,42,3109.0,SC,0.3793,MEDIUM
100548,50,3023.71,SP,0.7745,HIGH
100549,46,4404.22,RS,0.6267,MEDIUM
100550,55,6808.36,SP,0.8428,HIGH
100551,61,12591.99,PE,0.3505,MEDIUM
100552,40,2037.03,RS,0.5193,MEDIUM
100553,62,4886.37,PR,0.3974,MEDIUM
100554,36,2493.15,MG,0.2665,LOW
100555,70,6849.08,PE,0.4823,MEDIUM
100556,46,2676.7,RS,0.3627,MEDIUM
100557,57,3038.16,BA,0.0807,LOW
100558,64,3165.26,BA,0.4918,MEDIUM
100559,60,4049.16,SP,0.2287,LOW
100560,63,4904.82,SP,0.4032,MEDIUM
100561,47,5297.64,SP,0.438,MEDIUM
100562,23,4188.39,SC,0.5043,MEDIUM
100563,45,2218.29,PR,0.2411,LOW
100564,30,5956.14,RJ,0.3115,LOW
100565,65,4094.58,PE,0.6926,HIGH
100566,32,7335.44,SP,0.3488,LOW
100567,32,2990.29,RS,0.5594,MEDIUM
100568,33,1946.42,MG,0.17,LOW
100569,53,4131.96,RJ,0.3734,MEDIUM
100570,49,7823.58,SP,0.0316,LOW
100571,68,4537.32,RS,0.7524,HIGH
100572,41,3816.15,RS,0.4066,MEDIUM
100573,35,2765.77,RJ,0.7855,HIGH
100574,23,9765.08,MG,0.5733,MEDIUM
100575,21,2562.22,PR,0.1492,LOW
100576,39,2965.05,RJ,0.7867,HIGH
100577,67,5521.78,PR,0.098,LOW
100578,47,1723.22,MG,0.5324,MEDIUM
100579,65,7743.77,BA,0.4375,MEDIUM
100580,26,5667.21,RS,0.387,MEDIUM
100581,25,6467.02,SP,0.1954,LOW
100582,62,5490.29,BA,0.8497,HIGH
100583,26,3887.42,RJ,0.7312,HIGH
100584,23,2521.3,PE,0.5583,MEDIUM
100585,41,3926.89,PR,0.7278,HIGH
100586,67,2629.97,SP,0.0204,LOW
100587,55,5303.88,RS,0.5219,MEDIUM
100588,25,6186.31,SP,0.5894,MEDIUM
100589,62,8533.1,BA,0.3178,LOW
100590,63,5020.52,PE,0.2385,LOW
100591,61,6546.17,SC,0.1267,LOW
100592,66,3641.72,PR,0.1249,LOW
100593,32,3338.47,PR,0.4827,MEDIUM
100594,69,5272.2,MG,0.315,LOW
100595,37,3488.87,SP,0.6025,MEDIUM
100596,61,4779.3,PE,0.2531,LOW
100597,49,2523.67,RJ,0.3052,LOW
100598,59,2750.83,RJ,0.2244,LOW
100599,52,5697.8,SP,0.5314,MEDIUM
100600,53,6428.21,PE,0.4694,MEDIUM
100601,51,2616.85,PE,0.2799,LOW
100602,59,5794.91,RJ,0.427,MEDIUM
100603,57,3252.33,SP,0.7529,HIGH
100604,27,4233.41,BA,0.2158,LOW
100605,62,8291.39,MG,0.8049,HIGH
100606,47,6188.41,PE,0.6168,MEDIUM
100607,37,6154.0,PE,0.5001,MEDIUM
100608,46,10499.25,RS,0.4,MEDIUM
100609,69,2995.83,SP,0.8565,HIGH
100610,63,2616.57,SC,0.5808,MEDIUM
100611,62,2969.71,PE,0.4441,MEDIUM
100612,44,3717.03,RJ,0.6781,HIGH
100613,60,1400.0,PE,0.4742,MEDIUM
100614,40,3801.97,RJ,0.2202,LOW
100615,55,3233.91,PE,0.1192,LOW
100616,52,6118.33,SC,0.4386,MEDIUM
100617,33,4974.11,SP,0.5238,MEDIUM
100618,34,3147.95,MG,0.8413,HIGH
100619,24,5574.85,SP,0.5409,MEDIUM
100620,27,5943.22,RJ,0.706,HIGH
100621,42,2904.27,PE,0.8111,HIGH
100622,44,3314.92,SP,0.1773,LOW
100623,29,1443.27,PE,0.6796,HIGH
100624,41,2488.22,SP,0.4265,MEDIUM
100625,51,2940.85,SC,0.6144,MEDIUM
100626,32,4352.21,PE,0.3444,LOW
100627,37,2667.92,SC,0.3887,MEDIUM
100628,39,3282.57,PE,0.3093,LOW
100629,46,2332.47,PE,0.3534,MEDIUM
100630,39,4559.53,SC,0.3975,MEDIUM
100631,57,5152.22,RS,0.6179,MEDIUM
100632,37,5094.8,SP,0.3032,LOW
100633,42,4224.99,MG,0.3494,LOW
100634,39,2004.45,SP,0.3661,MEDIUM
100635,30,3118.98,BA,0.5964,MEDIUM
100636,55,3454.15,SC,0.6778,HIGH
100637,32,3460.81,PR,0.4101,MEDIUM
100638,35,4353.92,PE,0.6458,MEDIUM
100639,60,8325.68,SP,0.4591,MEDIUM
100640,68,6202.12,PE,0.1768,LOW
100641,54,2614.51,SP,0.3516,MEDIUM
100642,66,5816.61,RJ,0.5446,MEDIUM
100643,63,5711.2,SC,0.1786,LOW
100644,45,2852.43,RJ,0.5027,MEDIUM
100645,59,6312.55,SC,0.3967,MEDIUM
100646,37,3888.81,RS,0.6578,HIGH
100647,44,2134.66,BA,0.1418,LOW
100648,47,5225.66,SP,0.2074,LOW
100649,69,4660.98,SP,0.4773,MEDIUM
100650,63,3765.19,SP,0.6146,MEDIUM
100651,45,4125.17,MG,0.5703,MEDIUM
100652,53,2974.05,SP,0.658,HIGH
100653,31,5629.09,RJ,0.6169,MEDIUM
100654,61,4113.31,BA,0.7847,HIGH
100655,48,4549.33,PE,0.2221,LOW
100656,47,4985.4,BA,0.6637,HIGH
100657,59,2413.03,SP,0.5045,MEDIUM
100658,52,2734.17,PR,0.4281,MEDIUM
100659,24,1453.99,SP,0.2166,LOW
100660,35,5507.78,RJ,0.7209,HIGH
100661,29,2347.2,MG,0.2093,LOW
100662,57,4475.95,PE,0.5485,MEDIUM
100663,22,5018.64,SC,0.1913,LOW
100664,31,5608.11,SP,0.2133,LOW
100665,50,2356.45,SC,0.3664,MEDIUM
100666,55,4070.67,PE,0.6484,MEDIUM
100667,46,9363.5,SP,0.607,MEDIUM
100668,64,9563.52,BA,0.0648,LOW
100669,66,6746.34,SP,0.653,HIGH
100670,27,4938.6,SP,0.5814,MEDIUM
100671,68,2592.53,PE,0.3107,LOW
100672,51,5929.99,SP,0.372,MEDIUM
100673,52,3893.21,RS,0.2548,LOW
100674,25,5496.65,SP,0.648,MEDIUM
100675,52,3099.74,PR,0.2314,LOW
100676,57,3865.44,PR,0.4877,MEDIUM
100677,50,4544.31,BA,0.6143,MEDIUM
100678,25,4727.03,BA,0.5986,MEDIUM
100679,47,5323.18,SC,0.543,MEDIUM
100680,67,3180.6,RJ,0.8607,HIGH
100681,57,2204.08,SP,0.5138,MEDIUM
100682,27,9161.24,SC,0.3755,MEDIUM
100683,68,13872.75,MG,0.3008,LOW
100684,68,5206.18,SP,0.3398,LOW
100685,29,2224.58,PE,0.646,MEDIUM
100686,61,2897.8,RJ,0.1681,LOW
100687,41,5362.66,SP,0.2801,LOW
100688,50,7995.03,PE,0.5782,MEDIUM
100689,43,2346.43,PR,0.3528,MEDIUM
100690,60,3956.68,RS,0.3871,MEDIUM
100691,70,4614.17,SP,0.2993,LOW
100692,60,6360.34,RJ,0.3597,MEDIUM
100693,67,3561.41,SC,0.8575,HIGH
100694,68,1982.69,SP,0.7572,HIGH
100695,25,5659.07,SC,0.1776,LOW
100696,33,7206.52,SP,0.4996,MEDIUM
100697,57,4036.75,SP,0.5254,MEDIUM
100698,50,5101.83,SP,0.1116,LOW
100699,23,3344.54,SP,0.1612,LOW
100700,25,2798.58,SP,0.6447,MEDIUM
100701,47,6874.16,RS,0.0844,LOW
100702,51,5058.56,PR,0.2685,LOW
100703,29,5314.62,SP,0.4244,MEDIUM
100704,29,8637.38,PR,0.0752,LOW
100705,27,2531.37,SP,0.3379,LOW
100706,49,3222.35,MG,0.3978,MEDIUM
100707,21,4530.77,PE,0.4664,MEDIUM
100708,49,3203.4,RS,0.2124,LOW
100709,44,6116.5,SC,0.2907,LOW
100710,44,3838.7,SP,0.5442,MEDIUM
100711,54,2608.22,SP,0.6063,MEDIUM
100712,47,4334.71,RS,0.3885,MEDIUM
100713,57,4557.83,PR,0.0762,LOW
100714,59,6578.01,PR,0.1685,LOW
100715,67,5072.29,PE,0.6278,MEDIUM
100716,60,5240.59,RJ,0.3783,MEDIUM
100717,46,4897.99,BA,0.2403,LOW
100718,45,3837.18,PR,0.6065,MEDIUM
100719,32,2978.14,SP,0.4725,MEDIUM
100720,50,4824.6,SP,0.3832,MEDIUM
100721,27,3579.36,PR,0.1024,LOW
100722,67,9451.75,SP,0.401,MEDIUM
100723,63,7999.12,SC,0.2072,LOW
100724,26,5690.78,SC,0.5624,MEDIUM
100725,60,5036.69,MG,0.4081,MEDIUM
100726,26,4026.37,PR,0.5863,MEDIUM
100727,57,2292.73,PR,0.5955,MEDIUM
100728,25,3786.04,MG,0.3133,LOW
100729,45,4409.48,BA,0.6383,MEDIUM
100730,53,4689.02,SP,0.1806,LOW
100731,57,5261.74,PE,0.3385,LOW
100732,41,6535.98,SP,0.4617,MEDIUM
100733,67,3012.74,SP,0.3562,MEDIUM
100734,59,3025.9,SC,0.6172,MEDIUM
100735,31,8427.46,SP,0.161,LOW
100736,54,6080.92,SP,0.6787,HIGH
100737,57,3481.68,SP,0.3001,LOW
100738,37,3989.33,RS,0.4811,MEDIUM
100739,57,3997.95,PR,0.4788,MEDIUM
100740,65,4264.14,SP,0.3786,MEDIUM
100741,61,5269.69,MG,0.0059,LOW
100742,59,14180.69,SP,0.5463,MEDIUM
100743,52,4600.51,PE,0.2335,LOW
100744,34,5772.65,SP,0.1862,LOW
100745,60,1869.32,PR,0.2844,LOW
100746,39,3327.87,MG,0.7899,HIGH
100747,47,7575.47,PR,0.4556,MEDIUM
100748,36,5094.68,PE,0.5233,MEDIUM
100749,36,1400.0,RJ,0.4746,MEDIUM
100750,28,5804.4,RS,0.2236,LOW
100751,69,10546.6,MG,0.3631,MEDIUM
100752,28,1611.31,SC,0.2717,LOW
100753,25,8709.29,RJ,0.6737,HIGH
100754,67,1400.0,SP,0.6401,MEDIUM
100755,48,6588.49,SP,0.5596,MEDIUM
100756,42,4182.6,SP,0.7526,HIGH
100757,57,1400.0,PE,0.4632,MEDIUM
100758,40,5202.98,RS,0.1284,LOW
100759,27,7297.18,SP,0.3527,MEDIUM
100760,57,5001.56,MG,0.1969,LOW
100761,29,5561.13,RS,0.2632,LOW
100762,48,3446.92,RJ,0.3744,MEDIUM
100763,68,1718.78,MG,0.2896,LOW
100764,67,5854.32,RS,0.7089,HIGH
100765,39,9727.59,SP,0.1077,LOW
100766,60,7223.09,MG,0.1722,LOW
100767,51,1617.54,SP,0.169,LOW
100768,44,2029.8,SP,0.7161,HIGH
100769,27,2798.32,SC,0.1812,LOW
100770,39,1955.13,SC,0.4448,MEDIUM
100771,53,4290.04,PE,0.3962,MEDIUM
100772,70,5072.96,SP,0.1416,LOW
100773,21,2113.96,RS,0.1122,LOW
100774,56,6098.89,PE,0.1092,LOW
100775,63,5604.75,SC,0.5488,MEDIUM
100776,68,3228.34,PE,0.7569,HIGH
100777,42,3866.21,PE,0.2865,LOW
100778,26,1647.37,BA,0.3388,LOW
100779,34,3580.84,PE,0.0359,LOW
100780,63,4214.91,PR,0.5723,MEDIUM
100781,64,4554.35,MG,0.3464,LOW
100782,52,5037.68,PE,0.1529,LOW
100783,27,4722.42,BA,0.6682,HIGH
100784,27,3699.51,SP,0.3124,LOW
100785,44,4818.48,RJ,0.6444,MEDIUM
100786,50,6794.14,SP,0.4342,MEDIUM
100787,22,4011.82,BA,0.7543,HIGH
100788,55,4891.65,SP,0.1876,LOW
100789,48,3840.96,RJ,0.4428,MEDIUM
100790,21,3079.11,MG,0.4802,MEDIUM
100791,25,5398.21,SP,0.4908,MEDIUM
100792,43,3217.41,PE,0.2881,LOW
100793,57,5055.29,MG,0.308,LOW
100794,62,4257.35,SP,0.1633,LOW
100795,42,3629.87,SP,0.5896,MEDIUM
100796,35,3587.93,BA,0.0766,LOW
100797,69,3290.98,SC,0.2982,LOW
100798,43,1906.18,MG,0.1064,LOW
100799,36,5047.4,RJ,0.1455,LOW
100800,43,4693.73,PE,0.4694,MEDIUM
100801,21,6314.99,RS,0.2435,LOW
100802,36,3254.33,RS,0.6572,HIGH
100803,46,10431.9,MG,0.0644,LOW
100804,66,3500.17,PE,0.2852,LOW
100805,57,2759.45,RS,0.1561,LOW
100806,60,2606.78,MG,0.237,LOW
100807,48,1827.23,PE,0.5693,MEDIUM
100808,26,8764.82,PE,0.2643,LOW
100809,40,8110.8,RS,0.3453,LOW
100810,70,5603.78,RS,0.396,MEDIUM
100811,23,2731.8,MG,0.1676,LOW
100812,64,10019.1,MG,0.4779,MEDIUM
100813,55,3547.56,SP,0.3519,MEDIUM
100814,35,3691.2,PR,0.5898,MEDIUM
100815,59,8372.64,RJ,0.4034,MEDIUM
100816,62,5762.44,RJ,0.3996,MEDIUM
100817,23,12080.76,PE,0.3998,MEDIUM
100818,26,4732.58,SP,0.6499,MEDIUM
100819,54,3471.23,BA,0.6223,MEDIUM
100820,70,3131.21,SP,0.7089,HIGH
100821,22,1730.7,SP,0.1673,LOW
100822,54,3674.28,SP,0.6979,HIGH
100823,27,7275.33,MG,0.111,LOW
100824,53,5598.65,MG,0.3758,MEDIUM
100825,52,4241.14,RJ,0.2976,LOW
100826,25,2605.22,SC,0.2225,LOW
100827,55,4683.21,MG,0.5203,MEDIUM
100828,65,6829.39,SP,0.225,LOW
100829,64,5164.61,RJ,0.4377,MEDIUM
100830,22,4549.96,SP,0.4146,MEDIUM
100831,33,2864.93,SP,0.3215,LOW
100832,33,6368.3,SP,0.4185,MEDIUM
100833,43,1400.0,SC,0.4756,MEDIUM
100834,28,5047.28,SC,0.668,HIGH
100835,63,14423.22,BA,0.0906,LOW
100836,59,2036.16,RS,0.113,LOW
100837,61,3740.53,PR,0.1974,LOW
100838,30,4184.08,RJ,0.4556,MEDIUM
100839,21,3363.71,SP,0.3104,LOW
100840,66,6907.06,SC,0.3372,LOW
100841,35,5269.11,SP,0.7667,HIGH
100842,53,4518.54,SP,0.0496,LOW
100843,66,6158.14,PE,0.2422,LOW
100844,22,4233.91,SP,0.4173,MEDIUM
100845,21,19325.38,SP,0.0846,LOW
100846,21,4516.47,PE,0.7028,HIGH
100847,28,4612.73,RJ,0.9357,HIGH
100848,23,1847.92,RJ,0.1139,LOW
100849,61,3235.65,SP,0.2174,LOW
100850,51,7285.06,RJ,0.4355,MEDIUM
100851,70,2212.37,PE,0.5537,MEDIUM
100852,61,1491.01,SC,0.2933,LOW
100853,69,4265.66,MG,0.722,HIGH
100854,32,8109.55,RJ,0.6757,HIGH
100855,35,4286.32,RJ,0.5631,MEDIUM
100856,63,3574.21,PR,0.5254,MEDIUM
100857,33,1721.18,SP,0.2711,LOW
100858,23,5218.27,SP,0.4031,MEDIUM
100859,54,5768.99,SC,0.3453,LOW
100860,61,1785.78,BA,0.1987,LOW
100861,69,7240.28,PE,0.572,MEDIUM
100862,67,6065.51,BA,0.2941,LOW
100863,27,7232.58,PR,0.1446,LOW
100864,59,5557.66,RS,0.2351,LOW
100865,63,5748.0,PE,0.448,MEDIUM
100866,55,5392.62,SP,0.8078,HIGH
100867,61,6372.24,RJ,0.2634,LOW
100868,62,1754.32,SP,0.4303,MEDIUM
100869,43,2043.32,PE,0.6318,MEDIUM
100870,23,2949.99,PE,0.5494,MEDIUM
100871,43,3946.27,BA,0.2189,LOW
100872,31,5060.12,SP,0.494,MEDIUM
100873,26,4908.32,PE,0.4479,MEDIUM
100874,27,7179.97,SP,0.1578,LOW
100875,55,7288.97,SP,0.4673,MEDIUM
100876,46,2763.06,PR,0.6085,MEDIUM
100877,47,4709.59,BA,0.313,LOW
100878,58,2795.82,PE,0.0982,LOW
100879,48,3837.13,RJ,0.6044,MEDIUM
100880,52,4901.52,RJ,0.3179,LOW
100881,25,1400.0,MG,0.3477,LOW
100882,63,13362.89,SP,0.3319,LOW
100883,43,5512.18,BA,0.5957,MEDIUM
100884,28,3155.5,RJ,0.2864,LOW
100885,61,10593.3,SP,0.1588,LOW
100886,57,3554.87,RJ,0.6359,MEDIUM
100887,23,4475.84,RS,0.1665,LOW
100888,30,3324.33,BA,0.248,LOW
100889,21,9281.66,SP,0.3981,MEDIUM
100890,34,3993.6,SP,0.3449,LOW
100891,25,4512.43,PE,0.7215,HIGH
100892,56,7484.99,PR,0.4772,MEDIUM
100893,47,5561.97,RJ,0.765,HIGH
100894,70,4091.85,SP,0.6113,MEDIUM
100895,58,7156.87,PE,0.5816,MEDIUM
100896,51,14204.47,RS,0.5389,MEDIUM
100897,46,4891.22,SP,0.1619,LOW
100898,23,4442.11,SP,0.0466,LOW
100899,24,4558.46,SP,0.5446,MEDIUM
100900,51,7878.13,SP,0.1741,LOW
100901,21,3150.21,SP,0.5922,MEDIUM
100902,23,3674.78,SP,0.5291,MEDIUM
100903,31,2007.95,SP,0.2033,LOW
100904,65,2379.35,RJ,0.6555,HIGH
100905,43,3275.73,MG,0.2532,LOW
100906,56,4088.73,MG,0.0662,LOW
100907,41,9818.27,BA,0.3407,LOW
100908,29,5432.29,SP,0.2768,LOW
100909,39,2710.92,PE,0.5922,MEDIUM
100910,25,2961.38,PE,0.4231,MEDIUM
100911,59,8125.15,PE,0.0364,LOW
100912,30,7212.8,SP,0.2197,LOW
100913,39,4257.14,SP,0.7924,HIGH
100914,70,3396.25,PR,0.229,LOW
100915,50,7207.0,SP,0.3462,LOW
100916,43,2607.23,SP,0.0919,LOW
100917,48,5069.59,SP,0.0743,LOW
100918,60,12502.9,PR,0.4457,MEDIUM
100919,33,4635.09,BA,0.2326,LOW
100920,52,2894.44,SP,0.3192,LOW
100921,64,5114.41,PE,0.3414,LOW
100922,49,3351.74,BA,0.2029,LOW
100923,43,2150.95,SP,0.4171,MEDIUM
100924,28,5880.15,RJ,0.7266,HIGH
100925,33,7182.48,SP,0.3771,MEDIUM
100926,68,3617.74,PE,0.2866,LOW
100927,48,3504.37,RS,0.0833,LOW
100928,36,2647.28,SC,0.6123,MEDIUM
100929,41,3908.35,SC,0.0433,LOW
100930,49,3206.4,SP,0.1467,LOW
100931,47,2585.16,PE,0.5073,MEDIUM
100932,55,10415.82,PE,0.6209,MEDIUM
100933,33,5254.06,RS,0.4002,MEDIUM
100934,53,5528.04,MG,0.5378,MEDIUM
100935,43,6418.06,SP,0.2149,LOW
100936,68,6081.08,SP,0.1065,LOW
100937,28,3444.54,SP,0.3865,MEDIUM
100938,28,4787.03,PR,0.6918,HIGH
100939,44,3691.19,BA,0.3836,MEDIUM
100940,46,5183.85,PE,0.5983,MEDIUM
100941,55,4948.56,SP,0.8778,HIGH
100942,41,3495.26,SP,0.2224,LOW
100943,66,2218.92,SP,0.1811,LOW
100944,44,4505.41,PE,0.3375,LOW
100945,27,3807.74,RS,0.3358,LOW
100946,26,1695.04,MG,0.4224,MEDIUM
100947,69,5358.92,PR,0.1894,LOW
100948,27,6675.53,PR,0.0431,LOW
100949,68,14135.59,SP,0.2667,LOW
100950,34,3480.97,SP,0.355,MEDIUM
100951,25,3243.01,SP,0.6849,HIGH
100952,36,2465.91,SP,0.3304,LOW
100953,51,4642.41,PR,0.818,HIGH
100954,42,4628.34,RJ,0.6214,MEDIUM
100955,60,2845.28,RS,0.486,MEDIUM
100956,51,3861.74,PR,0.607,MEDIUM
100957,41,1624.7,PR,0.8034,HIGH
100958,52,6551.84,PE,0.1763,LOW
100959,69,2901.3,RJ,0.566,MEDIUM
100960,41,4130.71,SC,0.6183,MEDIUM
100961,28,2117.58,SP,0.5001,MEDIUM
100962,41,3175.78,RS,0.3472,LOW
100963,63,3672.53,MG,0.6134,MEDIUM
100964,31,4177.3,SP,0.4565,MEDIUM
100965,68,5287.56,SP,0.5608,MEDIUM
100966,50,8379.94,SC,0.4336,MEDIUM
100967,51,5970.23,SC,0.4124,MEDIUM
100968,36,6665.36,SC,0.4155,MEDIUM
100969,67,8408.26,MG,0.4028,MEDIUM
100970,22,5520.92,SC,0.5087,MEDIUM
100971,35,4126.65,PR,0.3923,MEDIUM
100972,41,6817.26,SP,0.1314,LOW
100973,44,7029.59,MG,0.5381,MEDIUM
100974,44,5733.9,MG,0.7362,HIGH
100975,28,2089.37,BA,0.4836,MEDIUM
100976,32,2804.38,MG,0.2605,LOW
100977,25,3680.89,MG,0.5116,MEDIUM
100978,49,6106.19,PE,0.6938,HIGH
100979,38,4157.19,PE,0.0402,LOW
100980,49,7248.41,SP,0.2237,LOW
100981,50,7896.33,PE,0.247,LOW
100982,56,7468.44,SP,0.1315,LOW
100983,48,7491.31,BA,0.5289,MEDIUM
100984,53,2553.15,SP,0.7524,HIGH
100985,50,5294.93,MG,0.3471,LOW
100986,53,3137.64,PE,0.1399,LOW
100987,51,1903.19,SP,0.3732,MEDIUM
100988,36,3658.67,BA,0.5534,MEDIUM
100989,33,7932.42,MG,0.3334,LOW
100990,60,5239.58,SP,0.5605,MEDIUM
100991,38,11063.3,PE,0.4084,MEDIUM
100992,48,4572.93,PR,0.5198,MEDIUM
100993,30,13599.46,PE,0.6467,MEDIUM
100994,42,4573.57,BA,0.6489,MEDIUM
100995,47,4245.57,SP,0.5703,MEDIUM
100996,52,2272.72,SP,0.7964,HIGH
100997,47,7157.46,RJ,0.3517,MEDIUM
100998,39,3300.47,PR,0.4013,MEDIUM
100999,69,3078.68,SP,0.326,LOW
101000,46,7768.49,RJ,0.4004,MEDIUM
101001,61,7323.08,BA,0.7176,HIGH
101002,57,7231.66,SP,0.4567,MEDIUM
101003,48,3529.77,SC,0.6097,MEDIUM
101004,65,4098.48,MG,0.249,LOW
101005,27,4081.05,SP,0.6021,MEDIUM
101006,67,6114.68,SP,0.5505,MEDIUM
101007,63,8853.35,SP,0.1895,LOW
101008,46,5011.8,PR,0.6787,HIGH
101009,57,10837.72,SP,0.2196,LOW
101010,47,6460.7,BA,0.1951,LOW
101011,34,3752.34,BA,0.6029,MEDIUM
101012,60,6251.78,SP,0.3254,LOW
101013,33,9525.15,PE,0.461,MEDIUM
101014,36,10960.12,PE,0.1682,LOW
101015,46,7424.55,SP,0.2018,LOW
101016,62,4252.08,PE,0.3417,LOW
101017,40,3785.1,SP,0.2146,LOW
101018,45,5537.8,SC,0.2628,LOW
101019,23,9380.12,SP,0.4838,MEDIUM
101020,26,5172.18,BA,0.6906,HIGH
101021,23,5223.98,BA,0.3367,LOW
101022,24,4304.91,PE,0.4072,MEDIUM
101023,64,3588.37,PE,0.6304,MEDIUM
101024,63,3885.53,SP,0.401,MEDIUM
101025,62,4482.09,SC,0.3522,MEDIUM
101026,23,9580.91,SP,0.203,LOW
101027,24,3743.5,SP,0.2776,LOW
101028,35,4307.42,SP,0.5527,MEDIUM
101029,49,2772.37,PE,0.3638,MEDIUM
101030,37,5924.33,SC,0.2321,LOW
101031,45,8093.74,SP,0.5767,MEDIUM
101032,29,9159.98,PE,0.609,MEDIUM
101033,57,4630.66,BA,0.6399,MEDIUM
101034,36,5533.25,RJ,0.2984,LOW
101035,24,3901.58,MG,0.6722,HIGH
101036,58,5411.54,RS,0.336,LOW
101037,66,4883.14,SC,0.3403,LOW
101038,21,4319.12,MG,0.513,MEDIUM
101039,42,4487.1,MG,0.3782,MEDIUM
101040,62,5217.44,SP,0.3855,MEDIUM
101041,56,3646.95,MG,0.5475,MEDIUM
101042,63,3738.51,RJ,0.3099,LOW
101043,41,9531.65,SP,0.6156,MEDIUM
101044,39,15427.43,SP,0.3552,MEDIUM
101045,56,2356.05,SC,0.4308,MEDIUM
101046,28,2294.55,MG,0.1119,LOW
101047,32,2652.89,MG,0.4893,MEDIUM
101048,51,3996.85,SP,0.0561,LOW
101049,54,6456.32,PE,0.4528,MEDIUM
101050,26,5578.31,SP,0.2806,LOW
101051,46,4561.54,RJ,0.751,HIGH
101052,39,5413.92,SP,0.3044,LOW
101053,46,3012.84,SC,0.33,LOW
101054,68,3735.59,MG,0.5029,MEDIUM
101055,24,4159.68,RJ,0.4237,MEDIUM
101056,70,1963.37,BA,0.1832,LOW
101057,43,2405.25,RS,0.3682,MEDIUM
101058,59,2451.58,MG,0.1973,LOW
101059,42,6060.89,MG,0.1377,LOW
101060,36,4724.94,PE,0.5579,MEDIUM
101061,59,5631.6,PE,0.585,MEDIUM
101062,55,1736.81,SC,0.299,LOW
101063,28,2060.55,RS,0.1878,LOW
101064,56,5774.36,PE,0.3606,MEDIUM
101065,58,1400.0,PE,0.3812,MEDIUM
101066,40,7560.27,SP,0.6059,MEDIUM
101067,67,1750.48,PE,0.2825,LOW
101068,53,6295.85,SC,0.2377,LOW
101069,37,2741.66,PR,0.1167,LOW
101070,21,6948.73,RJ,0.3942,MEDIUM
101071,54,19589.66,RJ,0.4345,MEDIUM
101072,31,1410.52,BA,0.2645,LOW
101073,58,5864.2,SC,0.2411,LOW
101074,47,1763.26,SP,0.616,MEDIUM
101075,44,5154.83,PR,0.1905,LOW
101076,29,3803.17,SP,0.8851,HIGH
101077,56,4469.96,MG,0.5562,MEDIUM
101078,29,2711.43,PR,0.6433,MEDIUM
101079,41,6108.88,SC,0.3348,LOW
101080,62,2095.67,SP,0.0853,LOW
101081,67,7622.24,SP,0.6699,HIGH
101082,70,3450.93,SP,0.3095,LOW
101083,68,2142.11,PR,0.1505,LOW
101084,48,9030.92,PE,0.4794,MEDIUM
101085,31,4066.41,RS,0.5107,MEDIUM
101086,62,10493.43,RS,0.0785,LOW
101087,61,7548.4,RJ,0.6834,HIGH
101088,70,2863.3,SP,0.39,MEDIUM
101089,53,4032.11,PE,0.4305,MEDIUM
101090,28,4451.24,MG,0.2479,LOW
101091,46,8738.25,SP,0.346,LOW
101092,43,5181.49,PR,0.2088,LOW
101093,63,4570.88,SC,0.318,LOW
101094,40,3815.77,RJ,0.396,MEDIUM
101095,37,4099.3,SP,0.1261,LOW
101096,25,7856.09,PR,0.2427,LOW
101097,62,4207.48,SP,0.3926,MEDIUM
101098,58,3474.62,MG,0.281,LOW
101099,23,3203.11,BA,0.7209,HIGH
101100,42,3219.66,PE,0.4458,MEDIUM
101101,44,2142.73,RJ,0.2057,LOW
101102,44,2929.71,SP,0.7633,HIGH
101103,66,8622.08,MG,0.6419,MEDIUM
101104,28,3803.48,SP,0.4093,MEDIUM
101105,36,5889.68,PE,0.3205,LOW
101106,30,1400.0,RS,0.4815,MEDIUM
101107,33,5517.22,RJ,0.2905,LOW
101108,66,3886.99,RS,0.3989,MEDIUM
101109,68,3333.4,RJ,0.2406,LOW
101110,23,4581.13,MG,0.6022,MEDIUM
101111,52,3310.46,PE,0.0942,LOW
101112,32,1515.32,SP,0.0824,LOW
101113,30,6538.86,RJ,0.2958,LOW
101114,35,4719.64,PE,0.358,MEDIUM
101115,30,3612.47,MG,0.3884,MEDIUM
101116,45,2641.42,RJ,0.3283,LOW
101117,70,2074.15,SP,0.2427,LOW
101118,50,4676.51,RJ,0.3115,LOW
101119,57,9111.49,MG,0.3197,LOW
101120,45,4630.22,RJ,0.1353,LOW
101121,21,2162.7,SP,0.5381,MEDIUM
101122,25,4679.26,RJ,0.5633,MEDIUM
101123,34,4093.83,SC,0.432,MEDIUM
101124,33,6358.71,PE,0.4254,MEDIUM
101125,63,5619.91,SC,0.0921,LOW
101126,63,1400.0,SC,0.1711,LOW
101127,63,5456.46,BA,0.2706,LOW
101128,52,2594.55,SP,0.2911,LOW
101129,48,2122.63,RJ,0.7429,HIGH
101130,53,3836.72,SP,0.6773,HIGH
101131,41,5115.89,RJ,0.1288,LOW
101132,54,1910.82,PE,0.3576,MEDIUM
101133,60,5890.15,RJ,0.2773,LOW
101134,59,6058.65,BA,0.0283,LOW
101135,51,4295.78,SP,0.5331,MEDIUM
101136,23,2769.38,MG,0.3102,LOW
101137,57,2624.74,RJ,0.5115,MEDIUM
101138,39,6872.53,SP,0.8834,HIGH
101139,58,2033.38,RJ,0.4558,MEDIUM
101140,47,7000.84,SC,0.3775,MEDIUM
101141,65,3879.82,MG,0.1458,LOW
101142,37,4011.17,BA,0.7611,HIGH
101143,67,1850.03,PE,0.2011,LOW
101144,63,3914.39,MG,0.1009,LOW
101145,37,5638.43,PE,0.7528,HIGH
101146,45,2211.36,SP,0.7008,HIGH
101147,47,5335.75,SP,0.441,MEDIUM
101148,59,4383.34,RJ,0.5162,MEDIUM
101149,55,3083.55,PR,0.4583,MEDIUM
101150,63,6330.17,PR,0.2788,LOW
101151,39,1459.36,PR,0.3382,LOW
101152,46,4960.42,PE,0.1375,LOW
101153,42,9137.74,SP,0.8654,HIGH
101154,66,8383.43,BA,0.5477,MEDIUM
101155,36,5064.18,PR,0.1678,LOW
101156,50,3633.8,MG,0.6551,HIGH
101157,27,3095.34,SP,0.6334,MEDIUM
101158,63,3631.62,RJ,0.3786,MEDIUM
101159,40,5452.71,RJ,0.4886,MEDIUM
101160,38,2850.82,RS,0.4018,MEDIUM
101161,50,6041.47,MG,0.1584,LOW
101162,45,11693.13,SP,0.6215,MEDIUM
101163,63,4077.08,RS,0.4073,MEDIUM
101164,47,2202.9,SC,0.8384,HIGH
101165,46,2202.53,PE,0.4228,MEDIUM
101166,26,6097.24,MG,0.8109,HIGH
101167,22,4081.26,SC,0.6855,HIGH
101168,40,6397.86,MG,0.8995,HIGH
101169,70,3250.93,SC,0.6262,MEDIUM
101170,66,6257.52,MG,0.4962,MEDIUM
101171,52,3892.69,SP,0.8129,HIGH
101172,52,2954.95,PE,0.0339,LOW
101173,40,3464.63,RS,0.3357,LOW
101174,29,2364.34,PR,0.3404,LOW
101175,21,10913.24,MG,0.4562,MEDIUM
101176,37,4010.12,RS,0.2954,LOW
101177,36,5722.76,SP,0.494,MEDIUM
101178,30,3245.88,RJ,0.0569,LOW
101179,33,2534.91,SP,0.0745,LOW
101180,22,3754.0,SP,0.6775,HIGH
101181,51,7125.34,SP,0.4909,MEDIUM
101182,67,3271.12,RS,0.2036,LOW
101183,55,2765.52,SP,0.7025,HIGH
101184,43,4525.41,BA,0.6267,MEDIUM
101185,42,5336.74,PE,0.2771,LOW
101186,36,9241.01,SP,0.3771,MEDIUM
101187,28,4977.29,SC,0.1106,LOW
101188,50,5721.33,MG,0.5404,MEDIUM
101189,49,5931.85,PE,0.4125,MEDIUM
101190,21,2414.85,MG,0.5372,MEDIUM
101191,41,2645.04,RJ,0.3026,LOW
101192,34,2496.31,SP,0.3308,LOW
101193,29,2215.89,PE,0.2959,LOW
101194,56,6152.79,SP,0.5216,MEDIUM
101195,47,4827.4,BA,0.3597,MEDIUM
101196,52,4363.36,SP,0.3118,LOW
101197,56,1400.0,SC,0.2194,LOW
101198,70,11265.14,MG,0.8048,HIGH
101199,61,2734.19,SP,0.362,MEDIUM
101200,52,11245.35,SP,0.4355,MEDIUM
101201,64,2094.78,SP,0.2743,LOW
101202,44,2843.77,RS,0.2286,LOW
101203,70,1458.95,RS,0.2571,LOW
101204,59,4997.33,SP,0.5071,MEDIUM
101205,53,2475.6,MG,0.6075,MEDIUM
101206,66,2509.4,SP,0.2586,LOW
101207,46,2173.37,RS,0.4549,MEDIUM
101208,57,6099.55,BA,0.1847,LOW
101209,35,5909.65,PE,0.6077,MEDIUM
101210,69,10022.78,PE,0.0564,LOW
101211,52,3022.08,RJ,0.659,HIGH
101212,60,4665.14,SP,0.3855,MEDIUM
101213,44,2261.9,PE,0.7078,HIGH
101214,64,3576.07,SP,0.6212,MEDIUM
101215,24,3274.09,SP,0.6069,MEDIUM
101216,26,5248.91,RJ,0.5416,MEDIUM
101217,46,6843.2,RS,0.3385,LOW
101218,57,6758.47,SC,0.6767,HIGH
101219,61,2802.56,PE,0.3846,MEDIUM
101220,43,6782.52,RJ,0.2889,LOW
101221,53,4112.06,SP,0.3175,LOW
101222,48,3594.04,RJ,0.4753,MEDIUM
101223,69,2989.18,RS,0.1883,LOW
101224,53,3210.14,SP,0.342,LOW
101225,41,9692.91,PE,0.3951,MEDIUM
101226,69,4867.8,MG,0.8374,HIGH
101227,26,4567.19,RS,0.9021,HIGH
101228,70,3703.23,BA,0.3038,LOW
101229,28,13587.55,MG,0.2842,LOW
101230,35,7857.67,RS,0.885,HIGH
101231,62,2971.23,RJ,0.5684,MEDIUM
101232,57,3683.08,BA,0.4167,MEDIUM
101233,69,3789.55,BA,0.3002,LOW
101234,58,4504.62,PR,0.3265,LOW
101235,52,2999.65,SP,0.0716,LOW
101236,38,5184.72,PE,0.4271,MEDIUM
101237,21,8432.45,PE,0.4153,MEDIUM
101238,27,2235.67,PR,0.3885,MEDIUM
101239,35,2443.85,PE,0.6025,MEDIUM
101240,23,3330.65,MG,0.4134,MEDIUM
101241,46,3405.61,RJ,0.3103,LOW
101242,59,10961.05,MG,0.1967,LOW
101243,69,6793.08,SP,0.5801,MEDIUM
101244,45,6608.52,PR,0.1023,LOW
101245,64,3699.47,SC,0.1596,LOW
101246,70,3660.7,SP,0.7162,HIGH
101247,63,2092.3,SP,0.384,MEDIUM
101248,44,6112.4,RS,0.3973,MEDIUM
101249,37,5316.37,BA,0.228,LOW
101250,69,7786.28,PE,0.6387,MEDIUM
101251,33,3795.77,SP,0.7419,HIGH
101252,41,3923.68,BA,0.6238,MEDIUM
101253,24,4557.19,SP,0.5291,MEDIUM
101254,60,6444.3,SP,0.5779,MEDIUM
101255,53,2073.8,RS,0.1955,LOW
101256,25,5979.83,MG,0.2041,LOW
101257,32,4158.88,BA,0.5348,MEDIUM
101258,48,2526.76,SP,0.4428,MEDIUM
101259,48,1544.15,SP,0.285,LOW
101260,61,3933.69,PR,0.2398,LOW
101261,34,8414.76,SP,0.3976,MEDIUM
101262,67,9383.32,SP,0.201,LOW
101263,43,4981.17,SP,0.765,HIGH
101264,62,10770.89,RJ,0.3556,MEDIUM
101265,32,4114.32,RS,0.2558,LOW
101266,22,6637.07,SP,0.4164,MEDIUM
101267,23,3382.09,PR,0.484,MEDIUM
101268,39,3280.77,PR,0.274,LOW
101269,68,3033.99,PR,0.3147,LOW
101270,23,1562.1,MG,0.7409,HIGH
101271,39,7790.37,SC,0.118,LOW
101272,26,3086.7,BA,0.5307,MEDIUM
101273,67,2858.78,SP,0.0995,LOW
101274,54,2383.81,BA,0.8232,HIGH
101275,59,3807.57,SP,0.3096,LOW
101276,56,9791.95,MG,0.2237,LOW
101277,53,11474.17,MG,0.1949,LOW
101278,59,1892.44,SP,0.5072,MEDIUM
101279,21,3542.91,SP,0.318,LOW
101280,64,2556.38,SP,0.0892,LOW
101281,57,6749.62,SP,0.8269,HIGH
101282,57,4819.4,PR,0.6616,HIGH
101283,40,3094.21,SP,0.0565,LOW
101284,61,4348.89,BA,0.5996,MEDIUM
101285,40,3339.84,PE,0.3357,LOW
101286,23,9115.01,SP,0.3455,LOW
101287,66,5460.96,SP,0.3303,LOW
101288,32,5792.71,RJ,0.3542,MEDIUM
101289,26,1400.0,PE,0.1578,LOW
101290,52,4067.49,RJ,0.0571,LOW
101291,32,11416.11,SP,0.2118,LOW
101292,63,7937.72,PE,0.4525,MEDIUM
101293,43,1730.62,MG,0.3932,MEDIUM
101294,21,3613.37,RJ,0.2697,LOW
101295,68,2359.28,PE,0.3023,LOW
101296,46,9548.78,PE,0.0475,LOW
101297,34,4722.5,MG,0.907,HIGH
101298,54,2905.32,RJ,0.5821,MEDIUM
101299,47,4269.43,MG,0.4783,MEDIUM
101300,22,1400.0,SP,0.586,MEDIUM
101301,58,2495.04,MG,0.5531,MEDIUM
101302,41,4274.12,SP,0.2816,LOW
101303,55,6302.89,PR,0.1159,LOW
101304,65,1654.09,RS,0.1989,LOW
101305,51,3497.79,PE,0.0575,LOW
101306,54,6819.14,BA,0.5812,MEDIUM
101307,33,2092.56,SP,0.7287,HIGH
101308,32,4688.4,SP,0.5301,MEDIUM
101309,41,4335.13,PR,0.2093,LOW
101310,63,9563.82,SP,0.5642,MEDIUM
101311,47,3760.75,SP,0.4319,MEDIUM
101312,38,3867.92,RS,0.6894,HIGH
101313,59,6331.04,RJ,0.8741,HIGH
101314,63,2222.07,SP,0.3095,LOW
101315,66,3777.49,MG,0.1442,LOW
101316,35,3374.8,PE,0.4528,MEDIUM
101317,56,3929.09,SC,0.3206,LOW
101318,50,6311.16,SP,0.2519,LOW
101319,43,5479.87,MG,0.4013,MEDIUM
101320,40,2932.09,PE,0.5,MEDIUM
101321,26,4484.83,SP,0.0777,LOW
101322,34,8589.12,SC,0.3796,MEDIUM
101323,48,2818.0,RS,0.4776,MEDIUM
101324,65,4503.09,SC,0.7087,HIGH
101325,64,3828.1,SP,0.3783,MEDIUM
101326,30,4074.88,PE,0.4194,MEDIUM
101327,54,1920.08,RJ,0.2657,LOW
101328,25,8266.83,SP,0.0356,LOW
101329,54,2896.19,SP,0.1198,LOW
101330,38,6872.99,MG,0.656,HIGH
101331,43,3116.85,SP,0.5083,MEDIUM
101332,56,3110.68,RS,0.1563,LOW
101333,42,7518.63,BA,0.454,MEDIUM
101334,61,6767.62,SP,0.2937,LOW
101335,47,4642.46,BA,0.0224,LOW
101336,70,6052.29,PE,0.3202,LOW
101337,52,3656.77,SP,0.5344,MEDIUM
101338,35,4183.16,RS,0.4847,MEDIUM
101339,59,3057.22,PE,0.7318,HIGH
101340,41,6482.04,BA,0.3076,LOW
101341,47,3010.92,MG,0.4222,MEDIUM
101342,27,8567.36,PE,0.3574,MEDIUM
101343,26,3609.19,SC,0.2858,LOW
101344,49,4241.55,SP,0.1723,LOW
101345,30,6045.26,SP,0.361,MEDIUM
101346,70,4248.39,MG,0.4431,MEDIUM
101347,63,3640.38,RJ,0.6921,HIGH
101348,56,4139.91,RJ,0.4996,MEDIUM
101349,57,6450.24,SP,0.7722,HIGH
101350,50,3055.42,BA,0.4175,MEDIUM
101351,24,3953.06,SC,0.6096,MEDIUM
101352,40,4220.79,RJ,0.3026,LOW
101353,45,6360.36,SP,0.2842,LOW
101354,66,4003.46,SP,0.7425,HIGH
101355,31,10004.83,SP,0.3861,MEDIUM
101356,45,3895.98,PR,0.174,LOW
101357,38,3747.15,SP,0.802,HIGH
101358,27,3868.97,PE,0.4271,MEDIUM
101359,26,2232.44,SP,0.3467,LOW
101360,39,2553.48,SP,0.109,LOW
101361,25,3255.56,BA,0.5084,MEDIUM
101362,24,7244.79,RJ,0.7085,HIGH
101363,38,4133.75,RJ,0.6024,MEDIUM
101364,31,3328.28,SP,0.4505,MEDIUM
101365,48,7567.19,SC,0.3562,MEDIUM
101366,21,8843.21,RJ,0.5185,MEDIUM
101367,36,7672.7,BA,0.3064,LOW
101368,43,2788.77,SC,0.4345,MEDIUM
101369,69,3311.38,BA,0.5163,MEDIUM
101370,52,10030.98,PR,0.4841,MEDIUM
101371,65,4715.39,RS,0.5928,MEDIUM
101372,38,3693.68,SC,0.1365,LOW
101373,43,5929.21,MG,0.0749,LOW
101374,42,6811.33,SC,0.6963,HIGH
101375,65,3192.45,SC,0.7542,HIGH
101376,68,4666.53,SP,0.4671,MEDIUM
101377,69,6552.41,SC,0.3726,MEDIUM
101378,58,2406.44,SP,0.489,MEDIUM
101379,46,4224.96,PR,0.5022,MEDIUM
101380,48,2460.04,SP,0.5884,MEDIUM
101381,70,2619.45,SP,0.28,LOW
101382,35,3205.27,SP,0.3497,LOW
101383,38,5280.93,SP,0.3534,MEDIUM
101384,65,3598.49,SP,0.4287,MEDIUM
101385,40,3076.66,SP,0.0852,LOW
101386,32,4305.23,PR,0.3928,MEDIUM
101387,49,2421.88,RJ,0.8016,HIGH
101388,37,5159.86,PE,0.4525,MEDIUM
101389,65,7229.36,BA,0.6681,HIGH
101390,66,4043.32,SP,0.3972,MEDIUM
101391,36,3810.7,RJ,0.1497,LOW
101392,47,5024.55,MG,0.4115,MEDIUM
101393,70,1586.32,RJ,0.0704,LOW
101394,58,5434.44,MG,0.1519,LOW
101395,31,18615.41,SC,0.4443,MEDIUM
101396,50,3959.83,SC,0.3468,LOW
101397,51,3966.58,RJ,0.2322,LOW
101398,53,6001.54,SC,0.2152,LOW
101399,22,9252.04,SP,0.4511,MEDIUM
101400,35,6706.45,BA,0.696,HIGH
101401,63,1492.41,PE,0.3894,MEDIUM
101402,33,5504.22,SP,0.8403,HIGH
101403,35,14434.35,RS,0.8093,HIGH
101404,37,5662.45,BA,0.4447,MEDIUM
101405,29,2413.01,MG,0.2351,LOW
101406,28,4808.39,SP,0.3167,LOW
101407,38,2271.31,RS,0.3629,MEDIUM
101408,64,7589.99,RJ,0.1445,LOW
101409,21,2654.51,SP,0.5387,MEDIUM
101410,35,4352.37,PR,0.2252,LOW
101411,24,2782.5,MG,0.6399,MEDIUM
101412,49,3230.99,SP,0.7016,HIGH
101413,33,8571.45,PE,0.333,LOW
101414,60,4413.84,SP,0.1217,LOW
101415,50,3211.27,MG,0.5693,MEDIUM
101416,60,2423.89,SC,0.6309,MEDIUM
101417,52,1710.3,SP,0.2411,LOW
101418,42,2303.59,RS,0.518,MEDIUM
101419,64,4431.88,SC,0.5457,MEDIUM
101420,44,6723.42,MG,0.1096,LOW
101421,68,3209.5,MG,0.1283,LOW
101422,70,8925.8,PE,0.2859,LOW
101423,50,2976.31,PE,0.308,LOW
101424,54,3746.56,SP,0.5902,MEDIUM
101425,33,2501.49,RJ,0.4917,MEDIUM
101426,61,6757.48,MG,0.261,LOW
101427,54,11494.74,PE,0.3508,MEDIUM
101428,66,1802.93,BA,0.4952,MEDIUM
101429,34,3557.03,RJ,0.4462,MEDIUM
101430,60,7707.38,PE,0.2071,LOW
101431,44,2097.09,RJ,0.241,LOW
101432,30,5512.91,SP,0.2547,LOW
101433,29,7548.82,PR,0.1755,LOW
101434,49,4360.71,RJ,0.5631,MEDIUM
101435,36,5469.63,PR,0.0122,LOW
101436,26,9779.79,RJ,0.4085,MEDIUM
101437,42,10700.92,BA,0.4866,MEDIUM
101438,53,4076.91,PE,0.5732,MEDIUM
101439,36,3252.89,SP,0.5602,MEDIUM
101440,68,2700.65,MG,0.6866,HIGH
101441,59,6712.87,RS,0.6914,HIGH
101442,46,2174.14,SP,0.6115,MEDIUM
101443,67,3720.47,BA,0.4919,MEDIUM
101444,42,4412.21,PR,0.5684,MEDIUM
101445,27,3299.08,SP,0.1166,LOW
101446,22,4803.76,BA,0.2849,LOW
101447,67,14383.06,MG,0.4099,MEDIUM
101448,68,3961.87,SP,0.6009,MEDIUM
101449,57,3407.88,SP,0.1605,LOW
101450,26,6837.65,RS,0.6204,MEDIUM
101451,35,4711.87,PE,0.2056,LOW
101452,23,8380.99,RJ,0.1526,LOW
101453,23,4545.49,SP,0.5436,MEDIUM
101454,33,3727.89,SP,0.6336,MEDIUM
101455,49,1784.07,SC,0.3854,MEDIUM
101456,24,1930.18,RJ,0.4229,MEDIUM
101457,70,1740.11,MG,0.2512,LOW
101458,43,5038.8,RJ,0.7441,HIGH
101459,34,2184.1,MG,0.3673,MEDIUM
101460,46,7673.41,SC,0.7317,HIGH
101461,60,4261.42,PR,0.1253,LOW
101462,36,3735.47,SP,0.5763,MEDIUM
101463,23,2801.16,MG,0.6147,MEDIUM
101464,23,5661.95,MG,0.4355,MEDIUM
101465,63,2854.58,PR,0.1436,LOW
101466,26,2617.19,SP,0.3594,MEDIUM
101467,52,7429.75,SP,0.6035,MEDIUM
101468,40,4979.37,PR,0.3047,LOW
101469,59,3752.11,SP,0.2133,LOW
101470,24,5714.3,PR,0.3721,MEDIUM
101471,65,4218.05,RJ,0.6437,MEDIUM
101472,55,5047.69,SP,0.1146,LOW
101473,43,2837.71,SC,0.2414,LOW
101474,31,11346.12,RJ,0.5054,MEDIUM
101475,69,3179.95,SP,0.211,LOW
101476,36,8863.77,BA,0.426,MEDIUM
101477,45,3835.99,MG,0.8933,HIGH
101478,40,6187.25,PE,0.9377,HIGH
101479,32,5974.57,SP,0.5179,MEDIUM
101480,41,7283.22,BA,0.3998,MEDIUM
101481,28,2805.51,BA,0.7221,HIGH
101482,21,7038.46,SP,0.3813,MEDIUM
101483,35,10189.68,PR,0.4807,MEDIUM
101484,26,3709.55,SC,0.033,LOW
101485,41,4270.55,MG,0.7434,HIGH
101486,64,3266.86,RJ,0.2895,LOW
101487,29,3556.56,PE,0.7089,HIGH
101488,21,9550.25,SC,0.2113,LOW
101489,26,2593.61,PE,0.3225,LOW
101490,46,2672.11,BA,0.3045,LOW
101491,34,9100.39,BA,0.2097,LOW
101492,45,5668.18,RS,0.3878,MEDIUM
101493,22,11621.56,SC,0.679,HIGH
101494,37,3383.38,PE,0.0899,LOW
101495,41,4462.46,PR,0.3461,LOW
101496,42,3058.61,SP,0.5244,MEDIUM
101497,48,4499.06,PR,0.4137,MEDIUM
101498,60,1792.33,SP,0.3376,LOW
101499,44,5834.93,PE,0.5345,MEDIUM
101500,63,4905.48,SC,0.2349,LOW
101501,47,4085.56,PR,0.1237,LOW
101502,34,3482.36,SP,0.7775,HIGH
101503,32,2733.55,MG,0.5382,MEDIUM
101504,37,5955.93,RJ,0.0902,LOW
101505,50,2393.99,SC,0.1761,LOW
101506,33,5369.82,PR,0.3873,MEDIUM
101507,66,11368.21,MG,0.4224,MEDIUM
101508,44,8568.86,SP,0.1055,LOW
101509,64,2039.33,MG,0.7005,HIGH
101510,55,3246.09,MG,0.1477,LOW
101511,37,5141.69,BA,0.1096,LOW
101512,32,4060.67,PE,0.2989,LOW
101513,58,2145.49,RS,0.3314,LOW
101514,37,5053.27,RJ,0.6216,MEDIUM
101515,33,4179.85,SP,0.5496,MEDIUM
101516,67,10527.18,PE,0.6114,MEDIUM
101517,45,3719.3,PE,0.3634,MEDIUM
101518,23,7357.54,SP,0.414,MEDIUM
101519,45,2286.18,SC,0.4152,MEDIUM
101520,44,2564.18,MG,0.3422,LOW
101521,64,5938.65,SP,0.2141,LOW
101522,56,7065.86,PE,0.0506,LOW
101523,30,2652.59,PE,0.7107,HIGH
101524,28,4248.82,PE,0.1802,LOW
101525,51,2163.93,SP,0.4101,MEDIUM
101526,23,3850.1,MG,0.4056,MEDIUM
101527,36,6276.47,PE,0.41,MEDIUM
101528,27,3408.61,SC,0.2927,LOW
101529,22,3726.79,MG,0.5183,MEDIUM
101530,66,2441.92,MG,0.7048,HIGH
101531,25,3076.75,SP,0.5695,MEDIUM
101532,21,9766.69,PR,0.5606,MEDIUM
101533,67,4349.62,BA,0.1267,LOW
101534,30,2596.01,SP,0.7421,HIGH
101535,61,3611.03,SP,0.4668,MEDIUM
101536,22,1950.96,MG,0.6298,MEDIUM
101537,28,2581.29,PR,0.3454,LOW
101538,26,8069.15,RJ,0.9153,HIGH
101539,56,3922.36,SP,0.4928,MEDIUM
101540,52,10408.63,RS,0.2205,LOW
101541,44,4012.11,SP,0.1444,LOW
101542,33,4128.09,SC,0.0892,LOW
101543,25,5712.83,PR,0.5301,MEDIUM
101544,49,1400.0,MG,0.346,LOW
101545,32,4634.16,PR,0.6191,MEDIUM
101546,50,4102.4,SC,0.642,MEDIUM
101547,55,8570.99,PR,0.3222,LOW
101548,63,6673.41,PR,0.1393,LOW
101549,45,2437.35,MG,0.7354,HIGH
101550,21,7624.08,MG,0.3248,LOW
101551,35,3703.11,MG,0.6005,MEDIUM
101552,63,2720.86,MG,0.2528,LOW
101553,47,4616.76,MG,0.1351,LOW
101554,51,3810.48,SP,0.4524,MEDIUM
101555,43,8789.41,RS,0.3815,MEDIUM
101556,29,4946.02,SP,0.4672,MEDIUM
101557,65,4635.76,PE,0.2233,LOW
101558,59,6471.42,PR,0.3172,LOW
101559,70,7096.93,SP,0.7799,HIGH
101560,63,6117.88,SC,0.7562,HIGH
101561,35,8301.42,RJ,0.3806,MEDIUM
101562,33,5625.18,PE,0.1091,LOW
101563,33,4551.96,PE,0.3292,LOW
101564,66,7613.23,BA,0.4936,MEDIUM
101565,48,4020.69,PR,0.6276,MEDIUM
101566,43,4267.56,PE,0.3704,MEDIUM
101567,69,9596.91,SC,0.4989,MEDIUM
101568,51,9148.67,BA,0.3166,LOW
101569,66,4183.55,SP,0.2511,LOW
101570,70,3378.32,PE,0.66,HIGH
101571,24,8477.43,SC,0.9592,HIGH
101572,39,6167.45,RJ,0.7768,HIGH
101573,57,4886.93,PE,0.3753,MEDIUM
101574,61,3598.75,SC,0.5371,MEDIUM
101575,28,4924.87,PE,0.1251,LOW
101576,36,4156.46,SP,0.3382,LOW
101577,48,3053.24,PR,0.2639,LOW
101578,60,4468.38,RS,0.5425,MEDIUM
101579,26,4770.68,SP,0.2775,LOW
101580,51,3507.47,RS,0.3555,MEDIUM
101581,35,6481.3,SC,0.4442,MEDIUM
101582,31,7796.88,SP,0.1173,LOW
101583,46,6690.14,SC,0.3625,MEDIUM
101584,41,3678.43,SP,0.187,LOW
101585,52,6036.83,BA,0.3603,MEDIUM
101586,36,4360.15,BA,0.6084,MEDIUM
101587,62,2320.83,MG,0.2874,LOW
101588,24,5800.79,MG,0.4642,MEDIUM
101589,64,4505.18,RJ,0.3085,LOW
101590,22,14584.91,RJ,0.1071,LOW
101591,57,8453.45,BA,0.4166,MEDIUM
101592,38,5908.76,RJ,0.2592,LOW
101593,40,4733.6,RJ,0.1855,LOW
101594,21,4543.38,SP,0.1448,LOW
101595,56,2594.29,SC,0.4366,MEDIUM
101596,29,1822.79,BA,0.7597,HIGH
101597,53,2762.83,SP,0.7987,HIGH
101598,57,4104.9,SP,0.2734,LOW
101599,63,1528.71,SP,0.1933,LOW
101600,56,3234.29,SP,0.5391,MEDIUM
101601,36,3729.34,RJ,0.4742,MEDIUM
101602,57,3787.4,RS,0.4534,MEDIUM
101603,62,3057.07,PR,0.7247,HIGH
101604,36,3564.98,SP,0.6499,MEDIUM
101605,27,9607.59,PR,0.3982,MEDIUM
101606,65,5771.4,BA,0.3746,MEDIUM
101607,28,3209.58,RJ,0.2905,LOW
101608,50,4064.45,SP,0.214,LOW
101609,32,4143.31,RS,0.7973,HIGH
101610,27,2905.09,SP,0.4641,MEDIUM
101611,59,2903.46,BA,0.3845,MEDIUM
101612,28,6821.89,BA,0.4096,MEDIUM
101613,54,3433.53,PE,0.5129,MEDIUM
101614,55,2483.4,SP,0.3581,MEDIUM
101615,24,4113.92,SP,0.2214,LOW
101616,29,4444.77,BA,0.1155,LOW
101617,60,1629.36,MG,0.288,LOW
101618,46,4118.65,RJ,0.2393,LOW
101619,27,6370.74,PR,0.5032,MEDIUM
101620,70,5215.71,SP,0.4441,MEDIUM
101621,34,12248.29,SC,0.7954,HIGH
101622,21,7656.98,PE,0.6045,MEDIUM
101623,67,8419.69,SC,0.2539,LOW
101624,21,16104.94,MG,0.5616,MEDIUM
101625,48,6043.6,PE,0.6603,HIGH
101626,70,4541.96,SC,0.4619,MEDIUM
101627,49,6702.5,SP,0.4452,MEDIUM
101628,50,3211.22,SC,0.3587,MEDIUM
101629,40,4422.8,SP,0.2071,LOW
101630,27,3077.68,RJ,0.1329,LOW
101631,49,5084.1,PR,0.244,LOW
101632,65,3071.51,SP,0.1871,LOW
101633,25,3020.31,SP,0.1797,LOW
101634,65,5122.03,PR,0.2131,LOW
101635,41,3931.35,SP,0.2338,LOW
101636,47,1665.08,PR,0.0464,LOW
101637,29,2088.44,SP,0.2671,LOW
101638,52,2421.52,SC,0.291,LOW
101639,30,2749.06,PE,0.2823,LOW
101640,34,5124.37,SP,0.6445,MEDIUM
101641,57,4665.41,RS,0.2681,LOW
101642,23,7003.56,SP,0.5908,MEDIUM
101643,43,6028.09,RJ,0.1604,LOW
101644,50,7025.86,RJ,0.5443,MEDIUM
101645,27,5624.4,SP,0.6279,MEDIUM
101646,35,4644.72,SP,0.0962,LOW
101647,38,7119.04,RS,0.512,MEDIUM
101648,54,6529.97,BA,0.3544,MEDIUM
101649,69,5030.96,PE,0.6146,MEDIUM
101650,62,7730.7,PE,0.5225,MEDIUM
101651,30,1400.0,MG,0.6373,MEDIUM
101652,21,3653.41,SP,0.6506,HIGH
101653,23,3626.63,SP,0.3462,LOW
101654,50,7303.64,PR,0.3695,MEDIUM
101655,28,8929.44,BA,0.1119,LOW
101656,32,2093.84,SP,0.3811,MEDIUM
101657,63,8268.43,SP,0.6955,HIGH
101658,64,2393.58,MG,0.6957,HIGH
101659,62,2428.57,PE,0.4177,MEDIUM
101660,33,3753.27,MG,0.8112,HIGH
101661,51,3605.09,RS,0.4806,MEDIUM
101662,51,1987.83,MG,0.2392,LOW
101663,30,5737.51,RJ,0.2076,LOW
101664,48,5819.4,MG,0.6973,HIGH
101665,47,6965.88,RS,0.0988,LOW
101666,40,3411.07,RS,0.6462,MEDIUM
101667,58,4120.95,MG,0.4852,MEDIUM
101668,54,4139.1,SP,0.2603,LOW
101669,47,9443.46,SP,0.9397,HIGH
101670,57,1400.0,SP,0.4381,MEDIUM
101671,59,2653.16,SP,0.3244,LOW
101672,49,4211.19,SP,0.377,MEDIUM
101673,34,2494.31,SC,0.5257,MEDIUM
101674,58,3710.22,BA,0.7284,HIGH
101675,56,3953.37,RS,0.1841,LOW
101676,70,3063.0,RS,0.3977,MEDIUM
101677,28,4332.0,PE,0.465,MEDIUM
101678,41,5677.98,PE,0.1945,LOW
101679,67,3749.7,SP,0.4915,MEDIUM
101680,46,3378.9,SP,0.2984,LOW
101681,68,3878.77,SP,0.2283,LOW
101682,21,4185.04,PE,0.71,HIGH
101683,22,1821.63,SP,0.6263,MEDIUM
101684,60,5241.62,RJ,0.3875,MEDIUM
101685,38,3382.46,PR,0.2412,LOW
101686,47,7695.39,PR,0.3874,MEDIUM
101687,42,5577.78,PR,0.0726,LOW
101688,41,7364.83,RS,0.7112,HIGH
101689,67,2585.2,PR,0.2056,LOW
101690,25,3514.22,BA,0.3444,LOW
101691,59,2313.37,SP,0.4227,MEDIUM
101692,65,2993.95,BA,0.8375,HIGH
101693,53,7660.64,PR,0.51,MEDIUM
101694,40,8576.96,SP,0.5352,MEDIUM
101695,29,2420.52,PE,0.7297,HIGH
101696,55,3370.67,PE,0.3485,LOW
101697,44,4049.16,BA,0.4889,MEDIUM
101698,28,5563.21,PE,0.3282,LOW
101699,38,1804.67,RJ,0.369,MEDIUM
101700,69,1945.74,SP,0.4585,MEDIUM
101701,34,5312.73,SP,0.3231,LOW
101702,29,1647.97,BA,0.4346,MEDIUM
101703,55,3389.29,BA,0.413,MEDIUM
101704,30,4539.83,PE,0.4505,MEDIUM
101705,66,5127.43,BA,0.2694,LOW
101706,63,3923.8,SC,0.2272,LOW
101707,70,3523.73,SP,0.2374,LOW
101708,66,6299.55,SP,0.1202,LOW
101709,33,4816.19,MG,0.386,MEDIUM
101710,31,3078.73,RS,0.3245,LOW
101711,38,4276.74,SP,0.2179,LOW
101712,44,5048.07,PE,0.2377,LOW
101713,64,9581.54,SC,0.33,LOW
101714,57,6125.86,RJ,0.4813,MEDIUM
101715,53,7523.8,PE,0.2179,LOW
101716,64,3133.01,PR,0.3918,MEDIUM
101717,53,3265.71,RS,0.466,MEDIUM
101718,39,3751.3,RJ,0.3599,MEDIUM
101719,41,3920.31,RJ,0.5648,MEDIUM
101720,46,2588.9,SP,0.7377,HIGH
101721,25,7711.65,PR,0.1279,LOW
101722,58,6417.92,RS,0.7669,HIGH
101723,53,3626.83,PE,0.2647,LOW
101724,57,5715.06,PE,0.4319,MEDIUM
101725,47,4674.28,SP,0.1401,LOW
101726,60,5933.43,PE,0.2595,LOW
101727,68,2202.99,SP,0.5685,MEDIUM
101728,49,3916.38,SP,0.5508,MEDIUM
101729,43,4084.61,RS,0.4088,MEDIUM
101730,26,5665.71,PE,0.1833,LOW
101731,59,3106.31,PE,0.4555,MEDIUM
101732,66,1400.0,BA,0.8589,HIGH
101733,55,2498.95,SP,0.3508,MEDIUM
101734,64,4078.71,SP,0.4062,MEDIUM
101735,64,4330.79,SP,0.64,MEDIUM
101736,60,9424.23,PR,0.1865,LOW
101737,46,5555.58,MG,0.733,HIGH
101738,25,4367.62,SP,0.3419,LOW
101739,21,4135.2,MG,0.0771,LOW
101740,31,7135.57,PR,0.4233,MEDIUM
101741,42,3163.98,RS,0.56,MEDIUM
101742,58,3926.5,RJ,0.5072,MEDIUM
101743,43,2489.9,RJ,0.8132,HIGH
101744,22,8299.2,SC,0.6757,HIGH
101745,31,5070.73,SC,0.5556,MEDIUM
101746,69,2990.6,SP,0.4683,MEDIUM
101747,70,3975.48,SP,0.2348,LOW
101748,39,5364.04,PE,0.5953,MEDIUM
101749,61,3723.78,RS,0.581,MEDIUM
101750,56,3249.62,SP,0.2459,LOW
101751,67,3068.02,PR,0.0762,LOW
101752,65,4942.08,PR,0.5443,MEDIUM
101753,52,3536.79,SP,0.4135,MEDIUM
101754,40,3377.99,SP,0.6605,HIGH
101755,52,2211.73,PE,0.7562,HIGH
101756,36,4359.48,MG,0.3167,LOW
101757,38,3850.09,SP,0.2674,LOW
101758,51,3599.13,BA,0.2939,LOW
101759,49,4620.46,MG,0.541,MEDIUM
101760,50,6014.21,SC,0.3623,MEDIUM
101761,40,5881.64,SP,0.2081,LOW
101762,41,5476.11,SP,0.2264,LOW
101763,21,3741.79,SP,0.1844,LOW
101764,51,3199.28,PE,0.7633,HIGH
101765,49,2544.68,PR,0.818,HIGH
101766,67,3159.36,BA,0.2855,LOW
101767,46,4239.8,SP,0.5749,MEDIUM
101768,44,2879.65,RS,0.1829,LOW
101769,24,4398.18,MG,0.4576,MEDIUM
101770,30,2642.34,SC,0.5445,MEDIUM
101771,37,1892.33,RJ,0.6282,MEDIUM
101772,39,6223.92,PR,0.4445,MEDIUM
101773,39,3344.66,SP,0.2566,LOW
101774,40,2810.35,SP,0.6898,HIGH
101775,59,2484.42,BA,0.1695,LOW
101776,27,5145.6,SP,0.5239,MEDIUM
101777,37,8125.77,SP,0.88,HIGH
101778,29,3461.18,PE,0.2675,LOW
101779,36,3787.15,SP,0.5182,MEDIUM
101780,55,7024.95,PR,0.4481,MEDIUM
101781,23,1761.33,BA,0.5449,MEDIUM
101782,37,10796.06,RS,0.5046,MEDIUM
101783,22,13575.31,SP,0.5632,MEDIUM
101784,68,1400.0,PR,0.4108,MEDIUM
101785,57,4007.96,PR,0.4757,MEDIUM
101786,33,2974.24,RJ,0.6225,MEDIUM
101787,30,3698.75,RS,0.8773,HIGH
101788,25,3435.83,PE,0.5405,MEDIUM
101789,44,6201.11,SP,0.297,LOW
101790,58,3979.08,SP,0.3815,MEDIUM
101791,50,2712.44,RS,0.4803,MEDIUM
101792,65,3866.83,MG,0.3798,MEDIUM
101793,38,5377.27,BA,0.1434,LOW
101794,34,2379.52,SP,0.3347,LOW
101795,44,1905.78,SP,0.358,MEDIUM
101796,31,10930.98,SC,0.2019,LOW
101797,69,3085.52,PE,0.2694,LOW
101798,30,3932.03,SP,0.0466,LOW
101799,44,3469.96,BA,0.3335,LOW
101800,47,5463.92,RJ,0.4053,MEDIUM
101801,23,9835.75,SP,0.2889,LOW
101802,44,5548.08,MG,0.3501,MEDIUM
101803,43,2026.42,SP,0.8664,HIGH
101804,33,2161.29,SC,0.5089,MEDIUM
101805,27,3468.01,SP,0.4278,MEDIUM
101806,23,3692.61,MG,0.4605,MEDIUM
101807,21,1837.76,SP,0.363,MEDIUM
101808,45,6223.72,BA,0.3517,MEDIUM
101809,25,2493.41,PE,0.297,LOW
101810,68,8600.92,RJ,0.2337,LOW
101811,33,10064.24,MG,0.6155,MEDIUM
101812,53,3728.19,PE,0.2055,LOW
101813,54,5185.11,SP,0.5316,MEDIUM
101814,45,2325.07,BA,0.0623,LOW
101815,65,5665.81,PR,0.297,LOW
101816,26,3306.7,PE,0.4696,MEDIUM
101817,32,2492.31,SP,0.5423,MEDIUM
101818,33,3655.39,SP,0.1607,LOW
101819,27,3358.6,RJ,0.3371,LOW
101820,35,3593.07,SP,0.5854,MEDIUM
101821,36,6625.53,SP,0.1555,LOW
101822,59,2881.0,PE,0.2034,LOW
101823,36,9659.05,SP,0.2506,LOW
101824,64,2223.44,SP,0.4966,MEDIUM
101825,59,9120.19,SP,0.4474,MEDIUM
101826,66,2578.38,RJ,0.4626,MEDIUM
101827,26,4197.96,PR,0.1672,LOW
101828,70,3319.42,SP,0.1061,LOW
101829,51,3561.19,BA,0.7589,HIGH
101830,70,6170.23,BA,0.2561,LOW
101831,38,8627.9,SP,0.1022,LOW
101832,68,7437.51,BA,0.2833,LOW
101833,50,3458.22,RJ,0.5512,MEDIUM
101834,24,4588.38,MG,0.6575,HIGH
101835,41,2885.47,PE,0.6478,MEDIUM
101836,27,2609.45,PE,0.2087,LOW
101837,68,2422.65,RJ,0.5575,MEDIUM
101838,36,3404.33,MG,0.115,LOW
101839,32,4734.59,SP,0.108,LOW
101840,48,1677.68,MG,0.4741,MEDIUM
101841,42,4107.58,SC,0.4265,MEDIUM
101842,25,8695.25,SP,0.6913,HIGH
101843,61,7196.55,PE,0.1674,LOW
101844,63,3171.47,RS,0.7296,HIGH
101845,58,2148.1,SP,0.5921,MEDIUM
101846,51,5237.28,BA,0.6189,MEDIUM
101847,41,1400.0,RS,0.1687,LOW
101848,48,7156.05,RJ,0.5607,MEDIUM
101849,47,3790.74,MG,0.6925,HIGH
101850,29,10115.9,BA,0.2865,LOW
101851,25,1833.34,PE,0.8029,HIGH
101852,33,6526.0,SP,0.1941,LOW
101853,43,4002.18,SC,0.1749,LOW
101854,29,3582.93,BA,0.1997,LOW
101855,26,2176.16,PE,0.104,LOW
101856,63,5590.36,SP,0.6982,HIGH
101857,39,5810.29,MG,0.124,LOW
101858,50,9894.17,BA,0.2637,LOW
101859,47,6813.79,SP,0.1753,LOW
101860,57,3158.24,MG,0.6667,HIGH
101861,57,2594.08,PR,0.5183,MEDIUM
101862,35,2177.57,MG,0.2509,LOW
101863,63,8518.43,RS,0.2693,LOW
101864,39,2890.88,SP,0.6536,HIGH
101865,62,8547.12,RS,0.377,MEDIUM
101866,41,5403.89,SP,0.2837,LOW
101867,26,4920.64,BA,0.7618,HIGH
101868,59,3624.76,RJ,0.0865,LOW
101869,22,5767.32,SP,0.1443,LOW
101870,59,4168.93,PE,0.1934,LOW
101871,23,3517.89,RS,0.2198,LOW
101872,31,5865.96,RJ,0.2392,LOW
101873,51,3919.55,SP,0.3548,MEDIUM
101874,68,2863.04,PR,0.6239,MEDIUM
101875,41,5601.31,PE,0.4473,MEDIUM
101876,27,4072.97,SP,0.1205,LOW
101877,32,5310.9,PE,0.3997,MEDIUM
101878,65,3377.82,RJ,0.1805,LOW
101879,57,2350.68,SC,0.2169,LOW
101880,26,9659.29,RJ,0.6807,HIGH
101881,40,8823.85,SP,0.4969,MEDIUM
101882,34,6419.25,PE,0.7613,HIGH
101883,29,3486.63,SP,0.3378,LOW
101884,63,3636.17,PE,0.0847,LOW
101885,51,8154.76,SP,0.1548,LOW
101886,29,3543.96,SP,0.7161,HIGH
101887,53,3100.17,PE,0.5852,MEDIUM
101888,41,10316.63,SC,0.5277,MEDIUM
101889,24,4104.97,SP,0.6798,HIGH
101890,43,9815.17,PR,0.4999,MEDIUM
101891,30,2146.54,SP,0.3763,MEDIUM
101892,33,5386.06,BA,0.3868,MEDIUM
101893,64,11349.85,SP,0.1249,LOW
101894,56,4260.41,MG,0.6329,MEDIUM
101895,27,3700.11,SP,0.2404,LOW
101896,63,2397.83,SC,0.0321,LOW
101897,49,7061.16,PE,0.3472,LOW
101898,64,2902.07,BA,0.435,MEDIUM
101899,58,4013.15,RJ,0.4334,MEDIUM
101900,37,2322.22,SP,0.8285,HIGH
101901,47,8867.51,SP,0.5482,MEDIUM
101902,47,7311.36,BA,0.6251,MEDIUM
101903,56,4136.81,SP,0.7587,HIGH
101904,33,2413.54,PR,0.2984,LOW
101905,37,8778.63,RJ,0.6576,HIGH
101906,33,3523.44,PE,0.2418,LOW
101907,35,2470.91,MG,0.2237,LOW
101908,29,1802.67,PR,0.4849,MEDIUM
101909,22,3080.28,PE,0.3957,MEDIUM
101910,68,2089.36,PE,0.7449,HIGH
101911,24,3114.69,PR,0.2817,LOW
101912,65,6003.85,BA,0.2701,LOW
101913,21,3507.46,SC,0.3303,LOW
101914,59,4981.93,MG,0.0801,LOW
101915,37,2967.99,SP,0.1,LOW
101916,46,4333.46,RS,0.3969,MEDIUM
101917,35,10560.46,SC,0.7848,HIGH
101918,45,3553.07,SP,0.1554,LOW
101919,43,5051.12,SP,0.4411,MEDIUM
101920,47,1981.06,RS,0.74,HIGH
101921,40,8712.3,SP,0.2243,LOW
101922,47,3340.18,SC,0.248,LOW
101923,62,6954.16,RS,0.6206,MEDIUM
101924,42,3958.87,RJ,0.4432,MEDIUM
101925,39,5633.0,SP,0.2104,LOW
101926,27,5796.01,RJ,0.3866,MEDIUM
101927,38,3380.13,RJ,0.5136,MEDIUM
101928,27,7093.65,PR,0.7131,HIGH
101929,30,2917.63,RS,0.3297,LOW
101930,68,6101.25,BA,0.1943,LOW
101931,25,3482.62,SP,0.4869,MEDIUM
101932,45,4967.28,RS,0.7647,HIGH
101933,62,3364.66,RJ,0.5738,MEDIUM
101934,68,4301.97,BA,0.5144,MEDIUM
101935,28,2507.36,SP,0.0912,LOW
101936,29,4729.94,PR,0.2757,LOW
101937,39,4290.03,PR,0.2278,LOW
101938,48,3240.77,RJ,0.4257,MEDIUM
101939,68,4090.52,PE,0.6913,HIGH
101940,31,4479.03,SP,0.5406,MEDIUM
101941,29,3124.37,SP,0.6169,MEDIUM
101942,33,3948.28,SC,0.6507,HIGH
101943,64,2591.97,MG,0.7616,HIGH
101944,22,12949.23,SP,0.1891,LOW
101945,40,6982.88,RJ,0.2879,LOW
101946,26,4788.27,SP,0.4393,MEDIUM
101947,28,7372.07,BA,0.3201,LOW
101948,66,1624.25,PR,0.4773,MEDIUM
101949,21,1400.0,SP,0.4398,MEDIUM
101950,37,3467.47,RJ,0.3964,MEDIUM
101951,66,2167.07,PE,0.2348,LOW
101952,51,3749.09,PE,0.1235,LOW
101953,24,4635.76,SP,0.2466,LOW
101954,44,6533.11,SC,0.2213,LOW
101955,69,2432.01,SP,0.2823,LOW
101956,41,5088.11,SP,0.3337,LOW
101957,47,4229.11,BA,0.3662,MEDIUM
101958,47,4962.4,PE,0.1866,LOW
101959,54,3272.63,SP,0.337,LOW
101960,30,8157.92,BA,0.4573,MEDIUM
101961,62,3996.43,RS,0.33,LOW
101962,70,9842.33,RS,0.397,MEDIUM
101963,28,2873.98,BA,0.6036,MEDIUM
101964,61,5999.29,MG,0.6552,HIGH
101965,61,4081.41,PE,0.4514,MEDIUM
101966,58,3588.62,SP,0.5252,MEDIUM
101967,39,5689.35,MG,0.2409,LOW
101968,44,3638.17,RJ,0.5448,MEDIUM
101969,62,1400.0,BA,0.2523,LOW
101970,28,1400.0,SP,0.4782,MEDIUM
101971,62,7735.71,MG,0.8985,HIGH
101972,67,7580.72,RS,0.6126,MEDIUM
101973,55,10391.71,RJ,0.7261,HIGH
101974,38,4164.81,SP,0.8349,HIGH
101975,48,2258.32,SP,0.4326,MEDIUM
101976,23,3433.86,RS,0.5791,MEDIUM
101977,67,4223.1,SP,0.2216,LOW
101978,38,2590.13,RJ,0.5487,MEDIUM
101979,23,9266.45,PR,0.3492,LOW
101980,60,12305.49,PE,0.1207,LOW
101981,53,5283.87,BA,0.6292,MEDIUM
101982,52,4178.16,SP,0.7568,HIGH
101983,23,2255.79,PE,0.3429,LOW
101984,58,8823.1,BA,0.3073,LOW
101985,52,4356.69,RS,0.5652,MEDIUM
101986,60,3655.69,MG,0.7454,HIGH
101987,62,5291.22,SP,0.1129,LOW
101988,31,3170.67,RS,0.2792,LOW
101989,31,4506.79,MG,0.5861,MEDIUM
101990,67,2101.6,RJ,0.2216,LOW
101991,47,7077.26,SP,0.3818,MEDIUM
101992,42,3994.69,SP,0.1451,LOW
101993,35,7325.12,PR,0.5553,MEDIUM
101994,52,3813.47,SP,0.3504,MEDIUM
101995,58,3934.2,SC,0.4116,MEDIUM
101996,21,2347.08,BA,0.3311,LOW
101997,48,6048.24,RJ,0.281,LOW
101998,70,2758.48,SP,0.608,MEDIUM
101999,35,3325.44,SP,0.5526,MEDIUM
102000,35,4202.11,RJ,0.1573,LOW
102001,64,4451.64,BA,0.6446,MEDIUM
102002,24,1851.8,SC,0.0792,LOW
102003,40,3759.54,BA,0.5656,MEDIUM
102004,43,6152.11,PE,0.3091,LOW
102005,60,3502.52,SP,0.1559,LOW
102006,27,3770.52,SC,0.2951,LOW
102007,42,4540.51,MG,0.3153,LOW
102008,28,3953.59,MG,0.3821,MEDIUM
102009,60,2561.1,RJ,0.5177,MEDIUM
102010,52,4127.36,RJ,0.2529,LOW
102011,45,6768.23,SC,0.3405,LOW
102012,40,2535.83,PR,0.4532,MEDIUM
102013,28,3509.01,RJ,0.145,LOW
102014,67,2163.88,SP,0.7002,HIGH
102015,53,6599.2,PR,0.5278,MEDIUM
102016,36,4017.87,RS,0.5221,MEDIUM
102017,41,2792.64,PR,0.0867,LOW
102018,57,4390.19,SP,0.077,LOW
102019,56,2356.92,SP,0.7888,HIGH
102020,44,2557.44,RS,0.2109,LOW
102021,36,2083.86,RS,0.4655,MEDIUM
102022,53,2516.91,SP,0.3199,LOW
102023,53,8057.53,MG,0.6677,HIGH
102024,50,2954.08,MG,0.7038,HIGH
102025,24,5253.38,SC,0.4712,MEDIUM
102026,44,2811.34,SP,0.7111,HIGH
102027,51,6047.6,PR,0.6664,HIGH
102028,68,2566.56,PE,0.1206,LOW
102029,47,4279.83,RJ,0.4532,MEDIUM
102030,38,4307.91,RJ,0.2826,LOW
102031,48,12838.28,SP,0.1805,LOW
102032,29,5684.19,SP,0.5377,MEDIUM
102033,25,3159.74,PE,0.4187,MEDIUM
102034,54,5835.2,PE,0.5785,MEDIUM
102035,70,11721.31,SP,0.0885,LOW
102036,63,1921.03,PE,0.4508,MEDIUM
102037,50,2803.01,SP,0.7801,HIGH
102038,23,3748.57,PR,0.3714,MEDIUM
102039,70,3437.97,SC,0.4264,MEDIUM
102040,43,3579.99,RJ,0.1101,LOW
102041,35,2245.78,MG,0.447,MEDIUM
102042,65,8239.86,PR,0.1054,LOW
102043,58,2121.73,SP,0.6425,MEDIUM
102044,58,3815.16,PE,0.3789,MEDIUM
102045,34,6938.48,SP,0.2337,LOW
102046,70,4139.59,SP,0.8257,HIGH
102047,43,2624.72,PE,0.5922,MEDIUM
102048,47,2198.38,MG,0.5795,MEDIUM
102049,58,3761.0,RJ,0.4585,MEDIUM
102050,53,2920.37,SP,0.2175,LOW
102051,29,4634.81,SP,0.7475,HIGH
102052,36,2143.39,SP,0.2261,LOW
102053,39,6204.91,RJ,0.2757,LOW
102054,68,4439.53,MG,0.4007,MEDIUM
102055,56,4600.69,MG,0.3488,LOW
102056,39,8387.99,BA,0.3439,LOW
102057,57,3403.97,PE,0.6069,MEDIUM
102058,57,2964.45,RJ,0.2902,LOW
102059,40,3228.95,PE,0.0785,LOW
102060,41,3829.26,BA,0.6935,HIGH
102061,65,4020.56,PE,0.4759,MEDIUM
102062,49,2818.91,SC,0.5214,MEDIUM
102063,28,1590.43,SP,0.8394,HIGH
102064,56,3208.61,SP,0.2995,LOW
102065,50,4991.82,PE,0.447,MEDIUM
102066,46,4483.88,MG,0.1607,LOW
102067,57,7469.82,PE,0.7228,HIGH
102068,66,10737.24,RS,0.4932,MEDIUM
102069,37,6047.01,SP,0.2176,LOW
102070,41,8155.52,RJ,0.3848,MEDIUM
102071,30,6068.65,PE,0.5745,MEDIUM
102072,53,9543.27,SP,0.4648,MEDIUM
102073,41,10211.29,RS,0.2568,LOW
102074,38,6630.26,PE,0.69,HIGH
102075,55,5895.25,SP,0.493,MEDIUM
102076,41,3805.98,SP,0.3622,MEDIUM
102077,44,4117.49,PR,0.4344,MEDIUM
102078,43,3571.27,BA,0.6649,HIGH
102079,33,5659.22,MG,0.4315,MEDIUM
102080,27,2972.24,SP,0.5909,MEDIUM
102081,62,3831.87,SP,0.2477,LOW
102082,25,1400.0,RJ,0.1697,LOW
102083,37,9603.88,RJ,0.6538,HIGH
102084,54,3778.23,SP,0.6888,HIGH
102085,27,5226.61,BA,0.5539,MEDIUM
102086,53,8455.54,SP,0.0894,LOW
102087,57,4851.2,BA,0.2463,LOW
102088,54,8401.16,PE,0.6684,HIGH
102089,36,2314.17,SC,0.2547,LOW
102090,21,13274.24,PR,0.5501,MEDIUM
102091,65,7077.33,SP,0.7226,HIGH
102092,37,4643.65,PR,0.0548,LOW
102093,61,8323.83,RJ,0.2545,LOW
102094,30,2396.81,SP,0.28,LOW
102095,29,3656.66,PR,0.3547,MEDIUM
102096,59,8400.78,SP,0.2834,LOW
102097,67,1714.11,SP,0.3331,LOW
102098,64,5496.46,SC,0.6236,MEDIUM
102099,58,5422.35,MG,0.6356,MEDIUM
102100,33,10808.28,SP,0.562,MEDIUM
102101,66,1964.56,SP,0.4622,MEDIUM
102102,54,9094.84,SP,0.5654,MEDIUM
102103,29,3210.86,PR,0.8537,HIGH
102104,27,3388.95,PR,0.7039,HIGH
102105,64,2336.19,SP,0.6904,HIGH
102106,34,2491.58,PR,0.8483,HIGH
102107,59,5097.63,PE,0.7005,HIGH
102108,27,2462.47,PR,0.5816,MEDIUM
102109,35,5991.97,MG,0.2069,LOW
102110,35,3055.25,PR,0.1548,LOW
102111,35,2346.27,BA,0.346,LOW
102112,54,3260.03,PE,0.6245,MEDIUM
102113,66,4936.73,SP,0.5921,MEDIUM
102114,66,3676.48,SP,0.3597,MEDIUM
102115,58,4269.54,SP,0.1903,LOW
102116,31,5866.53,RS,0.238,LOW
102117,69,7061.42,SP,0.6367,MEDIUM
102118,48,3619.15,PE,0.255,LOW
102119,48,2544.31,SP,0.4324,MEDIUM
102120,56,4356.24,PR,0.2212,LOW
102121,59,5264.55,SP,0.4061,MEDIUM
102122,68,2083.27,MG,0.2652,LOW
102123,50,2739.0,MG,0.5945,MEDIUM
102124,51,2973.9,RS,0.4509,MEDIUM
102125,58,3801.25,MG,0.2377,LOW
102126,33,2914.76,MG,0.6033,MEDIUM
102127,36,5897.12,RS,0.1187,LOW
102128,52,1943.75,PE,0.6964,HIGH
102129,24,1967.61,BA,0.4876,MEDIUM
102130,37,3578.05,RS,0.4311,MEDIUM
102131,56,3860.4,MG,0.5007,MEDIUM
102132,69,2089.36,PE,0.2289,LOW
102133,46,3138.81,MG,0.3636,MEDIUM
102134,40,3464.55,PE,0.2546,LOW
102135,43,3477.46,BA,0.1818,LOW
102136,55,4517.63,SP,0.1376,LOW
102137,48,3057.28,SP,0.2039,LOW
102138,22,8537.31,RS,0.3257,LOW
102139,47,5309.1,SC,0.5049,MEDIUM
102140,41,2851.0,PR,0.3936,MEDIUM
102141,56,4394.92,PE,0.6535,HIGH
102142,64,4457.61,PR,0.5561,MEDIUM
102143,69,7524.4,RJ,0.565,MEDIUM
102144,51,3148.42,PR,0.1885,LOW
102145,39,6070.29,SP,0.6852,HIGH
102146,43,4285.23,PR,0.5349,MEDIUM
102147,29,8593.76,PE,0.1652,LOW
102148,67,7804.59,SP,0.3696,MEDIUM
102149,63,4616.49,BA,0.6292,MEDIUM
102150,63,3703.17,BA,0.0995,LOW
102151,37,5356.2,SP,0.5316,MEDIUM
102152,37,3851.52,BA,0.4258,MEDIUM
102153,63,9408.67,RS,0.5348,MEDIUM
102154,48,4361.21,MG,0.5076,MEDIUM
102155,56,3456.91,SP,0.1225,LOW
102156,45,3368.51,SP,0.7141,HIGH
102157,43,2346.27,PR,0.4675,MEDIUM
102158,52,5486.18,SP,0.5449,MEDIUM
102159,61,2833.4,RJ,0.1287,LOW
102160,37,7114.93,PE,0.3355,LOW
102161,61,2257.99,RS,0.1767,LOW
102162,33,4464.51,RS,0.7398,HIGH
102163,41,7295.02,PE,0.6584,HIGH
102164,66,1494.82,SP,0.2493,LOW
102165,68,11065.72,SP,0.5451,MEDIUM
102166,67,3424.47,SC,0.1334,LOW
102167,36,4494.3,MG,0.2648,LOW
102168,63,5525.54,SP,0.6167,MEDIUM
102169,67,5951.4,RS,0.077,LOW
102170,69,4790.09,SP,0.3613,MEDIUM
102171,22,6779.0,PR,0.3983,MEDIUM
102172,58,5388.35,PR,0.6515,HIGH
102173,70,9779.69,SC,0.2299,LOW
102174,59,5396.78,RJ,0.8404,HIGH
102175,32,10784.5,SP,0.4293,MEDIUM
102176,59,6472.76,PE,0.1593,LOW
102177,26,1765.31,PE,0.0274,LOW
102178,45,14708.33,MG,0.5639,MEDIUM
102179,52,3188.02,SP,0.3788,MEDIUM
102180,43,8610.18,PR,0.1038,LOW
102181,55,4254.36,RJ,0.5336,MEDIUM
102182,33,6989.49,SP,0.2943,LOW
102183,51,3018.06,SP,0.5477,MEDIUM
102184,53,5671.43,SP,0.2071,LOW
102185,52,3719.37,RJ,0.424,MEDIUM
102186,35,8962.11,SP,0.4421,MEDIUM
102187,36,5184.35,BA,0.4452,MEDIUM
102188,33,6581.99,MG,0.4702,MEDIUM
102189,44,1486.36,MG,0.4347,MEDIUM
102190,50,4030.98,SP,0.4429,MEDIUM
102191,39,5114.86,BA,0.2558,LOW
102192,41,4675.89,SP,0.1473,LOW
102193,35,6662.13,SP,0.1277,LOW
102194,31,3523.48,PR,0.6501,HIGH
102195,53,4299.52,SC,0.2027,LOW
102196,61,7404.39,BA,0.1848,LOW
102197,35,1406.79,RJ,0.9626,HIGH
102198,64,5573.22,RJ,0.4934,MEDIUM
102199,49,3578.06,SP,0.7324,HIGH
102200,29,2710.6,PR,0.4339,MEDIUM
102201,39,4936.35,RJ,0.0815,LOW
102202,21,7570.52,RJ,0.0436,LOW
102203,22,6916.25,SP,0.6486,MEDIUM
102204,37,3936.26,PE,0.1574,LOW
102205,43,6394.51,SP,0.3141,LOW
102206,60,6371.0,SP,0.3583,MEDIUM
102207,27,4027.5,PE,0.5961,MEDIUM
102208,62,3011.4,RS,0.4152,MEDIUM
102209,32,3096.19,PR,0.2189,LOW
102210,27,6279.27,SC,0.2353,LOW
102211,55,4115.89,SP,0.0923,LOW
102212,59,2541.91,BA,0.7662,HIGH
102213,51,1870.77,SP,0.407,MEDIUM
102214,26,6261.15,PE,0.0614,LOW
102215,26,3230.48,SP,0.5209,MEDIUM
102216,40,4921.78,PR,0.3295,LOW
102217,43,7615.18,PR,0.8199,HIGH
102218,70,2240.73,SP,0.5907,MEDIUM
102219,35,4109.98,RJ,0.2477,LOW
102220,30,3869.6,RS,0.494,MEDIUM
102221,68,5039.77,SP,0.2367,LOW
102222,28,7613.18,PE,0.5839,MEDIUM
102223,22,2218.76,SP,0.4884,MEDIUM
102224,42,5521.16,PR,0.197,LOW
102225,41,6891.0,PR,0.7029,HIGH
102226,51,3840.58,MG,0.3443,LOW
102227,64,3931.85,SC,0.1847,LOW
102228,67,5134.28,RS,0.3354,LOW
102229,35,4955.99,PR,0.0667,LOW
102230,70,5554.53,PR,0.419,MEDIUM
102231,52,5498.63,PR,0.2209,LOW
102232,24,2621.48,RJ,0.3826,MEDIUM
102233,67,6755.87,SP,0.2159,LOW
102234,27,7353.24,SP,0.5177,MEDIUM
102235,50,4592.41,PR,0.1764,LOW
102236,60,2050.1,PE,0.3521,MEDIUM
102237,33,3974.93,SP,0.8488,HIGH
102238,34,4610.79,PR,0.4658,MEDIUM
102239,44,2424.62,SP,0.2742,LOW
102240,65,3533.25,PR,0.1784,LOW
102241,32,2135.26,RS,0.3126,LOW
102242,54,5621.42,RS,0.6404,MEDIUM
102243,43,4548.25,RS,0.6023,MEDIUM
102244,26,1906.19,RS,0.8534,HIGH
102245,56,4971.83,SP,0.2398,LOW
102246,62,4087.61,MG,0.1843,LOW
102247,49,5381.48,SP,0.5196,MEDIUM
102248,29,3480.41,PE,0.157,LOW
102249,28,2858.72,RS,0.6452,MEDIUM
102250,42,2901.07,SP,0.7186,HIGH
102251,46,3243.86,SP,0.3291,LOW
102252,48,4238.12,MG,0.3479,LOW
102253,33,4509.13,PE,0.414,MEDIUM
102254,46,3832.58,SP,0.4473,MEDIUM
102255,35,3427.71,PR,0.5383,MEDIUM
102256,55,3548.1,RJ,0.2082,LOW
102257,60,13996.29,SC,0.6341,MEDIUM
102258,53,2901.23,SC,0.6836,HIGH
102259,21,3213.17,SP,0.3343,LOW
102260,70,20412.24,RS,0.4543,MEDIUM
102261,22,5140.61,SP,0.5412,MEDIUM
102262,70,2165.59,BA,0.7553,HIGH
102263,22,6293.86,SP,0.4758,MEDIUM
102264,46,2713.57,PR,0.1253,LOW
102265,26,6497.61,RJ,0.865,HIGH
102266,25,3795.52,PR,0.2934,LOW
102267,55,3400.7,SP,0.2173,LOW
102268,57,9092.81,PR,0.432,MEDIUM
102269,26,5512.16,SP,0.443,MEDIUM
102270,69,6700.08,RJ,0.1854,LOW
102271,37,5175.03,BA,0.1982,LOW
102272,36,3393.12,MG,0.6063,MEDIUM
102273,35,5632.39,MG,0.6366,MEDIUM
102274,44,7504.54,PR,0.1429,LOW
102275,29,4480.61,MG,0.1155,LOW
102276,42,9972.92,BA,0.516,MEDIUM
102277,31,6317.47,RJ,0.2461,LOW
102278,23,4649.86,PE,0.1731,LOW
102279,39,4738.87,BA,0.4969,MEDIUM
102280,54,4485.99,MG,0.3074,LOW
102281,59,2303.64,RJ,0.2572,LOW
102282,38,4022.28,SC,0.3523,MEDIUM
102283,37,4670.44,RS,0.4111,MEDIUM
102284,60,3439.63,SP,0.3048,LOW
102285,55,4939.03,SP,0.4058,MEDIUM
102286,62,4243.18,SP,0.5928,MEDIUM
102287,66,6088.83,RS,0.815,HIGH
102288,62,5774.08,RS,0.4949,MEDIUM
102289,67,4550.87,SP,0.5217,MEDIUM
102290,41,2178.9,PR,0.4361,MEDIUM
102291,40,9920.78,RS,0.5907,MEDIUM
102292,37,3923.47,PE,0.4852,MEDIUM
102293,32,4040.06,SP,0.1793,LOW
102294,58,3563.26,RJ,0.7188,HIGH
102295,56,3322.27,RJ,0.2123,LOW
102296,61,8813.04,PR,0.3242,LOW
102297,29,8169.32,SP,0.6265,MEDIUM
102298,45,5198.62,SP,0.7096,HIGH
102299,32,3988.78,RS,0.4146,MEDIUM
102300,65,5653.42,PR,0.3924,MEDIUM
102301,34,4351.44,SP,0.4157,MEDIUM
102302,28,3833.5,RJ,0.2381,LOW
102303,49,4940.05,SP,0.1963,LOW
102304,64,3398.48,RJ,0.4623,MEDIUM
102305,66,4740.64,RJ,0.1392,LOW
102306,25,4632.56,SP,0.2412,LOW
102307,37,5609.68,SP,0.2745,LOW
102308,28,3120.21,PE,0.2593,LOW
102309,36,5905.89,PE,0.6325,MEDIUM
102310,47,2718.43,SP,0.5027,MEDIUM
102311,35,3190.74,SC,0.1705,LOW
102312,24,3258.28,SP,0.3345,LOW
102313,46,2510.54,BA,0.3416,LOW
102314,23,6838.73,BA,0.0811,LOW
102315,32,2637.78,PR,0.5173,MEDIUM
102316,21,3002.98,PR,0.5838,MEDIUM
102317,25,7672.79,RJ,0.5621,MEDIUM
102318,42,3193.78,SP,0.6873,HIGH
102319,63,3837.33,MG,0.378,MEDIUM
102320,59,2583.93,SP,0.1491,LOW
102321,25,6264.51,SC,0.4025,MEDIUM
102322,22,6306.1,MG,0.2985,LOW
102323,37,5988.13,SP,0.2965,LOW
102324,53,5436.3,PR,0.2043,LOW
102325,58,4351.01,BA,0.3116,LOW
102326,62,3265.4,PR,0.5001,MEDIUM
102327,38,2840.27,MG,0.6299,MEDIUM
102328,29,7800.9,BA,0.3198,LOW
102329,22,6062.91,SP,0.2036,LOW
102330,28,3011.08,PR,0.7408,HIGH
102331,24,4281.07,RJ,0.1614,LOW
102332,64,3636.53,SP,0.3619,MEDIUM
102333,34,2443.77,PE,0.3408,LOW
102334,62,4573.86,RJ,0.164,LOW
102335,48,3440.61,RJ,0.8262,HIGH
102336,47,2658.78,SP,0.1538,LOW
102337,43,2064.94,PE,0.4144,MEDIUM
102338,61,1982.7,BA,0.2815,LOW
102339,23,3514.16,SP,0.3765,MEDIUM
102340,25,4031.9,PR,0.5678,MEDIUM
102341,42,2759.2,SP,0.5991,MEDIUM
102342,40,5739.89,RS,0.3575,MEDIUM
102343,48,4069.92,MG,0.0779,LOW
102344,57,5539.97,SP,0.6858,HIGH
102345,50,3846.98,PR,0.7092,HIGH
102346,33,2878.5,PE,0.4112,MEDIUM
102347,37,4436.48,RJ,0.4563,MEDIUM
102348,58,2291.03,SP,0.3817,MEDIUM
102349,31,5441.28,PE,0.4239,MEDIUM
102350,46,2678.49,SP,0.3937,MEDIUM
102351,47,6526.27,MG,0.7812,HIGH
102352,58,3570.21,PR,0.4192,MEDIUM
102353,56,6994.34,SP,0.5403,MEDIUM
102354,44,2450.34,SP,0.6004,MEDIUM
102355,36,3033.62,SP,0.2529,LOW
102356,39,5042.66,SP,0.1005,LOW
102357,41,7366.36,MG,0.2555,LOW
102358,31,9347.01,BA,0.1923,LOW
102359,52,4284.23,SP,0.7541,HIGH
102360,31,10147.25,SC,0.3093,LOW
102361,53,3654.82,RJ,0.5275,MEDIUM
102362,58,7117.05,SP,0.3981,MEDIUM
102363,69,2672.03,PR,0.3707,MEDIUM
102364,26,5138.6,SP,0.7046,HIGH
102365,58,1400.0,PR,0.8325,HIGH
102366,25,2451.55,RJ,0.1681,LOW
102367,37,5254.52,SC,0.509,MEDIUM
102368,29,2236.95,PE,0.0879,LOW
102369,29,5155.27,SP,0.3906,MEDIUM
102370,29,6489.49,PE,0.4802,MEDIUM
102371,23,3301.74,SP,0.1602,LOW
102372,62,2637.91,SP,0.3786,MEDIUM
102373,24,3345.03,SP,0.1752,LOW
102374,40,2641.89,BA,0.2039,LOW
102375,55,4000.83,SC,0.7288,HIGH
102376,70,4410.94,PE,0.7263,HIGH
102377,63,3626.25,SC,0.7891,HIGH
102378,27,9381.85,RJ,0.5043,MEDIUM
102379,70,2973.59,PE,0.451,MEDIUM
102380,53,8190.48,PE,0.3172,LOW
102381,29,2547.95,BA,0.128,LOW
102382,43,4349.31,PR,0.7973,HIGH
102383,66,7411.07,BA,0.23,LOW
102384,40,7229.25,SP,0.5487,MEDIUM
102385,30,3432.75,PE,0.5006,MEDIUM
102386,64,5482.26,PE,0.6136,MEDIUM
102387,68,5141.01,SC,0.5616,MEDIUM
102388,69,3241.1,SP,0.2502,LOW
102389,68,5644.83,SP,0.2464,LOW
102390,64,10268.5,PE,0.0931,LOW
102391,43,5267.21,BA,0.1308,LOW
102392,30,5512.04,RS,0.1692,LOW
102393,51,5799.19,PE,0.2341,LOW
102394,32,2083.01,MG,0.5839,MEDIUM
102395,44,5238.28,PE,0.362,MEDIUM
102396,53,2578.07,SP,0.6358,MEDIUM
102397,68,3164.32,SP,0.4224,MEDIUM
102398,35,11855.79,MG,0.2693,LOW
102399,33,3719.24,RJ,0.3719,MEDIUM
102400,57,2944.09,MG,0.3004,LOW
102401,21,7303.28,BA,0.5367,MEDIUM
102402,49,2664.99,SP,0.2618,LOW
102403,58,3388.28,RS,0.2427,LOW
102404,48,7649.42,SP,0.3701,MEDIUM
102405,40,4287.11,BA,0.1069,LOW
102406,62,1984.8,SP,0.6977,HIGH
102407,39,5453.18,RS,0.4562,MEDIUM
102408,56,3472.17,PR,0.6874,HIGH
102409,44,8795.26,RJ,0.4895,MEDIUM
102410,22,3139.66,SP,0.4263,MEDIUM
102411,47,6956.48,SP,0.4944,MEDIUM
102412,23,9849.49,RJ,0.1733,LOW
102413,67,2791.65,SP,0.4022,MEDIUM
102414,51,3828.0,SP,0.1799,LOW
102415,39,5061.31,RS,0.6808,HIGH
102416,45,2783.08,SP,0.2975,LOW
102417,51,4781.84,SP,0.2322,LOW
102418,34,3770.18,RJ,0.3074,LOW
102419,35,3733.9,MG,0.1271,LOW
102420,41,4299.83,MG,0.1662,LOW
102421,33,4346.16,SC,0.6282,MEDIUM
102422,58,4543.73,PR,0.3184,LOW
102423,26,3150.77,MG,0.188,LOW
102424,62,3217.49,RJ,0.4442,MEDIUM
102425,38,3967.6,SP,0.7038,HIGH
102426,49,4110.73,SC,0.2084,LOW
102427,28,3402.25,RJ,0.7018,HIGH
102428,40,4906.57,BA,0.2231,LOW
102429,58,1757.69,PR,0.2481,LOW
102430,34,2957.84,SC,0.4565,MEDIUM
102431,27,3671.94,MG,0.7464,HIGH
102432,47,2784.73,PE,0.1821,LOW
102433,29,9180.66,MG,0.3285,LOW
102434,36,4238.2,MG,0.3764,MEDIUM
102435,43,4571.92,PE,0.3045,LOW
102436,49,3330.54,PR,0.8695,HIGH
102437,52,4168.31,MG,0.4395,MEDIUM
102438,54,2343.77,SP,0.1298,LOW
102439,63,3871.23,SP,0.5027,MEDIUM
102440,24,2678.67,BA,0.6621,HIGH
102441,39,3676.39,SP,0.4194,MEDIUM
102442,21,1400.0,SP,0.4532,MEDIUM
102443,21,2444.02,SP,0.3389,LOW
102444,31,8480.5,PE,0.6216,MEDIUM
102445,50,6256.84,PR,0.327,LOW
102446,65,7910.76,MG,0.2014,LOW
102447,59,8175.9,PE,0.4797,MEDIUM
102448,53,5801.51,RJ,0.056,LOW
102449,59,3379.43,BA,0.6494,MEDIUM
102450,29,2552.83,RS,0.3517,MEDIUM
102451,62,7282.85,MG,0.3182,LOW
102452,65,4332.21,RS,0.6424,MEDIUM
102453,25,13904.54,PE,0.4679,MEDIUM
102454,44,3524.85,SP,0.1753,LOW
102455,62,10827.34,SP,0.44,MEDIUM
102456,44,3895.51,BA,0.3154,LOW
102457,63,7975.61,RJ,0.268,LOW
102458,67,9482.96,PR,0.2038,LOW
102459,44,2570.42,SP,0.6466,MEDIUM
102460,23,3327.71,BA,0.7917,HIGH
102461,38,2558.07,RS,0.6664,HIGH
102462,31,2327.31,PE,0.6617,HIGH
102463,44,5785.05,MG,0.1452,LOW
102464,50,3821.73,PE,0.0719,LOW
102465,44,4306.91,MG,0.2762,LOW
102466,30,5485.34,PR,0.4382,MEDIUM
102467,36,1722.09,SC,0.7653,HIGH
102468,54,7789.15,MG,0.1797,LOW
102469,22,3552.03,PR,0.3518,MEDIUM
102470,31,5422.93,SP,0.5893,MEDIUM
102471,65,5657.75,RJ,0.2157,LOW
102472,25,8109.75,SC,0.2711,LOW
102473,41,3993.84,SP,0.3051,LOW
102474,31,1515.49,SC,0.2851,LOW
102475,26,4316.76,RJ,0.7166,HIGH
102476,42,4624.76,SP,0.2685,LOW
102477,47,2556.5,SC,0.5863,MEDIUM
102478,29,4508.12,SP,0.4996,MEDIUM
102479,24,3531.76,PE,0.1932,LOW
102480,27,2204.64,PE,0.1999,LOW
102481,53,5797.33,MG,0.1723,LOW
102482,64,3204.31,RJ,0.0826,LOW
102483,30,3455.69,SP,0.4539,MEDIUM
102484,37,3363.72,RS,0.3982,MEDIUM
102485,38,7599.74,SP,0.7267,HIGH
102486,39,4118.32,PE,0.1258,LOW
102487,33,4362.53,PE,0.3075,LOW
102488,23,3399.33,SP,0.4104,MEDIUM
102489,47,5244.92,SC,0.4518,MEDIUM
102490,38,8026.57,MG,0.6117,MEDIUM
102491,38,5731.96,PR,0.5633,MEDIUM
102492,34,5840.29,SP,0.6033,MEDIUM
102493,67,5618.56,RS,0.2129,LOW
102494,51,2165.32,SP,0.7643,HIGH
102495,41,2758.12,PE,0.774,HIGH
102496,31,3806.43,MG,0.3383,LOW
102497,61,2964.39,SC,0.3894,MEDIUM
102498,65,2519.62,PE,0.7484,HIGH
102499,22,1709.91,RS,0.5096,MEDIUM
102500,67,2200.65,PR,0.4531,MEDIUM
102501,55,3713.42,RJ,0.3415,LOW
102502,25,4062.34,MG,0.9391,HIGH
102503,58,2870.31,RJ,0.4632,MEDIUM
102504,26,4362.17,PE,0.6179,MEDIUM
102505,23,3410.45,SP,0.2654,LOW
102506,26,7089.11,RJ,0.6122,MEDIUM
102507,43,3886.48,RS,0.7461,HIGH
102508,51,5866.88,RJ,0.7274,HIGH
102509,41,4630.33,PE,0.5982,MEDIUM
102510,27,2142.75,SP,0.4066,MEDIUM
102511,30,4021.15,SP,0.8103,HIGH
102512,63,2320.97,PR,0.4723,MEDIUM
102513,69,3987.59,MG,0.1511,LOW
102514,58,2937.1,PE,0.7203,HIGH
102515,26,5045.15,MG,0.3401,LOW
102516,61,2205.06,SP,0.4146,MEDIUM
102517,55,4229.74,RJ,0.0471,LOW
102518,47,5528.1,RJ,0.4841,MEDIUM
102519,28,6493.04,PR,0.3457,LOW
102520,70,2910.38,SP,0.4096,MEDIUM
102521,43,4235.94,PR,0.214,LOW
102522,23,4588.14,PE,0.5397,MEDIUM
102523,31,8826.03,MG,0.1747,LOW
102524,41,2062.76,SC,0.4059,MEDIUM
102525,24,2712.19,SP,0.3669,MEDIUM
102526,37,16138.8,BA,0.5533,MEDIUM
102527,44,3684.0,SP,0.3347,LOW
102528,68,1694.53,PR,0.3732,MEDIUM
102529,25,3175.49,RJ,0.4498,MEDIUM
102530,49,1400.0,SP,0.5118,MEDIUM
102531,66,4714.89,RJ,0.5522,MEDIUM
102532,61,6195.24,SP,0.488,MEDIUM
102533,67,2711.46,PE,0.712,HIGH
102534,29,3350.59,SP,0.3637,MEDIUM
102535,61,6543.28,PE,0.2521,LOW
102536,69,1813.0,MG,0.7982,HIGH
102537,37,2227.17,SP,0.5433,MEDIUM
102538,45,3764.4,RJ,0.5291,MEDIUM
102539,47,2926.96,SP,0.4668,MEDIUM
102540,45,3647.45,BA,0.3003,LOW
102541,35,2289.85,SP,0.1311,LOW
102542,69,4655.06,BA,0.7218,HIGH
102543,68,3909.67,SP,0.7946,HIGH
102544,40,5466.81,SP,0.2026,LOW
102545,61,4624.07,SP,0.6843,HIGH
102546,40,4638.06,SC,0.5675,MEDIUM
102547,60,2097.73,MG,0.2105,LOW
102548,50,5320.29,PE,0.3528,MEDIUM
102549,44,3583.24,RJ,0.3173,LOW
102550,27,3877.22,SP,0.387,MEDIUM
102551,53,6946.59,RS,0.3467,LOW
102552,37,2973.55,PR,0.2547,LOW
102553,31,8033.76,BA,0.3457,LOW
102554,30,8401.69,MG,0.4873,MEDIUM
102555,70,6028.03,RS,0.2907,LOW
102556,26,2623.18,SP,0.7619,HIGH
102557,60,1470.59,PE,0.456,MEDIUM
102558,64,7049.28,SP,0.6975,HIGH
102559,22,4430.66,BA,0.187,LOW
102560,50,2937.0,SP,0.2207,LOW
102561,49,7377.2,RS,0.3436,LOW
102562,38,2777.46,BA,0.7127,HIGH
102563,54,3426.33,BA,0.4482,MEDIUM
102564,41,5403.42,MG,0.692,HIGH
102565,42,2460.97,MG,0.0693,LOW
102566,42,3984.99,BA,0.4254,MEDIUM
102567,61,7084.22,PR,0.0193,LOW
102568,52,4647.91,PR,0.1165,LOW
102569,39,7643.45,SP,0.1241,LOW
102570,67,7237.05,MG,0.5861,MEDIUM
102571,61,4215.63,RJ,0.6249,MEDIUM
102572,67,1400.0,SC,0.4669,MEDIUM
102573,57,2470.24,SP,0.347,LOW
102574,40,6058.64,RJ,0.2559,LOW
102575,59,1995.64,BA,0.5037,MEDIUM
102576,37,3590.43,PR,0.5137,MEDIUM
102577,34,4940.94,PE,0.7221,HIGH
102578,43,8503.51,SP,0.7829,HIGH
102579,69,3186.98,MG,0.2684,LOW
102580,49,3083.95,MG,0.2738,LOW
102581,40,4095.59,RJ,0.4055,MEDIUM
102582,44,4970.51,SC,0.3352,LOW
102583,35,3900.27,SP,0.3097,LOW
102584,53,6949.94,MG,0.3253,LOW
102585,38,2861.93,SP,0.6172,MEDIUM
102586,48,4449.37,PR,0.6659,HIGH
102587,39,5200.67,BA,0.6438,MEDIUM
102588,37,3465.9,SP,0.6773,HIGH
102589,69,6284.87,MG,0.4165,MEDIUM
102590,38,4511.3,MG,0.1244,LOW
102591,24,6133.28,RS,0.2161,LOW
102592,39,4610.12,SP,0.0772,LOW
102593,47,5031.7,RJ,0.4357,MEDIUM
102594,25,3100.42,RS,0.4456,MEDIUM
102595,36,3102.83,PR,0.1556,LOW
102596,29,7559.42,RS,0.1001,LOW
102597,46,5698.08,RJ,0.4505,MEDIUM
102598,57,2570.4,PE,0.3821,MEDIUM
102599,69,4580.92,SP,0.3178,LOW
102600,40,1400.0,SP,0.6872,HIGH
102601,64,3188.64,MG,0.2677,LOW
102602,31,6661.72,MG,0.2409,LOW
102603,60,3955.13,SC,0.3482,LOW
102604,49,4444.57,SP,0.0341,LOW
102605,58,1400.0,SP,0.0853,LOW
102606,58,3479.2,RS,0.8731,HIGH
102607,47,4940.44,SP,0.0537,LOW
102608,33,5251.03,RS,0.5389,MEDIUM
102609,47,6665.97,SC,0.0285,LOW
102610,62,3796.81,SP,0.0518,LOW
102611,69,3878.97,RS,0.3318,LOW
102612,67,2215.92,BA,0.0597,LOW
102613,30,3807.28,BA,0.2334,LOW
102614,50,2292.24,SP,0.5946,MEDIUM
102615,26,1729.97,PR,0.2819,LOW
102616,54,2494.77,PE,0.4283,MEDIUM
102617,70,8664.67,PR,0.2035,LOW
102618,23,3688.48,SP,0.6495,MEDIUM
102619,53,4667.51,SP,0.5048,MEDIUM
102620,68,3282.5,SC,0.1458,LOW
102621,63,1778.23,RS,0.333,LOW
102622,40,6582.53,PE,0.4926,MEDIUM
102623,26,1480.57,PE,0.1475,LOW
102624,67,3218.08,RJ,0.1536,LOW
102625,67,4091.33,PR,0.165,LOW
102626,49,4691.35,SP,0.8333,HIGH
102627,69,2963.52,SP,0.244,LOW
102628,21,1738.22,SP,0.2071,LOW
102629,51,2859.25,PE,0.1499,LOW
102630,22,2931.99,SP,0.2033,LOW
102631,67,2897.94,MG,0.2938,LOW
102632,55,6690.66,MG,0.1215,LOW
102633,66,2345.63,RJ,0.8104,HIGH
102634,49,4852.79,PR,0.1524,LOW
102635,25,4531.56,SP,0.3451,LOW
102636,22,6659.89,RJ,0.1057,LOW
102637,37,3940.0,MG,0.1765,LOW
102638,58,6140.02,BA,0.1973,LOW
102639,28,3866.77,SC,0.9155,HIGH
102640,63,5173.73,BA,0.3232,LOW
102641,32,2041.48,RJ,0.1606,LOW
102642,45,1400.0,SP,0.5144,MEDIUM
102643,31,5034.46,RJ,0.6306,MEDIUM
102644,44,5165.76,PE,0.477,MEDIUM
102645,43,5276.83,SP,0.1782,LOW
102646,21,3264.53,SP,0.0787,LOW
102647,49,8586.16,PE,0.5405,MEDIUM
102648,60,3368.08,PE,0.5278,MEDIUM
102649,67,5140.27,SP,0.0814,LOW
102650,37,5587.38,RS,0.069,LOW
102651,65,9583.85,MG,0.4437,MEDIUM
102652,64,3607.12,MG,0.2214,LOW
102653,70,3069.61,MG,0.4274,MEDIUM
102654,39,2046.18,PE,0.4633,MEDIUM
102655,63,8848.26,SP,0.5878,MEDIUM
102656,49,5141.59,RS,0.3246,LOW
102657,23,5220.29,SP,0.6486,MEDIUM
102658,34,18748.29,PR,0.4035,MEDIUM
102659,54,4909.18,SC,0.4474,MEDIUM
102660,29,2247.84,RS,0.3306,LOW
102661,42,3823.06,PE,0.1333,LOW
102662,59,2630.54,RS,0.4272,MEDIUM
102663,28,3473.17,RS,0.7249,HIGH
102664,45,3461.98,SP,0.3915,MEDIUM
102665,31,3168.67,PE,0.6223,MEDIUM
102666,47,2151.81,MG,0.4845,MEDIUM
102667,33,9020.37,RJ,0.498,MEDIUM
102668,69,4847.83,MG,0.7411,HIGH
102669,24,3769.18,RJ,0.2789,LOW
102670,69,6042.09,PR,0.4596,MEDIUM
102671,60,5265.61,RJ,0.6619,HIGH
102672,63,4794.24,SP,0.2683,LOW
102673,63,5835.05,PE,0.6208,MEDIUM
102674,30,4478.88,PE,0.4925,MEDIUM
102675,67,5793.81,MG,0.2566,LOW
102676,50,6028.98,PE,0.2518,LOW
102677,69,4541.19,RJ,0.344,LOW
102678,64,3778.38,RJ,0.2171,LOW
102679,49,8755.44,PE,0.4232,MEDIUM
102680,39,3339.07,SC,0.1253,LOW
102681,26,5067.84,RS,0.3126,LOW
102682,26,5123.1,RJ,0.106,LOW
102683,40,3134.58,RJ,0.0742,LOW
102684,61,2850.03,SP,0.4581,MEDIUM
102685,46,3543.93,PE,0.0785,LOW
102686,45,3316.2,SP,0.8471,HIGH
102687,33,2085.86,MG,0.4517,MEDIUM
102688,49,3072.12,SP,0.5715,MEDIUM
102689,52,4772.51,SC,0.5362,MEDIUM
102690,70,7711.69,RJ,0.4221,MEDIUM
102691,57,5480.48,RS,0.1119,LOW
102692,51,1400.0,MG,0.3049,LOW
102693,66,5713.95,SP,0.5241,MEDIUM
102694,42,3212.89,SP,0.4675,MEDIUM
102695,67,5220.34,SP,0.7032,HIGH
102696,39,4171.6,RS,0.3985,MEDIUM
102697,27,3828.96,BA,0.5745,MEDIUM
102698,41,3998.87,RJ,0.2986,LOW
102699,27,4155.04,PR,0.3636,MEDIUM
102700,26,8007.66,SP,0.4395,MEDIUM
102701,65,4160.55,PE,0.5181,MEDIUM
102702,60,7071.99,PE,0.4505,MEDIUM
102703,32,6594.52,RS,0.5079,MEDIUM
102704,62,5784.99,SP,0.4437,MEDIUM
102705,24,1781.59,MG,0.2422,LOW
102706,35,7178.34,PE,0.1806,LOW
102707,56,3371.28,SP,0.1366,LOW
102708,36,5921.76,SC,0.5029,MEDIUM
102709,57,2633.38,PE,0.5068,MEDIUM
102710,64,2377.97,RS,0.0814,LOW
102711,24,10845.51,PR,0.6189,MEDIUM
102712,22,2653.11,MG,0.6014,MEDIUM
102713,68,7280.62,PE,0.4497,MEDIUM
102714,47,4445.65,RJ,0.4239,MEDIUM
102715,46,3432.97,PE,0.534,MEDIUM
102716,44,4110.59,MG,0.1728,LOW
102717,42,2249.17,RS,0.6466,MEDIUM
102718,55,4172.36,PE,0.131,LOW
102719,49,2497.7,PR,0.1745,LOW
102720,29,3473.88,RJ,0.3397,LOW
102721,52,6548.45,SP,0.0795,LOW
102722,54,4745.02,BA,0.1572,LOW
102723,26,2061.93,PR,0.4336,MEDIUM
102724,39,6320.5,SP,0.1727,LOW
102725,60,4185.71,BA,0.6327,MEDIUM
102726,51,3237.61,PE,0.0717,LOW
102727,27,6010.39,PE,0.3831,MEDIUM
102728,23,3876.08,PR,0.4337,MEDIUM
102729,50,2400.24,PE,0.5225,MEDIUM
102730,44,10196.38,BA,0.5447,MEDIUM
102731,69,4165.29,SP,0.4179,MEDIUM
102732,47,4039.09,PE,0.599,MEDIUM
102733,67,3457.81,PR,0.4691,MEDIUM
102734,31,7399.91,PE,0.6685,HIGH
102735,43,3264.62,RS,0.5117,MEDIUM
102736,27,2000.69,SC,0.5953,MEDIUM
102737,49,3032.29,RJ,0.3841,MEDIUM
102738,30,7940.18,SP,0.4369,MEDIUM
102739,45,6262.05,SP,0.3,LOW
102740,38,3716.11,SC,0.0509,LOW
102741,30,8119.32,BA,0.6794,HIGH
102742,25,6014.04,SP,0.3463,LOW
102743,46,3695.52,SP,0.426,MEDIUM
102744,68,3878.5,SC,0.6306,MEDIUM
102745,30,4919.25,SP,0.3933,MEDIUM
102746,41,2817.3,SP,0.1935,LOW
102747,32,4209.09,SP,0.3008,LOW
102748,61,4870.38,SC,0.2153,LOW
102749,41,1868.88,PR,0.152,LOW
102750,69,3835.16,BA,0.6699,HIGH
102751,33,3631.4,RJ,0.5248,MEDIUM
102752,25,6879.58,SP,0.7076,HIGH
102753,50,1732.78,BA,0.6162,MEDIUM
102754,53,3497.2,PE,0.5097,MEDIUM
102755,70,3332.9,RJ,0.3151,LOW
102756,64,6658.66,BA,0.6923,HIGH
102757,65,4113.12,RS,0.5364,MEDIUM
102758,52,9946.39,PE,0.1764,LOW
102759,38,5771.59,MG,0.2138,LOW
102760,42,3449.32,SP,0.2195,LOW
102761,27,4712.04,SP,0.3867,MEDIUM
102762,42,3543.56,RS,0.8025,HIGH
102763,39,6344.54,BA,0.4994,MEDIUM
102764,22,2215.84,MG,0.3679,MEDIUM
102765,31,2828.4,SP,0.2247,LOW
102766,47,5226.89,SP,0.2364,LOW
102767,39,7564.36,PR,0.4051,MEDIUM
102768,70,1459.57,PE,0.6147,MEDIUM
102769,44,8124.07,RJ,0.7528,HIGH
102770,68,3926.78,SC,0.5004,MEDIUM
102771,54,1700.33,PR,0.5066,MEDIUM
102772,23,1400.0,PE,0.0902,LOW
102773,31,2015.73,BA,0.2017,LOW
102774,56,4160.46,SP,0.4912,MEDIUM
102775,48,4069.23,SC,0.7168,HIGH
102776,36,5691.77,BA,0.8897,HIGH
102777,47,3226.28,PE,0.616,MEDIUM
102778,66,2467.55,PR,0.1011,LOW
102779,40,3444.58,SP,0.1443,LOW
102780,23,4268.31,PR,0.3143,LOW
102781,36,4691.98,SC,0.7314,HIGH
102782,67,2875.67,SP,0.331,LOW
102783,59,6473.9,PE,0.4955,MEDIUM
102784,62,3116.82,SP,0.8359,HIGH
102785,66,2766.6,PE,0.7007,HIGH
102786,26,3237.29,MG,0.5467,MEDIUM
102787,35,7035.77,SP,0.4333,MEDIUM
102788,23,3940.64,PR,0.3139,LOW
102789,21,3009.33,PR,0.479,MEDIUM
102790,62,6550.99,BA,0.249,LOW
102791,67,11747.07,PR,0.4779,MEDIUM
102792,28,4644.73,SP,0.7585,HIGH
102793,57,7593.78,PE,0.0863,LOW
102794,47,6906.08,PR,0.0812,LOW
102795,24,3140.49,SP,0.4829,MEDIUM
102796,66,4254.04,PE,0.199,LOW
102797,64,2269.28,SP,0.3206,LOW
102798,49,3806.51,SP,0.7895,HIGH
102799,56,3109.66,PR,0.3528,MEDIUM
102800,40,3461.49,PR,0.6097,MEDIUM
102801,60,2930.39,MG,0.317,LOW
102802,43,3659.32,PE,0.5033,MEDIUM
102803,70,5422.5,SP,0.3882,MEDIUM
102804,24,3965.88,PE,0.6044,MEDIUM
102805,29,1716.33,SP,0.1666,LOW
102806,69,2935.7,SP,0.5682,MEDIUM
102807,35,2025.41,SP,0.0725,LOW
102808,36,4722.0,SP,0.3922,MEDIUM
102809,60,5347.76,MG,0.2926,LOW
102810,30,4750.39,BA,0.9087,HIGH
102811,46,2878.1,BA,0.5989,MEDIUM
102812,35,4728.34,RS,0.152,LOW
102813,30,3351.57,SP,0.5594,MEDIUM
102814,69,2432.05,BA,0.5781,MEDIUM
102815,30,5996.71,RJ,0.3401,LOW
102816,25,6219.8,RS,0.5891,MEDIUM
102817,54,6623.04,RS,0.2748,LOW
102818,64,3136.4,SP,0.5633,MEDIUM
102819,27,7397.77,MG,0.378,MEDIUM
102820,56,3314.03,PE,0.9046,HIGH
102821,48,5747.5,SP,0.3482,LOW
102822,62,3286.58,RS,0.8113,HIGH
102823,27,3771.88,PE,0.1847,LOW
102824,69,1400.0,RJ,0.3807,MEDIUM
102825,51,3633.39,RJ,0.1012,LOW
102826,63,4387.71,MG,0.6209,MEDIUM
102827,39,3449.61,BA,0.6632,HIGH
102828,68,9757.68,MG,0.5285,MEDIUM
102829,52,2403.92,MG,0.3107,LOW
102830,27,3204.53,SP,0.1361,LOW
102831,67,2720.31,PE,0.8156,HIGH
102832,60,3204.23,PE,0.1649,LOW
102833,36,6890.63,PR,0.3644,MEDIUM
102834,48,8538.11,PE,0.6443,MEDIUM
102835,40,3000.28,SC,0.3163,LOW
102836,48,2968.45,PE,0.2024,LOW
102837,69,2410.09,SP,0.4392,MEDIUM
102838,65,7862.48,SP,0.416,MEDIUM
102839,31,7193.42,PE,0.2461,LOW
102840,69,3991.68,RJ,0.7243,HIGH
102841,42,2148.9,RJ,0.4097,MEDIUM
102842,56,2243.16,RS,0.478,MEDIUM
102843,59,4558.47,SC,0.2537,LOW
102844,45,5467.2,RJ,0.4215,MEDIUM
102845,43,1557.89,RJ,0.3481,LOW
102846,43,3599.72,RJ,0.317,LOW
102847,64,9132.75,SP,0.5644,MEDIUM
102848,40,3783.62,SP,0.7346,HIGH
102849,34,8585.81,PR,0.2157,LOW
102850,39,5735.22,RS,0.5126,MEDIUM
102851,30,2495.85,RJ,0.5616,MEDIUM
102852,40,3649.54,RJ,0.5525,MEDIUM
102853,26,3948.4,SC,0.1974,LOW
102854,25,2658.81,SP,0.1331,LOW
102855,57,2636.75,RJ,0.3151,LOW
102856,24,8656.7,SP,0.5671,MEDIUM
102857,49,2627.29,SC,0.7211,HIGH
102858,59,7047.93,SP,0.1404,LOW
102859,57,3406.11,MG,0.6072,MEDIUM
102860,43,4148.63,PR,0.1679,LOW
102861,30,5500.12,BA,0.8255,HIGH
102862,67,3151.18,RS,0.3275,LOW
102863,62,5516.14,PE,0.6235,MEDIUM
102864,51,1572.71,SC,0.2939,LOW
102865,25,5186.94,RJ,0.8452,HIGH
102866,22,1400.0,SP,0.4875,MEDIUM
102867,36,3766.7,SP,0.357,MEDIUM
102868,28,6328.87,SP,0.0316,LOW
102869,64,5662.05,SP,0.3552,MEDIUM
102870,31,2252.06,RJ,0.6874,HIGH
102871,35,2395.63,SC,0.2491,LOW
102872,69,3017.78,SC,0.572,MEDIUM
102873,61,4592.7,RJ,0.3088,LOW
102874,31,1583.69,MG,0.2273,LOW
102875,40,4173.43,SP,0.1287,LOW
102876,46,4877.2,MG,0.3225,LOW
102877,54,3666.46,MG,0.3532,MEDIUM
102878,67,5404.54,RJ,0.7196,HIGH
102879,64,4676.14,SP,0.1996,LOW
102880,69,3238.44,PE,0.6779,HIGH
102881,23,1658.17,PR,0.0675,LOW
102882,32,4477.76,PR,0.1204,LOW
102883,49,2658.09,SP,0.3111,LOW
102884,23,3181.9,SP,0.0595,LOW
102885,38,5286.01,RJ,0.1978,LOW
102886,28,8292.94,PE,0.5184,MEDIUM
102887,67,4123.97,SP,0.2442,LOW
102888,24,5479.62,RJ,0.5928,MEDIUM
102889,28,2099.57,PE,0.3908,MEDIUM
102890,30,4725.32,MG,0.4514,MEDIUM
102891,28,4080.95,RJ,0.238,LOW
102892,49,7576.97,SC,0.5259,MEDIUM
102893,39,3240.3,MG,0.3964,MEDIUM
102894,66,3740.05,PE,0.4609,MEDIUM
102895,34,6981.86,SP,0.1222,LOW
102896,47,4018.5,BA,0.4508,MEDIUM
102897,54,2466.6,SP,0.195,LOW
102898,52,14294.41,BA,0.576,MEDIUM
102899,60,2502.67,BA,0.4654,MEDIUM
102900,31,4071.57,BA,0.471,MEDIUM
102901,46,4960.44,BA,0.2886,LOW
102902,61,4775.7,RS,0.5839,MEDIUM
102903,64,3834.38,SP,0.4552,MEDIUM
102904,51,3843.56,SP,0.7817,HIGH
102905,53,3752.11,RJ,0.698,HIGH
102906,64,2458.22,MG,0.4726,MEDIUM
102907,52,11789.27,RJ,0.4265,MEDIUM
102908,68,3779.11,RS,0.5965,MEDIUM
102909,27,5593.53,RS,0.2975,LOW
102910,38,3576.74,PE,0.1573,LOW
102911,26,3542.38,RJ,0.7311,HIGH
102912,25,3375.26,RS,0.4706,MEDIUM
102913,44,1996.03,RS,0.2703,LOW
102914,32,3888.36,PE,0.4165,MEDIUM
102915,41,3454.65,RS,0.4441,MEDIUM
102916,42,7369.99,SP,0.3722,MEDIUM
102917,52,2364.74,SP,0.6652,HIGH
102918,68,3183.73,PE,0.316,LOW
102919,63,2728.72,RS,0.6268,MEDIUM
102920,39,8393.85,BA,0.0521,LOW
102921,37,2767.01,BA,0.167,LOW
102922,59,5501.32,RS,0.7698,HIGH
102923,27,6690.99,RS,0.6917,HIGH
102924,48,3915.51,PE,0.2048,LOW
102925,42,2168.89,PE,0.2891,LOW
102926,30,2182.11,RJ,0.2288,LOW
102927,51,6345.66,SP,0.4875,MEDIUM
102928,37,2293.32,SP,0.2701,LOW
102929,30,5069.58,MG,0.1888,LOW
102930,53,4436.97,BA,0.3989,MEDIUM
102931,29,5033.46,BA,0.2626,LOW
102932,54,5266.92,RJ,0.2922,LOW
102933,29,2682.97,RJ,0.4933,MEDIUM
102934,42,2629.6,MG,0.2033,LOW
102935,61,5919.49,BA,0.5036,MEDIUM
102936,32,3104.95,SC,0.7103,HIGH
102937,59,1400.0,SP,0.3096,LOW
102938,57,5734.42,RJ,0.1598,LOW
102939,66,2554.05,PR,0.5526,MEDIUM
102940,29,5255.68,PR,0.4004,MEDIUM
102941,56,8195.94,BA,0.6068,MEDIUM
102942,67,4233.93,PE,0.8866,HIGH
102943,59,6773.73,SP,0.2269,LOW
102944,30,4521.79,SP,0.7365,HIGH
102945,62,8998.43,RJ,0.2583,LOW
102946,26,2522.56,SP,0.4138,MEDIUM
102947,50,4183.47,RJ,0.2718,LOW
102948,45,5802.0,SP,0.3956,MEDIUM
102949,47,3833.15,SP,0.7411,HIGH
102950,46,7302.01,BA,0.5057,MEDIUM
102951,22,3413.39,SP,0.3168,LOW
102952,46,11340.53,BA,0.2625,LOW
102953,67,11631.76,RJ,0.4467,MEDIUM
102954,42,4808.95,RJ,0.1664,LOW
102955,34,5475.77,SP,0.1068,LOW
102956,70,7441.61,SP,0.0787,LOW
102957,25,2375.55,RJ,0.5751,MEDIUM
102958,45,2237.42,BA,0.7548,HIGH
102959,46,7676.51,PE,0.0836,LOW
102960,44,4790.33,SP,0.2973,LOW
102961,67,3767.31,SP,0.2654,LOW
102962,42,4222.48,SP,0.6417,MEDIUM
102963,69,1400.0,RS,0.499,MEDIUM
102964,24,3832.87,SP,0.433,MEDIUM
102965,57,2925.96,SP,0.6418,MEDIUM
102966,50,6525.77,PE,0.7658,HIGH
102967,33,6771.34,BA,0.2339,LOW
102968,32,5539.43,SC,0.4009,MEDIUM
102969,56,5077.93,SP,0.274,LOW
102970,52,2046.96,RJ,0.5702,MEDIUM
102971,51,5576.68,SP,0.3976,MEDIUM
102972,23,5681.39,SC,0.1006,LOW
102973,50,7635.26,RS,0.3766,MEDIUM
102974,70,11609.52,SP,0.1804,LOW
102975,21,1863.87,PE,0.7303,HIGH
102976,44,3485.51,MG,0.2397,LOW
102977,45,2941.14,BA,0.5861,MEDIUM
102978,65,4562.58,SP,0.3998,MEDIUM
102979,35,4227.11,RJ,0.6351,MEDIUM
102980,44,3753.64,SP,0.5098,MEDIUM
102981,56,6878.05,RS,0.4271,MEDIUM
102982,24,2475.41,SP,0.5569,MEDIUM
102983,61,2548.1,RJ,0.2982,LOW
102984,62,2568.85,RS,0.2052,LOW
102985,56,3532.93,RS,0.2311,LOW
102986,53,2328.82,SC,0.121,LOW
102987,58,4103.21,SC,0.342,LOW
102988,60,3879.28,SC,0.5144,MEDIUM
102989,66,2879.33,SC,0.6779,HIGH
102990,42,6388.45,RJ,0.7257,HIGH
102991,43,4081.74,SP,0.5444,MEDIUM
102992,52,6994.72,MG,0.3406,LOW
102993,30,3824.63,SP,0.675,HIGH
102994,63,4151.51,MG,0.1524,LOW
102995,59,3205.76,MG,0.2879,LOW
102996,52,4185.82,SP,0.2162,LOW
102997,36,5911.83,RS,0.3142,LOW
102998,38,3447.48,SC,0.5658,MEDIUM
102999,42,5386.64,PR,0.1907,LOW
103000,54,2843.3,PE,0.2319,LOW
103001,59,6046.19,SP,0.1057,LOW
103002,54,3179.52,SP,0.3899,MEDIUM
103003,67,6321.08,SP,0.2802,LOW
103004,69,4324.75,PR,0.5288,MEDIUM
103005,56,8715.84,SP,0.223,LOW
103006,39,2413.63,BA,0.7822,HIGH
103007,50,2067.87,RJ,0.5236,MEDIUM
103008,42,3124.58,MG,0.8163,HIGH
103009,52,2160.78,MG,0.6966,HIGH
103010,61,2162.73,RJ,0.2169,LOW
103011,39,5660.03,RS,0.6181,MEDIUM
103012,46,4191.58,SC,0.1432,LOW
103013,23,3336.22,RS,0.3063,LOW
103014,57,3488.05,PR,0.2585,LOW
103015,45,3153.18,MG,0.5037,MEDIUM
103016,43,9274.44,MG,0.536,MEDIUM
103017,47,2950.7,RS,0.197,LOW
103018,31,2226.57,RJ,0.1955,LOW
103019,50,6154.53,MG,0.639,MEDIUM
103020,58,3786.8,SP,0.5478,MEDIUM
103021,38,11175.19,SC,0.7914,HIGH
103022,27,3262.54,SP,0.2974,LOW
103023,40,6303.83,PE,0.3304,LOW
103024,30,7060.67,SP,0.3104,LOW
103025,39,3270.17,RJ,0.1995,LOW
103026,52,2940.21,SP,0.3595,MEDIUM
103027,26,5995.09,SP,0.2694,LOW
103028,58,5534.67,RJ,0.2149,LOW
103029,32,2133.99,RS,0.4407,MEDIUM
103030,65,2443.51,SP,0.1338,LOW
103031,57,1400.0,SP,0.3476,LOW
103032,34,5589.39,SP,0.4801,MEDIUM
103033,49,3703.98,RJ,0.8786,HIGH
103034,26,3885.5,PE,0.2859,LOW
103035,25,1864.87,RJ,0.1115,LOW
103036,68,2479.35,RS,0.5657,MEDIUM
103037,61,3338.98,MG,0.2618,LOW
103038,28,3041.55,MG,0.6,MEDIUM
103039,35,4444.4,BA,0.6959,HIGH
103040,30,5557.5,SP,0.1697,LOW
103041,40,12484.63,BA,0.3241,LOW
103042,35,4159.84,MG,0.7524,HIGH
103043,37,7174.1,RJ,0.2895,LOW
103044,47,2819.89,PE,0.4812,MEDIUM
103045,30,1879.7,RJ,0.4227,MEDIUM
103046,65,3546.57,PE,0.0021,LOW
103047,57,1950.68,PE,0.5148,MEDIUM
103048,59,4229.69,SP,0.4502,MEDIUM
103049,29,2887.72,RJ,0.5482,MEDIUM
103050,56,1643.84,BA,0.3388,LOW
103051,62,9663.7,SP,0.3943,MEDIUM
103052,29,3244.8,RS,0.791,HIGH
103053,58,1913.68,SP,0.0493,LOW
103054,38,6463.73,SP,0.7416,HIGH
103055,60,2960.47,MG,0.2379,LOW
103056,44,7087.72,RS,0.2812,LOW
103057,61,2953.69,RS,0.435,MEDIUM
103058,28,3239.61,PR,0.6472,MEDIUM
103059,40,4956.02,SP,0.3401,LOW
103060,34,5583.58,RJ,0.0921,LOW
103061,33,6073.63,SP,0.7505,HIGH
103062,36,4022.92,SP,0.5302,MEDIUM
103063,40,5413.09,RJ,0.4877,MEDIUM
103064,27,6007.37,PR,0.2274,LOW
103065,56,4624.45,SP,0.1139,LOW
103066,48,3922.03,SP,0.6715,HIGH
103067,62,2098.75,SC,0.1729,LOW
103068,56,5599.56,SP,0.5869,MEDIUM
103069,28,4285.89,PE,0.3919,MEDIUM
103070,24,3443.71,RJ,0.3766,MEDIUM
103071,42,7755.58,SP,0.2733,LOW
103072,45,2116.42,PE,0.4755,MEDIUM
103073,33,9246.29,PR,0.2779,LOW
103074,60,4155.34,BA,0.3862,MEDIUM
103075,50,4891.47,MG,0.4031,MEDIUM
103076,58,3474.54,RJ,0.6868,HIGH
103077,26,1886.81,SC,0.5227,MEDIUM
103078,61,3927.77,RJ,0.1444,LOW
103079,31,4932.09,PR,0.6901,HIGH
103080,43,5810.54,SP,0.5796,MEDIUM
103081,42,3819.15,RJ,0.7701,HIGH
103082,62,1466.19,SP,0.204,LOW
103083,34,2003.88,RS,0.1124,LOW
103084,33,11246.47,RJ,0.2711,LOW
103085,37,2485.98,PE,0.4872,MEDIUM
103086,39,8331.71,SP,0.1233,LOW
103087,30,2682.43,MG,0.2389,LOW
103088,29,3847.82,RJ,0.4688,MEDIUM
103089,32,5669.97,SC,0.0333,LOW
103090,44,2833.16,BA,0.3541,MEDIUM
103091,38,9019.13,MG,0.5096,MEDIUM
103092,40,4355.48,RJ,0.4532,MEDIUM
103093,56,5239.85,RS,0.2342,LOW
103094,33,3693.72,SP,0.4969,MEDIUM
103095,66,5761.92,PR,0.0627,LOW
103096,58,8961.21,RS,0.8003,HIGH
103097,29,3943.49,SP,0.2271,LOW
103098,36,9634.46,SC,0.1038,LOW
103099,30,3131.52,RS,0.4567,MEDIUM
103100,34,6060.85,SP,0.7025,HIGH
103101,39,5311.42,RJ,0.5756,MEDIUM
103102,27,2514.73,RJ,0.3213,LOW
103103,21,4653.94,RS,0.818,HIGH
103104,42,4214.88,PR,0.353,MEDIUM
103105,56,2788.64,MG,0.7991,HIGH
103106,36,4987.45,RJ,0.2587,LOW
103107,64,4505.52,SP,0.8044,HIGH
103108,39,4056.18,SP,0.4862,MEDIUM
103109,66,4064.0,SP,0.8902,HIGH
103110,32,4022.4,SP,0.3486,LOW
103111,47,3520.45,SP,0.4438,MEDIUM
103112,59,4491.58,PR,0.2748,LOW
103113,23,3083.32,PR,0.3769,MEDIUM
103114,67,15034.58,SP,0.0533,LOW
103115,39,2135.29,PR,0.1601,LOW
103116,45,3172.16,SP,0.286,LOW
103117,52,3294.74,RJ,0.2998,LOW
103118,53,11184.42,PE,0.4829,MEDIUM
103119,22,2228.7,MG,0.3983,MEDIUM
103120,64,5152.73,SP,0.0645,LOW
103121,52,4731.84,RJ,0.2394,LOW
103122,70,4929.38,SC,0.1248,LOW
103123,44,7602.9,SP,0.3593,MEDIUM
103124,51,7528.4,PE,0.1386,LOW
103125,43,3382.53,MG,0.1219,LOW
103126,65,4609.93,SP,0.1839,LOW
103127,62,1716.55,PR,0.5224,MEDIUM
103128,66,4404.6,SC,0.6234,MEDIUM
103129,46,2869.02,MG,0.3774,MEDIUM
103130,60,3840.57,PE,0.7731,HIGH
103131,38,1870.31,PE,0.1589,LOW
103132,44,5100.93,SP,0.7688,HIGH
103133,59,1860.29,SP,0.1945,LOW
103134,25,4509.84,RJ,0.2093,LOW
103135,56,2331.15,PR,0.3583,MEDIUM
103136,21,2793.39,PR,0.4174,MEDIUM
103137,50,7310.82,SP,0.1317,LOW
103138,44,5569.39,PE,0.3584,MEDIUM
103139,44,7291.45,RJ,0.5039,MEDIUM
103140,45,8879.57,BA,0.7954,HIGH
103141,45,2898.29,BA,0.6909,HIGH
103142,41,8624.36,SP,0.3159,LOW
103143,43,2078.49,SP,0.4053,MEDIUM
103144,49,6008.73,SP,0.6734,HIGH
103145,59,3314.42,PE,0.4911,MEDIUM
103146,48,2687.31,RJ,0.2717,LOW
103147,53,5640.82,BA,0.3671,MEDIUM
103148,62,6610.51,MG,0.7157,HIGH
103149,70,6516.99,MG,0.2645,LOW
103150,26,4656.28,PE,0.6895,HIGH
103151,56,4474.63,MG,0.5226,MEDIUM
103152,32,5408.55,RS,0.1807,LOW
103153,30,4859.28,MG,0.3487,LOW
103154,60,5446.29,SP,0.686,HIGH
103155,24,4632.07,SP,0.588,MEDIUM
103156,63,6294.15,SP,0.4255,MEDIUM
103157,59,1923.27,RS,0.3425,LOW
103158,70,3943.52,RJ,0.5296,MEDIUM
103159,54,2161.58,MG,0.0823,LOW
103160,64,4796.57,SP,0.6879,HIGH
103161,26,9236.94,PR,0.7383,HIGH
103162,65,3345.19,BA,0.3645,MEDIUM
103163,29,4464.54,PR,0.5413,MEDIUM
103164,36,6038.76,PE,0.2038,LOW
103165,27,1556.71,SP,0.6162,MEDIUM
103166,41,3268.96,SP,0.1707,LOW
103167,58,5003.07,MG,0.4807,MEDIUM
103168,34,1400.0,SP,0.1988,LOW
103169,62,2627.98,SC,0.6131,MEDIUM
103170,51,7124.19,BA,0.6828,HIGH
103171,52,6797.28,SP,0.261,LOW
103172,67,5026.67,PE,0.6039,MEDIUM
103173,42,6414.36,SP,0.2496,LOW
103174,38,4656.83,SC,0.1895,LOW
103175,70,5483.12,RJ,0.5517,MEDIUM
103176,48,3609.51,SC,0.5188,MEDIUM
103177,51,4440.09,SP,0.3224,LOW
103178,35,3100.45,PE,0.2473,LOW
103179,31,7702.59,PE,0.201,LOW
103180,29,8718.38,MG,0.5632,MEDIUM
103181,32,8145.31,MG,0.6523,HIGH
103182,30,3452.82,SC,0.4382,MEDIUM
103183,58,2657.2,PR,0.2892,LOW
103184,23,7752.63,PR,0.3268,LOW
103185,52,5452.97,PR,0.2522,LOW
103186,68,4917.52,BA,0.3609,MEDIUM
103187,59,3098.57,PR,0.5656,MEDIUM
103188,41,5152.09,SP,0.3219,LOW
103189,23,2494.66,PE,0.3611,MEDIUM
103190,62,5694.12,SP,0.2846,LOW
103191,21,8141.3,SP,0.0594,LOW
103192,55,9188.81,PE,0.2861,LOW
103193,54,5901.32,SP,0.8025,HIGH
103194,30,2163.47,SP,0.1875,LOW
103195,57,4617.27,PR,0.424,MEDIUM
103196,29,11729.79,BA,0.2775,LOW
103197,32,2768.07,SP,0.3963,MEDIUM
103198,61,4082.37,MG,0.1288,LOW
103199,69,8277.79,SP,0.4223,MEDIUM
103200,34,5648.04,MG,0.6646,HIGH
103201,67,13812.3,RJ,0.2149,LOW
103202,66,2954.43,SP,0.3484,LOW
103203,59,2611.7,PE,0.4212,MEDIUM
103204,28,7558.44,SC,0.1765,LOW
103205,35,2365.67,BA,0.1792,LOW
103206,54,3821.47,PE,0.2063,LOW
103207,70,4069.72,PE,0.3916,MEDIUM
103208,61,6905.79,RS,0.1362,LOW
103209,42,5640.28,RJ,0.7229,HIGH
103210,32,5230.34,BA,0.5082,MEDIUM
103211,69,3462.25,MG,0.6508,HIGH
103212,34,7525.42,SP,0.6359,MEDIUM
103213,38,25000.0,RJ,0.2425,LOW
103214,69,5852.68,RJ,0.5544,MEDIUM
103215,49,4405.82,MG,0.4052,MEDIUM
103216,34,2252.66,RS,0.4199,MEDIUM
103217,21,3092.85,MG,0.4147,MEDIUM
103218,42,3790.52,SP,0.5324,MEDIUM
103219,70,3249.42,SP,0.793,HIGH
103220,42,4167.71,BA,0.7213,HIGH
103221,55,9860.45,RJ,0.1313,LOW
103222,33,7642.5,MG,0.4133,MEDIUM
103223,59,3891.7,RS,0.6024,MEDIUM
103224,59,2351.63,BA,0.455,MEDIUM
103225,51,7980.66,MG,0.2277,LOW
103226,59,4102.26,SC,0.5872,MEDIUM
103227,49,1833.75,SP,0.5879,MEDIUM
103228,39,5912.39,PE,0.6742,HIGH
103229,57,6871.72,PR,0.3635,MEDIUM
103230,62,1400.0,RS,0.7412,HIGH
103231,63,2827.23,SP,0.3567,MEDIUM
103232,31,3983.12,SC,0.2374,LOW
103233,54,5975.39,RJ,0.8867,HIGH
103234,21,3278.96,MG,0.3994,MEDIUM
103235,49,2816.95,SC,0.0513,LOW
103236,49,5954.37,BA,0.2223,LOW
103237,39,3354.46,RJ,0.3054,LOW
103238,70,5448.12,BA,0.4453,MEDIUM
103239,65,2463.44,SP,0.3175,LOW
103240,22,2194.52,PR,0.5855,MEDIUM
103241,31,6035.23,SP,0.6929,HIGH
103242,31,4741.22,SP,0.7591,HIGH
103243,65,6539.52,PE,0.552,MEDIUM
103244,46,3252.55,SP,0.3015,LOW
103245,57,2867.48,PE,0.431,MEDIUM
103246,61,8070.61,RJ,0.3806,MEDIUM
103247,59,2021.95,SC,0.7707,HIGH
103248,25,7658.27,SP,0.4264,MEDIUM
103249,28,7916.32,SC,0.189,LOW
103250,40,6346.65,PE,0.3214,LOW
103251,37,3019.03,PR,0.4749,MEDIUM
103252,58,2838.15,RJ,0.2801,LOW
103253,28,3797.18,BA,0.2501,LOW
103254,39,2255.71,RS,0.2546,LOW
103255,32,2647.12,SP,0.3019,LOW
103256,30,5723.37,SC,0.3181,LOW
103257,29,5736.06,SC,0.5561,MEDIUM
103258,30,2537.78,RS,0.2237,LOW
103259,49,5810.25,RJ,0.5234,MEDIUM
103260,41,5223.41,RJ,0.3808,MEDIUM
103261,42,8669.66,PE,0.5417,MEDIUM
103262,44,5519.4,PR,0.7614,HIGH
103263,58,6981.08,MG,0.5454,MEDIUM
103264,64,5280.82,PE,0.2466,LOW
103265,47,6722.44,SP,0.4681,MEDIUM
103266,53,2264.31,RJ,0.3505,MEDIUM
103267,57,3961.6,RS,0.4806,MEDIUM
103268,55,4122.14,RS,0.1691,LOW
103269,27,3736.26,PE,0.2169,LOW
103270,70,5197.36,SC,0.7184,HIGH
103271,29,5694.99,RJ,0.3253,LOW
103272,41,5070.14,RJ,0.1771,LOW
103273,53,3858.01,SP,0.6737,HIGH
103274,41,2950.38,PE,0.3229,LOW
103275,33,7111.65,SP,0.3043,LOW
103276,67,4967.7,PR,0.2934,LOW
103277,24,2575.77,RJ,0.6018,MEDIUM
103278,33,3827.13,SP,0.2412,LOW
103279,70,1819.03,SP,0.2418,LOW
103280,57,4271.92,SC,0.1166,LOW
103281,25,3818.52,SP,0.5251,MEDIUM
103282,58,3187.83,PE,0.3677,MEDIUM
103283,69,8986.22,PE,0.3816,MEDIUM
103284,25,2411.21,SP,0.3015,LOW
103285,41,5895.29,BA,0.3307,LOW
103286,44,11997.57,RJ,0.2432,LOW
103287,27,7043.98,SP,0.4243,MEDIUM
103288,31,4136.9,RJ,0.3753,MEDIUM
103289,29,2436.91,BA,0.1737,LOW
103290,30,2184.3,SC,0.7812,HIGH
103291,41,3447.12,SP,0.5002,MEDIUM
103292,44,3020.2,RS,0.5967,MEDIUM
103293,32,2973.39,SC,0.4813,MEDIUM
103294,35,3591.08,RS,0.1724,LOW
103295,30,3998.85,PR,0.2177,LOW
103296,60,5301.48,BA,0.0515,LOW
103297,31,2318.55,SC,0.3009,LOW
103298,66,3027.11,SP,0.5739,MEDIUM
103299,47,3890.13,BA,0.7837,HIGH
103300,61,3823.83,RJ,0.1888,LOW
103301,52,10140.81,SC,0.2253,LOW
103302,34,4695.3,SC,0.3249,LOW
103303,51,1935.88,RJ,0.6444,MEDIUM
103304,34,5133.62,SP,0.437,MEDIUM
103305,26,5457.57,SC,0.2101,LOW
103306,33,3955.17,BA,0.1484,LOW
103307,34,2345.86,BA,0.1312,LOW
103308,27,9766.43,PR,0.1792,LOW
103309,22,2513.16,SP,0.0733,LOW
103310,68,5767.6,RJ,0.4015,MEDIUM
103311,46,4623.3,RS,0.4804,MEDIUM
103312,41,5603.96,RJ,0.4088,MEDIUM
103313,67,9529.35,RS,0.6748,HIGH
103314,32,5499.58,RJ,0.5822,MEDIUM
103315,41,3212.1,SP,0.753,HIGH
103316,63,7141.77,PR,0.1381,LOW
103317,52,3102.34,PR,0.0154,LOW
103318,40,4543.02,PR,0.3455,LOW
103319,33,2257.83,SP,0.3239,LOW
103320,22,2557.7,BA,0.0594,LOW
103321,25,4304.88,MG,0.2209,LOW
103322,29,5011.65,RS,0.851,HIGH
103323,60,1855.1,PR,0.6712,HIGH
103324,52,5332.3,RJ,0.2737,LOW
103325,42,2834.2,SC,0.7502,HIGH
103326,60,7762.74,PR,0.3445,LOW
103327,29,3547.14,MG,0.5588,MEDIUM
103328,31,2449.16,SC,0.663,HIGH
103329,40,4355.64,SP,0.1231,LOW
103330,66,2705.51,PE,0.7293,HIGH
103331,51,7722.81,RJ,0.3536,MEDIUM
103332,63,4201.07,SP,0.2981,LOW
103333,33,3905.09,RS,0.6573,HIGH
103334,63,5579.78,SP,0.5521,MEDIUM
103335,24,2592.73,PE,0.3871,MEDIUM
103336,32,2262.09,MG,0.614,MEDIUM
103337,47,5109.46,SP,0.2455,LOW
103338,23,2477.48,SP,0.5042,MEDIUM
103339,63,2477.08,SP,0.2035,LOW
103340,64,6275.97,SP,0.4738,MEDIUM
103341,48,5403.87,SP,0.3873,MEDIUM
103342,36,2300.78,RJ,0.5455,MEDIUM
103343,25,3120.21,RJ,0.2906,LOW
103344,51,2721.8,MG,0.1546,LOW
103345,47,9852.43,SP,0.3683,MEDIUM
103346,58,6488.1,SP,0.2822,LOW
103347,51,3431.78,SP,0.4064,MEDIUM
103348,27,5538.14,SP,0.1837,LOW
103349,27,2190.47,RJ,0.2722,LOW
103350,60,3041.09,SP,0.5079,MEDIUM
103351,28,4416.82,RJ,0.4615,MEDIUM
103352,67,5218.21,PE,0.1276,LOW
103353,26,4008.05,SP,0.4089,MEDIUM
103354,57,4730.97,SP,0.3586,MEDIUM
103355,69,4360.93,SC,0.0681,LOW
103356,43,3882.84,MG,0.5056,MEDIUM
103357,23,3643.46,SP,0.0716,LOW
103358,64,3422.86,RS,0.3232,LOW
103359,30,4694.61,RS,0.2645,LOW
103360,47,5115.5,PE,0.3012,LOW
103361,70,4619.55,PE,0.8687,HIGH
103362,58,2385.38,PR,0.3287,LOW
103363,23,2600.23,SC,0.4157,MEDIUM
103364,62,5086.29,RJ,0.2632,LOW
103365,29,8512.09,PE,0.5316,MEDIUM
103366,58,4518.79,PR,0.3106,LOW
103367,52,3446.93,RJ,0.9226,HIGH
103368,35,4677.52,SP,0.3896,MEDIUM
103369,42,2433.69,PR,0.3576,MEDIUM
103370,26,7872.51,MG,0.8802,HIGH
103371,70,4593.53,BA,0.1541,LOW
103372,32,3045.74,SP,0.4261,MEDIUM
103373,36,3876.85,BA,0.1104,LOW
103374,46,3261.24,SP,0.6171,MEDIUM
103375,54,7882.82,PR,0.3856,MEDIUM
103376,46,3811.45,RJ,0.489,MEDIUM
103377,46,4525.19,RJ,0.4498,MEDIUM
103378,50,5531.58,MG,0.5106,MEDIUM
103379,63,2943.26,SP,0.3451,LOW
103380,40,4609.25,SP,0.1056,LOW
103381,62,4791.36,BA,0.1507,LOW
103382,60,1991.98,SP,0.5318,MEDIUM
103383,69,4741.62,RS,0.288,LOW
103384,66,4108.75,RS,0.6823,HIGH
103385,60,4470.36,SP,0.4316,MEDIUM
103386,33,4272.45,PE,0.3689,MEDIUM
103387,59,4756.38,RS,0.6093,MEDIUM
103388,57,7980.57,BA,0.5761,MEDIUM
103389,35,2384.34,BA,0.4068,MEDIUM
103390,54,3563.89,PR,0.4303,MEDIUM
103391,33,5783.8,PE,0.122,LOW
103392,47,5290.59,SP,0.5677,MEDIUM
103393,60,5236.22,SP,0.5842,MEDIUM
103394,30,15749.39,SC,0.4446,MEDIUM
103395,37,5639.92,SP,0.6206,MEDIUM
103396,60,7227.8,PR,0.6487,MEDIUM
103397,43,3624.4,RJ,0.5794,MEDIUM
103398,69,2607.75,RJ,0.384,MEDIUM
103399,21,3611.82,PE,0.4871,MEDIUM
103400,57,5911.06,SP,0.3606,MEDIUM
103401,61,5105.72,SP,0.2788,LOW
103402,66,5096.96,SC,0.449,MEDIUM
103403,28,3789.37,RS,0.72,HIGH
103404,70,3510.15,BA,0.5216,MEDIUM
103405,40,3852.62,SP,0.235,LOW
103406,38,5946.68,PE,0.2175,LOW
103407,38,6287.94,PR,0.364,MEDIUM
103408,52,2591.12,BA,0.3201,LOW
103409,53,6055.75,SP,0.6216,MEDIUM
103410,44,3073.26,RJ,0.0332,LOW
103411,24,5260.19,MG,0.215,LOW
103412,70,3830.29,PR,0.1804,LOW
103413,32,8905.45,SP,0.3592,MEDIUM
103414,25,3436.35,PR,0.5801,MEDIUM
103415,50,4575.97,SC,0.3429,LOW
103416,41,5619.54,RJ,0.1982,LOW
103417,51,2760.98,MG,0.6453,MEDIUM
103418,64,4055.66,SP,0.3466,LOW
103419,25,3695.53,BA,0.4736,MEDIUM
103420,35,3282.0,PR,0.2096,LOW
103421,46,3400.82,PR,0.2238,LOW
103422,60,7162.45,PE,0.8292,HIGH
103423,51,3151.19,SC,0.6438,MEDIUM
103424,40,5512.18,SP,0.6418,MEDIUM
103425,51,4884.61,SC,0.044,LOW
103426,69,2147.99,PE,0.2572,LOW
103427,45,5388.6,SP,0.3129,LOW
103428,65,2131.01,PR,0.5063,MEDIUM
103429,59,5677.83,SP,0.4735,MEDIUM
103430,36,3292.45,BA,0.049,LOW
103431,33,4216.9,SC,0.5108,MEDIUM
103432,59,2256.53,PE,0.3847,MEDIUM
103433,31,4454.11,SC,0.3769,MEDIUM
103434,37,6553.64,SP,0.2731,LOW
103435,32,2851.2,MG,0.9462,HIGH
103436,51,3138.18,PE,0.6708,HIGH
103437,35,5224.2,SP,0.4452,MEDIUM
103438,53,5287.27,SP,0.4573,MEDIUM
103439,67,1400.0,RS,0.4592,MEDIUM
103440,62,11050.54,MG,0.287,LOW
103441,68,5412.93,SP,0.3347,LOW
103442,22,5868.54,SP,0.6361,MEDIUM
103443,43,3920.37,RJ,0.4661,MEDIUM
103444,32,1723.77,SC,0.421,MEDIUM
103445,66,5806.34,MG,0.8778,HIGH
103446,56,3202.06,MG,0.4621,MEDIUM
103447,37,5453.03,BA,0.3344,LOW
103448,49,3781.27,SP,0.065,LOW
103449,51,4708.38,SC,0.4002,MEDIUM
103450,45,2895.29,RJ,0.345,LOW
103451,44,6359.76,RJ,0.1039,LOW
103452,23,2374.2,PR,0.2081,LOW
103453,43,12341.38,SC,0.4341,MEDIUM
103454,38,12296.32,PE,0.3481,LOW
103455,61,9196.11,SP,0.709,HIGH
103456,64,7747.07,SP,0.0401,LOW
103457,58,4032.96,MG,0.2562,LOW
103458,22,7352.4,PR,0.5717,MEDIUM
103459,63,4010.52,SP,0.1135,LOW
103460,40,1992.51,PE,0.6286,MEDIUM
103461,41,8641.89,BA,0.5063,MEDIUM
103462,68,7220.47,MG,0.3775,MEDIUM
103463,64,4137.29,MG,0.393,MEDIUM
103464,23,2332.63,SP,0.3036,LOW
103465,38,3169.93,PR,0.4826,MEDIUM
103466,58,1752.31,PR,0.7633,HIGH
103467,47,6610.92,PE,0.6993,HIGH
103468,33,1945.46,MG,0.3828,MEDIUM
103469,47,4819.95,SP,0.7195,HIGH
103470,64,2801.38,SP,0.5788,MEDIUM
103471,32,2117.57,SP,0.2168,LOW
103472,58,4709.09,PE,0.651,HIGH
103473,57,3578.2,BA,0.548,MEDIUM
103474,65,6280.28,BA,0.3728,MEDIUM
103475,35,2285.61,BA,0.0232,LOW
103476,31,2919.97,SP,0.3949,MEDIUM
103477,48,1400.0,SC,0.5427,MEDIUM
103478,47,1471.96,SC,0.2222,LOW
103479,41,9956.41,SP,0.5077,MEDIUM
103480,59,11418.24,MG,0.7021,HIGH
103481,60,4391.16,SC,0.3942,MEDIUM
103482,33,2828.22,PE,0.6734,HIGH
103483,60,3639.44,SP,0.2753,LOW
103484,32,6387.87,PE,0.2407,LOW
103485,41,3281.1,PE,0.4659,MEDIUM
103486,22,4707.46,PE,0.3542,MEDIUM
103487,38,4174.36,SP,0.3742,MEDIUM
103488,68,3196.49,SP,0.3078,LOW
103489,43,3262.56,SC,0.6227,MEDIUM
103490,56,4834.99,RJ,0.6356,MEDIUM
103491,26,2627.88,SP,0.3698,MEDIUM
103492,52,5216.96,RS,0.2951,LOW
103493,39,3349.22,SP,0.1797,LOW
103494,58,4464.78,MG,0.7269,HIGH
103495,67,8161.16,PE,0.1651,LOW
103496,47,3874.25,MG,0.7507,HIGH
103497,26,6531.2,PE,0.4787,MEDIUM
103498,44,1776.97,RJ,0.1637,LOW
103499,27,3351.17,RJ,0.4832,MEDIUM
103500,43,4256.19,SP,0.3067,LOW
103501,24,10572.79,RJ,0.7112,HIGH
103502,53,1639.36,RJ,0.1282,LOW
103503,36,4010.45,BA,0.7013,HIGH
103504,31,8451.09,PE,0.4928,MEDIUM
103505,21,2881.4,SP,0.1876,LOW
103506,65,3792.11,SP,0.0948,LOW
103507,62,4924.98,SC,0.3364,LOW
103508,61,4588.94,MG,0.32,LOW
103509,23,8905.37,SP,0.6498,MEDIUM
103510,38,5208.81,SP,0.0738,LOW
103511,69,7943.99,SP,0.043,LOW
103512,49,3533.47,MG,0.8597,HIGH
103513,27,2943.6,SP,0.5016,MEDIUM
103514,28,3768.73,RS,0.7253,HIGH
103515,34,2407.8,RJ,0.5859,MEDIUM
103516,69,5297.16,MG,0.1912,LOW
103517,29,3489.86,MG,0.4346,MEDIUM
103518,66,3042.34,SP,0.7,HIGH
103519,54,5335.81,PE,0.6686,HIGH
103520,67,2425.65,SC,0.1204,LOW
103521,62,6079.52,BA,0.5236,MEDIUM
103522,37,3338.37,MG,0.3064,LOW
103523,62,7326.15,MG,0.0436,LOW
103524,29,3478.39,SP,0.4858,MEDIUM
103525,35,5688.24,PR,0.2182,LOW
103526,31,4578.06,PR,0.8224,HIGH
103527,27,6002.39,RJ,0.3598,MEDIUM
103528,25,4427.61,SP,0.4815,MEDIUM
103529,30,1890.15,SP,0.4801,MEDIUM
103530,27,6816.22,SP,0.1469,LOW
103531,40,4026.9,RJ,0.5704,MEDIUM
103532,24,6135.26,PR,0.648,MEDIUM
103533,24,5849.77,PE,0.5509,MEDIUM
103534,70,2897.66,SP,0.1515,LOW
103535,25,2707.38,SP,0.5183,MEDIUM
103536,24,5752.62,SP,0.5224,MEDIUM
103537,22,3631.06,SP,0.3475,LOW
103538,27,6583.53,SC,0.2527,LOW
103539,47,3855.68,SP,0.7482,HIGH
103540,62,6864.21,PE,0.2389,LOW
103541,57,5146.26,BA,0.297,LOW
103542,50,4822.6,MG,0.7374,HIGH
103543,25,3509.8,PE,0.5707,MEDIUM
103544,59,4695.71,PR,0.1094,LOW
103545,22,7445.83,PE,0.5199,MEDIUM
103546,52,4092.11,SP,0.4434,MEDIUM
103547,41,5419.74,PE,0.5394,MEDIUM
103548,65,4294.51,SP,0.1128,LOW
103549,36,4458.87,RJ,0.2955,LOW
103550,52,9605.36,PE,0.2015,LOW
103551,42,7477.62,RJ,0.3516,MEDIUM
103552,47,4363.17,SP,0.3567,MEDIUM
103553,67,4655.38,SP,0.3198,LOW
103554,56,2998.72,SP,0.7914,HIGH
103555,41,3865.37,RJ,0.3034,LOW
103556,43,4872.44,MG,0.5235,MEDIUM
103557,56,6317.85,PR,0.5691,MEDIUM
103558,38,6017.73,BA,0.3737,MEDIUM
103559,29,2466.11,SP,0.5126,MEDIUM
103560,44,6712.93,BA,0.3936,MEDIUM
103561,24,4024.79,PR,0.7139,HIGH
103562,29,2615.17,RS,0.3757,MEDIUM
103563,42,7976.89,RS,0.2141,LOW
103564,60,8477.86,PE,0.4168,MEDIUM
103565,60,4766.84,SP,0.1256,LOW
103566,34,5902.08,PR,0.7463,HIGH
103567,42,6070.62,PE,0.3716,MEDIUM
103568,28,8207.56,RS,0.3009,LOW
103569,58,5956.94,SP,0.3459,LOW
103570,33,2220.64,PR,0.3274,LOW
103571,60,11020.89,BA,0.0817,LOW
103572,63,7004.83,SP,0.3017,LOW
103573,55,3288.77,SC,0.033,LOW
103574,37,2562.2,BA,0.2792,LOW
103575,68,5351.6,MG,0.2889,LOW
103576,55,3674.88,SP,0.7447,HIGH
103577,53,4920.85,PR,0.4885,MEDIUM
103578,63,6000.96,PR,0.2647,LOW
103579,65,3200.13,RJ,0.4432,MEDIUM
103580,24,2458.01,SC,0.0757,LOW
103581,65,5054.49,MG,0.5377,MEDIUM
103582,59,3251.31,BA,0.1961,LOW
103583,31,4505.1,BA,0.6707,HIGH
103584,36,2204.03,BA,0.6902,HIGH
103585,58,3721.17,MG,0.1427,LOW
103586,31,5919.56,SP,0.2924,LOW
103587,43,5617.76,RS,0.9105,HIGH
103588,55,2876.78,SP,0.2759,LOW
103589,53,2397.24,MG,0.594,MEDIUM
103590,66,4231.9,SP,0.5294,MEDIUM
103591,26,5497.98,MG,0.5609,MEDIUM
103592,35,5101.67,SC,0.2634,LOW
103593,70,3284.61,RJ,0.6871,HIGH
103594,49,4845.45,RJ,0.5875,MEDIUM
103595,33,8638.38,SP,0.114,LOW
103596,35,4634.62,RJ,0.2234,LOW
103597,37,1917.79,MG,0.4692,MEDIUM
103598,48,4630.3,BA,0.233,LOW
103599,35,11203.03,PE,0.3483,LOW
103600,52,2264.01,PE,0.6696,HIGH
103601,43,4260.35,SP,0.3889,MEDIUM
103602,51,3767.62,SP,0.2162,LOW
103603,28,4397.82,MG,0.6373,MEDIUM
103604,52,4610.45,SC,0.1756,LOW
103605,67,7259.21,SC,0.2926,LOW
103606,27,4374.45,RS,0.0197,LOW
103607,37,7753.69,MG,0.5402,MEDIUM
103608,55,3969.38,PR,0.5849,MEDIUM
103609,51,3550.25,PE,0.3195,LOW
103610,54,3046.14,SP,0.7345,HIGH
103611,48,1755.73,BA,0.5424,MEDIUM
103612,55,4794.45,RS,0.3481,LOW
103613,51,11257.16,SP,0.4886,MEDIUM
103614,24,5233.28,PE,0.2789,LOW
103615,58,5839.96,BA,0.1497,LOW
103616,43,3444.67,RS,0.5149,MEDIUM
103617,23,3735.21,SP,0.1639,LOW
103618,41,6737.66,SP,0.4468,MEDIUM
103619,42,11014.99,SC,0.1444,LOW
103620,25,8578.85,SP,0.295,LOW
103621,70,6181.75,SP,0.8826,HIGH
103622,32,4271.46,RJ,0.56,MEDIUM
103623,37,4644.81,SP,0.225,LOW
103624,43,2925.31,RS,0.3243,LOW
103625,62,2095.86,PR,0.305,LOW
103626,58,2445.43,SP,0.51,MEDIUM
103627,59,4301.61,PR,0.303,LOW
103628,32,3650.73,SP,0.1614,LOW
103629,63,2074.57,SP,0.2463,LOW
103630,62,4125.43,MG,0.5468,MEDIUM
103631,44,3604.7,MG,0.41,MEDIUM
103632,48,2391.97,RJ,0.6904,HIGH
103633,22,3516.26,PR,0.6919,HIGH
103634,59,3600.34,RJ,0.5906,MEDIUM
103635,69,3123.95,PR,0.5394,MEDIUM
103636,44,6552.76,RJ,0.6641,HIGH
103637,48,1684.88,RS,0.534,MEDIUM
103638,45,1619.15,PR,0.2779,LOW
103639,25,4206.63,SP,0.6802,HIGH
103640,51,4398.33,SC,0.2785,LOW
103641,57,5099.32,RS,0.7184,HIGH
103642,67,3242.61,SP,0.2804,LOW
103643,67,2703.32,PR,0.7683,HIGH
103644,45,4185.28,BA,0.326,LOW
103645,68,3397.8,SP,0.5933,MEDIUM
103646,47,8842.76,PE,0.7613,HIGH
103647,53,3594.68,RJ,0.2435,LOW
103648,51,4094.14,RS,0.5318,MEDIUM
103649,70,13780.92,PE,0.7847,HIGH
103650,57,3825.16,PE,0.4587,MEDIUM
103651,27,5485.12,PR,0.7608,HIGH
103652,24,5727.69,SC,0.3528,MEDIUM
103653,41,5966.48,SP,0.4983,MEDIUM
103654,46,4826.1,SP,0.5247,MEDIUM
103655,54,4609.54,BA,0.3554,MEDIUM
103656,45,4407.22,RJ,0.6004,MEDIUM
103657,46,3185.49,BA,0.6392,MEDIUM
103658,67,4910.29,SP,0.0824,LOW
103659,37,11120.99,SP,0.5942,MEDIUM
103660,45,7509.82,SP,0.2297,LOW
103661,48,4859.64,MG,0.7601,HIGH
103662,44,6333.69,SP,0.7441,HIGH
103663,69,2767.32,RJ,0.1467,LOW
103664,69,3706.32,PE,0.091,LOW
103665,46,6619.72,BA,0.1454,LOW
103666,43,8575.63,RS,0.3269,LOW
103667,50,2901.04,SP,0.2145,LOW
103668,30,3329.97,RJ,0.2709,LOW
103669,42,11966.9,SC,0.5424,MEDIUM
103670,31,4398.62,SP,0.2787,LOW
103671,28,10077.43,MG,0.1745,LOW
103672,25,4638.43,PE,0.634,MEDIUM
103673,50,4726.81,SP,0.3115,LOW
103674,21,3627.16,PE,0.5247,MEDIUM
103675,53,6602.91,SP,0.3736,MEDIUM
103676,42,8059.23,SP,0.4738,MEDIUM
103677,39,2555.59,SP,0.0726,LOW
103678,59,3546.31,PE,0.7257,HIGH
103679,47,6516.4,PR,0.2045,LOW
103680,57,3946.78,RS,0.3711,MEDIUM
103681,56,3314.34,RJ,0.3464,LOW
103682,22,6818.67,BA,0.1112,LOW
103683,31,7133.07,PR,0.507,MEDIUM
103684,49,3384.67,PR,0.4352,MEDIUM
103685,69,4650.71,RS,0.5163,MEDIUM
103686,28,2351.41,RS,0.6856,HIGH
103687,26,2732.6,SC,0.0384,LOW
103688,68,4457.93,SP,0.3426,LOW
103689,69,4263.8,BA,0.5276,MEDIUM
103690,29,2640.54,SP,0.1086,LOW
103691,41,2978.49,PE,0.007,LOW
103692,52,2519.0,RJ,0.7864,HIGH
103693,30,5225.31,SP,0.8461,HIGH
103694,37,1633.32,RJ,0.1413,LOW
103695,40,2584.49,PR,0.4377,MEDIUM
103696,53,1717.5,RJ,0.6296,MEDIUM
103697,36,5135.69,BA,0.4358,MEDIUM
103698,41,1767.86,SC,0.2176,LOW
103699,35,4264.46,SP,0.7223,HIGH
103700,58,9226.28,PR,0.4199,MEDIUM
103701,28,9377.68,RS,0.1375,LOW
103702,32,1765.17,PE,0.2345,LOW
103703,33,4846.81,RJ,0.6885,HIGH
103704,66,2612.68,PE,0.6145,MEDIUM
103705,68,2368.79,SP,0.5787,MEDIUM
103706,46,3977.36,SC,0.4064,MEDIUM
103707,28,7573.57,RS,0.0954,LOW
103708,58,5600.86,MG,0.2118,LOW
103709,45,2979.68,SP,0.4905,MEDIUM
103710,63,5891.44,SC,0.7977,HIGH
103711,38,1430.62,RJ,0.1732,LOW
103712,70,2926.1,SP,0.6306,MEDIUM
103713,61,2828.13,SP,0.1299,LOW
103714,32,4360.9,RS,0.6406,MEDIUM
103715,57,3810.37,SP,0.6876,HIGH
103716,35,3924.26,MG,0.5292,MEDIUM
103717,38,3862.13,PE,0.5842,MEDIUM
103718,33,4245.42,RS,0.4071,MEDIUM
103719,55,5443.09,PR,0.2857,LOW
103720,34,4512.1,MG,0.0547,LOW
103721,52,3664.15,SP,0.5636,MEDIUM
103722,50,5093.29,MG,0.4082,MEDIUM
103723,58,6244.02,SP,0.6195,MEDIUM
103724,70,3216.17,SP,0.7687,HIGH
103725,21,4081.94,SP,0.8857,HIGH
103726,70,7336.04,PR,0.232,LOW
103727,26,2473.81,SP,0.7567,HIGH
103728,47,9987.57,SP,0.4294,MEDIUM
103729,38,2208.45,BA,0.2181,LOW
103730,52,3558.39,SP,0.6098,MEDIUM
103731,57,2661.78,SC,0.2956,LOW
103732,63,12004.59,RJ,0.4937,MEDIUM
103733,41,3298.53,PR,0.1522,LOW
103734,67,3302.5,SP,0.5289,MEDIUM
103735,37,3515.3,SP,0.4237,MEDIUM
103736,31,4397.23,BA,0.3265,LOW
103737,39,3587.42,MG,0.3496,LOW
103738,47,3940.47,SP,0.4179,MEDIUM
103739,54,1400.0,RJ,0.2933,LOW
103740,62,4316.83,MG,0.1344,LOW
103741,32,4236.05,SP,0.0861,LOW
103742,36,6914.34,PR,0.2462,LOW
103743,67,7872.96,MG,0.2648,LOW
103744,42,3838.13,PR,0.374,MEDIUM
103745,33,6214.43,BA,0.4724,MEDIUM
103746,70,2475.23,RJ,0.1301,LOW
103747,43,6070.3,PE,0.582,MEDIUM
103748,70,3190.88,MG,0.1625,LOW
103749,66,2378.4,MG,0.2013,LOW
103750,66,3842.03,SC,0.6688,HIGH
103751,50,8226.09,PR,0.2742,LOW
103752,60,4581.23,SP,0.1755,LOW
103753,69,8614.09,PE,0.1241,LOW
103754,34,2932.02,PE,0.4972,MEDIUM
103755,22,6945.22,SP,0.9146,HIGH
103756,37,3071.14,PR,0.5064,MEDIUM
103757,52,4679.74,RS,0.2552,LOW
103758,48,4660.36,PE,0.3808,MEDIUM
103759,25,5769.59,PR,0.6372,MEDIUM
103760,49,4737.17,SP,0.1605,LOW
103761,29,2945.49,SC,0.4876,MEDIUM
103762,46,6408.54,SP,0.5057,MEDIUM
103763,49,9643.46,SC,0.1666,LOW
103764,52,3173.58,PR,0.0947,LOW
103765,41,1740.5,SC,0.5805,MEDIUM
103766,41,5337.5,SP,0.4379,MEDIUM
103767,54,3582.7,MG,0.4243,MEDIUM
103768,58,3943.84,PR,0.4251,MEDIUM
103769,61,5485.18,RJ,0.4399,MEDIUM
103770,37,3373.72,SP,0.2973,LOW
103771,42,3691.51,SP,0.2716,LOW
103772,37,4002.93,BA,0.4553,MEDIUM
103773,47,8504.25,MG,0.5467,MEDIUM
103774,27,4261.06,SC,0.0603,LOW
103775,42,2320.91,MG,0.1486,LOW
103776,30,2365.67,BA,0.5599,MEDIUM
103777,47,4490.28,MG,0.3907,MEDIUM
103778,63,2442.35,SP,0.1799,LOW
103779,70,1984.13,SP,0.7272,HIGH
103780,43,5698.15,SP,0.084,LOW
103781,23,5833.66,BA,0.8538,HIGH
103782,32,3519.71,SC,0.0405,LOW
103783,26,4835.77,RS,0.2613,LOW
103784,58,4596.9,RS,0.285,LOW
103785,70,5608.29,BA,0.5591,MEDIUM
103786,48,5614.57,PE,0.2897,LOW
103787,29,1400.0,SC,0.0578,LOW
103788,22,3742.09,SP,0.5713,MEDIUM
103789,69,5385.33,SP,0.485,MEDIUM
103790,36,3448.93,PR,0.4838,MEDIUM
103791,26,4273.62,RS,0.2583,LOW
103792,29,6022.01,PR,0.2649,LOW
103793,33,4366.36,RJ,0.5459,MEDIUM
103794,53,8661.48,RS,0.4621,MEDIUM
103795,65,7214.1,MG,0.5104,MEDIUM
103796,34,3967.65,SP,0.1165,LOW
103797,55,3819.13,BA,0.3325,LOW
103798,24,1400.0,PR,0.5016,MEDIUM
103799,21,3590.76,SP,0.461,MEDIUM
103800,23,2193.54,RJ,0.7067,HIGH
103801,67,4670.54,PR,0.1442,LOW
103802,50,4519.78,MG,0.6536,HIGH
103803,61,5865.54,SP,0.7458,HIGH
103804,22,8211.1,PR,0.5391,MEDIUM
103805,22,4147.37,SC,0.4012,MEDIUM
103806,63,12549.54,SP,0.4988,MEDIUM
103807,26,4695.77,PR,0.4819,MEDIUM
103808,28,2239.34,PR,0.4433,MEDIUM
103809,46,3206.85,RJ,0.6469,MEDIUM
103810,51,3511.93,RJ,0.696,HIGH
103811,32,5580.65,RJ,0.555,MEDIUM
103812,43,2665.53,MG,0.0921,LOW
103813,54,3640.26,BA,0.2947,LOW
103814,43,3887.57,MG,0.3508,MEDIUM
103815,40,3387.14,PE,0.2032,LOW
103816,24,6200.09,RJ,0.6306,MEDIUM
103817,43,5714.0,SC,0.4905,MEDIUM
103818,61,7352.47,PR,0.312,LOW
103819,52,3582.97,RS,0.7469,HIGH
103820,65,7480.49,PE,0.3079,LOW
103821,27,2182.27,MG,0.6394,MEDIUM
103822,21,2156.87,MG,0.5409,MEDIUM
103823,48,2345.41,PE,0.3188,LOW
103824,29,4218.61,PE,0.2017,LOW
103825,50,7479.95,PE,0.0469,LOW
103826,66,3145.76,SP,0.5786,MEDIUM
103827,37,3341.01,SP,0.4425,MEDIUM
103828,48,3786.33,MG,0.2027,LOW
103829,55,5529.19,RS,0.8865,HIGH
103830,28,3339.51,SP,0.6288,MEDIUM
103831,65,3251.27,RJ,0.5579,MEDIUM
103832,31,2201.84,PR,0.2364,LOW
103833,61,3192.03,SP,0.2109,LOW
103834,53,7391.02,RS,0.1837,LOW
103835,28,4387.37,SP,0.7972,HIGH
103836,57,2944.55,BA,0.2993,LOW
103837,30,7602.17,RJ,0.6301,MEDIUM
103838,50,3171.43,PR,0.0624,LOW
103839,68,8303.38,PR,0.6268,MEDIUM
103840,68,8238.48,SP,0.8036,HIGH
103841,64,4314.45,MG,0.5077,MEDIUM
103842,45,2045.78,BA,0.2672,LOW
103843,48,12604.39,PR,0.7167,HIGH
103844,36,5058.03,SP,0.1932,LOW
103845,67,3595.27,RS,0.2269,LOW
103846,44,6646.07,SP,0.1386,LOW
103847,59,5883.72,MG,0.3954,MEDIUM
103848,38,7880.06,MG,0.2986,LOW
103849,58,3056.15,MG,0.4397,MEDIUM
103850,32,4893.72,SP,0.5059,MEDIUM
103851,57,2377.07,SP,0.2485,LOW
103852,23,5783.01,SP,0.6644,HIGH
103853,26,4154.0,RJ,0.4712,MEDIUM
103854,38,4806.5,PR,0.3083,LOW
103855,45,3915.08,SC,0.3866,MEDIUM
103856,56,3723.3,SP,0.5534,MEDIUM
103857,38,2768.58,SP,0.2602,LOW
103858,21,6137.95,SC,0.7051,HIGH
103859,37,8586.08,PR,0.537,MEDIUM
103860,42,3215.18,BA,0.892,HIGH
103861,48,5478.24,SP,0.6443,MEDIUM
103862,53,5168.24,SP,0.15,LOW
103863,33,4216.36,RJ,0.5051,MEDIUM
103864,51,2018.43,SC,0.1529,LOW
103865,52,2248.62,MG,0.3867,MEDIUM
103866,59,2886.99,SP,0.3627,MEDIUM
103867,47,1504.35,SP,0.2624,LOW
103868,61,8255.99,SC,0.2862,LOW
103869,32,5010.73,SP,0.3076,LOW
103870,56,4140.03,SC,0.3378,LOW
103871,23,1467.81,SP,0.9047,HIGH
103872,26,1750.02,RJ,0.4091,MEDIUM
103873,64,4195.28,SP,0.5206,MEDIUM
103874,44,10814.84,PE,0.0728,LOW
103875,52,3003.37,SP,0.1793,LOW
103876,51,6357.96,SP,0.5103,MEDIUM
103877,55,3335.86,BA,0.3675,MEDIUM
103878,33,4312.85,SP,0.3715,MEDIUM
103879,29,7524.26,SP,0.1639,LOW
103880,23,3557.39,SP,0.2046,LOW
103881,64,3015.71,SC,0.3395,LOW
103882,32,8295.87,RJ,0.6508,HIGH
103883,49,4292.86,BA,0.3321,LOW
103884,43,7091.26,RS,0.3284,LOW
103885,29,3022.74,PR,0.6246,MEDIUM
103886,41,8250.62,SP,0.1877,LOW
103887,25,4789.5,BA,0.217,LOW
103888,29,5174.71,BA,0.1789,LOW
103889,27,4473.93,BA,0.4565,MEDIUM
103890,62,3295.17,SP,0.6129,MEDIUM
103891,49,4196.61,SC,0.2709,LOW
103892,67,3396.15,SC,0.4061,MEDIUM
103893,42,6656.98,PE,0.8087,HIGH
103894,31,3809.95,SP,0.4383,MEDIUM
103895,51,2047.79,RS,0.603,MEDIUM
103896,67,1875.66,SC,0.3253,LOW
103897,47,1833.56,BA,0.1178,LOW
103898,21,5650.31,SC,0.4138,MEDIUM
103899,36,2416.6,BA,0.3164,LOW
103900,67,4850.71,RJ,0.5487,MEDIUM
103901,46,4484.56,SP,0.6337,MEDIUM
103902,68,4071.55,RJ,0.5382,MEDIUM
103903,46,5183.7,BA,0.2805,LOW
103904,21,4531.58,SP,0.0664,LOW
103905,64,1400.0,SC,0.2216,LOW
103906,59,3595.72,PE,0.1868,LOW
103907,56,5150.71,PE,0.2931,LOW
103908,69,9229.64,SC,0.0778,LOW
103909,30,9436.49,BA,0.2439,LOW
103910,66,2183.16,SP,0.2712,LOW
103911,32,3550.95,MG,0.2415,LOW
103912,69,1980.5,PR,0.3839,MEDIUM
103913,30,8711.37,RS,0.4879,MEDIUM
103914,48,6829.53,SP,0.4059,MEDIUM
103915,60,4969.74,SP,0.307,LOW
103916,24,4548.56,SC,0.4606,MEDIUM
103917,24,8148.12,MG,0.4588,MEDIUM
103918,63,7512.14,BA,0.0922,LOW
103919,24,7322.46,MG,0.295,LOW
103920,51,5229.37,BA,0.1725,LOW
103921,67,3551.8,MG,0.1646,LOW
103922,51,6069.67,RS,0.1937,LOW
103923,45,6213.87,RS,0.6462,MEDIUM
103924,41,3832.73,SP,0.7426,HIGH
103925,52,3548.36,RJ,0.2967,LOW
103926,49,7236.05,PE,0.2712,LOW
103927,46,9335.84,SP,0.6441,MEDIUM
103928,28,2931.09,SC,0.6496,MEDIUM
103929,54,3701.22,SP,0.3645,MEDIUM
103930,57,4970.56,RS,0.4029,MEDIUM
103931,56,5305.01,SP,0.5856,MEDIUM
103932,24,3268.56,PR,0.6771,HIGH
103933,56,10372.67,PR,0.5448,MEDIUM
103934,57,5143.28,SP,0.1843,LOW
103935,30,5420.29,MG,0.6884,HIGH
103936,63,9770.32,BA,0.1326,LOW
103937,47,3385.61,SC,0.6115,MEDIUM
103938,44,4025.45,PE,0.3223,LOW
103939,57,2301.34,RS,0.1896,LOW
103940,46,3866.53,SC,0.3794,MEDIUM
103941,48,2055.25,PR,0.4758,MEDIUM
103942,36,6013.77,PE,0.3366,LOW
103943,67,5138.1,MG,0.7015,HIGH
103944,69,3676.98,RJ,0.8824,HIGH
103945,27,4002.35,BA,0.457,MEDIUM
103946,57,6053.21,PE,0.2174,LOW
103947,22,2434.89,MG,0.3063,LOW
103948,39,4632.45,SP,0.1079,LOW
103949,69,5875.84,PR,0.5592,MEDIUM
103950,29,1785.31,RS,0.1416,LOW
103951,39,5834.89,RJ,0.1051,LOW
103952,31,1880.49,RS,0.2939,LOW
103953,57,3969.5,PR,0.2388,LOW
103954,44,2402.85,RJ,0.1143,LOW
103955,50,8348.51,PR,0.4588,MEDIUM
103956,68,2410.1,RJ,0.3526,MEDIUM
103957,47,1902.17,RS,0.3789,MEDIUM
103958,57,4477.63,SP,0.5713,MEDIUM
103959,25,3443.56,BA,0.2923,LOW
103960,31,2039.85,RJ,0.3859,MEDIUM
103961,68,5405.82,PE,0.3245,LOW
103962,63,1614.73,RS,0.1866,LOW
103963,53,2554.07,SP,0.4612,MEDIUM
103964,39,3186.68,PE,0.6535,HIGH
103965,30,6172.79,MG,0.4733,MEDIUM
103966,63,7821.76,MG,0.6358,MEDIUM
103967,60,7130.78,PE,0.1859,LOW
103968,33,3902.09,PE,0.3585,MEDIUM
103969,50,1400.0,SC,0.2928,LOW
103970,51,5066.72,PE,0.809,HIGH
103971,44,8507.6,RJ,0.2815,LOW
103972,67,7593.59,SP,0.3698,MEDIUM
103973,27,5245.13,SP,0.5665,MEDIUM
103974,33,2372.92,RJ,0.4218,MEDIUM
103975,25,3263.95,PR,0.2738,LOW
103976,55,10626.12,RJ,0.3423,LOW
103977,53,2127.73,PR,0.1335,LOW
103978,70,2420.85,SP,0.0388,LOW
103979,48,6602.9,RJ,0.2861,LOW
103980,28,3414.83,RS,0.3464,LOW
103981,43,2381.77,SP,0.2061,LOW
103982,25,8745.25,RS,0.6389,MEDIUM
103983,54,5240.37,RS,0.3559,MEDIUM
103984,54,3496.7,PR,0.0892,LOW
103985,63,2423.26,PE,0.2844,LOW
103986,37,11221.59,PE,0.1526,LOW
103987,36,4150.99,SP,0.4719,MEDIUM
103988,24,8213.69,SC,0.6421,MEDIUM
103989,41,6449.67,SP,0.2148,LOW
103990,44,3270.86,RJ,0.3241,LOW
103991,58,3283.38,PR,0.3615,MEDIUM
103992,58,8409.11,RS,0.5625,MEDIUM
103993,28,8474.76,BA,0.4476,MEDIUM
103994,35,1706.02,SC,0.3581,MEDIUM
103995,46,5468.36,RS,0.2556,LOW
103996,37,3962.6,PR,0.2788,LOW
103997,22,2557.65,SP,0.1978,LOW
103998,63,4762.26,SP,0.1528,LOW
103999,57,2197.41,MG,0.3387,LOW
104000,47,3357.46,RS,0.8224,HIGH
104001,36,2862.85,SP,0.8464,HIGH
104002,63,3304.17,MG,0.3773,MEDIUM
104003,22,4058.34,SP,0.5412,MEDIUM
104004,43,2579.54,PR,0.4223,MEDIUM
104005,61,8937.09,RJ,0.6783,HIGH
104006,68,5322.06,SP,0.452,MEDIUM
104007,33,9939.08,SP,0.1999,LOW
104008,53,3889.37,RJ,0.2575,LOW
104009,30,3227.36,MG,0.193,LOW
104010,26,9768.12,PE,0.2734,LOW
104011,38,3182.34,SP,0.6435,MEDIUM
104012,65,3855.51,MG,0.3187,LOW
104013,55,5934.05,PR,0.73,HIGH
104014,45,2318.63,SC,0.1771,LOW
104015,35,5909.17,RJ,0.2651,LOW
104016,28,5557.18,SP,0.3776,MEDIUM
104017,34,7724.22,PE,0.632,MEDIUM
104018,28,6438.57,PE,0.2009,LOW
104019,30,7838.71,MG,0.2095,LOW
104020,55,3983.19,PR,0.5814,MEDIUM
104021,27,2775.98,SP,0.3345,LOW
104022,23,11563.78,SP,0.3998,MEDIUM
104023,48,2018.33,SP,0.394,MEDIUM
104024,35,2117.76,RS,0.5807,MEDIUM
104025,43,5508.8,SP,0.5064,MEDIUM
104026,27,9162.12,SP,0.4951,MEDIUM
104027,31,4600.06,SP,0.6206,MEDIUM
104028,43,6785.24,SP,0.4844,MEDIUM
104029,55,1611.39,RJ,0.558,MEDIUM
104030,41,3304.56,PR,0.3364,LOW
104031,48,1708.46,PR,0.176,LOW
104032,47,6108.5,MG,0.2062,LOW
104033,34,1998.53,MG,0.2733,LOW
104034,34,2274.43,RS,0.4698,MEDIUM
104035,42,5375.31,SP,0.2652,LOW
104036,22,6991.96,SP,0.2682,LOW
104037,55,3891.44,BA,0.0515,LOW
104038,51,5522.15,SC,0.2706,LOW
104039,36,5436.98,MG,0.3907,MEDIUM
104040,39,3787.4,SP,0.5115,MEDIUM
104041,37,2483.39,SP,0.4117,MEDIUM
104042,53,5508.17,SP,0.2727,LOW
104043,58,5637.1,BA,0.6285,MEDIUM
104044,26,6450.88,PR,0.8886,HIGH
104045,41,4878.69,SP,0.6082,MEDIUM
104046,21,2396.97,SP,0.6188,MEDIUM
104047,43,5850.04,SP,0.0877,LOW
104048,33,4197.22,SP,0.5986,MEDIUM
104049,37,3331.33,PR,0.33,LOW
104050,43,3646.1,RJ,0.4269,MEDIUM
104051,37,3015.49,PE,0.3495,LOW
104052,40,6434.86,RS,0.5702,MEDIUM
104053,59,2126.31,PE,0.5258,MEDIUM
104054,61,2607.03,BA,0.596,MEDIUM
104055,21,3586.85,PE,0.0807,LOW
104056,39,9112.84,PE,0.4042,MEDIUM
104057,63,6966.68,RJ,0.3055,LOW
104058,47,1910.72,SP,0.4247,MEDIUM
104059,31,8034.39,SP,0.477,MEDIUM
104060,50,8026.96,PR,0.3615,MEDIUM
104061,28,2390.64,SC,0.2232,LOW
104062,22,1400.0,SP,0.2395,LOW
104063,52,4056.9,BA,0.4915,MEDIUM
104064,46,7198.32,RS,0.7104,HIGH
104065,58,9015.0,PR,0.6056,MEDIUM
104066,38,2765.13,MG,0.4819,MEDIUM
104067,63,9737.99,SP,0.6804,HIGH
104068,42,1441.49,MG,0.1943,LOW
104069,57,3519.86,SP,0.0387,LOW
104070,26,3437.77,PR,0.2219,LOW
104071,25,7302.42,RJ,0.1684,LOW
104072,60,7832.41,SP,0.6443,MEDIUM
104073,62,6640.0,MG,0.6254,MEDIUM
104074,68,2196.4,PR,0.4724,MEDIUM
104075,37,6354.36,RJ,0.4918,MEDIUM
104076,22,5362.47,PE,0.4088,MEDIUM
104077,69,1883.05,SP,0.5527,MEDIUM
104078,51,1557.24,PE,0.6439,MEDIUM
104079,33,6912.42,SP,0.4574,MEDIUM
104080,59,3852.17,SP,0.3245,LOW
104081,66,2266.41,PE,0.3462,LOW
104082,35,3800.61,RS,0.2895,LOW
104083,59,5001.93,SC,0.3214,LOW
104084,60,4036.25,RS,0.6724,HIGH
104085,46,1993.98,RJ,0.7027,HIGH
104086,52,10382.81,RS,0.744,HIGH
104087,34,6801.27,SP,0.552,MEDIUM
104088,67,3575.49,BA,0.2627,LOW
104089,70,3645.3,PE,0.2129,LOW
104090,70,4991.01,BA,0.3586,MEDIUM
104091,57,2442.12,RS,0.3779,MEDIUM
104092,23,4903.6,SC,0.6792,HIGH
104093,39,2217.39,MG,0.4608,MEDIUM
104094,43,4060.18,RJ,0.2998,LOW
104095,68,2396.89,BA,0.6743,HIGH
104096,48,2455.68,SC,0.2033,LOW
104097,47,9253.77,MG,0.6901,HIGH
104098,28,4321.11,RS,0.3433,LOW
104099,60,4639.65,SP,0.7858,HIGH
104100,37,1599.39,BA,0.2088,LOW
104101,25,3153.53,BA,0.2934,LOW
104102,70,5240.76,SP,0.469,MEDIUM
104103,30,4610.19,SP,0.6653,HIGH
104104,21,1493.54,RS,0.2583,LOW
104105,24,4639.06,SP,0.1304,LOW
104106,43,5007.98,PE,0.456,MEDIUM
104107,26,7777.93,SP,0.1227,LOW
104108,63,3066.61,SP,0.1726,LOW
104109,46,1431.74,SP,0.6577,HIGH
104110,37,2602.92,RS,0.6992,HIGH
104111,21,2480.58,PR,0.2059,LOW
104112,44,5981.7,BA,0.2045,LOW
104113,28,1400.0,PE,0.2505,LOW
104114,69,3386.76,PR,0.7539,HIGH
104115,35,8326.69,SP,0.5245,MEDIUM
104116,44,4214.57,SP,0.3144,LOW
104117,21,6457.98,BA,0.6933,HIGH
104118,27,1909.84,SP,0.6433,MEDIUM
104119,31,1946.69,PE,0.2774,LOW
104120,23,8372.57,BA,0.8734,HIGH
104121,57,4409.09,PR,0.2459,LOW
104122,68,4413.45,PR,0.4094,MEDIUM
104123,70,2455.6,PE,0.3659,MEDIUM
104124,34,4408.17,RS,0.6628,HIGH
104125,60,2423.07,SC,0.2685,LOW
104126,46,7424.48,MG,0.7366,HIGH
104127,23,15555.95,MG,0.0599,LOW
104128,25,5298.25,RJ,0.4686,MEDIUM
104129,48,3096.62,PE,0.5706,MEDIUM
104130,42,1400.0,SC,0.5362,MEDIUM
104131,21,1871.13,RS,0.2882,LOW
104132,67,8858.86,SP,0.225,LOW
104133,57,2562.73,BA,0.3377,LOW
104134,46,3515.16,RJ,0.6022,MEDIUM
104135,70,5752.54,RS,0.4394,MEDIUM
104136,69,8555.58,SP,0.5534,MEDIUM
104137,69,3816.31,PE,0.3473,LOW
104138,33,3458.53,SC,0.3452,LOW
104139,65,4346.9,MG,0.1832,LOW
104140,46,3107.5,RJ,0.7289,HIGH
104141,57,3188.82,RJ,0.712,HIGH
104142,63,5118.12,RJ,0.8641,HIGH
104143,29,4590.66,SP,0.6698,HIGH
104144,43,11684.41,MG,0.3199,LOW
104145,27,5184.8,MG,0.4902,MEDIUM
104146,34,7298.25,RJ,0.3704,MEDIUM
104147,41,2511.47,SC,0.6336,MEDIUM
104148,63,5404.11,RJ,0.2134,LOW
104149,64,2968.49,SP,0.8529,HIGH
104150,40,5077.92,BA,0.7266,HIGH
104151,37,5844.91,MG,0.4745,MEDIUM
104152,47,4301.75,SC,0.4748,MEDIUM
104153,66,13337.78,PE,0.3728,MEDIUM
104154,69,8335.43,RS,0.5164,MEDIUM
104155,32,7390.26,PR,0.543,MEDIUM
104156,30,6061.41,PR,0.3318,LOW
104157,56,9791.33,BA,0.2223,LOW
104158,36,2107.16,BA,0.3859,MEDIUM
104159,30,8107.75,SP,0.4918,MEDIUM
104160,22,2609.84,PR,0.3723,MEDIUM
104161,41,3203.36,BA,0.4119,MEDIUM
104162,40,5498.93,BA,0.3156,LOW
104163,49,7591.51,SP,0.1499,LOW
104164,31,2414.2,MG,0.2705,LOW
104165,56,3284.0,MG,0.3228,LOW
104166,55,4401.3,SP,0.4941,MEDIUM
104167,44,3840.6,SC,0.2793,LOW
104168,30,6328.23,MG,0.3657,MEDIUM
104169,46,21852.82,SP,0.6706,HIGH
104170,54,5136.43,RJ,0.7104,HIGH
104171,39,2951.14,BA,0.6355,MEDIUM
104172,34,2254.12,BA,0.3673,MEDIUM
104173,46,3592.91,BA,0.2174,LOW
104174,38,2674.51,PE,0.5647,MEDIUM
104175,41,5256.73,PE,0.1256,LOW
104176,38,5217.69,MG,0.7012,HIGH
104177,36,3362.77,SP,0.3977,MEDIUM
104178,56,10890.2,BA,0.6811,HIGH
104179,44,2950.78,SC,0.1834,LOW
104180,44,3966.0,RJ,0.4297,MEDIUM
104181,53,5708.08,PE,0.599,MEDIUM
104182,39,6444.78,RJ,0.2075,LOW
104183,26,7754.87,PE,0.5654,MEDIUM
104184,63,5159.1,PR,0.1888,LOW
104185,23,6955.43,SP,0.4969,MEDIUM
104186,49,3052.11,BA,0.1066,LOW
104187,34,6525.8,RS,0.5579,MEDIUM
104188,31,6484.11,SC,0.5656,MEDIUM
104189,23,8682.16,PR,0.2622,LOW
104190,66,1885.58,SP,0.3668,MEDIUM
104191,42,2717.29,SP,0.2928,LOW
104192,38,6235.08,SP,0.4392,MEDIUM
104193,58,1400.0,SP,0.2281,LOW
104194,22,5318.8,RJ,0.5923,MEDIUM
104195,49,6985.18,PR,0.483,MEDIUM
104196,45,3184.91,SP,0.6725,HIGH
104197,48,3416.42,PR,0.2284,LOW
104198,27,2508.03,SP,0.5957,MEDIUM
104199,68,3269.84,SP,0.3955,MEDIUM
104200,32,3315.64,PE,0.5499,MEDIUM
104201,54,3026.24,PE,0.8549,HIGH
104202,58,2947.62,BA,0.6074,MEDIUM
104203,38,3687.7,SP,0.1168,LOW
104204,27,3666.34,RS,0.0574,LOW
104205,35,10326.03,SP,0.4811,MEDIUM
104206,61,3475.98,PR,0.3048,LOW
104207,66,4954.4,PE,0.1575,LOW
104208,67,3184.14,RJ,0.7022,HIGH
104209,32,3164.76,PE,0.4513,MEDIUM
104210,51,1853.33,SC,0.3418,LOW
104211,28,1975.51,RJ,0.2963,LOW
104212,56,2353.08,SP,0.1809,LOW
104213,41,4587.15,BA,0.4031,MEDIUM
104214,56,7040.28,MG,0.3892,MEDIUM
104215,55,1781.55,SP,0.654,HIGH
104216,70,3226.92,SP,0.5154,MEDIUM
104217,45,2179.24,PE,0.641,MEDIUM
104218,38,3699.63,SP,0.3866,MEDIUM
104219,47,7038.91,PE,0.4207,MEDIUM
104220,29,3389.16,SC,0.3095,LOW
104221,26,4105.29,RJ,0.219,LOW
104222,46,8445.17,RJ,0.1568,LOW
104223,62,5232.44,RS,0.5418,MEDIUM
104224,47,2916.08,MG,0.5433,MEDIUM
104225,60,4532.91,SP,0.6236,MEDIUM
104226,29,2823.17,SP,0.3664,MEDIUM
104227,43,5139.29,BA,0.5377,MEDIUM
104228,51,5378.71,SC,0.6315,MEDIUM
104229,38,2178.96,MG,0.2553,LOW
104230,21,4568.37,SP,0.6113,MEDIUM
104231,24,3969.54,MG,0.2311,LOW
104232,67,5454.98,RS,0.2566,LOW
104233,51,6259.69,SP,0.6003,MEDIUM
104234,34,5281.77,PE,0.5307,MEDIUM
104235,33,3631.16,BA,0.3097,LOW
104236,22,6573.74,RJ,0.1475,LOW
104237,68,2762.16,BA,0.1129,LOW
104238,26,2228.29,SC,0.4874,MEDIUM
104239,58,1400.0,SC,0.2353,LOW
104240,33,4060.95,SP,0.3392,LOW
104241,37,2831.32,PE,0.8956,HIGH
104242,34,5083.53,MG,0.1285,LOW
104243,62,1630.51,BA,0.26,LOW
104244,22,3078.49,SP,0.5061,MEDIUM
104245,38,5263.59,RJ,0.4964,MEDIUM
104246,34,2561.94,PE,0.3361,LOW
104247,34,5111.68,MG,0.1028,LOW
104248,30,3214.63,SP,0.373,MEDIUM
104249,66,4134.38,BA,0.6654,HIGH
104250,39,5588.78,SP,0.4001,MEDIUM
104251,41,6635.45,BA,0.1517,LOW
104252,40,4390.67,PE,0.2636,LOW
104253,70,2841.58,SP,0.6627,HIGH
104254,37,3371.06,PR,0.7773,HIGH
104255,38,5702.03,PE,0.4995,MEDIUM
104256,37,2572.51,PE,0.3816,MEDIUM
104257,37,3855.93,MG,0.5861,MEDIUM
104258,25,3489.85,SC,0.2767,LOW
104259,51,3996.71,PR,0.5521,MEDIUM
104260,22,2587.34,SP,0.2508,LOW
104261,32,1726.59,SC,0.2356,LOW
104262,31,5392.67,RJ,0.1043,LOW
104263,35,6671.65,RJ,0.5764,MEDIUM
104264,58,1776.85,RJ,0.3781,MEDIUM
104265,50,5013.67,BA,0.4434,MEDIUM
104266,70,7064.01,SP,0.6395,MEDIUM
104267,38,5590.8,SP,0.2059,LOW
104268,67,3438.66,SP,0.1625,LOW
104269,23,2670.34,SP,0.7803,HIGH
104270,46,4366.47,PE,0.3634,MEDIUM
104271,60,4730.45,MG,0.4316,MEDIUM
104272,47,4397.66,SP,0.468,MEDIUM
104273,67,3852.11,PE,0.0948,LOW
104274,36,2497.8,SP,0.5704,MEDIUM
104275,22,5144.74,MG,0.6089,MEDIUM
104276,59,5265.07,BA,0.2659,LOW
104277,24,4625.01,RS,0.3686,MEDIUM
104278,59,4429.83,SP,0.4959,MEDIUM
104279,57,9403.9,SC,0.4265,MEDIUM
104280,63,3112.36,PR,0.558,MEDIUM
104281,44,7769.25,SC,0.4026,MEDIUM
104282,65,2952.8,SP,0.2986,LOW
104283,29,7151.92,BA,0.3466,LOW
104284,42,7592.04,PR,0.443,MEDIUM
104285,27,3648.88,RS,0.4002,MEDIUM
104286,59,9321.72,PE,0.3488,LOW
104287,56,5260.48,BA,0.6256,MEDIUM
104288,61,2756.59,RS,0.0902,LOW
104289,59,3509.56,SP,0.3439,LOW
104290,36,7234.13,SP,0.3193,LOW
104291,24,6541.43,PR,0.4506,MEDIUM
104292,67,2527.49,SP,0.2727,LOW
104293,45,3928.43,RS,0.2584,LOW
104294,25,4631.01,RS,0.3147,LOW
104295,67,3291.8,PR,0.3216,LOW
104296,70,13024.45,SP,0.4411,MEDIUM
104297,43,4698.5,BA,0.3113,LOW
104298,59,4077.22,PR,0.3899,MEDIUM
104299,22,7438.68,MG,0.3634,MEDIUM
104300,25,3524.65,PR,0.7931,HIGH
104301,34,6811.75,SP,0.2972,LOW
104302,53,1886.22,RS,0.3585,MEDIUM
104303,27,3378.16,SP,0.2505,LOW
104304,22,6949.28,PR,0.0901,LOW
104305,54,8924.31,SP,0.0814,LOW
104306,59,2897.66,SP,0.394,MEDIUM
104307,57,2740.03,SP,0.3252,LOW
104308,60,5514.93,SP,0.6983,HIGH
104309,61,3114.37,PE,0.2061,LOW
104310,51,3692.0,BA,0.4746,MEDIUM
104311,46,6396.55,SP,0.3278,LOW
104312,63,3234.63,SP,0.226,LOW
104313,38,1635.06,RS,0.267,LOW
104314,25,2249.18,SP,0.6386,MEDIUM
104315,58,4220.12,MG,0.2706,LOW
104316,34,1717.11,SP,0.8277,HIGH
104317,69,3641.69,PR,0.5894,MEDIUM
104318,41,2153.03,PE,0.4684,MEDIUM
104319,63,9228.12,SP,0.7763,HIGH
104320,23,11874.02,PE,0.73,HIGH
104321,53,2527.3,BA,0.2062,LOW
104322,43,4750.87,PE,0.5011,MEDIUM
104323,44,2648.76,RS,0.152,LOW
104324,34,3620.5,BA,0.1742,LOW
104325,69,9981.66,PR,0.2229,LOW
104326,40,3357.09,BA,0.1649,LOW
104327,63,3661.18,SP,0.127,LOW
104328,42,2671.58,RS,0.2573,LOW
104329,23,7280.91,PR,0.4262,MEDIUM
104330,64,1400.0,SP,0.5533,MEDIUM
104331,30,3395.81,SP,0.2101,LOW
104332,34,4108.5,SP,0.2604,LOW
104333,64,3058.02,RJ,0.5682,MEDIUM
104334,65,6357.19,SP,0.4343,MEDIUM
104335,66,7478.69,SP,0.3101,LOW
104336,42,2132.52,SP,0.1291,LOW
104337,58,11472.56,PR,0.2116,LOW
104338,37,2121.07,SP,0.2934,LOW
104339,58,7796.13,SP,0.1358,LOW
104340,46,4513.18,RJ,0.4431,MEDIUM
104341,23,3297.97,MG,0.0596,LOW
104342,41,3450.74,SP,0.0659,LOW
104343,44,4132.98,PE,0.8286,HIGH
104344,33,4641.91,RJ,0.4078,MEDIUM
104345,39,2700.43,SP,0.3528,MEDIUM
104346,46,3753.89,PR,0.7619,HIGH
104347,23,2901.31,BA,0.4432,MEDIUM
104348,28,2344.0,MG,0.2895,LOW
104349,59,2837.08,SP,0.7745,HIGH
104350,38,2418.38,PR,0.7668,HIGH
104351,51,3432.92,MG,0.5515,MEDIUM
104352,49,5168.97,MG,0.5777,MEDIUM
104353,48,4450.54,PE,0.462,MEDIUM
104354,41,10834.87,PE,0.3769,MEDIUM
104355,45,1453.63,PR,0.4602,MEDIUM
104356,62,5261.25,SP,0.5529,MEDIUM
104357,69,4212.96,PR,0.4347,MEDIUM
104358,33,6212.77,PE,0.472,MEDIUM
104359,54,5923.86,PE,0.0291,LOW
104360,69,3880.21,SP,0.3056,LOW
104361,21,4562.89,SP,0.6468,MEDIUM
104362,60,2938.59,SP,0.1034,LOW
104363,45,5638.69,BA,0.4512,MEDIUM
104364,69,1704.42,MG,0.213,LOW
104365,49,6098.0,RJ,0.3301,LOW
104366,62,4153.54,RJ,0.351,MEDIUM
104367,29,3324.42,SP,0.3858,MEDIUM
104368,28,3756.43,PE,0.4153,MEDIUM
104369,67,3891.02,RJ,0.2723,LOW
104370,47,7828.65,SP,0.3916,MEDIUM
104371,48,19829.32,RS,0.5435,MEDIUM
104372,29,7543.02,SC,0.1197,LOW
104373,32,3201.85,RS,0.6594,HIGH
104374,61,5682.43,BA,0.3901,MEDIUM
104375,36,5802.46,SP,0.6503,HIGH
104376,50,2693.95,SP,0.5196,MEDIUM
104377,36,2293.09,SP,0.5293,MEDIUM
104378,34,4074.34,SC,0.0797,LOW
104379,29,6189.07,PE,0.5593,MEDIUM
104380,67,1937.54,RJ,0.2662,LOW
104381,68,2971.46,RS,0.4903,MEDIUM
104382,26,5528.73,RS,0.1579,LOW
104383,38,4284.96,PE,0.2757,LOW
104384,49,8288.72,MG,0.5812,MEDIUM
104385,40,2133.21,SP,0.2643,LOW
104386,57,12989.27,RS,0.6086,MEDIUM
104387,34,2007.42,BA,0.513,MEDIUM
104388,23,1585.8,SC,0.1845,LOW
104389,37,4082.9,BA,0.3468,LOW
104390,50,2436.46,RJ,0.6685,HIGH
104391,30,4122.59,SC,0.106,LOW
104392,61,4053.97,SP,0.591,MEDIUM
104393,21,3823.3,MG,0.5284,MEDIUM
104394,24,2803.1,SP,0.8456,HIGH
104395,46,5169.41,SP,0.3442,LOW
104396,46,3606.59,SP,0.2509,LOW
104397,35,7133.8,SC,0.717,HIGH
104398,33,3851.67,BA,0.3643,MEDIUM
104399,24,2643.37,RJ,0.5297,MEDIUM
104400,54,1868.22,MG,0.1773,LOW
104401,39,3866.97,SP,0.8633,HIGH
104402,26,2283.86,RJ,0.2444,LOW
104403,40,2197.02,SP,0.5762,MEDIUM
104404,67,5410.08,PR,0.3812,MEDIUM
104405,34,1789.26,PE,0.349,LOW
104406,65,8272.5,MG,0.5719,MEDIUM
104407,33,4534.65,SC,0.1016,LOW
104408,30,4112.54,SC,0.7381,HIGH
104409,34,2555.88,SP,0.1504,LOW
104410,37,6061.66,RJ,0.7514,HIGH
104411,27,4194.15,SP,0.1724,LOW
104412,50,3021.51,MG,0.5221,MEDIUM
104413,37,4622.8,PE,0.6487,MEDIUM
104414,56,1872.64,MG,0.4577,MEDIUM
104415,45,1915.79,MG,0.5596,MEDIUM
104416,43,2453.2,SP,0.3191,LOW
104417,44,4967.21,RJ,0.3945,MEDIUM
104418,28,4193.44,PE,0.4072,MEDIUM
104419,56,6948.98,RJ,0.5237,MEDIUM
104420,26,2700.64,RS,0.5572,MEDIUM
104421,57,5534.08,SP,0.6626,HIGH
104422,70,3976.6,SP,0.8306,HIGH
104423,59,2670.92,RJ,0.6188,MEDIUM
104424,43,5053.25,PE,0.3349,LOW
104425,36,4069.01,SP,0.5665,MEDIUM
104426,64,3105.29,RS,0.2245,LOW
104427,33,4285.53,SP,0.6638,HIGH
104428,45,3946.82,PR,0.1502,LOW
104429,59,3901.32,PR,0.1618,LOW
104430,67,3445.4,PR,0.4168,MEDIUM
104431,67,2245.01,SP,0.65,HIGH
104432,25,4353.46,SP,0.0176,LOW
104433,65,2857.03,PE,0.4615,MEDIUM
104434,26,2573.65,PR,0.6252,MEDIUM
104435,50,3741.73,SP,0.2528,LOW
104436,67,5974.0,RJ,0.4255,MEDIUM
104437,53,4591.37,SP,0.185,LOW
104438,68,3254.82,MG,0.2327,LOW
104439,38,3192.61,MG,0.6947,HIGH
104440,36,5698.91,SP,0.559,MEDIUM
104441,37,1400.0,MG,0.3881,MEDIUM
104442,38,6158.42,SC,0.1755,LOW
104443,55,1708.4,PE,0.3494,LOW
104444,43,2129.08,SC,0.4206,MEDIUM
104445,57,3281.29,MG,0.2708,LOW
104446,41,11902.45,RS,0.3978,MEDIUM
104447,36,9395.64,SP,0.0179,LOW
104448,30,5895.55,SC,0.3499,LOW
104449,48,4983.96,SP,0.3677,MEDIUM
104450,65,1718.05,SP,0.6241,MEDIUM
104451,63,4528.22,PR,0.2619,LOW
104452,33,3226.69,SP,0.5336,MEDIUM
104453,44,2837.95,SC,0.5644,MEDIUM
104454,56,4523.97,SC,0.5135,MEDIUM
104455,51,3349.97,SP,0.4819,MEDIUM
104456,24,6374.77,RJ,0.4074,MEDIUM
104457,50,1658.36,PR,0.5218,MEDIUM
104458,22,4353.98,RS,0.3326,LOW
104459,26,2754.17,BA,0.4436,MEDIUM
104460,53,3450.29,RJ,0.327,LOW
104461,26,4861.3,BA,0.6529,HIGH
104462,37,2456.6,RJ,0.6225,MEDIUM
104463,50,4544.49,SP,0.2178,LOW
104464,53,3793.02,PR,0.4127,MEDIUM
104465,43,3058.74,SP,0.5351,MEDIUM
104466,25,3350.84,SP,0.6634,HIGH
104467,60,3899.7,SP,0.5817,MEDIUM
104468,68,2905.26,BA,0.4256,MEDIUM
104469,65,4214.33,PE,0.1962,LOW
104470,58,3675.02,PE,0.4524,MEDIUM
104471,41,3131.99,RJ,0.4018,MEDIUM
104472,64,9008.86,MG,0.3997,MEDIUM
104473,45,5126.38,BA,0.6326,MEDIUM
104474,27,3495.17,RJ,0.5478,MEDIUM
104475,63,4504.59,RJ,0.5945,MEDIUM
104476,37,2565.65,SP,0.6901,HIGH
104477,67,3405.64,PR,0.4376,MEDIUM
104478,39,3601.85,SC,0.4194,MEDIUM
104479,64,2308.56,RJ,0.4889,MEDIUM
104480,47,5058.22,SP,0.0924,LOW
104481,44,3294.95,RS,0.4627,MEDIUM
104482,35,3541.18,PR,0.3039,LOW
104483,62,3196.64,SP,0.5422,MEDIUM
104484,24,17382.22,RJ,0.6559,HIGH
104485,44,3055.76,PE,0.4584,MEDIUM
104486,39,1556.0,SC,0.0782,LOW
104487,48,1948.61,PR,0.8771,HIGH
104488,33,6046.92,SC,0.3899,MEDIUM
104489,54,7977.15,PE,0.62,MEDIUM
104490,40,3027.76,RJ,0.6327,MEDIUM
104491,30,7759.98,SP,0.8489,HIGH
104492,30,5995.73,RJ,0.5087,MEDIUM
104493,55,3834.86,BA,0.8089,HIGH
104494,34,3706.43,SP,0.4103,MEDIUM
104495,36,4580.93,SP,0.0704,LOW
104496,52,6399.78,SP,0.5725,MEDIUM
104497,37,5082.41,SC,0.8595,HIGH
104498,40,3035.02,SC,0.062,LOW
104499,33,3863.08,RJ,0.2375,LOW
104500,38,10870.92,SP,0.7892,HIGH
104501,55,4738.25,RS,0.7651,HIGH
104502,47,6374.85,SP,0.1879,LOW
104503,70,5442.45,RS,0.6525,HIGH
104504,59,4788.88,SP,0.538,MEDIUM
104505,21,4424.95,PE,0.3594,MEDIUM
104506,39,6461.31,RJ,0.4728,MEDIUM
104507,35,5930.05,SC,0.387,MEDIUM
104508,50,4767.17,SP,0.432,MEDIUM
104509,34,3010.42,SP,0.2687,LOW
104510,69,5053.86,SC,0.4319,MEDIUM
104511,35,4067.06,PR,0.6484,MEDIUM
104512,47,3622.35,RS,0.1526,LOW
104513,27,15193.95,PR,0.2823,LOW
104514,66,2006.4,PR,0.1694,LOW
104515,66,6653.68,BA,0.3905,MEDIUM
104516,60,2775.98,MG,0.1845,LOW
104517,38,4473.0,PE,0.1084,LOW
104518,23,14411.21,RJ,0.1827,LOW
104519,56,2646.26,RJ,0.6128,MEDIUM
104520,42,2967.22,RS,0.6997,HIGH
104521,70,4164.84,SP,0.3481,LOW
104522,55,2796.64,SP,0.5944,MEDIUM
104523,47,6420.09,SP,0.0911,LOW
104524,70,3249.53,MG,0.2328,LOW
104525,61,5748.9,PR,0.5964,MEDIUM
104526,43,2219.04,SP,0.216,LOW
104527,21,1764.39,SP,0.3915,MEDIUM
104528,25,3762.83,RJ,0.3253,LOW
104529,43,1978.23,SP,0.444,MEDIUM
104530,49,8704.62,SP,0.2217,LOW
104531,22,2015.32,SP,0.1948,LOW
104532,27,2552.3,BA,0.4523,MEDIUM
104533,56,5122.39,SC,0.5232,MEDIUM
104534,58,3169.68,SP,0.6911,HIGH
104535,22,2026.39,SP,0.2594,LOW
104536,46,11181.57,SP,0.3225,LOW
104537,25,2596.85,RJ,0.4857,MEDIUM
104538,57,3822.41,RJ,0.7559,HIGH
104539,62,3798.75,PE,0.3909,MEDIUM
104540,64,5906.38,RS,0.4741,MEDIUM
104541,50,5243.63,MG,0.4148,MEDIUM
104542,52,2824.19,SP,0.1861,LOW
104543,67,3591.92,SC,0.2977,LOW
104544,51,3766.56,PE,0.5943,MEDIUM
104545,43,6016.98,SP,0.5135,MEDIUM
104546,58,2397.17,BA,0.604,MEDIUM
104547,50,11064.9,SP,0.702,HIGH
104548,63,2917.35,SC,0.4291,MEDIUM
104549,47,4182.4,SP,0.3335,LOW
104550,64,2406.78,PR,0.2837,LOW
104551,23,2252.34,SP,0.7254,HIGH
104552,22,2760.35,PR,0.2688,LOW
104553,25,2635.92,PR,0.301,LOW
104554,48,3442.65,PR,0.6738,HIGH
104555,56,2625.26,SC,0.441,MEDIUM
104556,31,5864.69,SP,0.5862,MEDIUM
104557,28,2884.21,SC,0.4897,MEDIUM
104558,64,2734.79,SP,0.1412,LOW
104559,58,3478.01,SC,0.3513,MEDIUM
104560,53,6764.22,SP,0.2012,LOW
104561,45,4656.32,MG,0.2642,LOW
104562,42,4003.76,RJ,0.2549,LOW
104563,22,2111.13,PE,0.18,LOW
104564,30,2426.83,SC,0.764,HIGH
104565,65,2273.79,SP,0.3899,MEDIUM
104566,37,7864.61,SC,0.7325,HIGH
104567,56,5418.15,SP,0.3533,MEDIUM
104568,56,2777.38,SP,0.6519,HIGH
104569,36,3203.31,RJ,0.0856,LOW
104570,31,2826.23,RS,0.1075,LOW
104571,55,2745.25,PE,0.3685,MEDIUM
104572,25,5238.47,PE,0.4595,MEDIUM
104573,45,3658.55,SP,0.639,MEDIUM
104574,65,11404.92,SP,0.4293,MEDIUM
104575,56,7654.22,BA,0.3685,MEDIUM
104576,59,7874.54,SP,0.3733,MEDIUM
104577,25,5796.97,PR,0.4118,MEDIUM
104578,30,3428.79,PE,0.1167,LOW
104579,34,5595.84,SP,0.5699,MEDIUM
104580,35,3552.48,RJ,0.7144,HIGH
104581,30,9185.42,BA,0.2449,LOW
104582,69,5099.48,SC,0.462,MEDIUM
104583,29,4763.67,PE,0.2565,LOW
104584,56,4464.15,SC,0.4267,MEDIUM
104585,50,9683.39,RJ,0.5216,MEDIUM
104586,51,2110.41,BA,0.5583,MEDIUM
104587,31,10149.89,RS,0.742,HIGH
104588,36,3840.99,PE,0.4011,MEDIUM
104589,51,2138.56,MG,0.3151,LOW
104590,35,2927.13,MG,0.4188,MEDIUM
104591,55,1901.6,RJ,0.399,MEDIUM
104592,22,5747.93,SP,0.3724,MEDIUM
104593,24,2551.56,PE,0.4,MEDIUM
104594,57,4554.18,PE,0.102,LOW
104595,51,7239.19,MG,0.1919,LOW
104596,23,3042.0,PE,0.3395,LOW
104597,65,3692.84,RJ,0.2644,LOW
104598,21,2246.71,BA,0.7886,HIGH
104599,68,3485.71,SC,0.4895,MEDIUM
104600,57,14448.87,RS,0.5844,MEDIUM
104601,70,6101.24,RS,0.3334,LOW
104602,68,3698.82,SC,0.4422,MEDIUM
104603,36,3131.38,BA,0.5506,MEDIUM
104604,58,4114.92,RJ,0.5111,MEDIUM
104605,31,4470.54,BA,0.0211,LOW
104606,44,3434.71,SP,0.1834,LOW
104607,33,5416.84,SP,0.5906,MEDIUM
104608,45,2657.62,RS,0.6863,HIGH
104609,64,2651.32,RS,0.2634,LOW
104610,42,5016.73,PE,0.6395,MEDIUM
104611,25,2396.8,SP,0.2576,LOW
104612,37,5959.66,SP,0.297,LOW
104613,60,4171.31,MG,0.0614,LOW
104614,47,1746.63,BA,0.7979,HIGH
104615,49,4426.65,PE,0.2399,LOW
104616,42,1870.52,BA,0.1748,LOW
104617,35,5858.53,MG,0.2054,LOW
104618,50,3727.37,BA,0.2761,LOW
104619,52,10212.42,SP,0.2687,LOW
104620,65,7023.87,PE,0.6917,HIGH
104621,51,2524.27,PR,0.3813,MEDIUM
104622,70,1592.22,RJ,0.2723,LOW
104623,62,2923.07,PR,0.5553,MEDIUM
104624,24,2337.03,RS,0.4108,MEDIUM
104625,40,10088.93,SP,0.597,MEDIUM
104626,40,4179.26,SP,0.7612,HIGH
104627,21,6574.02,RS,0.1676,LOW
104628,30,3662.95,PE,0.1267,LOW
104629,59,3852.97,SC,0.2713,LOW
104630,38,4134.74,SP,0.2507,LOW
104631,28,7143.65,SC,0.5669,MEDIUM
104632,35,4877.65,SP,0.4538,MEDIUM
104633,34,2528.34,RJ,0.4364,MEDIUM
104634,29,9151.26,SP,0.1305,LOW
104635,26,3649.29,MG,0.126,LOW
104636,59,3375.13,RJ,0.4887,MEDIUM
104637,62,1400.0,SP,0.416,MEDIUM
104638,45,5695.04,RJ,0.1939,LOW
104639,51,4408.66,SC,0.3906,MEDIUM
104640,66,4406.36,SP,0.2069,LOW
104641,63,3461.59,SP,0.0711,LOW
104642,22,3186.68,PR,0.2525,LOW
104643,68,3517.27,RS,0.3331,LOW
104644,24,5245.66,BA,0.4126,MEDIUM
104645,22,5707.96,MG,0.5222,MEDIUM
104646,41,3759.14,RS,0.1994,LOW
104647,58,6623.17,BA,0.606,MEDIUM
104648,25,4043.77,SC,0.4729,MEDIUM
104649,35,3297.14,MG,0.5772,MEDIUM
104650,34,4619.67,SP,0.6117,MEDIUM
104651,40,2187.11,SP,0.1058,LOW
104652,70,4696.37,RJ,0.6176,MEDIUM
104653,37,2003.38,RJ,0.5677,MEDIUM
104654,31,2564.53,PE,0.3606,MEDIUM
104655,27,1593.79,SP,0.5387,MEDIUM
104656,30,3861.39,PR,0.7028,HIGH
104657,27,9094.85,PE,0.3814,MEDIUM
104658,49,3970.48,PR,0.3016,LOW
104659,42,5720.21,SP,0.3834,MEDIUM
104660,45,12990.2,PE,0.4986,MEDIUM
104661,62,5098.93,RJ,0.3722,MEDIUM
104662,50,2908.92,SP,0.3659,MEDIUM
104663,28,3107.6,MG,0.2473,LOW
104664,39,4201.33,SP,0.3531,MEDIUM
104665,36,3099.67,BA,0.1273,LOW
104666,62,3212.99,SP,0.3379,LOW
104667,36,6739.64,BA,0.4016,MEDIUM
104668,27,6873.27,SP,0.5307,MEDIUM
104669,57,1905.18,PE,0.5089,MEDIUM
104670,42,2835.91,SP,0.3985,MEDIUM
104671,25,3361.42,PE,0.0422,LOW
104672,55,5599.33,SP,0.2783,LOW
104673,31,7270.03,BA,0.6324,MEDIUM
104674,64,15364.03,BA,0.1606,LOW
104675,62,3358.72,PR,0.5357,MEDIUM
104676,39,3440.22,SP,0.4168,MEDIUM
104677,48,5571.13,PR,0.0835,LOW
104678,49,3027.15,PR,0.0677,LOW
104679,53,3925.22,PR,0.6408,MEDIUM
104680,24,3441.36,SC,0.2117,LOW
104681,37,1400.0,PE,0.236,LOW
104682,29,4455.93,PE,0.2819,LOW
104683,55,3847.99,MG,0.3615,MEDIUM
104684,24,7731.29,SP,0.3411,LOW
104685,46,4211.08,SP,0.4611,MEDIUM
104686,57,2299.76,RS,0.4101,MEDIUM
104687,68,3710.61,PE,0.7371,HIGH
104688,35,1539.36,MG,0.2891,LOW
104689,21,2348.66,SP,0.4116,MEDIUM
104690,57,5698.07,RJ,0.7041,HIGH
104691,21,3729.82,RJ,0.5484,MEDIUM
104692,24,6539.68,PE,0.3469,LOW
104693,70,1633.91,SC,0.2857,LOW
104694,64,3738.57,SP,0.521,MEDIUM
104695,56,3342.9,RJ,0.6067,MEDIUM
104696,62,6645.18,SP,0.7654,HIGH
104697,24,5800.89,SC,0.1316,LOW
104698,25,5716.55,SC,0.1289,LOW
104699,36,8801.84,SP,0.4907,MEDIUM
104700,22,3519.79,RJ,0.5577,MEDIUM
104701,65,7971.9,PE,0.8455,HIGH
104702,23,2544.33,BA,0.6691,HIGH
104703,48,2499.93,PR,0.3987,MEDIUM
104704,63,6027.93,MG,0.3679,MEDIUM
104705,57,2039.71,PE,0.245,LOW
104706,32,5529.03,RS,0.7036,HIGH
104707,44,4409.3,PE,0.3996,MEDIUM
104708,48,7025.69,SP,0.3224,LOW
104709,59,4081.85,SP,0.4111,MEDIUM
104710,42,4314.53,SP,0.2724,LOW
104711,35,5363.04,BA,0.2131,LOW
104712,60,3055.71,SC,0.5384,MEDIUM
104713,65,2992.49,SP,0.4601,MEDIUM
104714,45,5274.11,PE,0.3335,LOW
104715,22,4141.37,PE,0.4889,MEDIUM
104716,46,3454.14,SP,0.222,LOW
104717,65,4036.38,SC,0.3611,MEDIUM
104718,70,9029.28,SC,0.3336,LOW
104719,41,3395.45,SP,0.2551,LOW
104720,28,3348.51,SC,0.2088,LOW
104721,49,1850.6,SP,0.4137,MEDIUM
104722,62,4115.48,PE,0.4404,MEDIUM
104723,68,5756.84,BA,0.4978,MEDIUM
104724,23,6274.29,PE,0.5893,MEDIUM
104725,35,4423.93,RS,0.1788,LOW
104726,44,6645.13,SP,0.6012,MEDIUM
104727,25,5965.99,RJ,0.5364,MEDIUM
104728,65,7165.66,SC,0.2145,LOW
104729,26,6736.56,RJ,0.6028,MEDIUM
104730,54,8923.37,RS,0.6906,HIGH
104731,66,3871.46,RJ,0.2791,LOW
104732,55,2221.31,SP,0.4992,MEDIUM
104733,59,5775.76,MG,0.5691,MEDIUM
104734,34,6108.92,SC,0.5826,MEDIUM
104735,62,8923.45,MG,0.7077,HIGH
104736,41,7768.71,SC,0.6666,HIGH
104737,24,10685.75,MG,0.4636,MEDIUM
104738,39,5655.42,RS,0.7901,HIGH
104739,38,4687.57,SC,0.7272,HIGH
104740,47,2160.4,PR,0.7069,HIGH
104741,34,4869.4,MG,0.4898,MEDIUM
104742,44,3221.62,PR,0.8041,HIGH
104743,42,4648.8,SP,0.1333,LOW
104744,37,4311.35,SC,0.2348,LOW
104745,55,5267.29,SP,0.3142,LOW
104746,36,4008.29,BA,0.1465,LOW
104747,59,6579.08,BA,0.2825,LOW
104748,33,1400.0,MG,0.4925,MEDIUM
104749,64,4601.04,BA,0.03,LOW
104750,39,7480.35,SC,0.3241,LOW
104751,23,10305.81,SP,0.9066,HIGH
104752,28,5968.08,RS,0.3242,LOW
104753,61,9429.36,PE,0.4777,MEDIUM
104754,64,4554.76,SP,0.8312,HIGH
104755,31,4205.77,SP,0.4635,MEDIUM
104756,51,5415.17,PR,0.1939,LOW
104757,49,4193.57,RJ,0.7531,HIGH
104758,27,2885.08,SC,0.4383,MEDIUM
104759,43,3279.76,PR,0.1588,LOW
104760,55,2462.68,RS,0.4386,MEDIUM
104761,69,5412.47,SP,0.1053,LOW
104762,63,4223.03,MG,0.0739,LOW
104763,25,3533.0,BA,0.5139,MEDIUM
104764,32,3199.76,RJ,0.2033,LOW
104765,42,5352.22,MG,0.739,HIGH
104766,28,6108.61,SP,0.4207,MEDIUM
104767,49,2441.07,SP,0.2927,LOW
104768,21,2263.69,MG,0.6843,HIGH
104769,26,6640.91,RJ,0.2291,LOW
104770,23,2170.64,RS,0.3558,MEDIUM
104771,35,5462.35,PR,0.5545,MEDIUM
104772,59,9126.67,PE,0.6298,MEDIUM
104773,29,9136.86,BA,0.7291,HIGH
104774,70,5985.04,SP,0.6761,HIGH
104775,34,5902.13,SP,0.2035,LOW
104776,23,12378.98,BA,0.2886,LOW
104777,37,1400.0,RJ,0.3005,LOW
104778,58,3360.88,RJ,0.7539,HIGH
104779,26,6311.42,SP,0.6396,MEDIUM
104780,24,3572.22,SC,0.4693,MEDIUM
104781,63,7615.44,SP,0.0988,LOW
104782,50,4121.41,SP,0.2837,LOW
104783,38,4474.17,MG,0.8471,HIGH
104784,58,3681.21,RS,0.6694,HIGH
104785,63,3268.33,SP,0.2707,LOW
104786,38,3229.97,RS,0.0702,LOW
104787,49,4783.84,MG,0.2544,LOW
104788,21,2895.89,RJ,0.1472,LOW
104789,36,6636.75,RJ,0.384,MEDIUM
104790,50,5746.74,SP,0.3978,MEDIUM
104791,30,7119.26,RJ,0.3555,MEDIUM
104792,70,2442.94,BA,0.4953,MEDIUM
104793,69,1857.69,SP,0.2171,LOW
104794,33,4191.57,PE,0.5406,MEDIUM
104795,40,16886.4,SP,0.4763,MEDIUM
104796,30,7712.67,RJ,0.3428,LOW
104797,46,3218.61,PR,0.8586,HIGH
104798,27,5149.25,BA,0.2013,LOW
104799,40,5955.57,SP,0.6694,HIGH
104800,48,2177.68,SP,0.2378,LOW
104801,51,8105.19,PR,0.2674,LOW
104802,50,3875.68,SP,0.2594,LOW
104803,32,4021.11,SC,0.4532,MEDIUM
104804,60,4248.22,BA,0.4643,MEDIUM
104805,55,7275.15,SP,0.5723,MEDIUM
104806,58,2922.96,BA,0.1855,LOW
104807,44,1851.02,SP,0.4631,MEDIUM
104808,65,4904.25,PE,0.2173,LOW
104809,40,1574.8,PE,0.0233,LOW
104810,61,3634.8,SC,0.4016,MEDIUM
104811,31,7424.49,PE,0.5665,MEDIUM
104812,33,5545.85,BA,0.467,MEDIUM
104813,47,6926.92,SP,0.8567,HIGH
104814,48,5656.77,SP,0.5242,MEDIUM
104815,58,13357.06,SP,0.2089,LOW
104816,35,3166.82,MG,0.3091,LOW
104817,64,5084.45,PR,0.1991,LOW
104818,37,3403.44,MG,0.275,LOW
104819,47,6648.22,SC,0.1984,LOW
104820,67,4077.68,MG,0.2329,LOW
104821,47,9584.34,SP,0.5464,MEDIUM
104822,55,3255.33,SP,0.2694,LOW
104823,66,8252.41,PE,0.1718,LOW
104824,69,5583.36,RJ,0.6191,MEDIUM
104825,45,4135.07,RJ,0.1914,LOW
104826,41,5449.13,SP,0.8227,HIGH
104827,30,4761.16,PE,0.6301,MEDIUM
104828,47,4982.55,SP,0.2627,LOW
104829,66,3802.99,SC,0.5779,MEDIUM
104830,45,2999.13,SP,0.2764,LOW
104831,38,3576.02,SP,0.2809,LOW
104832,26,1872.31,RS,0.32,LOW
104833,40,6291.63,SC,0.4204,MEDIUM
104834,32,2321.48,SC,0.438,MEDIUM
104835,69,3783.37,SP,0.2628,LOW
104836,47,5732.47,PE,0.4832,MEDIUM
104837,27,6283.93,PR,0.078,LOW
104838,24,1791.86,PE,0.3572,MEDIUM
104839,63,4018.86,SP,0.4593,MEDIUM
104840,67,5237.07,RJ,0.3048,LOW
104841,59,4306.18,RJ,0.5956,MEDIUM
104842,27,8006.39,RS,0.7478,HIGH
104843,25,2830.96,RS,0.7746,HIGH
104844,30,1570.74,MG,0.3587,MEDIUM
104845,58,6196.85,SP,0.6532,HIGH
104846,59,3245.54,SP,0.4732,MEDIUM
104847,62,1805.77,SP,0.329,LOW
104848,25,3892.29,BA,0.1616,LOW
104849,28,7581.81,SP,0.2677,LOW
104850,66,2290.39,SP,0.6361,MEDIUM
104851,67,12888.85,RJ,0.3922,MEDIUM
104852,57,2809.2,SP,0.2409,LOW
104853,26,4379.13,PE,0.3185,LOW
104854,24,2339.42,RJ,0.4658,MEDIUM
104855,23,4284.73,PE,0.4805,MEDIUM
104856,55,3938.84,SC,0.323,LOW
104857,63,2054.7,PR,0.7518,HIGH
104858,52,16305.16,MG,0.3316,LOW
104859,34,3311.24,SC,0.3707,MEDIUM
104860,58,3312.63,SC,0.6769,HIGH
104861,23,6687.38,SP,0.0855,LOW
104862,62,10033.47,PE,0.224,LOW
104863,65,7212.2,RJ,0.5207,MEDIUM
104864,56,2359.66,RJ,0.5105,MEDIUM
104865,64,4654.16,RJ,0.1656,LOW
104866,50,1702.38,SC,0.3313,LOW
104867,44,6474.7,RJ,0.1901,LOW
104868,37,1915.91,RJ,0.8067,HIGH
104869,67,2856.36,SP,0.1339,LOW
104870,55,4193.55,RJ,0.4564,MEDIUM
104871,30,5200.15,SP,0.6436,MEDIUM
104872,68,3705.57,BA,0.4728,MEDIUM
104873,23,8708.02,RJ,0.765,HIGH
104874,50,5943.15,PE,0.4682,MEDIUM
104875,30,5723.34,SC,0.7159,HIGH
104876,54,2327.91,RS,0.5036,MEDIUM
104877,41,9495.15,PE,0.6158,MEDIUM
104878,42,2856.55,SP,0.4275,MEDIUM
104879,54,9670.74,PR,0.5121,MEDIUM
104880,58,11086.61,SP,0.3434,LOW
104881,40,5371.78,SP,0.6966,HIGH
104882,70,6892.62,RJ,0.2938,LOW
104883,45,1400.0,SC,0.1442,LOW
104884,29,3824.71,BA,0.7182,HIGH
104885,21,7128.67,SP,0.4836,MEDIUM
104886,31,6545.97,RS,0.3415,LOW
104887,55,2338.75,SP,0.2357,LOW
104888,47,3647.7,SP,0.3472,LOW
104889,37,1400.0,SP,0.5244,MEDIUM
104890,45,5120.85,PR,0.6002,MEDIUM
104891,62,1700.78,MG,0.6672,HIGH
104892,49,7226.2,SP,0.2206,LOW
104893,23,7409.72,SP,0.4554,MEDIUM
104894,23,3344.74,PR,0.1165,LOW
104895,45,5394.05,BA,0.3221,LOW
104896,41,3784.36,SP,0.4845,MEDIUM
104897,63,4717.13,RS,0.2813,LOW
104898,50,2421.53,SC,0.945,HIGH
104899,58,5662.59,MG,0.1101,LOW
104900,50,1910.41,SP,0.269,LOW
104901,38,1744.94,PE,0.5119,MEDIUM
104902,53,3961.25,MG,0.5272,MEDIUM
104903,52,3795.01,RJ,0.0991,LOW
104904,57,4786.45,BA,0.4065,MEDIUM
104905,30,3075.05,BA,0.557,MEDIUM
104906,53,10383.48,RS,0.5391,MEDIUM
104907,35,4536.59,BA,0.2991,LOW
104908,60,4696.74,SP,0.6115,MEDIUM
104909,60,4617.05,RS,0.8666,HIGH
104910,52,6797.0,RJ,0.6056,MEDIUM
104911,68,5537.66,BA,0.3264,LOW
104912,47,5192.7,RJ,0.947,HIGH
104913,22,5979.62,SP,0.1667,LOW
104914,51,1749.39,RJ,0.6324,MEDIUM
104915,59,1781.4,RS,0.1556,LOW
104916,26,4049.43,MG,0.1627,LOW
104917,26,3819.81,RS,0.3988,MEDIUM
104918,34,5547.75,SP,0.3458,LOW
104919,63,4240.55,SP,0.2626,LOW
104920,47,5553.23,PR,0.6009,MEDIUM
104921,69,2309.89,RJ,0.311,LOW
104922,64,4178.39,SC,0.6729,HIGH
104923,48,2206.43,PE,0.5562,MEDIUM
104924,54,5057.01,SC,0.0893,LOW
104925,37,1704.9,RJ,0.2242,LOW
104926,25,4964.31,PR,0.4526,MEDIUM
104927,40,2075.01,PE,0.664,HIGH
104928,50,3493.8,SC,0.5523,MEDIUM
104929,30,6453.68,BA,0.2704,LOW
104930,32,4684.35,RJ,0.3443,LOW
104931,21,1906.31,RS,0.2681,LOW
104932,57,3041.45,SP,0.7785,HIGH
104933,65,2043.01,RS,0.239,LOW
104934,62,1861.91,PE,0.3597,MEDIUM
104935,39,4444.04,PE,0.3044,LOW
104936,50,5496.04,SP,0.2724,LOW
104937,69,5189.18,BA,0.3829,MEDIUM
104938,50,5608.85,SP,0.3386,LOW
104939,35,4176.06,MG,0.2715,LOW
104940,37,3683.48,SC,0.1742,LOW
104941,57,2509.32,MG,0.2218,LOW
104942,43,3400.24,RJ,0.5451,MEDIUM
104943,62,2227.41,SC,0.4544,MEDIUM
104944,64,2799.4,SC,0.1823,LOW
104945,22,4383.16,PR,0.4445,MEDIUM
104946,57,3969.09,MG,0.4535,MEDIUM
104947,39,18286.33,SC,0.2718,LOW
104948,46,2201.42,RJ,0.3083,LOW
104949,34,3955.22,SP,0.2239,LOW
104950,39,2120.59,PR,0.4706,MEDIUM
104951,37,3486.67,RS,0.1573,LOW
104952,23,3555.44,SP,0.6678,HIGH
104953,60,6300.49,SP,0.181,LOW
104954,28,3384.63,PE,0.2631,LOW
104955,39,3831.48,BA,0.3911,MEDIUM
104956,30,3416.21,PR,0.2827,LOW
104957,29,2143.8,RS,0.2225,LOW
104958,39,3071.22,PE,0.5855,MEDIUM
104959,66,3496.47,PR,0.1235,LOW
104960,68,4351.5,SP,0.3852,MEDIUM
104961,40,5492.48,SC,0.3597,MEDIUM
104962,46,3752.71,PE,0.4092,MEDIUM
104963,70,3721.18,SC,0.4403,MEDIUM
104964,32,1838.77,SP,0.1367,LOW
104965,68,5442.06,PE,0.2512,LOW
104966,26,3007.33,RS,0.3439,LOW
104967,32,6011.68,RJ,0.3557,MEDIUM
104968,37,7900.89,PE,0.6914,HIGH
104969,22,3837.75,RS,0.4921,MEDIUM
104970,61,2569.97,BA,0.3754,MEDIUM
104971,63,4166.47,PE,0.5053,MEDIUM
104972,40,4965.24,SP,0.8193,HIGH
104973,62,3609.74,RS,0.3868,MEDIUM
104974,59,3203.83,RJ,0.1998,LOW
104975,61,5504.58,BA,0.7656,HIGH
104976,61,5333.04,BA,0.264,LOW
104977,49,3556.82,BA,0.0463,LOW
104978,26,1898.63,RS,0.6305,MEDIUM
104979,67,5228.61,BA,0.9543,HIGH
104980,51,2905.97,SP,0.3454,LOW
104981,66,4655.12,RJ,0.3824,MEDIUM
104982,68,4516.06,SP,0.4635,MEDIUM
104983,30,1696.2,BA,0.5605,MEDIUM
104984,41,4366.68,SC,0.5267,MEDIUM
104985,30,5376.62,PR,0.2512,LOW
104986,23,5702.57,SP,0.742,HIGH
104987,69,4443.4,PR,0.3168,LOW
104988,67,1625.86,MG,0.0782,LOW
104989,67,7753.03,PE,0.7899,HIGH
104990,65,5116.01,BA,0.2572,LOW
104991,53,2357.24,MG,0.45,MEDIUM
104992,47,2877.6,BA,0.8071,HIGH
104993,70,4693.0,SP,0.2669,LOW
104994,48,5820.47,SP,0.6649,HIGH
104995,53,3322.98,SC,0.5645,MEDIUM
104996,31,6242.23,RS,0.5211,MEDIUM
104997,58,1776.34,SP,0.232,LOW
104998,61,2546.46,SP,0.3803,MEDIUM
104999,54,1559.23,PR,0.4077,MEDIUM
105000,45,2730.08,SP,0.3441,LOW
105001,30,8662.14,MG,0.3449,LOW
105002,22,11277.73,MG,0.4585,MEDIUM
105003,52,4700.59,PE,0.2491,LOW
105004,55,3091.44,RJ,0.2837,LOW
105005,59,3776.12,SP,0.5211,MEDIUM
105006,68,5271.36,SP,0.4883,MEDIUM
105007,45,1983.48,SP,0.695,HIGH
105008,62,3190.84,RS,0.0763,LOW
105009,56,8363.13,MG,0.489,MEDIUM
105010,34,2542.49,SP,0.4076,MEDIUM
105011,63,2931.61,PE,0.5286,MEDIUM
105012,23,4226.68,RS,0.1278,LOW
105013,50,4811.42,SP,0.7659,HIGH
105014,68,3111.43,SP,0.3614,MEDIUM
105015,53,4358.06,BA,0.4565,MEDIUM
105016,67,5623.17,SC,0.1311,LOW
105017,23,10768.03,PE,0.2855,LOW
105018,47,3953.05,SP,0.2457,LOW
105019,60,4117.56,RS,0.6402,MEDIUM
105020,53,8743.07,SP,0.6657,HIGH
105021,65,3226.78,RJ,0.28,LOW
105022,44,2224.2,RS,0.3673,MEDIUM
105023,55,4736.05,RS,0.3884,MEDIUM
105024,41,7040.28,SP,0.3648,MEDIUM
105025,64,4994.75,SP,0.2428,LOW
105026,26,4008.9,RS,0.1588,LOW
105027,33,2095.63,SP,0.6328,MEDIUM
105028,25,4083.96,RJ,0.2621,LOW
105029,56,7591.27,SP,0.6324,MEDIUM
105030,32,2322.65,SP,0.2115,LOW
105031,36,3734.47,BA,0.2638,LOW
105032,62,3487.17,SP,0.5225,MEDIUM
105033,39,3004.73,PR,0.3814,MEDIUM
105034,28,4730.77,SC,0.3115,LOW
105035,22,5195.91,SP,0.7054,HIGH
105036,32,5169.84,SC,0.1512,LOW
105037,66,2627.98,RJ,0.3489,LOW
105038,48,1906.01,BA,0.4092,MEDIUM
105039,70,4763.73,BA,0.5683,MEDIUM
105040,31,3294.46,BA,0.5921,MEDIUM
105041,38,10150.01,RJ,0.3032,LOW
105042,29,10377.6,BA,0.3672,MEDIUM
105043,40,10920.21,PR,0.3248,LOW
105044,49,2674.68,RJ,0.6447,MEDIUM
105045,61,5520.02,SP,0.2841,LOW
105046,39,6379.83,SP,0.623,MEDIUM
105047,59,6044.17,SP,0.1965,LOW
105048,52,3543.0,SP,0.1655,LOW
105049,35,7760.79,PE,0.2313,LOW
105050,66,4200.96,PE,0.5696,MEDIUM
105051,42,4466.37,SP,0.3127,LOW
105052,28,2007.57,PE,0.1788,LOW
105053,69,5723.45,SC,0.2933,LOW
105054,66,3706.5,MG,0.2593,LOW
105055,23,5249.74,PE,0.4431,MEDIUM
105056,66,4701.77,RS,0.3883,MEDIUM
105057,68,4581.08,PR,0.5343,MEDIUM
105058,62,4108.85,SP,0.5717,MEDIUM
105059,33,6126.68,SP,0.2626,LOW
105060,52,3817.58,PE,0.0357,LOW
105061,47,2088.8,SP,0.3114,LOW
105062,52,5518.93,SP,0.4928,MEDIUM
105063,51,2848.41,SP,0.3426,LOW
105064,52,2224.29,MG,0.252,LOW
105065,46,2571.29,RJ,0.3823,MEDIUM
105066,55,4811.86,PE,0.5493,MEDIUM
105067,47,4009.86,RJ,0.6006,MEDIUM
105068,21,1508.92,PE,0.5413,MEDIUM
105069,22,3493.59,PR,0.4034,MEDIUM
105070,68,7361.88,MG,0.2794,LOW
105071,66,3381.98,SP,0.564,MEDIUM
105072,50,3879.3,SP,0.4854,MEDIUM
105073,29,6929.03,BA,0.6383,MEDIUM
105074,60,6152.87,RS,0.6142,MEDIUM
105075,28,6858.75,MG,0.3616,MEDIUM
105076,39,1400.0,PE,0.5712,MEDIUM
105077,37,9652.1,BA,0.1264,LOW
105078,21,5700.52,SP,0.1778,LOW
105079,61,13689.01,PR,0.5583,MEDIUM
105080,46,2885.12,BA,0.5593,MEDIUM
105081,36,1801.52,BA,0.2339,LOW
105082,46,4214.58,SP,0.1775,LOW
105083,21,3679.97,SP,0.1,LOW
105084,42,5747.95,RJ,0.7407,HIGH
105085,46,7036.07,SP,0.5079,MEDIUM
105086,37,4027.65,SP,0.1957,LOW
105087,62,3741.72,PR,0.4634,MEDIUM
105088,33,5397.79,MG,0.2524,LOW
105089,27,3713.77,SP,0.1167,LOW
105090,47,3567.6,PR,0.3802,MEDIUM
105091,65,6909.58,SP,0.9236,HIGH
105092,39,7688.9,RJ,0.5979,MEDIUM
105093,23,7066.66,BA,0.5379,MEDIUM
105094,69,3874.18,PE,0.2113,LOW
105095,43,1503.79,SP,0.3557,MEDIUM
105096,29,3911.6,BA,0.7422,HIGH
105097,51,2919.04,PE,0.0564,LOW
105098,36,3946.45,PR,0.4815,MEDIUM
105099,67,3043.36,PE,0.2983,LOW
105100,35,4158.4,SP,0.3944,MEDIUM
105101,48,2550.35,SP,0.4005,MEDIUM
105102,48,2271.27,BA,0.6791,HIGH
105103,33,7553.24,MG,0.0787,LOW
105104,45,2637.02,RJ,0.1268,LOW
105105,26,4200.67,SP,0.5452,MEDIUM
105106,53,6640.93,SP,0.0517,LOW
105107,58,6513.98,SP,0.4133,MEDIUM
105108,68,6150.98,SP,0.4816,MEDIUM
105109,37,4857.19,PE,0.6429,MEDIUM
105110,35,5945.33,SP,0.1944,LOW
105111,48,8118.67,BA,0.6241,MEDIUM
105112,55,5150.51,SP,0.4984,MEDIUM
105113,70,1738.86,RJ,0.2696,LOW
105114,22,3258.9,PE,0.3789,MEDIUM
105115,32,5866.99,SP,0.8247,HIGH
105116,34,3108.31,SP,0.4652,MEDIUM
105117,33,9140.69,BA,0.4555,MEDIUM
105118,44,4074.54,SP,0.5085,MEDIUM
105119,64,4375.43,SP,0.2721,LOW
105120,22,7206.34,PE,0.3583,MEDIUM
105121,61,3847.09,RJ,0.4234,MEDIUM
105122,51,4570.84,SC,0.2836,LOW
105123,51,6466.69,SP,0.2383,LOW
105124,54,2071.75,SP,0.43,MEDIUM
105125,26,3662.48,MG,0.3465,LOW
105126,58,6253.1,SC,0.4781,MEDIUM
105127,33,4334.35,SP,0.4973,MEDIUM
105128,46,8494.38,PE,0.4135,MEDIUM
105129,54,1971.2,RS,0.4907,MEDIUM
105130,51,1866.16,PR,0.4691,MEDIUM
105131,37,6077.14,MG,0.2909,LOW
105132,40,6364.09,PR,0.2001,LOW
105133,44,3827.93,RS,0.6123,MEDIUM
105134,23,5089.98,SP,0.5297,MEDIUM
105135,57,6006.15,BA,0.4606,MEDIUM
105136,25,2841.78,MG,0.2722,LOW
105137,43,2991.57,PE,0.5992,MEDIUM
105138,53,4600.45,PE,0.4555,MEDIUM
105139,25,6482.12,SP,0.4027,MEDIUM
105140,70,2399.9,RJ,0.1164,LOW
105141,39,3819.31,MG,0.2523,LOW
105142,21,3735.39,PR,0.4186,MEDIUM
105143,53,5133.08,BA,0.6387,MEDIUM
105144,48,4182.5,SP,0.5148,MEDIUM
105145,53,3231.87,PR,0.4079,MEDIUM
105146,58,7647.63,PE,0.2598,LOW
105147,44,3242.16,PE,0.2263,LOW
105148,62,3650.55,SP,0.8328,HIGH
105149,39,1956.52,PE,0.2413,LOW
105150,48,2981.85,SP,0.4253,MEDIUM
105151,28,5380.61,PR,0.3669,MEDIUM
105152,51,4898.72,SP,0.5098,MEDIUM
105153,34,5600.48,PR,0.0417,LOW
105154,55,5471.52,SP,0.6261,MEDIUM
105155,61,11440.82,SP,0.2326,LOW
105156,63,2933.25,RJ,0.6546,HIGH
105157,67,1930.47,PE,0.3698,MEDIUM
105158,27,2536.59,PR,0.5865,MEDIUM
105159,27,2996.16,SC,0.6683,HIGH
105160,67,2631.11,SC,0.2374,LOW
105161,40,4393.13,RJ,0.2753,LOW
105162,22,7662.66,SP,0.8149,HIGH
105163,35,8794.45,SP,0.5799,MEDIUM
105164,62,5350.3,MG,0.4842,MEDIUM
105165,38,11738.75,PE,0.2219,LOW
105166,24,3539.64,SP,0.4579,MEDIUM
105167,57,1918.37,SC,0.6568,HIGH
105168,30,6963.0,BA,0.5145,MEDIUM
105169,38,1737.69,PE,0.5704,MEDIUM
105170,21,2923.21,SP,0.4952,MEDIUM
105171,51,5391.04,PE,0.8007,HIGH
105172,43,3998.59,PR,0.4173,MEDIUM
105173,64,3832.15,MG,0.2977,LOW
105174,37,2382.87,RS,0.373,MEDIUM
105175,31,4178.28,SP,0.5188,MEDIUM
105176,29,6799.46,BA,0.1766,LOW
105177,31,4240.45,SC,0.1378,LOW
105178,43,2819.55,BA,0.3057,LOW
105179,25,2307.73,BA,0.5769,MEDIUM
105180,41,2847.61,PR,0.6592,HIGH
105181,63,5070.32,SP,0.3229,LOW
105182,59,4953.1,SP,0.6438,MEDIUM
105183,52,2860.06,BA,0.4806,MEDIUM
105184,65,1453.42,PR,0.6876,HIGH
105185,60,5138.14,PE,0.4187,MEDIUM
105186,53,2729.68,RJ,0.3685,MEDIUM
105187,64,5846.45,MG,0.4082,MEDIUM
105188,27,2921.66,BA,0.6033,MEDIUM
105189,61,2614.03,RS,0.1792,LOW
105190,35,4520.43,RJ,0.2275,LOW
105191,57,13023.82,SP,0.3429,LOW
105192,66,6017.18,PE,0.4251,MEDIUM
105193,45,4483.8,RS,0.4525,MEDIUM
105194,25,4989.49,MG,0.4725,MEDIUM
105195,39,1812.21,PR,0.314,LOW
105196,41,2450.67,SP,0.6233,MEDIUM
105197,67,1400.0,RJ,0.1747,LOW
105198,68,9635.21,SP,0.4891,MEDIUM
105199,49,8742.79,SP,0.4414,MEDIUM
105200,68,5071.5,BA,0.2073,LOW
105201,42,4481.42,RJ,0.5536,MEDIUM
105202,41,1994.36,BA,0.2724,LOW
105203,62,3780.36,MG,0.4102,MEDIUM
105204,54,9928.73,SP,0.6125,MEDIUM
105205,47,4473.47,RJ,0.4841,MEDIUM
105206,43,3202.89,SP,0.7062,HIGH
105207,56,1806.17,SC,0.1676,LOW
105208,58,8146.85,PE,0.3157,LOW
105209,45,4061.06,RS,0.0749,LOW
105210,22,1807.33,RS,0.4412,MEDIUM
105211,26,2695.1,BA,0.6528,HIGH
105212,28,2274.74,RS,0.4149,MEDIUM
105213,44,3942.63,PR,0.428,MEDIUM
105214,51,4639.5,RS,0.6224,MEDIUM
105215,61,3298.74,RJ,0.3905,MEDIUM
105216,32,6098.65,SP,0.3779,MEDIUM
105217,60,4361.91,SC,0.4032,MEDIUM
105218,54,6993.59,RS,0.3892,MEDIUM
105219,23,3538.25,SP,0.4242,MEDIUM
105220,38,18116.82,PE,0.5546,MEDIUM
105221,36,3203.13,SP,0.643,MEDIUM
105222,65,2722.32,RS,0.4443,MEDIUM
105223,67,2566.29,PE,0.4232,MEDIUM
105224,61,3795.56,RJ,0.4586,MEDIUM
105225,47,1839.89,PE,0.2003,LOW
105226,45,4837.87,BA,0.2752,LOW
105227,36,1682.93,RS,0.5968,MEDIUM
105228,59,4538.91,PE,0.779,HIGH
105229,25,2195.66,SC,0.0798,LOW
105230,34,3497.55,MG,0.464,MEDIUM
105231,27,5614.0,SC,0.3239,LOW
105232,45,12692.64,RJ,0.1185,LOW
105233,35,2503.39,RJ,0.285,LOW
105234,30,3907.63,SP,0.0633,LOW
105235,39,2967.38,RJ,0.5974,MEDIUM
105236,64,2766.4,BA,0.2455,LOW
105237,48,2979.92,PE,0.1826,LOW
105238,62,6237.86,PE,0.4098,MEDIUM
105239,66,3322.83,SP,0.2355,LOW
105240,66,12363.57,PR,0.3212,LOW
105241,38,5128.2,PR,0.4266,MEDIUM
105242,64,2586.43,SP,0.12,LOW
105243,66,3522.13,PR,0.4462,MEDIUM
105244,68,2858.22,RJ,0.2213,LOW
105245,38,6166.41,PE,0.4678,MEDIUM
105246,32,1912.61,SP,0.2858,LOW
105247,50,2206.54,BA,0.118,LOW
105248,67,3161.8,PE,0.0932,LOW
105249,66,5829.31,RS,0.4251,MEDIUM
105250,49,7590.93,SP,0.7341,HIGH
105251,28,8147.77,SP,0.2211,LOW
105252,42,5416.17,PE,0.1784,LOW
105253,56,4036.18,SP,0.5137,MEDIUM
105254,49,6150.32,SP,0.6543,HIGH
105255,38,2424.74,PE,0.4139,MEDIUM
105256,38,1732.64,RS,0.2029,LOW
105257,23,5179.3,RS,0.1355,LOW
105258,35,2591.82,SP,0.7442,HIGH
105259,54,4070.38,MG,0.7062,HIGH
105260,33,4448.23,BA,0.5411,MEDIUM
105261,70,4731.21,RJ,0.0377,LOW
105262,25,6587.83,SP,0.5956,MEDIUM
105263,50,6261.88,SP,0.5661,MEDIUM
105264,45,4612.11,PR,0.1689,LOW
105265,62,3397.08,SP,0.2999,LOW
105266,65,4422.97,BA,0.491,MEDIUM
105267,48,3154.73,SP,0.4777,MEDIUM
105268,52,3822.09,SP,0.389,MEDIUM
105269,55,14758.33,PE,0.5701,MEDIUM
105270,47,4583.83,PE,0.0699,LOW
105271,30,5213.24,SC,0.1316,LOW
105272,42,2993.53,PE,0.7519,HIGH
105273,33,6853.23,SP,0.3541,MEDIUM
105274,44,6049.74,MG,0.2036,LOW
105275,51,6070.33,SP,0.1605,LOW
105276,31,4656.35,MG,0.4489,MEDIUM
105277,33,6899.82,BA,0.5979,MEDIUM
105278,62,7732.97,BA,0.4702,MEDIUM
105279,39,4811.32,SP,0.2488,LOW
105280,30,3975.18,RJ,0.2239,LOW
105281,56,6452.57,PE,0.1161,LOW
105282,56,2721.29,PR,0.4533,MEDIUM
105283,62,2975.65,SP,0.1844,LOW
105284,58,4093.91,RJ,0.0801,LOW
105285,70,1820.72,RJ,0.266,LOW
105286,49,6248.43,MG,0.0848,LOW
105287,35,2645.57,MG,0.4886,MEDIUM
105288,64,3349.36,MG,0.1649,LOW
105289,34,3791.31,MG,0.1884,LOW
105290,35,4279.95,MG,0.3678,MEDIUM
105291,62,3561.32,SP,0.3579,MEDIUM
105292,65,4066.35,SP,0.2037,LOW
105293,37,4081.49,RJ,0.4789,MEDIUM
105294,57,3388.91,PE,0.2659,LOW
105295,67,2897.8,BA,0.5737,MEDIUM
105296,60,7058.21,SP,0.3758,MEDIUM
105297,21,1529.54,MG,0.1872,LOW
105298,54,3805.1,PR,0.2163,LOW
105299,29,3353.53,MG,0.5215,MEDIUM
105300,63,5135.13,SC,0.3535,MEDIUM
105301,24,2089.71,PE,0.2802,LOW
105302,70,3304.18,SP,0.3471,LOW
105303,29,3998.63,MG,0.1794,LOW
105304,42,7019.7,MG,0.3371,LOW
105305,32,4926.03,PR,0.5775,MEDIUM
105306,61,2379.79,SP,0.4502,MEDIUM
105307,40,3323.76,SC,0.2434,LOW
105308,58,6426.24,SP,0.6217,MEDIUM
105309,24,2360.12,RS,0.7629,HIGH
105310,43,4044.41,SC,0.537,MEDIUM
105311,66,4181.65,RJ,0.484,MEDIUM
105312,67,3490.02,PE,0.7237,HIGH
105313,31,15318.26,BA,0.238,LOW
105314,40,3445.17,PR,0.4066,MEDIUM
105315,41,5212.04,PE,0.4296,MEDIUM
105316,49,2907.4,BA,0.7868,HIGH
105317,47,5410.84,SP,0.5034,MEDIUM
105318,26,6379.33,PR,0.4235,MEDIUM
105319,59,3167.24,PR,0.298,LOW
105320,32,4091.16,SC,0.7424,HIGH
105321,36,2732.86,PE,0.4412,MEDIUM
105322,63,2424.85,MG,0.3473,LOW
105323,55,6908.46,SP,0.4022,MEDIUM
105324,40,3219.3,MG,0.5925,MEDIUM
105325,66,1400.0,RS,0.3626,MEDIUM
105326,40,9800.72,RJ,0.4641,MEDIUM
105327,49,2857.88,SP,0.6456,MEDIUM
105328,33,3731.56,RJ,0.0874,LOW
105329,30,9232.41,SC,0.253,LOW
105330,45,3923.75,SP,0.5975,MEDIUM
105331,49,3883.29,RJ,0.3412,LOW
105332,61,2329.29,SP,0.3532,MEDIUM
105333,40,1916.24,MG,0.2182,LOW
105334,65,3877.61,SP,0.482,MEDIUM
105335,51,4998.98,SP,0.2216,LOW
105336,24,4863.39,SC,0.4698,MEDIUM
105337,57,3333.69,SP,0.6799,HIGH
105338,49,4241.04,SP,0.8114,HIGH
105339,40,1738.85,PR,0.6115,MEDIUM
105340,44,5238.13,SP,0.3919,MEDIUM
105341,36,4538.33,SP,0.3671,MEDIUM
105342,51,10831.32,MG,0.1134,LOW
105343,49,4215.11,RJ,0.5175,MEDIUM
105344,43,2671.4,PR,0.2251,LOW
105345,35,4098.98,PE,0.6666,HIGH
105346,40,3588.52,MG,0.1988,LOW
105347,45,5174.51,PR,0.5182,MEDIUM
105348,44,4254.57,PE,0.4039,MEDIUM
105349,36,2294.03,MG,0.5447,MEDIUM
105350,50,1915.4,RS,0.362,MEDIUM
105351,32,4764.92,PR,0.1849,LOW
105352,46,8157.84,SC,0.205,LOW
105353,27,4363.05,PE,0.3799,MEDIUM
105354,44,6205.69,SP,0.2571,LOW
105355,60,6829.37,PE,0.3862,MEDIUM
105356,61,4773.81,MG,0.2284,LOW
105357,55,2840.92,PR,0.4007,MEDIUM
105358,58,4612.79,MG,0.4878,MEDIUM
105359,24,7496.82,SP,0.1836,LOW
105360,38,5416.4,SP,0.7303,HIGH
105361,53,6014.92,PE,0.3707,MEDIUM
105362,61,3363.77,PR,0.8149,HIGH
105363,50,3811.24,BA,0.1932,LOW
105364,63,3967.34,SP,0.3898,MEDIUM
105365,34,4097.77,SP,0.3551,MEDIUM
105366,28,7357.38,RJ,0.2273,LOW
105367,25,1400.0,SP,0.3297,LOW
105368,50,4262.02,MG,0.4177,MEDIUM
105369,54,4042.75,PE,0.4425,MEDIUM
105370,35,2174.42,BA,0.2417,LOW
105371,60,5798.11,MG,0.3083,LOW
105372,57,2966.33,RJ,0.337,LOW
105373,39,3538.52,PR,0.443,MEDIUM
105374,32,10201.14,PR,0.1157,LOW
105375,58,6820.08,SC,0.4839,MEDIUM
105376,54,5533.6,PR,0.2956,LOW
105377,29,5042.28,SP,0.7444,HIGH
105378,33,3880.79,SP,0.3415,LOW
105379,45,10965.85,PE,0.1656,LOW
105380,46,6172.63,RS,0.6174,MEDIUM
105381,29,2930.87,PE,0.5432,MEDIUM
105382,68,2144.78,RJ,0.1425,LOW
105383,40,5513.32,PR,0.4906,MEDIUM
105384,40,4088.86,RJ,0.1116,LOW
105385,24,2115.29,PE,0.4143,MEDIUM
105386,64,5159.33,SP,0.5824,MEDIUM
105387,32,3691.2,SC,0.7923,HIGH
105388,70,5418.42,SP,0.2896,LOW
105389,45,5192.0,SP,0.3547,MEDIUM
105390,64,3136.53,SP,0.1888,LOW
105391,29,5690.8,MG,0.4469,MEDIUM
105392,29,3307.16,BA,0.5102,MEDIUM
105393,61,3412.01,PE,0.2911,LOW
105394,61,3253.05,PR,0.7611,HIGH
105395,48,7227.93,PR,0.1605,LOW
105396,22,3670.8,RS,0.1693,LOW
105397,68,8116.16,SP,0.555,MEDIUM
105398,40,9886.37,BA,0.5762,MEDIUM
105399,67,2946.15,RS,0.6496,MEDIUM
105400,64,1400.0,MG,0.4368,MEDIUM
105401,63,6934.09,SP,0.3442,LOW
105402,55,3564.19,SP,0.5169,MEDIUM
105403,54,2771.3,RJ,0.3625,MEDIUM
105404,47,3166.1,PE,0.5896,MEDIUM
105405,22,3441.73,SC,0.2644,LOW
105406,40,7828.24,MG,0.3139,LOW
105407,57,4535.08,MG,0.1031,LOW
105408,61,7777.32,RS,0.7462,HIGH
105409,48,5324.45,RJ,0.2581,LOW
105410,56,3620.65,SP,0.4372,MEDIUM
105411,22,3482.37,SC,0.5528,MEDIUM
105412,44,5499.5,RJ,0.277,LOW
105413,46,6226.96,RJ,0.7659,HIGH
105414,65,6777.07,MG,0.3939,MEDIUM
105415,36,3704.49,SP,0.2128,LOW
105416,32,4568.49,PE,0.6398,MEDIUM
105417,38,5559.03,BA,0.2689,LOW
105418,29,3493.07,PE,0.2049,LOW
105419,48,2435.89,PE,0.3754,MEDIUM
105420,53,2852.15,RJ,0.6001,MEDIUM
105421,61,3741.13,RJ,0.6135,MEDIUM
105422,69,5771.57,SC,0.7482,HIGH
105423,24,7685.95,SP,0.9037,HIGH
105424,33,2190.61,PE,0.6198,MEDIUM
105425,36,3153.01,SP,0.5631,MEDIUM
105426,33,3537.11,PR,0.5491,MEDIUM
105427,62,6150.59,SC,0.3461,LOW
105428,27,3259.56,PE,0.33,LOW
105429,22,3417.17,SC,0.7429,HIGH
105430,64,2132.57,PR,0.3792,MEDIUM
105431,69,5296.89,RJ,0.6181,MEDIUM
105432,32,3886.9,PR,0.2551,LOW
105433,37,3068.36,RS,0.3692,MEDIUM
105434,46,3708.09,MG,0.5794,MEDIUM
105435,47,7214.14,RS,0.8434,HIGH
105436,70,2592.8,SP,0.1059,LOW
105437,41,2804.11,RJ,0.4944,MEDIUM
105438,21,7661.18,PE,0.5311,MEDIUM
105439,42,4355.57,RJ,0.6936,HIGH
105440,48,5792.51,PR,0.1504,LOW
105441,46,5093.3,MG,0.2583,LOW
105442,46,4129.37,PE,0.6579,HIGH
105443,67,3553.39,SP,0.5172,MEDIUM
105444,61,6260.33,SP,0.68,HIGH
105445,33,7337.56,BA,0.563,MEDIUM
105446,38,7067.42,SC,0.3901,MEDIUM
105447,54,2377.52,PR,0.0966,LOW
105448,41,7857.29,RJ,0.3441,LOW
105449,42,3536.99,RJ,0.2965,LOW
105450,29,2923.17,PE,0.7215,HIGH
105451,33,3872.14,SC,0.0895,LOW
105452,58,6259.04,PE,0.4394,MEDIUM
105453,63,5443.96,PE,0.5304,MEDIUM
105454,60,3715.45,PR,0.6778,HIGH
105455,36,6278.71,PR,0.5527,MEDIUM
105456,27,4491.64,SC,0.4134,MEDIUM
105457,28,3190.12,BA,0.4615,MEDIUM
105458,40,2989.86,SC,0.4225,MEDIUM
105459,46,5114.08,SP,0.4866,MEDIUM
105460,65,4036.9,PE,0.514,MEDIUM
105461,65,2170.25,SC,0.2474,LOW
105462,21,6307.39,BA,0.1673,LOW
105463,56,3335.27,MG,0.5759,MEDIUM
105464,35,9018.72,MG,0.4121,MEDIUM
105465,30,2141.81,SC,0.5358,MEDIUM
105466,48,3851.04,RS,0.4229,MEDIUM
105467,22,3001.45,SP,0.4298,MEDIUM
105468,37,2629.73,RJ,0.2496,LOW
105469,48,3324.85,RS,0.257,LOW
105470,34,9825.26,PE,0.7572,HIGH
105471,50,4499.21,SP,0.5559,MEDIUM
105472,44,2872.16,SP,0.7079,HIGH
105473,60,1746.03,MG,0.2457,LOW
105474,30,1838.28,SP,0.2267,LOW
105475,23,3246.52,SP,0.3661,MEDIUM
105476,47,3098.49,PR,0.2876,LOW
105477,33,3771.75,SC,0.3917,MEDIUM
105478,56,1411.19,RJ,0.7126,HIGH
105479,25,4019.18,RJ,0.2825,LOW
105480,49,6878.46,PE,0.3638,MEDIUM
105481,70,9152.69,MG,0.5632,MEDIUM
105482,25,1691.73,BA,0.5439,MEDIUM
105483,36,2858.84,SP,0.7347,HIGH
105484,63,2787.24,BA,0.5224,MEDIUM
105485,47,4504.29,BA,0.2896,LOW
105486,29,2338.7,SP,0.3998,MEDIUM
105487,31,9417.51,SC,0.2656,LOW
105488,59,4288.66,SC,0.4171,MEDIUM
105489,64,3958.93,MG,0.3986,MEDIUM
105490,39,9021.29,RS,0.2363,LOW
105491,44,4167.77,RJ,0.3246,LOW
105492,60,5089.76,MG,0.1984,LOW
105493,29,2929.12,PE,0.398,MEDIUM
105494,31,2175.47,SP,0.7028,HIGH
105495,59,3133.38,SP,0.4213,MEDIUM
105496,30,11999.12,SP,0.6251,MEDIUM
105497,59,5691.28,PE,0.6524,HIGH
105498,45,4791.58,SP,0.368,MEDIUM
105499,70,2628.53,SP,0.372,MEDIUM
105500,22,6504.44,SC,0.3628,MEDIUM
105501,68,2188.88,RS,0.131,LOW
105502,32,1979.61,MG,0.2354,LOW
105503,22,3211.76,PE,0.5212,MEDIUM
105504,57,10732.11,SP,0.2262,LOW
105505,47,10444.48,PR,0.387,MEDIUM
105506,62,3382.08,PR,0.4787,MEDIUM
105507,26,3038.82,RJ,0.5206,MEDIUM
105508,25,1911.16,PE,0.5734,MEDIUM
105509,49,4360.29,PR,0.3893,MEDIUM
105510,65,4539.65,SP,0.5469,MEDIUM
105511,41,6135.38,SP,0.1908,LOW
105512,60,6502.74,SP,0.1697,LOW
105513,66,3820.27,PE,0.2896,LOW
105514,64,5484.79,SP,0.5227,MEDIUM
105515,46,3000.5,PE,0.5131,MEDIUM
105516,55,5435.03,SP,0.3042,LOW
105517,47,3292.39,PE,0.4956,MEDIUM
105518,54,5236.35,BA,0.4929,MEDIUM
105519,49,5036.77,SP,0.5761,MEDIUM
105520,47,4341.02,SP,0.1914,LOW
105521,42,6150.07,BA,0.1779,LOW
105522,53,1976.43,SP,0.2243,LOW
105523,58,2519.16,SP,0.1774,LOW
105524,66,3689.37,BA,0.3038,LOW
105525,51,2100.8,PE,0.1586,LOW
105526,26,3454.89,RS,0.6257,MEDIUM
105527,50,3508.76,PE,0.3692,MEDIUM
105528,36,7875.31,PR,0.6665,HIGH
105529,22,4497.41,RS,0.2885,LOW
105530,24,6884.07,RJ,0.7067,HIGH
105531,50,4854.41,RS,0.624,MEDIUM
105532,68,3247.76,SC,0.1506,LOW
105533,46,4478.41,PR,0.5657,MEDIUM
105534,43,5960.83,PE,0.6948,HIGH
105535,25,7447.79,MG,0.8499,HIGH
105536,54,3941.56,PR,0.1864,LOW
105537,23,1904.61,MG,0.1812,LOW
105538,63,1841.42,SP,0.4318,MEDIUM
105539,61,3590.91,RJ,0.5544,MEDIUM
105540,70,1400.0,PE,0.5756,MEDIUM
105541,35,9941.67,RJ,0.1288,LOW
105542,29,5593.54,SC,0.1445,LOW
105543,35,3095.55,PR,0.1937,LOW
105544,60,2465.65,PE,0.0848,LOW
105545,31,6879.75,RS,0.0862,LOW
105546,65,2460.93,SP,0.2749,LOW
105547,28,2576.25,RJ,0.4572,MEDIUM
105548,23,2907.9,RS,0.383,MEDIUM
105549,31,4436.41,SP,0.2812,LOW
105550,58,5657.98,MG,0.0804,LOW
105551,51,7445.18,RJ,0.6325,MEDIUM
105552,38,6935.62,SP,0.6477,MEDIUM
105553,53,4201.56,PE,0.2247,LOW
105554,53,6854.7,PE,0.6311,MEDIUM
105555,48,3043.49,RS,0.7212,HIGH
105556,46,1752.54,SP,0.5652,MEDIUM
105557,26,3043.3,PE,0.4373,MEDIUM
105558,33,2852.17,SC,0.5037,MEDIUM
105559,47,3101.02,PE,0.1811,LOW
105560,27,2650.07,SP,0.2484,LOW
105561,44,3366.09,SP,0.232,LOW
105562,26,5655.86,SC,0.7768,HIGH
105563,60,9567.84,PE,0.2253,LOW
105564,26,1834.77,SP,0.8446,HIGH
105565,25,2263.63,RJ,0.7202,HIGH
105566,52,2872.52,PR,0.6309,MEDIUM
105567,32,6065.64,PE,0.7072,HIGH
105568,38,3806.5,BA,0.5142,MEDIUM
105569,36,2966.88,PE,0.2394,LOW
105570,31,5924.62,SC,0.1141,LOW
105571,59,6646.91,BA,0.2761,LOW
105572,55,4162.35,MG,0.1554,LOW
105573,32,2838.57,SP,0.7103,HIGH
105574,55,4781.81,SC,0.3258,LOW
105575,56,3755.1,PR,0.2773,LOW
105576,47,3741.17,MG,0.2922,LOW
105577,49,3284.23,SP,0.6893,HIGH
105578,67,6547.46,RS,0.0548,LOW
105579,43,4735.21,BA,0.4773,MEDIUM
105580,40,6904.83,RJ,0.5206,MEDIUM
105581,47,7976.67,PE,0.1404,LOW
105582,62,5235.15,RJ,0.3518,MEDIUM
105583,56,3293.58,SP,0.1925,LOW
105584,24,6920.18,SP,0.3526,MEDIUM
105585,43,5251.97,MG,0.6418,MEDIUM
105586,57,14653.82,SP,0.3258,LOW
105587,32,4874.09,RS,0.4097,MEDIUM
105588,70,5870.71,BA,0.0585,LOW
105589,61,4828.27,PR,0.1386,LOW
105590,63,4004.89,PE,0.2993,LOW
105591,25,3709.38,PE,0.1066,LOW
105592,49,4837.13,MG,0.3691,MEDIUM
105593,47,5393.79,SP,0.3242,LOW
105594,52,7309.62,SP,0.827,HIGH
105595,63,4871.16,SC,0.1633,LOW
105596,38,3363.22,RJ,0.356,MEDIUM
105597,47,3590.15,SC,0.0194,LOW
105598,54,2225.71,SC,0.2554,LOW
105599,58,9322.84,PR,0.6475,MEDIUM
105600,59,3239.18,SP,0.3029,LOW
105601,37,6682.26,SP,0.4818,MEDIUM
105602,70,4796.22,RJ,0.4025,MEDIUM
105603,21,4859.21,BA,0.2048,LOW
105604,45,3969.78,SC,0.2968,LOW
105605,51,2877.56,SC,0.2165,LOW
105606,24,2638.44,SC,0.203,LOW
105607,43,9628.7,MG,0.1333,LOW
105608,50,4436.15,SP,0.53,MEDIUM
105609,51,7208.16,SP,0.7188,HIGH
105610,26,8164.86,SP,0.6881,HIGH
105611,34,3448.29,SP,0.1657,LOW
105612,33,5146.76,RJ,0.5328,MEDIUM
105613,52,4291.73,RS,0.5215,MEDIUM
105614,37,2409.99,SP,0.5213,MEDIUM
105615,49,3842.23,SP,0.5059,MEDIUM
105616,57,5568.29,SP,0.4048,MEDIUM
105617,60,3305.38,SP,0.4188,MEDIUM
105618,30,3593.62,SP,0.4229,MEDIUM
105619,66,3864.64,SP,0.2324,LOW
105620,29,11572.35,SP,0.2057,LOW
105621,22,1741.49,PE,0.716,HIGH
105622,23,5343.46,RJ,0.3716,MEDIUM
105623,31,3719.1,SP,0.6365,MEDIUM
105624,64,3088.14,MG,0.2299,LOW
105625,31,3675.56,SP,0.7132,HIGH
105626,55,5785.91,PR,0.6775,HIGH
105627,41,5946.82,RJ,0.4912,MEDIUM
105628,22,4592.26,PE,0.3502,MEDIUM
105629,43,7096.49,PE,0.035,LOW
105630,22,7722.39,RS,0.0949,LOW
105631,44,6214.87,SP,0.6474,MEDIUM
105632,48,3231.39,MG,0.5395,MEDIUM
105633,47,5325.02,RJ,0.528,MEDIUM
105634,35,5337.2,BA,0.6333,MEDIUM
105635,59,2839.37,SP,0.2675,LOW
105636,50,1977.34,SC,0.6301,MEDIUM
105637,33,1590.67,RJ,0.4363,MEDIUM
105638,42,4343.22,MG,0.7524,HIGH
105639,26,4845.95,RJ,0.4252,MEDIUM
105640,67,2381.74,RJ,0.5452,MEDIUM
105641,58,6939.16,SC,0.2789,LOW
105642,35,4518.36,PR,0.1898,LOW
105643,54,8027.09,SP,0.3265,LOW
105644,54,5017.55,SP,0.2394,LOW
105645,51,2517.44,BA,0.1869,LOW
105646,23,5233.39,MG,0.5304,MEDIUM
105647,64,5793.51,PR,0.3779,MEDIUM
105648,68,3229.17,MG,0.7244,HIGH
105649,69,2101.98,PR,0.722,HIGH
105650,70,4407.14,PR,0.1037,LOW
105651,67,2597.84,SP,0.6779,HIGH
105652,57,7193.02,PR,0.7019,HIGH
105653,23,3454.37,MG,0.3345,LOW
105654,44,9610.85,SP,0.5223,MEDIUM
105655,33,1515.11,RS,0.5316,MEDIUM
105656,31,4480.73,SP,0.4619,MEDIUM
105657,62,8341.08,SP,0.0504,LOW
105658,61,2739.4,BA,0.4442,MEDIUM
105659,47,3891.01,BA,0.1378,LOW
105660,57,3461.24,SP,0.6834,HIGH
105661,27,3024.89,SC,0.5779,MEDIUM
105662,32,4723.28,SP,0.6526,HIGH
105663,64,2255.3,RS,0.4384,MEDIUM
105664,43,3982.14,MG,0.6035,MEDIUM
105665,48,5380.39,BA,0.375,MEDIUM
105666,44,3788.01,RJ,0.282,LOW
105667,31,2598.64,RJ,0.2436,LOW
105668,62,6886.57,BA,0.2724,LOW
105669,58,5963.2,SP,0.1754,LOW
105670,55,2548.02,SP,0.6866,HIGH
105671,38,2256.72,RJ,0.2889,LOW
105672,53,2659.56,PR,0.3041,LOW
105673,68,5456.54,SP,0.3921,MEDIUM
105674,53,4793.97,PR,0.1871,LOW
105675,45,6136.93,RJ,0.829,HIGH
105676,34,3591.37,SC,0.4179,MEDIUM
105677,47,2694.5,PE,0.6775,HIGH
105678,39,6528.2,MG,0.6294,MEDIUM
105679,51,3220.15,PR,0.2883,LOW
105680,23,4593.43,MG,0.1774,LOW
105681,30,1995.95,SP,0.3962,MEDIUM
105682,60,3194.96,BA,0.6005,MEDIUM
105683,40,6818.19,PE,0.0841,LOW
105684,42,2978.06,BA,0.2605,LOW
105685,48,6209.29,PE,0.4906,MEDIUM
105686,42,1400.0,MG,0.661,HIGH
105687,58,3210.98,SC,0.2397,LOW
105688,33,3868.37,SP,0.6443,MEDIUM
105689,58,9693.97,PE,0.3335,LOW
105690,31,2396.32,PR,0.6161,MEDIUM
105691,39,5795.96,SP,0.0386,LOW
105692,50,6975.55,BA,0.6083,MEDIUM
105693,65,2970.62,PR,0.3248,LOW
105694,32,3510.62,PE,0.5176,MEDIUM
105695,50,4495.45,RS,0.59,MEDIUM
105696,24,2062.61,BA,0.3326,LOW
105697,24,3375.81,PR,0.2927,LOW
105698,59,7749.42,MG,0.303,LOW
105699,56,5397.62,RS,0.4252,MEDIUM
105700,39,3895.59,SP,0.787,HIGH
105701,52,4434.25,SP,0.4145,MEDIUM
105702,40,5550.67,PE,0.6309,MEDIUM
105703,34,6085.09,PE,0.49,MEDIUM
105704,42,3215.57,PE,0.1845,LOW
105705,36,8773.63,SP,0.1133,LOW
105706,61,7900.54,SP,0.7778,HIGH
105707,41,5813.42,PE,0.8863,HIGH
105708,37,2802.37,SP,0.1633,LOW
105709,47,2573.78,MG,0.2764,LOW
105710,58,3590.58,RJ,0.3787,MEDIUM
105711,34,4324.31,BA,0.2711,LOW
105712,67,1797.16,MG,0.6944,HIGH
105713,44,5325.66,SP,0.3426,LOW
105714,54,7791.76,MG,0.3576,MEDIUM
105715,68,5538.88,SP,0.1879,LOW
105716,42,3036.12,RS,0.0279,LOW
105717,30,2868.45,PR,0.7819,HIGH
105718,58,4850.17,PR,0.2847,LOW
105719,21,3902.04,MG,0.7674,HIGH
105720,43,5195.25,SP,0.2415,LOW
105721,69,5606.41,SP,0.1897,LOW
105722,41,7093.59,PE,0.5754,MEDIUM
105723,55,2439.19,RJ,0.3869,MEDIUM
105724,47,4671.41,MG,0.5466,MEDIUM
105725,31,3527.6,RJ,0.0974,LOW
105726,36,4005.79,PE,0.5379,MEDIUM
105727,47,6359.82,BA,0.44,MEDIUM
105728,26,6700.52,SP,0.6676,HIGH
105729,41,8218.09,PR,0.7734,HIGH
105730,41,5151.91,MG,0.7537,HIGH
105731,62,3983.96,BA,0.6836,HIGH
105732,27,3719.92,PE,0.1888,LOW
105733,63,1826.5,RS,0.0856,LOW
105734,41,7989.73,BA,0.4218,MEDIUM
105735,53,3598.7,MG,0.332,LOW
105736,48,5354.38,RJ,0.5558,MEDIUM
105737,35,5818.27,SC,0.5099,MEDIUM
105738,67,2310.2,RS,0.6107,MEDIUM
105739,32,2696.29,SP,0.6919,HIGH
105740,22,8825.58,MG,0.3893,MEDIUM
105741,58,4828.3,SP,0.5008,MEDIUM
105742,52,3178.48,SP,0.2272,LOW
105743,65,3952.85,PE,0.2423,LOW
105744,43,7074.37,SP,0.3883,MEDIUM
105745,21,6576.85,BA,0.6714,HIGH
105746,22,2077.92,RJ,0.2627,LOW
105747,42,9203.1,SC,0.7978,HIGH
105748,33,6678.11,PE,0.499,MEDIUM
105749,67,3903.59,RS,0.3406,LOW
105750,26,2370.4,BA,0.3828,MEDIUM
105751,65,6965.77,SP,0.2247,LOW
105752,31,5279.17,RJ,0.4003,MEDIUM
105753,26,2086.19,RS,0.188,LOW
105754,34,3757.25,RS,0.7114,HIGH
105755,28,18833.69,BA,0.1145,LOW
105756,41,4233.4,RS,0.7196,HIGH
105757,37,2941.56,SP,0.671,HIGH
105758,47,2588.31,SP,0.3572,MEDIUM
105759,47,9832.49,PE,0.6456,MEDIUM
105760,21,6309.2,PR,0.228,LOW
105761,27,8253.65,RS,0.1669,LOW
105762,29,4731.36,PR,0.6101,MEDIUM
105763,30,7667.68,PE,0.2907,LOW
105764,25,2795.16,BA,0.1508,LOW
105765,36,4540.91,SP,0.5163,MEDIUM
105766,48,4820.46,PE,0.7498,HIGH
105767,36,8155.23,RJ,0.4039,MEDIUM
105768,37,4894.58,MG,0.311,LOW
105769,44,3110.67,BA,0.3728,MEDIUM
105770,48,4331.18,RJ,0.3769,MEDIUM
105771,37,1878.37,SP,0.2017,LOW
105772,32,1400.0,SC,0.1225,LOW
105773,41,6259.68,PE,0.4431,MEDIUM
105774,22,3508.57,SP,0.0268,LOW
105775,45,3704.71,SC,0.3835,MEDIUM
105776,68,6258.49,MG,0.6194,MEDIUM
105777,40,8212.44,RJ,0.3359,LOW
105778,26,5428.37,RS,0.3798,MEDIUM
105779,56,10596.88,PR,0.5459,MEDIUM
105780,27,5346.14,BA,0.0965,LOW
105781,30,4855.67,RS,0.7428,HIGH
105782,28,4713.69,PE,0.3271,LOW
105783,65,2266.07,BA,0.3429,LOW
105784,70,6645.66,SP,0.4686,MEDIUM
105785,49,1400.0,RS,0.5116,MEDIUM
105786,51,3169.85,SC,0.6788,HIGH
105787,53,4246.48,SP,0.308,LOW
105788,51,2874.84,PR,0.1812,LOW
105789,48,3381.24,RS,0.4458,MEDIUM
105790,70,10155.19,SP,0.7008,HIGH
105791,57,7135.03,MG,0.5409,MEDIUM
105792,25,3021.9,PR,0.0988,LOW
105793,40,3352.45,RJ,0.0942,LOW
105794,69,2275.32,BA,0.6973,HIGH
105795,41,5891.33,SP,0.5684,MEDIUM
105796,31,3725.53,RS,0.6277,MEDIUM
105797,64,1634.24,RS,0.6071,MEDIUM
105798,52,4408.17,MG,0.3709,MEDIUM
105799,49,5185.13,PR,0.2633,LOW
105800,42,6668.48,SP,0.3065,LOW
105801,27,4054.69,SP,0.5959,MEDIUM
105802,40,3512.06,PR,0.1686,LOW
105803,42,10897.04,SP,0.5514,MEDIUM
105804,67,4213.3,BA,0.8204,HIGH
105805,36,5932.67,PR,0.4101,MEDIUM
105806,28,3241.72,SP,0.3611,MEDIUM
105807,42,5848.83,RJ,0.2704,LOW
105808,70,2088.37,BA,0.5942,MEDIUM
105809,45,3364.54,SP,0.5048,MEDIUM
105810,39,2351.64,RS,0.172,LOW
105811,54,3141.49,SP,0.4017,MEDIUM
105812,53,7654.63,PE,0.425,MEDIUM
105813,35,3130.42,MG,0.1874,LOW
105814,69,5928.95,MG,0.271,LOW
105815,50,8700.42,PR,0.1795,LOW
105816,23,4144.77,RJ,0.1544,LOW
105817,41,6767.24,RS,0.4732,MEDIUM
105818,67,5419.51,SP,0.4133,MEDIUM
105819,40,4441.42,SP,0.036,LOW
105820,49,6020.9,SP,0.4603,MEDIUM
105821,51,10157.93,SC,0.527,MEDIUM
105822,56,3093.17,PE,0.1241,LOW
105823,64,2650.29,SP,0.4474,MEDIUM
105824,28,2576.64,BA,0.9174,HIGH
105825,46,6769.38,BA,0.725,HIGH
105826,47,7222.35,SP,0.3986,MEDIUM
105827,28,3245.62,SP,0.2356,LOW
105828,54,1506.51,RJ,0.3748,MEDIUM
105829,26,3038.01,SP,0.1601,LOW
105830,43,5463.31,RS,0.7338,HIGH
105831,37,4067.62,MG,0.2778,LOW
105832,28,4579.78,RJ,0.5042,MEDIUM
105833,62,3267.02,RS,0.292,LOW
105834,33,6833.57,SP,0.529,MEDIUM
105835,33,4952.12,BA,0.6225,MEDIUM
105836,63,5565.5,SC,0.4287,MEDIUM
105837,64,4533.24,RJ,0.5335,MEDIUM
105838,22,5402.06,PR,0.404,MEDIUM
105839,34,5234.12,SP,0.6474,MEDIUM
105840,56,2690.18,PE,0.4219,MEDIUM
105841,59,5023.64,MG,0.2761,LOW
105842,70,6141.13,PE,0.3236,LOW
105843,48,7312.26,PE,0.7381,HIGH
105844,21,5128.51,PR,0.6859,HIGH
105845,64,2642.6,RS,0.4885,MEDIUM
105846,29,2845.25,PR,0.1382,LOW
105847,27,3408.3,SP,0.3912,MEDIUM
105848,54,4599.87,PE,0.3392,LOW
105849,51,3960.66,MG,0.3622,MEDIUM
105850,23,2449.03,PE,0.3181,LOW
105851,29,2442.0,SC,0.3495,LOW
105852,50,1533.87,SP,0.5701,MEDIUM
105853,33,1400.0,RJ,0.3763,MEDIUM
105854,55,3942.56,SP,0.1816,LOW
105855,41,12791.68,SP,0.7358,HIGH
105856,50,9949.66,RS,0.2138,LOW
105857,44,2626.19,SP,0.2811,LOW
105858,39,4513.34,PE,0.3698,MEDIUM
105859,38,2079.41,MG,0.3026,LOW
105860,55,2237.3,MG,0.3758,MEDIUM
105861,46,2363.86,SP,0.2019,LOW
105862,50,3769.13,SP,0.1621,LOW
105863,49,3847.81,PR,0.0865,LOW
105864,31,4741.63,RJ,0.1389,LOW
105865,66,5774.37,PR,0.2044,LOW
105866,49,3572.91,PR,0.3108,LOW
105867,56,4273.62,SP,0.1135,LOW
105868,65,2484.46,MG,0.6111,MEDIUM
105869,67,2202.79,RJ,0.5041,MEDIUM
105870,54,2045.37,SP,0.1338,LOW
105871,60,5735.78,RS,0.3762,MEDIUM
105872,44,3571.15,SP,0.3967,MEDIUM
105873,57,1710.78,SP,0.3841,MEDIUM
105874,37,4074.72,PR,0.2383,LOW
105875,56,2306.31,MG,0.7076,HIGH
105876,25,9319.1,PE,0.4489,MEDIUM
105877,66,3181.17,BA,0.1188,LOW
105878,33,5825.28,RS,0.2889,LOW
105879,53,7083.63,MG,0.8498,HIGH
105880,21,2655.73,MG,0.6036,MEDIUM
105881,28,4356.14,SP,0.5105,MEDIUM
105882,70,5478.05,BA,0.0185,LOW
105883,62,4439.52,MG,0.6505,HIGH
105884,32,4994.88,RJ,0.1306,LOW
105885,27,2218.57,PR,0.2684,LOW
105886,61,5479.54,RS,0.701,HIGH
105887,70,3325.85,MG,0.5893,MEDIUM
105888,29,4967.03,SP,0.2616,LOW
105889,54,6531.78,PE,0.2568,LOW
105890,35,5789.89,SP,0.2604,LOW
105891,58,4965.28,PE,0.5285,MEDIUM
105892,41,5716.21,MG,0.4858,MEDIUM
105893,27,5844.62,PE,0.0971,LOW
105894,37,8610.01,PE,0.5928,MEDIUM
105895,47,4131.91,RJ,0.4638,MEDIUM
105896,60,4543.89,BA,0.7866,HIGH
105897,22,6569.76,SP,0.3139,LOW
105898,68,3319.12,SP,0.5041,MEDIUM
105899,53,2212.57,RJ,0.6944,HIGH
105900,64,5321.92,PR,0.3112,LOW
105901,67,3804.53,SP,0.6281,MEDIUM
105902,28,2352.48,MG,0.5608,MEDIUM
105903,25,5340.64,PE,0.4439,MEDIUM
105904,59,8348.05,BA,0.4989,MEDIUM
105905,30,1920.93,SP,0.4419,MEDIUM
105906,28,6860.64,MG,0.2315,LOW
105907,44,1400.0,SP,0.2758,LOW
105908,66,3465.81,SP,0.5313,MEDIUM
105909,60,10160.75,PE,0.3598,MEDIUM
105910,46,3587.62,PE,0.1068,LOW
105911,30,4385.29,SP,0.2796,LOW
105912,37,6057.28,SP,0.1581,LOW
105913,55,1842.6,RJ,0.5419,MEDIUM
105914,28,4347.89,MG,0.0597,LOW
105915,47,4331.47,SP,0.2698,LOW
105916,21,10267.65,SP,0.5464,MEDIUM
105917,37,2320.84,MG,0.3979,MEDIUM
105918,33,3497.14,SP,0.6752,HIGH
105919,55,2689.82,BA,0.3602,MEDIUM
105920,66,2556.32,RS,0.3635,MEDIUM
105921,28,7215.55,PR,0.2371,LOW
105922,60,4254.07,MG,0.03,LOW
105923,53,3216.88,BA,0.1386,LOW
105924,69,3275.66,SP,0.219,LOW
105925,66,3205.08,PE,0.2441,LOW
105926,26,3345.64,SP,0.3841,MEDIUM
105927,58,2289.08,PE,0.7818,HIGH
105928,50,3709.49,SP,0.1104,LOW
105929,26,3534.83,BA,0.402,MEDIUM
105930,33,2919.29,SP,0.4397,MEDIUM
105931,67,4524.5,BA,0.7073,HIGH
105932,48,4712.56,PR,0.2416,LOW
105933,37,3215.21,SP,0.7236,HIGH
105934,37,3919.25,RS,0.1593,LOW
105935,62,11836.93,SP,0.2783,LOW
105936,35,11621.91,PR,0.4448,MEDIUM
105937,28,2532.28,RJ,0.6614,HIGH
105938,49,2707.84,RS,0.1794,LOW
105939,70,2525.83,BA,0.6486,MEDIUM
105940,30,6975.96,MG,0.5903,MEDIUM
105941,33,3468.74,RS,0.3135,LOW
105942,44,4712.07,PE,0.525,MEDIUM
105943,30,10953.17,SC,0.5651,MEDIUM
105944,53,4178.96,RJ,0.6628,HIGH
105945,33,5894.88,MG,0.1928,LOW
105946,27,5391.84,SP,0.3886,MEDIUM
105947,34,3166.86,MG,0.3353,LOW
105948,67,6983.02,SP,0.1222,LOW
105949,67,2793.31,BA,0.5045,MEDIUM
105950,46,7990.29,PR,0.3931,MEDIUM
105951,41,3168.02,SC,0.2212,LOW
105952,61,3338.96,SP,0.2915,LOW
105953,30,2490.82,SP,0.451,MEDIUM
105954,53,2695.11,RS,0.367,MEDIUM
105955,55,3422.04,PR,0.3544,MEDIUM
105956,56,1400.0,PE,0.576,MEDIUM
105957,31,3754.99,PR,0.4981,MEDIUM
105958,56,3291.22,SP,0.3085,LOW
105959,51,6136.72,SC,0.2738,LOW
105960,64,5145.46,SC,0.4796,MEDIUM
105961,29,2990.43,SP,0.2694,LOW
105962,51,3370.23,SC,0.5828,MEDIUM
105963,62,3752.67,SP,0.5605,MEDIUM
105964,34,8570.65,SP,0.7803,HIGH
105965,58,2830.29,SP,0.2878,LOW
105966,25,2973.08,PR,0.1876,LOW
105967,56,2443.34,RS,0.5373,MEDIUM
105968,51,2062.06,SP,0.103,LOW
105969,30,4866.85,BA,0.2322,LOW
105970,24,4629.64,RS,0.6949,HIGH
105971,58,7774.2,RJ,0.5545,MEDIUM
105972,33,6923.77,SP,0.0655,LOW
105973,45,13272.58,SP,0.2568,LOW
105974,24,4053.68,SP,0.3551,MEDIUM
105975,69,3706.29,PE,0.5093,MEDIUM
105976,48,2250.1,BA,0.497,MEDIUM
105977,67,5867.58,SP,0.6028,MEDIUM
105978,29,4445.89,MG,0.26,LOW
105979,31,5741.34,SP,0.335,LOW
105980,51,2431.01,SP,0.2814,LOW
105981,51,4972.16,RJ,0.3295,LOW
105982,60,4634.74,SP,0.609,MEDIUM
105983,67,4489.86,SP,0.4701,MEDIUM
105984,62,3025.62,RJ,0.1773,LOW
105985,28,7433.23,RJ,0.3604,MEDIUM
105986,36,11237.23,MG,0.3488,LOW
105987,66,2464.82,MG,0.7514,HIGH
105988,48,5935.18,RJ,0.3506,MEDIUM
105989,64,1400.0,MG,0.6866,HIGH
105990,49,5789.33,RJ,0.259,LOW
105991,23,1711.57,PE,0.6181,MEDIUM
105992,44,3264.48,SP,0.4902,MEDIUM
105993,62,2236.32,PR,0.1152,LOW
105994,53,3787.06,SP,0.4402,MEDIUM
105995,27,6282.11,RJ,0.3856,MEDIUM
105996,31,1722.15,PR,0.4603,MEDIUM
105997,63,3534.37,RS,0.425,MEDIUM
105998,69,3282.7,PE,0.1528,LOW
105999,58,8970.92,MG,0.2432,LOW
106000,25,5167.19,SP,0.6535,HIGH
106001,51,2386.96,BA,0.2074,LOW
106002,62,3349.67,SP,0.8817,HIGH
106003,53,8864.15,MG,0.5395,MEDIUM
106004,50,5917.89,BA,0.6083,MEDIUM
106005,44,2702.92,RJ,0.4731,MEDIUM
106006,33,3694.67,PR,0.5946,MEDIUM
106007,35,3751.79,SP,0.4759,MEDIUM
106008,58,3244.15,SP,0.3489,LOW
106009,24,1848.15,PE,0.2275,LOW
106010,25,3033.83,SP,0.6805,HIGH
106011,40,8181.7,RJ,0.2407,LOW
106012,59,3497.8,MG,0.2355,LOW
106013,53,3996.91,RJ,0.7254,HIGH
106014,50,4493.07,SP,0.6927,HIGH
106015,47,12179.97,SP,0.1958,LOW
106016,26,4217.93,MG,0.1939,LOW
106017,37,7100.59,MG,0.4865,MEDIUM
106018,24,3151.75,BA,0.1268,LOW
106019,58,3708.3,RJ,0.6137,MEDIUM
106020,58,4225.38,PE,0.1192,LOW
106021,33,2896.49,SP,0.6732,HIGH
106022,35,3808.75,RJ,0.4578,MEDIUM
106023,36,6432.41,PE,0.4154,MEDIUM
106024,65,2860.25,BA,0.4793,MEDIUM
106025,45,4200.18,RJ,0.2333,LOW
106026,59,5901.91,RJ,0.1919,LOW
106027,43,2827.35,BA,0.5093,MEDIUM
106028,55,7105.6,SP,0.2514,LOW
106029,47,4349.53,SP,0.4043,MEDIUM
106030,34,3879.96,PR,0.2258,LOW
106031,64,1601.87,BA,0.4228,MEDIUM
106032,56,3510.47,PR,0.5464,MEDIUM
106033,59,5020.1,MG,0.4262,MEDIUM
106034,68,9707.03,PE,0.2048,LOW
106035,33,5516.1,SP,0.2353,LOW
106036,25,7211.44,RS,0.4345,MEDIUM
106037,50,2350.7,SP,0.4234,MEDIUM
106038,37,3951.95,RS,0.4688,MEDIUM
106039,42,7546.19,PR,0.2938,LOW
106040,32,2742.78,SP,0.3568,MEDIUM
106041,40,6675.15,PR,0.3442,LOW
106042,40,5971.97,BA,0.6911,HIGH
106043,38,4792.02,MG,0.2568,LOW
106044,58,3586.97,SP,0.7635,HIGH
106045,50,2616.04,SP,0.3846,MEDIUM
106046,44,9847.98,SC,0.1258,LOW
106047,26,5688.11,SC,0.0745,LOW
106048,49,4946.01,RJ,0.8254,HIGH
106049,29,3444.97,SP,0.8915,HIGH
106050,36,4277.05,RS,0.0868,LOW
106051,41,4545.55,RJ,0.1356,LOW
106052,28,5088.71,SP,0.5121,MEDIUM
106053,40,5974.9,RJ,0.2935,LOW
106054,34,2884.92,PR,0.5839,MEDIUM
106055,63,2077.4,PE,0.8577,HIGH
106056,63,4373.39,PR,0.7244,HIGH
106057,21,1815.61,SP,0.5846,MEDIUM
106058,51,3595.66,BA,0.1978,LOW
106059,53,3289.3,SP,0.1456,LOW
106060,39,5318.14,PE,0.3499,LOW
106061,44,10877.88,RJ,0.6792,HIGH
106062,60,1651.5,PE,0.3707,MEDIUM
106063,39,12512.06,BA,0.3272,LOW
106064,24,3755.45,BA,0.2529,LOW
106065,39,4963.11,SP,0.6104,MEDIUM
106066,33,2129.67,BA,0.4332,MEDIUM
106067,40,6777.33,RS,0.6974,HIGH
106068,32,4284.45,RJ,0.1534,LOW
106069,28,4077.89,MG,0.7292,HIGH
106070,70,1657.22,SC,0.3102,LOW
106071,27,4351.44,PE,0.5401,MEDIUM
106072,56,6303.36,RS,0.173,LOW
106073,56,3749.68,MG,0.5442,MEDIUM
106074,51,7379.46,SC,0.1495,LOW
106075,66,7234.59,SP,0.3973,MEDIUM
106076,21,3087.49,MG,0.4192,MEDIUM
106077,36,9031.69,BA,0.3453,LOW
106078,30,4292.31,PR,0.085,LOW
106079,49,4301.49,RS,0.6823,HIGH
106080,52,4404.36,MG,0.2332,LOW
106081,65,4342.09,RJ,0.4639,MEDIUM
106082,39,1400.0,RS,0.4717,MEDIUM
106083,32,3842.19,SP,0.5254,MEDIUM
106084,67,2182.32,PE,0.461,MEDIUM
106085,54,9168.06,PE,0.3655,MEDIUM
106086,59,8992.62,PE,0.2411,LOW
106087,43,6321.87,PE,0.7111,HIGH
106088,43,3745.74,MG,0.2239,LOW
106089,40,2588.91,MG,0.3439,LOW
106090,58,3063.16,BA,0.3713,MEDIUM
106091,31,10671.24,SP,0.3384,LOW
106092,69,3012.68,BA,0.2803,LOW
106093,29,1400.0,SP,0.4367,MEDIUM
106094,44,6886.51,BA,0.1213,LOW
106095,36,8630.7,PR,0.574,MEDIUM
106096,53,9313.9,BA,0.2862,LOW
106097,55,6913.61,MG,0.3984,MEDIUM
106098,66,7476.87,PR,0.1603,LOW
106099,60,4308.08,PE,0.1987,LOW
106100,33,1550.32,RJ,0.3691,MEDIUM
106101,31,4256.59,SP,0.0626,LOW
106102,65,5660.09,SP,0.6487,MEDIUM
106103,45,3935.96,PR,0.6678,HIGH
106104,25,3850.81,PR,0.4411,MEDIUM
106105,62,2644.04,PR,0.5625,MEDIUM
106106,53,2596.72,SP,0.2303,LOW
106107,22,10149.21,SP,0.199,LOW
106108,60,10327.09,PE,0.1485,LOW
106109,51,4194.67,SC,0.1142,LOW
106110,51,4807.69,SP,0.3546,MEDIUM
106111,64,2622.88,SP,0.2634,LOW
106112,45,5717.44,SP,0.3496,LOW
106113,44,9773.91,BA,0.3204,LOW
106114,51,2015.88,RS,0.1596,LOW
106115,30,5247.48,SC,0.4957,MEDIUM
106116,28,5440.2,SC,0.3053,LOW
106117,63,5410.47,BA,0.2137,LOW
106118,31,9240.88,RJ,0.3026,LOW
106119,46,11160.42,RJ,0.4827,MEDIUM
106120,34,3754.71,MG,0.6947,HIGH
106121,32,5802.03,PE,0.4663,MEDIUM
106122,50,4373.29,PR,0.5172,MEDIUM
106123,61,3100.83,PR,0.1416,LOW
106124,43,4783.04,BA,0.7448,HIGH
106125,27,5797.37,SP,0.534,MEDIUM
106126,33,4660.91,RJ,0.5527,MEDIUM
106127,29,2751.42,SC,0.26,LOW
106128,65,3362.13,PE,0.2329,LOW
106129,36,3374.51,SP,0.3417,LOW
106130,39,2803.06,MG,0.1797,LOW
106131,24,4882.14,PE,0.3084,LOW
106132,43,5133.45,RS,0.4952,MEDIUM
106133,66,6721.11,PR,0.0644,LOW
106134,41,2782.71,SP,0.3151,LOW
106135,53,3183.22,SP,0.1393,LOW
106136,30,8857.62,RJ,0.3598,MEDIUM
106137,28,3881.13,SP,0.1779,LOW
106138,57,4261.19,BA,0.7923,HIGH
106139,24,3861.42,RS,0.0266,LOW
106140,43,7235.06,BA,0.4894,MEDIUM
106141,36,7370.99,SP,0.4944,MEDIUM
106142,21,7166.55,RJ,0.3216,LOW
106143,47,4253.9,RS,0.3287,LOW
106144,69,2763.0,SP,0.5609,MEDIUM
106145,24,10582.34,SP,0.4934,MEDIUM
106146,61,6335.15,RJ,0.0954,LOW
106147,47,3373.29,SP,0.364,MEDIUM
106148,57,8318.8,SP,0.6438,MEDIUM
106149,25,3247.85,RJ,0.5103,MEDIUM
106150,64,8266.59,BA,0.2582,LOW
106151,21,8539.15,SP,0.4669,MEDIUM
106152,66,2698.71,PR,0.3681,MEDIUM
106153,53,5552.95,PR,0.097,LOW
106154,37,6113.72,PR,0.4041,MEDIUM
106155,21,14735.23,MG,0.235,LOW
106156,51,2941.09,SP,0.7097,HIGH
106157,25,8353.71,SP,0.5987,MEDIUM
106158,51,4235.12,MG,0.2698,LOW
106159,59,2314.58,PE,0.0947,LOW
106160,34,3964.94,RJ,0.3366,LOW
106161,32,4204.97,MG,0.3091,LOW
106162,32,2526.46,PE,0.0751,LOW
106163,32,4878.94,RS,0.3981,MEDIUM
106164,26,6651.44,RS,0.6085,MEDIUM
106165,33,4708.74,MG,0.4037,MEDIUM
106166,53,3238.14,PE,0.7162,HIGH
106167,36,3911.1,PR,0.619,MEDIUM
106168,60,4190.85,SC,0.6123,MEDIUM
106169,61,4661.79,RS,0.3787,MEDIUM
106170,59,7154.94,RJ,0.7011,HIGH
106171,47,4785.62,PE,0.4474,MEDIUM
106172,36,2142.11,PE,0.2286,LOW
106173,67,3206.47,PR,0.2431,LOW
106174,31,4548.4,SP,0.0595,LOW
106175,44,7204.2,RS,0.5469,MEDIUM
106176,43,7830.69,RJ,0.566,MEDIUM
106177,58,9844.7,PR,0.6492,MEDIUM
106178,48,4471.75,SP,0.4429,MEDIUM
106179,60,6058.56,BA,0.2753,LOW
106180,66,2089.54,PE,0.4591,MEDIUM
106181,40,5162.53,SP,0.477,MEDIUM
106182,64,2506.68,RS,0.1903,LOW
106183,29,4075.79,BA,0.3338,LOW
106184,66,17982.64,SP,0.4568,MEDIUM
106185,29,4858.8,SP,0.8487,HIGH
106186,63,2774.45,RJ,0.4449,MEDIUM
106187,40,5108.08,BA,0.3292,LOW
106188,69,3276.87,MG,0.6678,HIGH
106189,27,2648.32,SP,0.9069,HIGH
106190,44,11525.84,SP,0.6132,MEDIUM
106191,66,7008.71,MG,0.4231,MEDIUM
106192,23,4957.7,SP,0.6806,HIGH
106193,34,3479.92,SC,0.5517,MEDIUM
106194,25,3617.94,SP,0.1998,LOW
106195,37,8806.37,RS,0.2761,LOW
106196,40,4865.85,RS,0.4263,MEDIUM
106197,51,1400.0,BA,0.1544,LOW
106198,33,13425.22,SP,0.3411,LOW
106199,28,4585.75,PR,0.4582,MEDIUM
106200,29,4952.55,RS,0.4875,MEDIUM
106201,67,7075.92,MG,0.2998,LOW
106202,68,5251.31,SP,0.1516,LOW
106203,32,6011.06,SP,0.6401,MEDIUM
106204,30,3427.04,PR,0.4801,MEDIUM
106205,23,2327.47,MG,0.2503,LOW
106206,68,4804.71,PE,0.442,MEDIUM
106207,56,8349.98,BA,0.3333,LOW
106208,59,3077.57,RS,0.1835,LOW
106209,35,2961.31,PE,0.3806,MEDIUM
106210,53,7547.18,SC,0.7718,HIGH
106211,23,3372.34,SP,0.3282,LOW
106212,54,3448.76,SP,0.3914,MEDIUM
106213,49,3511.26,BA,0.1141,LOW
106214,37,4071.02,RJ,0.2911,LOW
106215,56,1973.36,PE,0.5217,MEDIUM
106216,53,3242.04,SP,0.1419,LOW
106217,42,4691.07,SP,0.5123,MEDIUM
106218,30,4675.04,RS,0.0663,LOW
106219,22,7322.28,BA,0.5189,MEDIUM
106220,67,10155.27,BA,0.2154,LOW
106221,35,8680.48,SP,0.8942,HIGH
106222,36,6515.07,RJ,0.1478,LOW
106223,55,3910.6,SC,0.2099,LOW
106224,33,3114.32,PE,0.5113,MEDIUM
106225,39,4236.2,SP,0.5474,MEDIUM
106226,56,5563.14,PR,0.4162,MEDIUM
106227,50,6231.49,SP,0.1025,LOW
106228,53,5664.2,RS,0.4915,MEDIUM
106229,21,3962.68,SP,0.1897,LOW
106230,43,6127.45,PE,0.3709,MEDIUM
106231,44,7692.94,SP,0.5245,MEDIUM
106232,52,6408.09,SC,0.3325,LOW
106233,28,4135.96,RS,0.2858,LOW
106234,28,2814.65,SP,0.471,MEDIUM
106235,59,2782.78,SP,0.52,MEDIUM
106236,54,3028.6,PR,0.8607,HIGH
106237,61,4751.6,SC,0.6846,HIGH
106238,34,5390.24,RS,0.4507,MEDIUM
106239,70,2129.97,PR,0.6556,HIGH
106240,34,3297.51,SP,0.3397,LOW
106241,53,4720.25,PE,0.1101,LOW
106242,29,2727.1,SP,0.7809,HIGH
106243,66,5172.51,PR,0.3053,LOW
106244,37,3623.78,PE,0.5319,MEDIUM
106245,61,2967.86,PE,0.2594,LOW
106246,37,4308.64,SP,0.3728,MEDIUM
106247,60,5070.19,SP,0.3605,MEDIUM
106248,43,2794.88,PR,0.4527,MEDIUM
106249,24,3738.3,RJ,0.6726,HIGH
106250,30,5257.05,RS,0.4062,MEDIUM
106251,55,2913.28,MG,0.1754,LOW
106252,30,1895.27,SP,0.8829,HIGH
106253,34,2008.78,RJ,0.6991,HIGH
106254,48,3436.39,SC,0.5951,MEDIUM
106255,33,2230.54,RS,0.6796,HIGH
106256,27,3554.37,RJ,0.6216,MEDIUM
106257,52,9339.54,SP,0.3181,LOW
106258,55,2167.03,RJ,0.3257,LOW
106259,57,3667.22,SC,0.2027,LOW
106260,68,11688.33,RS,0.3359,LOW
106261,27,5108.91,BA,0.3658,MEDIUM
106262,42,3520.41,PE,0.2307,LOW
106263,32,3895.34,MG,0.8916,HIGH
106264,66,5161.25,PE,0.344,LOW
106265,47,9478.77,SP,0.3279,LOW
106266,25,3255.27,PR,0.4209,MEDIUM
106267,55,2919.56,PR,0.2115,LOW
106268,23,2166.81,RS,0.5355,MEDIUM
106269,34,4413.07,RS,0.3986,MEDIUM
106270,57,2139.03,SP,0.2561,LOW
106271,46,3361.77,PE,0.4286,MEDIUM
106272,59,2715.34,PE,0.0991,LOW
106273,49,7033.35,PE,0.5933,MEDIUM
106274,63,3290.55,MG,0.7232,HIGH
106275,49,5081.52,PE,0.5683,MEDIUM
106276,23,1944.72,RS,0.2878,LOW
106277,24,4473.66,SC,0.4244,MEDIUM
106278,59,2357.42,MG,0.3395,LOW
106279,22,3423.88,BA,0.17,LOW
106280,39,12139.47,RS,0.8083,HIGH
106281,21,6570.09,PR,0.7813,HIGH
106282,36,3948.94,PE,0.6298,MEDIUM
106283,50,19503.16,SP,0.469,MEDIUM
106284,29,2706.89,SC,0.653,HIGH
106285,44,7347.71,RJ,0.1523,LOW
106286,70,2012.55,MG,0.3902,MEDIUM
106287,24,3735.95,RJ,0.3353,LOW
106288,24,2199.31,RJ,0.6646,HIGH
106289,34,4752.05,RJ,0.4069,MEDIUM
106290,62,4314.37,SP,0.2255,LOW
106291,41,3623.37,SP,0.3373,LOW
106292,52,7094.16,RS,0.7425,HIGH
106293,22,3199.12,RJ,0.2009,LOW
106294,57,4913.44,SP,0.1546,LOW
106295,24,6227.35,SP,0.0942,LOW
106296,56,2060.89,SP,0.7347,HIGH
106297,28,2932.47,SP,0.1283,LOW
106298,63,4310.0,PE,0.4603,MEDIUM
106299,35,5683.45,PR,0.5447,MEDIUM
106300,30,8308.5,RJ,0.3242,LOW
106301,37,3786.58,PR,0.2613,LOW
106302,21,3608.09,SP,0.2012,LOW
106303,29,2762.78,SC,0.4317,MEDIUM
106304,50,4920.83,PE,0.3706,MEDIUM
106305,36,3641.76,SP,0.485,MEDIUM
106306,38,3682.34,SP,0.3863,MEDIUM
106307,61,4014.92,PR,0.0207,LOW
106308,27,5473.21,SP,0.4444,MEDIUM
106309,40,3204.3,SP,0.7191,HIGH
106310,30,2899.24,SC,0.0915,LOW
106311,45,5167.1,PR,0.4942,MEDIUM
106312,37,1400.0,SP,0.1824,LOW
106313,23,3143.44,BA,0.5075,MEDIUM
106314,24,2416.83,SP,0.1215,LOW
106315,63,7483.11,RJ,0.1283,LOW
106316,23,3398.85,RS,0.6624,HIGH
106317,60,3208.94,PR,0.7808,HIGH
106318,66,4103.11,PR,0.3346,LOW
106319,44,3156.0,SC,0.7104,HIGH
106320,36,3461.89,SC,0.3831,MEDIUM
106321,59,4400.41,BA,0.7352,HIGH
106322,70,3429.81,PR,0.5158,MEDIUM
106323,27,3418.02,RJ,0.3149,LOW
106324,69,2586.25,RS,0.0899,LOW
106325,68,2413.96,SP,0.3171,LOW
106326,28,4324.04,RS,0.2295,LOW
106327,23,4865.91,SP,0.7526,HIGH
106328,56,2116.09,MG,0.6047,MEDIUM
106329,24,6048.78,RS,0.5131,MEDIUM
106330,51,6060.71,PR,0.5122,MEDIUM
106331,24,6705.55,SP,0.7726,HIGH
106332,55,4850.26,MG,0.2301,LOW
106333,32,5702.38,BA,0.3131,LOW
106334,25,11987.89,PE,0.3044,LOW
106335,24,3634.07,MG,0.1441,LOW
106336,30,2542.51,SP,0.2379,LOW
106337,48,2011.21,RJ,0.3692,MEDIUM
106338,24,9755.27,MG,0.2929,LOW
106339,61,9816.87,SP,0.016,LOW
106340,51,2694.67,BA,0.5092,MEDIUM
106341,35,2962.31,PR,0.2931,LOW
106342,70,3595.09,RJ,0.5306,MEDIUM
106343,53,7558.92,RJ,0.4285,MEDIUM
106344,54,2264.1,SP,0.0336,LOW
106345,29,1634.12,MG,0.6121,MEDIUM
106346,56,11887.55,MG,0.4344,MEDIUM
106347,48,4879.41,RJ,0.3029,LOW
106348,70,5223.68,SC,0.4217,MEDIUM
106349,44,3806.21,RJ,0.342,LOW
106350,54,5252.27,PR,0.5212,MEDIUM
106351,38,2030.47,PE,0.1965,LOW
106352,23,2805.11,RJ,0.5067,MEDIUM
106353,27,4417.44,RJ,0.6045,MEDIUM
106354,64,1412.07,BA,0.5953,MEDIUM
106355,57,3632.34,RJ,0.5269,MEDIUM
106356,39,3526.43,MG,0.1635,LOW
106357,55,3632.04,BA,0.8034,HIGH
106358,21,3223.81,PR,0.0412,LOW
106359,22,2604.02,PE,0.2694,LOW
106360,46,1751.56,MG,0.2343,LOW
106361,52,4502.19,MG,0.6365,MEDIUM
106362,67,3636.51,SP,0.48,MEDIUM
106363,58,2170.48,SP,0.4601,MEDIUM
106364,33,4327.98,PR,0.1195,LOW
106365,61,3645.55,SP,0.35,MEDIUM
106366,45,3366.23,MG,0.2061,LOW
106367,62,1491.49,SP,0.1604,LOW
106368,29,5828.81,SP,0.1584,LOW
106369,22,2323.84,MG,0.3134,LOW
106370,23,4329.51,SC,0.1153,LOW
106371,70,2849.42,RJ,0.3254,LOW
106372,25,3485.1,RS,0.1727,LOW
106373,67,7302.27,SP,0.3705,MEDIUM
106374,57,5420.9,SP,0.3806,MEDIUM
106375,28,7224.69,PE,0.3985,MEDIUM
106376,64,4921.78,PE,0.2134,LOW
106377,28,5079.6,RJ,0.7042,HIGH
106378,28,1786.28,RJ,0.1463,LOW
106379,49,3606.26,BA,0.7219,HIGH
106380,35,3770.2,PR,0.1439,LOW
106381,35,7556.77,SP,0.3465,LOW
106382,30,3293.97,SP,0.4327,MEDIUM
106383,51,4769.38,SP,0.2005,LOW
106384,22,4680.7,RS,0.1203,LOW
106385,33,7321.16,PR,0.4629,MEDIUM
106386,48,3938.84,SP,0.6483,MEDIUM
106387,45,6249.01,SP,0.399,MEDIUM
106388,55,1852.89,SP,0.4486,MEDIUM
106389,31,1935.48,RS,0.3713,MEDIUM
106390,53,1403.65,PE,0.3063,LOW
106391,58,6124.87,PR,0.6876,HIGH
106392,40,5803.4,RS,0.6581,HIGH
106393,33,6459.56,SP,0.4764,MEDIUM
106394,48,3034.21,PR,0.5401,MEDIUM
106395,49,3204.58,MG,0.5226,MEDIUM
106396,25,3962.92,SP,0.4341,MEDIUM
106397,49,8398.56,MG,0.7257,HIGH
106398,28,9469.93,BA,0.3828,MEDIUM
106399,49,6147.91,SP,0.5461,MEDIUM
106400,67,4923.28,MG,0.4792,MEDIUM
106401,47,7973.06,BA,0.4057,MEDIUM
106402,59,3714.63,BA,0.194,LOW
106403,36,3481.39,MG,0.4226,MEDIUM
106404,67,3947.78,SP,0.5559,MEDIUM
106405,61,2625.58,BA,0.4511,MEDIUM
106406,66,3861.59,SP,0.4027,MEDIUM
106407,58,2456.48,SP,0.339,LOW
106408,53,6869.48,SP,0.438,MEDIUM
106409,47,5452.39,MG,0.451,MEDIUM
106410,67,8341.76,PR,0.0732,LOW
106411,63,1921.35,BA,0.6061,MEDIUM
106412,41,10463.56,MG,0.1015,LOW
106413,25,1974.46,PE,0.2432,LOW
106414,21,2362.92,PR,0.2927,LOW
106415,32,3117.68,PR,0.2838,LOW
106416,24,7867.89,SP,0.2282,LOW
106417,31,4680.29,SP,0.1664,LOW
106418,26,3736.12,PR,0.3842,MEDIUM
106419,70,2870.89,RS,0.8132,HIGH
106420,25,2169.8,SP,0.3759,MEDIUM
106421,52,7233.66,MG,0.5378,MEDIUM
106422,38,6162.18,RJ,0.1381,LOW
106423,29,8038.65,MG,0.5573,MEDIUM
106424,56,5081.25,SP,0.1218,LOW
106425,69,1400.0,SP,0.4471,MEDIUM
106426,60,2311.01,RJ,0.5341,MEDIUM
106427,69,5249.97,BA,0.2143,LOW
106428,50,3517.04,BA,0.3376,LOW
106429,54,3211.83,SP,0.2898,LOW
106430,28,2473.26,SP,0.4788,MEDIUM
106431,63,6618.89,MG,0.3297,LOW
106432,58,5228.15,SP,0.1861,LOW
106433,33,5342.3,BA,0.0588,LOW
106434,38,3098.62,MG,0.1401,LOW
106435,51,4570.87,BA,0.3325,LOW
106436,21,2209.92,SP,0.5343,MEDIUM
106437,61,3946.26,PE,0.383,MEDIUM
106438,35,1400.0,RS,0.4441,MEDIUM
106439,24,1978.6,RS,0.0545,LOW
106440,37,3597.99,PE,0.4897,MEDIUM
106441,62,13133.17,MG,0.0682,LOW
106442,34,1769.55,SP,0.3052,LOW
106443,47,2312.12,MG,0.3353,LOW
106444,61,4660.56,BA,0.5243,MEDIUM
106445,22,9819.87,BA,0.646,MEDIUM
106446,58,4628.01,MG,0.4932,MEDIUM
106447,35,5883.27,RS,0.2907,LOW
106448,55,3571.68,SP,0.8743,HIGH
106449,30,3287.04,SP,0.5959,MEDIUM
106450,27,4369.0,PR,0.1657,LOW
106451,60,3062.11,MG,0.1209,LOW
106452,61,5946.09,SP,0.3585,MEDIUM
106453,70,1942.69,RS,0.6488,MEDIUM
106454,54,6438.39,PR,0.1982,LOW
106455,44,4280.01,MG,0.406,MEDIUM
106456,30,3788.68,SP,0.5984,MEDIUM
106457,35,1908.76,SP,0.6123,MEDIUM
106458,53,2624.23,SC,0.6175,MEDIUM
106459,38,7466.58,BA,0.361,MEDIUM
106460,45,3799.83,SP,0.9624,HIGH
106461,29,4800.48,BA,0.4942,MEDIUM
106462,42,2753.6,RS,0.1747,LOW
106463,32,4141.83,BA,0.2939,LOW
106464,26,2173.75,PR,0.3194,LOW
106465,27,4406.27,RJ,0.7122,HIGH
106466,46,5017.8,RS,0.3972,MEDIUM
106467,39,4898.75,MG,0.2729,LOW
106468,25,2721.99,SP,0.4696,MEDIUM
106469,46,3564.06,RJ,0.3363,LOW
106470,29,5435.43,MG,0.6333,MEDIUM
106471,21,3794.66,MG,0.7499,HIGH
106472,27,3658.96,PE,0.2608,LOW
106473,43,10472.46,RJ,0.2488,LOW
106474,68,2660.75,SP,0.4044,MEDIUM
106475,33,7054.64,PE,0.218,LOW
106476,35,2412.92,SP,0.2941,LOW
106477,33,5751.03,SP,0.4891,MEDIUM
106478,38,5900.27,BA,0.3492,LOW
106479,56,3287.44,PE,0.1964,LOW
106480,37,2341.27,SC,0.4496,MEDIUM
106481,53,1631.14,RJ,0.1098,LOW
106482,65,3126.24,PR,0.6344,MEDIUM
106483,68,5406.87,BA,0.2253,LOW
106484,49,2503.83,PE,0.4472,MEDIUM
106485,56,4400.07,SP,0.2501,LOW
106486,66,2067.62,BA,0.4581,MEDIUM
106487,60,3753.99,PR,0.4957,MEDIUM
106488,35,2421.78,SP,0.6847,HIGH
106489,27,4045.7,SP,0.7246,HIGH
106490,26,3302.13,SP,0.0624,LOW
106491,65,2371.94,PE,0.2189,LOW
106492,48,3061.26,MG,0.2099,LOW
106493,35,2682.34,RS,0.424,MEDIUM
106494,38,2235.36,SP,0.3879,MEDIUM
106495,35,7062.52,BA,0.2319,LOW
106496,61,3533.19,MG,0.3681,MEDIUM
106497,51,1459.39,PE,0.6035,MEDIUM
106498,64,3114.01,MG,0.4107,MEDIUM
106499,36,6515.25,RS,0.3651,MEDIUM
106500,44,2914.31,PR,0.3421,LOW
106501,27,8619.28,MG,0.3959,MEDIUM
106502,69,2783.99,PE,0.347,LOW
106503,46,5347.99,MG,0.5201,MEDIUM
106504,48,6907.94,PE,0.4289,MEDIUM
106505,41,5213.12,SP,0.2181,LOW
106506,34,2171.3,SC,0.0695,LOW
106507,68,2671.66,PE,0.3057,LOW
106508,45,7364.85,PE,0.5665,MEDIUM
106509,54,2854.43,MG,0.3543,MEDIUM
106510,22,6708.73,MG,0.7112,HIGH
106511,34,3416.27,BA,0.3631,MEDIUM
106512,61,4495.04,RJ,0.7389,HIGH
106513,25,2159.23,PE,0.5084,MEDIUM
106514,26,3136.53,SP,0.0672,LOW
106515,61,2759.19,SP,0.2564,LOW
106516,36,4680.35,RS,0.0253,LOW
106517,34,4392.15,RJ,0.3677,MEDIUM
106518,49,5244.38,RJ,0.8201,HIGH
106519,30,3318.9,RJ,0.6039,MEDIUM
106520,23,2687.4,PE,0.0747,LOW
106521,21,4585.02,PR,0.6171,MEDIUM
106522,24,2562.24,PE,0.6327,MEDIUM
106523,28,7047.88,RJ,0.4881,MEDIUM
106524,55,3975.35,RJ,0.4677,MEDIUM
106525,35,3591.39,SP,0.5948,MEDIUM
106526,24,5243.18,MG,0.3663,MEDIUM
106527,21,4048.84,SP,0.3912,MEDIUM
106528,44,1895.0,SP,0.3388,LOW
106529,63,2523.38,MG,0.3688,MEDIUM
106530,37,6978.16,RS,0.5651,MEDIUM
106531,24,4372.56,MG,0.1522,LOW
106532,32,1873.73,MG,0.3426,LOW
106533,45,4973.37,MG,0.4441,MEDIUM
106534,30,3211.19,MG,0.1801,LOW
106535,69,2760.26,RS,0.2457,LOW
106536,59,2424.31,BA,0.5625,MEDIUM
106537,38,6787.28,BA,0.1463,LOW
106538,68,1635.0,SP,0.2357,LOW
106539,37,2809.68,MG,0.5458,MEDIUM
106540,28,4449.29,BA,0.2903,LOW
106541,67,8959.36,PE,0.201,LOW
106542,68,5479.08,PR,0.5594,MEDIUM
106543,36,2798.25,MG,0.1968,LOW
106544,50,8751.05,RS,0.4626,MEDIUM
106545,29,2191.59,PE,0.1586,LOW
106546,53,4770.48,MG,0.5277,MEDIUM
106547,55,5308.03,SP,0.3125,LOW
106548,56,2751.51,BA,0.767,HIGH
106549,49,5870.44,RS,0.3118,LOW
106550,56,3281.88,SP,0.1807,LOW
106551,48,5863.54,RJ,0.683,HIGH
106552,61,1736.86,PR,0.3428,LOW
106553,29,4932.63,RS,0.3206,LOW
106554,45,3446.2,RS,0.5957,MEDIUM
106555,41,7293.2,SP,0.5511,MEDIUM
106556,47,4112.26,SP,0.7813,HIGH
106557,28,7650.07,RS,0.2756,LOW
106558,37,5358.79,SP,0.2798,LOW
106559,68,3950.65,MG,0.7004,HIGH
106560,26,6129.82,PR,0.3677,MEDIUM
106561,52,6148.65,RJ,0.6171,MEDIUM
106562,54,5267.74,BA,0.2211,LOW
106563,44,1400.0,SP,0.6362,MEDIUM
106564,22,2620.74,RS,0.1593,LOW
106565,22,8161.72,SC,0.4574,MEDIUM
106566,34,2298.44,MG,0.2357,LOW
106567,26,6415.17,BA,0.3009,LOW
106568,25,5895.46,SP,0.2978,LOW
106569,29,2964.54,BA,0.7265,HIGH
106570,30,1611.84,SP,0.3894,MEDIUM
106571,62,3196.34,PE,0.3535,MEDIUM
106572,52,11387.68,SP,0.2122,LOW
106573,22,2775.17,PR,0.2351,LOW
106574,52,2868.65,SP,0.3268,LOW
106575,27,2601.91,RJ,0.2655,LOW
106576,42,7524.63,SP,0.076,LOW
106577,22,3737.75,SP,0.8464,HIGH
106578,25,3110.08,SP,0.3298,LOW
106579,27,8277.59,SP,0.813,HIGH
106580,42,5546.91,RS,0.4805,MEDIUM
106581,44,2701.55,MG,0.564,MEDIUM
106582,38,2334.42,SP,0.218,LOW
106583,52,7322.9,PE,0.327,LOW
106584,57,4233.98,SC,0.1389,LOW
106585,57,1996.78,SP,0.4542,MEDIUM
106586,49,1784.59,MG,0.3367,LOW
106587,48,2458.09,MG,0.2447,LOW
106588,45,2316.67,PR,0.4081,MEDIUM
106589,32,1572.97,BA,0.332,LOW
106590,45,2477.68,PR,0.827,HIGH
106591,21,2701.82,PE,0.0976,LOW
106592,69,3363.55,RS,0.257,LOW
106593,39,9465.76,PE,0.4397,MEDIUM
106594,58,3695.07,PR,0.7186,HIGH
106595,68,3875.4,SC,0.1466,LOW
106596,45,5363.02,RS,0.2061,LOW
106597,64,3747.81,RS,0.2741,LOW
106598,44,5089.39,SP,0.6206,MEDIUM
106599,27,4805.59,SP,0.3974,MEDIUM
106600,22,4454.55,SP,0.3192,LOW
106601,27,15847.13,SP,0.6091,MEDIUM
106602,68,6504.05,PE,0.4227,MEDIUM
106603,44,2498.92,RS,0.9717,HIGH
106604,36,5016.79,SP,0.2513,LOW
106605,43,2872.12,MG,0.4851,MEDIUM
106606,33,5203.26,SP,0.1678,LOW
106607,64,2170.58,BA,0.4594,MEDIUM
106608,70,2467.86,PE,0.5935,MEDIUM
106609,25,4953.83,SP,0.6691,HIGH
106610,56,6779.92,RJ,0.6892,HIGH
106611,37,5346.03,PE,0.3417,LOW
106612,23,6328.48,SC,0.4747,MEDIUM
106613,67,5025.46,BA,0.561,MEDIUM
106614,24,4562.55,RJ,0.2705,LOW
106615,31,3297.99,SP,0.2896,LOW
106616,22,6204.81,SC,0.3586,MEDIUM
106617,44,6869.06,SP,0.54,MEDIUM
106618,50,4074.67,BA,0.4006,MEDIUM
106619,37,3970.77,RS,0.591,MEDIUM
106620,24,9015.63,RJ,0.382,MEDIUM
106621,26,4159.03,MG,0.0714,LOW
106622,67,4355.39,BA,0.4425,MEDIUM
106623,61,5298.97,PE,0.6479,MEDIUM
106624,67,4007.38,RJ,0.0489,LOW
106625,47,2832.96,RS,0.2521,LOW
106626,48,5035.48,SP,0.8413,HIGH
106627,60,4122.59,PE,0.3025,LOW
106628,51,10169.21,SC,0.5041,MEDIUM
106629,42,6132.12,SP,0.3323,LOW
106630,35,3155.83,RS,0.2775,LOW
106631,45,5959.78,RS,0.4864,MEDIUM
106632,24,4868.86,RS,0.6706,HIGH
106633,30,7874.34,RJ,0.3344,LOW
106634,57,3265.28,RS,0.4813,MEDIUM
106635,64,4598.13,BA,0.2634,LOW
106636,26,4004.9,RJ,0.4655,MEDIUM
106637,25,4319.56,SP,0.2682,LOW
106638,25,2746.12,PE,0.3729,MEDIUM
106639,60,5537.38,PR,0.6171,MEDIUM
106640,36,5133.09,MG,0.2508,LOW
106641,37,7783.39,BA,0.2942,LOW
106642,21,4179.84,SP,0.6647,HIGH
106643,69,3446.65,BA,0.2746,LOW
106644,42,6134.61,MG,0.2755,LOW
106645,60,2868.72,SP,0.2377,LOW
106646,56,7070.12,PE,0.711,HIGH
106647,28,7062.85,RS,0.4915,MEDIUM
106648,61,7679.68,SP,0.2908,LOW
106649,48,5032.23,PE,0.1316,LOW
106650,51,3325.32,PE,0.3539,MEDIUM
106651,31,4425.99,BA,0.6347,MEDIUM
106652,63,5040.56,SP,0.1638,LOW
106653,67,3209.83,SP,0.5758,MEDIUM
106654,41,7964.39,RS,0.5363,MEDIUM
106655,25,5548.49,PE,0.1127,LOW
106656,63,2736.88,SP,0.2376,LOW
106657,65,10369.45,MG,0.644,MEDIUM
106658,46,4401.0,SP,0.3332,LOW
106659,49,2484.11,MG,0.1388,LOW
106660,32,2819.51,SC,0.1522,LOW
106661,24,8578.17,SP,0.654,HIGH
106662,68,10085.28,SC,0.8958,HIGH
106663,45,6818.49,SC,0.3023,LOW
106664,34,7911.78,MG,0.0902,LOW
106665,55,7531.24,PE,0.4569,MEDIUM
106666,22,5487.12,SP,0.1961,LOW
106667,24,4918.6,SP,0.5093,MEDIUM
106668,33,5442.39,MG,0.3812,MEDIUM
106669,43,5979.71,PR,0.1138,LOW
106670,39,2942.08,SP,0.3093,LOW
106671,30,5968.08,PE,0.3141,LOW
106672,38,8458.91,SP,0.3744,MEDIUM
106673,37,3803.9,SP,0.3134,LOW
106674,47,3613.68,BA,0.4171,MEDIUM
106675,49,5279.48,PE,0.4798,MEDIUM
106676,65,3074.83,PR,0.7304,HIGH
106677,61,2232.25,SP,0.4989,MEDIUM
106678,35,7286.25,RJ,0.6932,HIGH
106679,66,3382.54,SP,0.2735,LOW
106680,47,4237.36,MG,0.1162,LOW
106681,30,3133.73,SC,0.7636,HIGH
106682,38,7751.81,RJ,0.3634,MEDIUM
106683,58,6325.63,PR,0.1513,LOW
106684,62,3741.66,RS,0.1804,LOW
106685,39,2383.89,SP,0.1828,LOW
106686,28,3555.72,SP,0.4711,MEDIUM
106687,30,5522.1,BA,0.3576,MEDIUM
106688,26,4598.04,SP,0.6554,HIGH
106689,55,4425.8,SP,0.6068,MEDIUM
106690,46,4649.22,SP,0.4896,MEDIUM
106691,43,6045.45,PR,0.6394,MEDIUM
106692,54,4116.45,PR,0.5602,MEDIUM
106693,62,5212.66,PR,0.3777,MEDIUM
106694,60,2615.26,RJ,0.2234,LOW
106695,27,14309.63,MG,0.3798,MEDIUM
106696,50,3665.01,SP,0.4765,MEDIUM
106697,65,4631.17,BA,0.525,MEDIUM
106698,59,5512.33,PE,0.2073,LOW
106699,37,3448.38,PR,0.3284,LOW
106700,40,4215.8,RJ,0.303,LOW
106701,65,4191.29,BA,0.4454,MEDIUM
106702,22,2708.37,SP,0.4288,MEDIUM
106703,47,5184.16,RJ,0.673,HIGH
106704,26,1903.05,PE,0.3938,MEDIUM
106705,65,9741.4,SP,0.4918,MEDIUM
106706,22,6145.44,SP,0.645,MEDIUM
106707,22,5707.97,PR,0.7787,HIGH
106708,37,1824.85,PR,0.6009,MEDIUM
106709,31,2871.03,PR,0.2456,LOW
106710,45,8182.27,SP,0.5182,MEDIUM
106711,35,25000.0,RS,0.0187,LOW
106712,38,7452.41,SP,0.3197,LOW
106713,49,6908.95,PE,0.2635,LOW
106714,49,5403.64,SP,0.4982,MEDIUM
106715,67,2796.27,SP,0.1078,LOW
106716,45,6771.81,PR,0.2195,LOW
106717,49,2475.65,SP,0.2618,LOW
106718,54,2349.03,PR,0.1881,LOW
106719,29,2279.12,SP,0.3872,MEDIUM
106720,54,6708.88,MG,0.2998,LOW
106721,64,4085.83,SP,0.4086,MEDIUM
106722,36,4408.33,MG,0.3387,LOW
106723,29,4169.06,SP,0.5114,MEDIUM
106724,38,2446.7,RJ,0.1992,LOW
106725,34,3043.88,SP,0.5046,MEDIUM
106726,50,3118.27,BA,0.2967,LOW
106727,64,2139.46,RS,0.6984,HIGH
106728,50,3297.17,SP,0.2013,LOW
106729,27,2499.42,SP,0.2971,LOW
106730,36,5542.07,SP,0.3798,MEDIUM
106731,55,5768.15,SP,0.8162,HIGH
106732,37,2257.23,MG,0.4505,MEDIUM
106733,50,3642.61,RJ,0.7849,HIGH
106734,55,10236.84,PE,0.5636,MEDIUM
106735,37,2623.0,BA,0.4416,MEDIUM
106736,53,5154.5,SP,0.277,LOW
106737,40,4418.21,SP,0.3363,LOW
106738,27,7096.99,SP,0.4707,MEDIUM
106739,39,4839.97,SP,0.4036,MEDIUM
106740,43,3414.61,MG,0.379,MEDIUM
106741,21,4336.78,SP,0.5912,MEDIUM
106742,65,4367.29,SP,0.4179,MEDIUM
106743,47,4019.15,SP,0.1943,LOW
106744,22,2229.8,SC,0.268,LOW
106745,64,7627.55,SP,0.452,MEDIUM
106746,63,7007.44,PE,0.1085,LOW
106747,21,2544.35,RJ,0.5917,MEDIUM
106748,29,3635.46,RJ,0.0961,LOW
106749,39,3769.88,MG,0.552,MEDIUM
106750,46,2410.79,MG,0.1797,LOW
106751,57,1714.33,MG,0.6933,HIGH
106752,42,3044.08,MG,0.5717,MEDIUM
106753,51,3539.59,RJ,0.2175,LOW
106754,21,2102.85,RJ,0.6681,HIGH
106755,53,4572.38,SP,0.6532,HIGH
106756,66,7339.39,SC,0.8815,HIGH
106757,47,6292.13,PR,0.2717,LOW
106758,43,3952.21,SC,0.3954,MEDIUM
106759,35,1736.18,PE,0.491,MEDIUM
106760,68,5921.69,MG,0.1087,LOW
106761,22,4505.74,PE,0.5197,MEDIUM
106762,35,5148.85,MG,0.3397,LOW
106763,27,10637.8,MG,0.7005,HIGH
106764,64,2826.88,SC,0.4595,MEDIUM
106765,45,1400.0,SP,0.1574,LOW
106766,67,2533.06,SP,0.5337,MEDIUM
106767,54,5303.6,MG,0.0937,LOW
106768,48,4254.63,SP,0.358,MEDIUM
106769,46,2343.34,SP,0.2635,LOW
106770,31,2124.68,BA,0.4458,MEDIUM
106771,49,3542.64,MG,0.2231,LOW
106772,55,2309.33,SP,0.7708,HIGH
106773,69,5392.39,SP,0.1233,LOW
106774,48,3447.33,PE,0.3686,MEDIUM
106775,67,3108.28,PE,0.4379,MEDIUM
106776,68,2918.62,SC,0.5028,MEDIUM
106777,47,4765.41,SP,0.3345,LOW
106778,42,4286.78,RJ,0.5974,MEDIUM
106779,28,4627.53,RJ,0.3676,MEDIUM
106780,34,4579.3,RS,0.6181,MEDIUM
106781,64,4056.95,PR,0.8096,HIGH
106782,27,2557.89,RS,0.6487,MEDIUM
106783,40,2957.97,RJ,0.3314,LOW
106784,55,3475.16,BA,0.1659,LOW
106785,33,11317.82,MG,0.9348,HIGH
106786,69,2198.21,RJ,0.5423,MEDIUM
106787,53,3434.86,MG,0.2462,LOW
106788,22,4402.85,PR,0.5937,MEDIUM
106789,33,3630.92,PE,0.8697,HIGH
106790,58,7032.84,MG,0.5073,MEDIUM
106791,64,3621.92,PE,0.3114,LOW
106792,67,3752.81,RJ,0.2709,LOW
106793,63,6209.66,RJ,0.7224,HIGH
106794,24,10016.42,SP,0.1928,LOW
106795,57,8253.88,SP,0.2958,LOW
106796,26,3933.35,BA,0.6773,HIGH
106797,24,4101.36,SP,0.4987,MEDIUM
106798,55,4295.25,RJ,0.6975,HIGH
106799,44,4507.06,SP,0.4054,MEDIUM
106800,53,2796.47,RS,0.6986,HIGH
106801,63,6584.05,PE,0.3195,LOW
106802,24,4637.88,BA,0.4217,MEDIUM
106803,47,4110.54,RJ,0.4511,MEDIUM
106804,62,2281.73,MG,0.4108,MEDIUM
106805,43,4327.46,SP,0.5701,MEDIUM
106806,47,1692.73,PE,0.5845,MEDIUM
106807,45,3176.86,SP,0.3152,LOW
106808,66,3205.27,PE,0.8289,HIGH
106809,23,4820.33,BA,0.6198,MEDIUM
106810,64,10354.41,RS,0.4058,MEDIUM
106811,61,5526.75,RS,0.7595,HIGH
106812,61,8417.54,RJ,0.8607,HIGH
106813,41,5724.68,SP,0.2089,LOW
106814,46,7207.41,RJ,0.7384,HIGH
106815,39,10242.09,SP,0.0806,LOW
106816,33,2955.9,RS,0.3759,MEDIUM
106817,64,2864.73,MG,0.434,MEDIUM
106818,46,5789.89,PE,0.714,HIGH
106819,57,4192.59,BA,0.1181,LOW
106820,26,4668.58,SP,0.3875,MEDIUM
106821,60,3727.45,SP,0.7469,HIGH
106822,53,3154.66,RJ,0.4246,MEDIUM
106823,70,9143.58,SP,0.1014,LOW
106824,27,2477.26,SC,0.3872,MEDIUM
106825,48,5838.96,RS,0.7044,HIGH
106826,46,5401.7,RS,0.4167,MEDIUM
106827,47,1968.28,MG,0.4166,MEDIUM
106828,23,2818.8,BA,0.6178,MEDIUM
106829,44,3055.65,PR,0.7472,HIGH
106830,35,5507.36,PE,0.25,LOW
106831,51,3521.57,BA,0.2844,LOW
106832,32,4030.95,RS,0.2002,LOW
106833,42,2086.35,SP,0.5238,MEDIUM
106834,52,12826.61,BA,0.2839,LOW
106835,24,4346.01,RJ,0.0534,LOW
106836,60,5336.69,RJ,0.058,LOW
106837,56,3240.04,MG,0.7512,HIGH
106838,23,3070.45,RJ,0.3952,MEDIUM
106839,24,10518.89,SP,0.2337,LOW
106840,63,1673.74,SP,0.3772,MEDIUM
106841,35,4801.05,BA,0.5542,MEDIUM
106842,64,2348.0,SC,0.304,LOW
106843,45,3457.98,PE,0.6025,MEDIUM
106844,38,3091.94,BA,0.5531,MEDIUM
106845,34,2616.44,RJ,0.4965,MEDIUM
106846,53,4272.06,RS,0.3556,MEDIUM
106847,26,1400.0,PR,0.2695,LOW
106848,41,3609.79,SP,0.3175,LOW
106849,38,4021.86,PE,0.4926,MEDIUM
106850,28,2187.22,PE,0.8484,HIGH
106851,38,8683.54,SP,0.5458,MEDIUM
106852,47,3157.39,BA,0.3996,MEDIUM
106853,54,3747.51,SP,0.5915,MEDIUM
106854,25,3160.78,PE,0.5067,MEDIUM
106855,64,4038.74,PR,0.2023,LOW
106856,64,7869.49,SP,0.2542,LOW
106857,55,13765.04,BA,0.0654,LOW
106858,67,6007.4,MG,0.6189,MEDIUM
106859,42,7080.34,SP,0.2894,LOW
106860,62,9573.22,BA,0.389,MEDIUM
106861,57,4732.92,RS,0.2845,LOW
106862,49,8924.54,MG,0.362,MEDIUM
106863,29,6143.76,RS,0.4268,MEDIUM
106864,48,4500.54,SP,0.4642,MEDIUM
106865,66,4969.15,RJ,0.3595,MEDIUM
106866,70,1752.08,SC,0.4355,MEDIUM
106867,43,4832.2,SP,0.2364,LOW
106868,33,2001.88,MG,0.0894,LOW
106869,58,1925.06,PE,0.4378,MEDIUM
106870,24,4607.41,BA,0.3042,LOW
106871,28,2460.41,PR,0.2243,LOW
106872,49,4185.68,PR,0.3305,LOW
106873,70,4488.57,PE,0.2098,LOW
106874,37,4585.73,BA,0.4465,MEDIUM
106875,43,2721.29,SP,0.54,MEDIUM
106876,37,6465.32,MG,0.633,MEDIUM
106877,43,4023.9,SP,0.5711,MEDIUM
106878,21,5190.35,SP,0.3331,LOW
106879,50,2365.04,SP,0.373,MEDIUM
106880,50,3855.45,PR,0.2253,LOW
106881,36,7112.02,BA,0.3498,LOW
106882,34,6691.04,PE,0.4506,MEDIUM
106883,59,2864.47,MG,0.573,MEDIUM
106884,30,3232.37,MG,0.3162,LOW
106885,23,2613.04,SP,0.6392,MEDIUM
106886,23,3064.87,SP,0.184,LOW
106887,65,2145.84,SP,0.5614,MEDIUM
106888,39,3930.47,PE,0.3444,LOW
106889,26,5691.6,SP,0.498,MEDIUM
106890,64,2881.35,RS,0.1453,LOW
106891,28,4021.25,RJ,0.6486,MEDIUM
106892,37,3778.19,PR,0.7548,HIGH
106893,22,6969.49,BA,0.5725,MEDIUM
106894,54,3131.53,PE,0.5362,MEDIUM
106895,55,3186.68,SP,0.1691,LOW
106896,58,2798.25,PE,0.6543,HIGH
106897,34,2432.89,SP,0.1322,LOW
106898,37,5414.57,BA,0.2387,LOW
106899,67,3936.26,SP,0.4526,MEDIUM
106900,62,4311.96,PR,0.5066,MEDIUM
106901,22,7743.95,RS,0.6872,HIGH
106902,55,7960.43,BA,0.2952,LOW
106903,61,1905.78,BA,0.1481,LOW
106904,48,5731.89,SP,0.3076,LOW
106905,52,4680.45,BA,0.4148,MEDIUM
106906,21,3365.31,RJ,0.1661,LOW
106907,22,4915.4,SP,0.5933,MEDIUM
106908,22,1833.86,SP,0.2471,LOW
106909,28,8475.27,SP,0.5753,MEDIUM
106910,70,5377.68,SP,0.879,HIGH
106911,52,2772.61,SC,0.518,MEDIUM
106912,60,3171.13,SP,0.5816,MEDIUM
106913,35,1854.42,PR,0.2609,LOW
106914,67,3612.45,SP,0.4009,MEDIUM
106915,30,3331.34,SC,0.3814,MEDIUM
106916,66,2223.39,SP,0.8237,HIGH
106917,22,6097.64,RJ,0.5018,MEDIUM
106918,22,7751.97,SC,0.2959,LOW
106919,24,4145.2,PE,0.1268,LOW
106920,60,3626.88,PE,0.637,MEDIUM
106921,33,5175.2,RJ,0.3381,LOW
106922,43,4160.59,PE,0.4838,MEDIUM
106923,44,2498.37,PR,0.7502,HIGH
106924,60,3070.37,PE,0.349,LOW
106925,38,3642.96,SP,0.5139,MEDIUM
106926,21,4731.37,SP,0.5506,MEDIUM
106927,40,4218.87,SP,0.1443,LOW
106928,35,4646.26,BA,0.1197,LOW
106929,57,2020.14,SP,0.2028,LOW
106930,58,5779.92,SP,0.4227,MEDIUM
106931,25,4206.89,PR,0.3163,LOW
106932,60,14301.79,PE,0.105,LOW
106933,24,3486.92,PR,0.5072,MEDIUM
106934,51,4905.44,RS,0.4355,MEDIUM
106935,40,16331.73,SP,0.4985,MEDIUM
106936,36,4610.1,PE,0.5221,MEDIUM
106937,45,4065.85,SP,0.1562,LOW
106938,36,2615.26,SP,0.2678,LOW
106939,60,8746.49,MG,0.3797,MEDIUM
106940,69,2407.81,SP,0.4432,MEDIUM
106941,61,5155.7,SC,0.4386,MEDIUM
106942,42,3346.04,SC,0.1507,LOW
106943,46,3835.13,SP,0.5198,MEDIUM
106944,43,2120.38,SP,0.2047,LOW
106945,60,8002.75,SP,0.4894,MEDIUM
106946,48,3675.69,SP,0.3849,MEDIUM
106947,44,2343.96,PE,0.1702,LOW
106948,41,7662.79,PR,0.1958,LOW
106949,39,3297.28,SP,0.5161,MEDIUM
106950,48,4931.76,SP,0.6143,MEDIUM
106951,55,6290.02,BA,0.3422,LOW
106952,42,5273.11,BA,0.4073,MEDIUM
106953,61,1463.31,PE,0.2329,LOW
106954,62,5864.14,SP,0.4769,MEDIUM
106955,42,4001.98,MG,0.8735,HIGH
106956,66,3586.41,SP,0.5149,MEDIUM
106957,29,3985.76,BA,0.6382,MEDIUM
106958,67,1939.19,RJ,0.178,LOW
106959,35,4605.85,SC,0.4311,MEDIUM
106960,49,2181.86,SP,0.2001,LOW
106961,35,3661.53,RS,0.1295,LOW
106962,43,4527.14,SP,0.2263,LOW
106963,38,7033.06,BA,0.7202,HIGH
106964,56,2833.95,SP,0.285,LOW
106965,25,8430.42,BA,0.2862,LOW
106966,62,6616.55,SP,0.3555,MEDIUM
106967,66,3417.7,SC,0.405,MEDIUM
106968,49,2466.71,RS,0.3199,LOW
106969,48,2100.24,RJ,0.3893,MEDIUM
106970,55,4785.19,SP,0.3074,LOW
106971,30,2948.18,RJ,0.4775,MEDIUM
106972,58,7469.11,SP,0.1542,LOW
106973,31,3031.06,SC,0.1038,LOW
106974,54,2725.8,SP,0.5214,MEDIUM
106975,36,4698.41,SP,0.2329,LOW
106976,58,3021.59,SP,0.1577,LOW
106977,60,4217.27,SP,0.1171,LOW
106978,31,6742.02,SP,0.4615,MEDIUM
106979,51,4443.11,RS,0.3803,MEDIUM
106980,45,4451.08,SP,0.2365,LOW
106981,35,4634.62,PE,0.4007,MEDIUM
106982,50,1863.39,RS,0.7406,HIGH
106983,70,5069.12,RJ,0.2429,LOW
106984,21,4535.12,BA,0.1379,LOW
106985,68,6447.39,PR,0.4717,MEDIUM
106986,63,5617.43,PR,0.0684,LOW
106987,47,3811.98,RJ,0.3469,LOW
106988,51,6893.87,SC,0.4312,MEDIUM
106989,39,3649.62,SP,0.3616,MEDIUM
106990,27,4729.03,MG,0.5294,MEDIUM
106991,49,3617.32,SP,0.3153,LOW
106992,61,5242.13,MG,0.5284,MEDIUM
106993,32,3505.63,PR,0.3647,MEDIUM
106994,56,9261.9,SP,0.8669,HIGH
106995,58,11060.93,SP,0.7565,HIGH
106996,58,6388.98,BA,0.6517,HIGH
106997,38,8801.37,SP,0.195,LOW
106998,40,2006.24,SP,0.7003,HIGH
106999,41,2122.99,RJ,0.6343,MEDIUM
107000,63,3599.29,PE,0.2534,LOW
107001,66,4283.95,SC,0.1594,LOW
107002,41,3818.83,PR,0.62,MEDIUM
107003,69,1909.53,BA,0.5807,MEDIUM
107004,49,7299.81,SC,0.4064,MEDIUM
107005,40,11811.81,BA,0.3708,MEDIUM
107006,21,7767.58,SC,0.0915,LOW
107007,51,7071.95,BA,0.4526,MEDIUM
107008,53,4681.52,PR,0.261,LOW
107009,69,2802.31,SP,0.4507,MEDIUM
107010,56,4348.79,SP,0.1994,LOW
107011,22,11539.39,SP,0.8109,HIGH
107012,49,3547.1,MG,0.301,LOW
107013,58,3376.05,PE,0.1395,LOW
107014,45,7146.27,RS,0.4761,MEDIUM
107015,42,7377.64,RS,0.2853,LOW
107016,61,2795.73,SC,0.785,HIGH
107017,51,3704.59,PE,0.461,MEDIUM
107018,55,3300.82,RS,0.7332,HIGH
107019,44,4342.87,SP,0.3493,LOW
107020,34,7133.87,MG,0.3826,MEDIUM
107021,46,2855.23,RJ,0.309,LOW
107022,68,7086.02,SP,0.8135,HIGH
107023,51,4410.01,SP,0.4709,MEDIUM
107024,56,12828.34,SP,0.2148,LOW
107025,27,4894.55,SP,0.4989,MEDIUM
107026,70,4009.09,SP,0.4399,MEDIUM
107027,33,5534.2,PE,0.2375,LOW
107028,69,3572.46,RJ,0.6617,HIGH
107029,43,1774.21,BA,0.2962,LOW
107030,66,3742.05,SP,0.5551,MEDIUM
107031,65,3713.83,PE,0.454,MEDIUM
107032,58,1955.75,RS,0.2229,LOW
107033,66,4055.31,PE,0.4995,MEDIUM
107034,51,1557.17,MG,0.7849,HIGH
107035,63,3554.43,SC,0.617,MEDIUM
107036,29,4720.95,RJ,0.6294,MEDIUM
107037,24,4400.17,MG,0.2266,LOW
107038,48,3447.92,RS,0.5483,MEDIUM
107039,61,4031.06,SP,0.6978,HIGH
107040,59,2882.72,SP,0.2975,LOW
107041,47,4221.86,BA,0.3404,LOW
107042,47,4318.75,SP,0.6412,MEDIUM
107043,51,2726.35,RS,0.3469,LOW
107044,64,4775.89,SP,0.3617,MEDIUM
107045,63,4761.59,RJ,0.5565,MEDIUM
107046,26,3877.94,SP,0.57,MEDIUM
107047,50,13425.92,MG,0.2305,LOW
107048,40,3925.71,BA,0.4102,MEDIUM
107049,60,3673.16,BA,0.3749,MEDIUM
107050,46,3429.23,SP,0.3126,LOW
107051,70,2635.4,RJ,0.4639,MEDIUM
107052,42,5837.57,BA,0.5184,MEDIUM
107053,54,3021.3,SP,0.2458,LOW
107054,26,3197.82,SP,0.2535,LOW
107055,67,3243.75,MG,0.109,LOW
107056,28,2617.74,BA,0.783,HIGH
107057,39,1812.24,RJ,0.722,HIGH
107058,62,3363.13,SP,0.458,MEDIUM
107059,69,6387.13,PE,0.8849,HIGH
107060,45,4616.49,PE,0.4613,MEDIUM
107061,45,8883.19,SC,0.0739,LOW
107062,23,6022.75,SC,0.553,MEDIUM
107063,69,5401.02,PE,0.4059,MEDIUM
107064,21,10368.33,SC,0.272,LOW
107065,22,4008.65,RS,0.6383,MEDIUM
107066,44,4329.11,MG,0.2086,LOW
107067,21,4176.95,SP,0.4984,MEDIUM
107068,29,8811.89,BA,0.1649,LOW
107069,52,4205.07,SC,0.4036,MEDIUM
107070,56,3076.87,SP,0.6979,HIGH
107071,35,5568.74,PR,0.6361,MEDIUM
107072,60,2838.51,BA,0.4557,MEDIUM
107073,51,5425.72,SP,0.1568,LOW
107074,32,5122.94,RS,0.7746,HIGH
107075,56,3835.01,SP,0.2463,LOW
107076,50,5510.6,PR,0.3436,LOW
107077,61,2056.38,PE,0.3121,LOW
107078,28,4541.72,BA,0.2567,LOW
107079,32,3363.42,BA,0.3296,LOW
107080,36,16592.84,SC,0.3666,MEDIUM
107081,38,4526.19,MG,0.7145,HIGH
107082,65,3154.46,SC,0.4531,MEDIUM
107083,57,2167.34,RJ,0.4451,MEDIUM
107084,48,7859.16,PR,0.504,MEDIUM
107085,48,3550.43,PR,0.4808,MEDIUM
107086,65,2872.65,PR,0.6957,HIGH
107087,43,4935.77,RJ,0.1217,LOW
107088,32,5737.08,RJ,0.1846,LOW
107089,27,5693.82,RJ,0.0302,LOW
107090,37,4240.01,SP,0.1172,LOW
107091,53,4533.51,MG,0.6182,MEDIUM
107092,44,4694.83,SP,0.2107,LOW
107093,42,4936.0,PE,0.2073,LOW
107094,45,5150.17,SP,0.3107,LOW
107095,69,7102.32,BA,0.648,MEDIUM
107096,70,4315.29,SP,0.4273,MEDIUM
107097,29,2837.77,BA,0.3721,MEDIUM
107098,26,3918.95,RS,0.4628,MEDIUM
107099,33,6030.92,PE,0.645,MEDIUM
107100,63,1781.67,BA,0.5357,MEDIUM
107101,43,1786.62,SC,0.2206,LOW
107102,64,6526.41,SP,0.6177,MEDIUM
107103,53,8712.37,PR,0.5009,MEDIUM
107104,48,2288.25,RJ,0.7227,HIGH
107105,35,4407.49,PE,0.3649,MEDIUM
107106,38,3467.05,BA,0.2932,LOW
107107,28,3705.75,RJ,0.5616,MEDIUM
107108,46,4863.41,SC,0.4121,MEDIUM
107109,35,2258.06,RJ,0.3471,LOW
107110,35,2468.52,SC,0.4748,MEDIUM
107111,22,3634.55,PR,0.7596,HIGH
107112,60,3916.91,MG,0.2507,LOW
107113,67,2446.42,BA,0.2371,LOW
107114,45,6135.65,SP,0.5081,MEDIUM
107115,47,3437.19,BA,0.3139,LOW
107116,67,3430.18,SC,0.4168,MEDIUM
107117,46,4810.31,SP,0.7204,HIGH
107118,52,3948.0,MG,0.1899,LOW
107119,42,6278.14,SP,0.4394,MEDIUM
107120,46,2683.28,PR,0.0818,LOW
107121,47,2147.57,PE,0.3635,MEDIUM
107122,56,3619.68,SP,0.2438,LOW
107123,51,4323.21,SP,0.4539,MEDIUM
107124,46,2315.26,MG,0.5497,MEDIUM
107125,24,2157.53,SP,0.2279,LOW
107126,66,4584.07,SP,0.3736,MEDIUM
107127,65,2919.32,SC,0.3339,LOW
107128,30,2091.49,RJ,0.6068,MEDIUM
107129,35,6675.53,BA,0.6409,MEDIUM
107130,69,3101.31,MG,0.3156,LOW
107131,37,7293.58,PR,0.6814,HIGH
107132,61,4257.79,RJ,0.4244,MEDIUM
107133,60,4838.33,SP,0.3126,LOW
107134,64,3794.55,MG,0.1926,LOW
107135,21,1400.0,RS,0.4136,MEDIUM
107136,45,2433.73,PE,0.4053,MEDIUM
107137,49,3954.06,SP,0.8438,HIGH
107138,62,5003.58,PR,0.6986,HIGH
107139,32,1778.98,SC,0.6222,MEDIUM
107140,36,4093.32,SP,0.5902,MEDIUM
107141,29,2450.76,BA,0.5894,MEDIUM
107142,59,4700.66,SP,0.1878,LOW
107143,70,4161.07,BA,0.5055,MEDIUM
107144,28,6001.24,PR,0.54,MEDIUM
107145,32,7008.75,SP,0.6846,HIGH
107146,36,5235.17,RS,0.3529,MEDIUM
107147,65,6347.58,SP,0.202,LOW
107148,43,3549.9,RS,0.6353,MEDIUM
107149,35,16283.97,BA,0.4086,MEDIUM
107150,37,2339.77,PR,0.0314,LOW
107151,50,3260.11,SP,0.3382,LOW
107152,40,6473.63,MG,0.5612,MEDIUM
107153,28,6027.85,MG,0.8042,HIGH
107154,62,5307.02,SC,0.5402,MEDIUM
107155,42,5808.01,SC,0.502,MEDIUM
107156,33,1544.93,RJ,0.4883,MEDIUM
107157,57,9006.51,RS,0.3914,MEDIUM
107158,58,3808.43,RS,0.4823,MEDIUM
107159,28,7637.83,SC,0.3588,MEDIUM
107160,24,1582.48,SP,0.5953,MEDIUM
107161,23,4750.44,MG,0.1494,LOW
107162,59,3204.65,MG,0.4836,MEDIUM
107163,52,5527.32,BA,0.5074,MEDIUM
107164,60,4890.42,BA,0.3204,LOW
107165,52,5006.75,BA,0.3244,LOW
107166,41,2526.39,SP,0.83,HIGH
107167,50,4086.71,RS,0.4079,MEDIUM
107168,57,3852.05,BA,0.3619,MEDIUM
107169,40,5327.24,SP,0.0659,LOW
107170,66,6752.73,SP,0.6821,HIGH
107171,65,4514.58,SP,0.4345,MEDIUM
107172,61,2276.23,PR,0.5219,MEDIUM
107173,70,4422.58,MG,0.2133,LOW
107174,40,14708.14,SP,0.6721,HIGH
107175,26,9255.03,MG,0.5365,MEDIUM
107176,45,1400.0,RS,0.6478,MEDIUM
107177,58,4329.66,BA,0.1039,LOW
107178,59,6569.92,RS,0.1871,LOW
107179,40,3848.05,PE,0.0779,LOW
107180,35,3367.74,PR,0.4414,MEDIUM
107181,43,3694.86,BA,0.4524,MEDIUM
107182,61,5474.69,RJ,0.3218,LOW
107183,24,2420.12,BA,0.6802,HIGH
107184,37,7430.96,PE,0.6995,HIGH
107185,32,4088.62,SC,0.556,MEDIUM
107186,61,2681.22,MG,0.225,LOW
107187,44,7204.98,SP,0.742,HIGH
107188,25,2000.55,RJ,0.2018,LOW
107189,34,3217.43,SP,0.2574,LOW
107190,23,3192.1,SP,0.5138,MEDIUM
107191,44,11753.8,RJ,0.1871,LOW
107192,70,3023.08,SP,0.3581,MEDIUM
107193,49,1492.87,PE,0.2258,LOW
107194,64,3176.61,SC,0.4967,MEDIUM
107195,58,5226.54,BA,0.246,LOW
107196,65,6119.28,MG,0.2648,LOW
107197,36,12526.21,SP,0.5404,MEDIUM
107198,68,8251.5,SP,0.1165,LOW
107199,32,4596.46,BA,0.7242,HIGH
107200,42,2737.94,SP,0.3095,LOW
107201,55,9157.91,SC,0.3408,LOW
107202,35,3518.99,SP,0.5977,MEDIUM
107203,34,3062.31,RJ,0.2622,LOW
107204,27,3438.0,SP,0.5571,MEDIUM
107205,21,2302.48,MG,0.9245,HIGH
107206,46,3359.78,SP,0.261,LOW
107207,70,3755.39,BA,0.3956,MEDIUM
107208,32,5964.35,SP,0.5495,MEDIUM
107209,43,3486.16,SP,0.6062,MEDIUM
107210,67,2285.77,SP,0.507,MEDIUM
107211,59,1945.02,PE,0.2692,LOW
107212,21,4644.47,SC,0.1483,LOW
107213,46,4349.0,SC,0.2058,LOW
107214,28,3218.82,MG,0.763,HIGH
107215,33,3355.85,BA,0.103,LOW
107216,33,5060.97,SP,0.558,MEDIUM
107217,51,8186.99,BA,0.3391,LOW
107218,30,2888.15,BA,0.3048,LOW
107219,33,4383.11,SP,0.2961,LOW
107220,32,6652.91,SP,0.2373,LOW
107221,38,2893.74,PR,0.6197,MEDIUM
107222,53,4168.6,SP,0.455,MEDIUM
107223,40,4124.1,SP,0.2884,LOW
107224,37,2238.18,RJ,0.6435,MEDIUM
107225,46,4553.81,SP,0.0586,LOW
107226,51,4264.08,SC,0.3178,LOW
107227,21,5482.3,MG,0.5876,MEDIUM
107228,65,2375.91,SC,0.6884,HIGH
107229,66,4220.15,MG,0.1362,LOW
107230,51,8152.44,RJ,0.3235,LOW
107231,49,11384.86,MG,0.4084,MEDIUM
107232,55,7764.38,PE,0.2057,LOW
107233,43,2387.13,RJ,0.6091,MEDIUM
107234,39,5215.26,SC,0.4545,MEDIUM
107235,38,3330.67,BA,0.3231,LOW
107236,28,4813.17,PR,0.1204,LOW
107237,63,2899.16,SP,0.478,MEDIUM
107238,37,1845.25,SP,0.348,LOW
107239,35,3559.84,PR,0.5092,MEDIUM
107240,69,5941.33,RS,0.2729,LOW
107241,46,4822.65,RS,0.7583,HIGH
107242,52,5096.22,SC,0.197,LOW
107243,33,4659.61,SP,0.1865,LOW
107244,34,5100.09,RS,0.1564,LOW
107245,57,5415.42,PR,0.1927,LOW
107246,43,3681.2,PE,0.8165,HIGH
107247,28,4370.48,RS,0.4362,MEDIUM
107248,62,9697.31,MG,0.2486,LOW
107249,41,4496.32,SC,0.2177,LOW
107250,54,4286.69,PR,0.3327,LOW
107251,38,4412.62,RJ,0.2804,LOW
107252,49,3782.89,PR,0.5146,MEDIUM
107253,59,3407.96,SP,0.5293,MEDIUM
107254,65,4642.49,SP,0.163,LOW
107255,31,3294.79,RS,0.391,MEDIUM
107256,54,3916.65,RJ,0.5378,MEDIUM
107257,66,2873.81,RS,0.5886,MEDIUM
107258,53,4423.5,MG,0.4996,MEDIUM
107259,28,5559.44,BA,0.0708,LOW
107260,30,3793.79,RS,0.4225,MEDIUM
107261,31,1601.7,RS,0.6106,MEDIUM
107262,26,5575.95,MG,0.5908,MEDIUM
107263,58,4449.42,PE,0.1691,LOW
107264,69,2607.35,RJ,0.2262,LOW
107265,46,6087.6,BA,0.9003,HIGH
107266,50,2146.5,MG,0.5276,MEDIUM
107267,59,6937.07,SP,0.3624,MEDIUM
107268,41,4085.93,PR,0.2763,LOW
107269,44,1413.44,MG,0.139,LOW
107270,50,4575.35,SP,0.3434,LOW
107271,36,3456.0,RJ,0.5073,MEDIUM
107272,24,3214.9,SP,0.4578,MEDIUM
107273,49,2947.56,PE,0.3889,MEDIUM
107274,62,3951.21,SC,0.3843,MEDIUM
107275,24,3327.41,SP,0.3312,LOW
107276,31,1722.67,RS,0.3344,LOW
107277,34,7734.39,PR,0.4734,MEDIUM
107278,61,3735.17,RS,0.0622,LOW
107279,46,2955.76,PR,0.3192,LOW
107280,47,2443.52,SP,0.3075,LOW
107281,53,6080.19,SP,0.3206,LOW
107282,34,2252.04,RS,0.6297,MEDIUM
107283,56,4478.99,RS,0.5452,MEDIUM
107284,22,3173.81,RS,0.6025,MEDIUM
107285,26,3263.77,SP,0.651,HIGH
107286,61,2472.86,BA,0.1939,LOW
107287,53,3118.43,MG,0.4081,MEDIUM
107288,29,4217.8,SC,0.3481,LOW
107289,42,4702.22,SP,0.7541,HIGH
107290,23,2880.6,RS,0.349,LOW
107291,54,4020.62,PE,0.5885,MEDIUM
107292,58,6433.65,SP,0.5991,MEDIUM
107293,34,1890.84,RS,0.3673,MEDIUM
107294,38,4187.38,PR,0.7921,HIGH
107295,32,2661.02,SP,0.3728,MEDIUM
107296,40,2533.99,SP,0.2755,LOW
107297,34,4760.58,RS,0.4464,MEDIUM
107298,33,3232.85,SP,0.4476,MEDIUM
107299,42,2342.03,SP,0.3753,MEDIUM
107300,63,7930.69,BA,0.4745,MEDIUM
107301,59,6532.09,PR,0.5272,MEDIUM
107302,35,1661.26,RS,0.305,LOW
107303,68,2069.61,PR,0.2103,LOW
107304,31,5584.22,MG,0.7839,HIGH
107305,66,3663.23,RS,0.2861,LOW
107306,36,8631.0,SP,0.3814,MEDIUM
107307,48,5645.88,RJ,0.2444,LOW
107308,31,4849.27,PR,0.5143,MEDIUM
107309,59,2571.76,PE,0.2185,LOW
107310,36,5317.35,RJ,0.647,MEDIUM
107311,64,2276.68,PE,0.2706,LOW
107312,25,7858.55,RS,0.2684,LOW
107313,46,5143.38,MG,0.6764,HIGH
107314,28,2826.86,MG,0.3235,LOW
107315,65,6180.07,SP,0.7335,HIGH
107316,41,12317.44,PR,0.5255,MEDIUM
107317,54,3783.42,SP,0.7014,HIGH
107318,64,5470.02,MG,0.5805,MEDIUM
107319,47,3413.73,SP,0.6845,HIGH
107320,23,4375.64,PE,0.5794,MEDIUM
107321,32,2037.27,RJ,0.8638,HIGH
107322,31,4198.93,MG,0.1451,LOW
107323,66,4288.78,RJ,0.6938,HIGH
107324,66,9960.26,SP,0.5201,MEDIUM
107325,44,1774.44,RJ,0.3255,LOW
107326,65,3670.25,RS,0.4071,MEDIUM
107327,33,7794.21,PR,0.2742,LOW
107328,54,3739.81,MG,0.6924,HIGH
107329,40,3868.4,BA,0.3865,MEDIUM
107330,33,2815.44,SP,0.428,MEDIUM
107331,33,2684.34,BA,0.2083,LOW
107332,41,1748.35,SP,0.2514,LOW
107333,37,3105.15,BA,0.348,LOW
107334,31,2612.2,PE,0.1567,LOW
107335,37,4444.84,BA,0.1904,LOW
107336,27,2877.74,SP,0.2716,LOW
107337,69,3336.36,MG,0.3672,MEDIUM
107338,39,3380.51,BA,0.2681,LOW
107339,26,4104.01,PR,0.1482,LOW
107340,49,3258.91,RJ,0.4188,MEDIUM
107341,65,2522.95,MG,0.2776,LOW
107342,38,4376.51,SP,0.559,MEDIUM
107343,63,7010.97,MG,0.5441,MEDIUM
107344,51,4467.14,SP,0.3722,MEDIUM
107345,57,3134.19,SC,0.49,MEDIUM
107346,35,3958.93,RJ,0.4712,MEDIUM
107347,22,1569.54,SP,0.1762,LOW
107348,38,3928.16,SP,0.2335,LOW
107349,67,3465.7,PE,0.6634,HIGH
107350,60,2683.24,PR,0.3752,MEDIUM
107351,60,2927.29,SC,0.4831,MEDIUM
107352,64,3449.3,RS,0.3951,MEDIUM
107353,39,6762.99,PR,0.0849,LOW
107354,37,7094.17,RJ,0.3622,MEDIUM
107355,67,2690.12,PR,0.1501,LOW
107356,49,3275.29,SP,0.4011,MEDIUM
107357,35,3315.61,PR,0.3939,MEDIUM
107358,34,6194.53,SP,0.3362,LOW
107359,64,4503.83,PE,0.4566,MEDIUM
107360,23,4391.29,MG,0.6704,HIGH
107361,24,5433.0,SP,0.6707,HIGH
107362,57,3154.42,SC,0.5127,MEDIUM
107363,21,8082.89,SP,0.3828,MEDIUM
107364,29,4196.48,MG,0.4883,MEDIUM
107365,70,2785.0,BA,0.5136,MEDIUM
107366,42,3761.65,RS,0.4484,MEDIUM
107367,57,7586.8,SC,0.2973,LOW
107368,45,3424.71,MG,0.1486,LOW
107369,25,6625.15,MG,0.4711,MEDIUM
107370,30,3110.92,SP,0.1371,LOW
107371,59,2908.29,PR,0.9124,HIGH
107372,25,5764.34,PR,0.2688,LOW
107373,50,2760.96,SP,0.7518,HIGH
107374,38,6233.29,SP,0.5258,MEDIUM
107375,39,4972.21,SP,0.2226,LOW
107376,68,2761.46,SP,0.5753,MEDIUM
107377,51,4058.41,SP,0.3234,LOW
107378,51,3227.39,RJ,0.2399,LOW
107379,38,4965.89,MG,0.3005,LOW
107380,40,10393.99,MG,0.3398,LOW
107381,55,3515.38,SP,0.2305,LOW
107382,22,5426.52,MG,0.5046,MEDIUM
107383,32,4249.56,BA,0.4414,MEDIUM
107384,51,4248.78,SP,0.0291,LOW
107385,52,3879.81,RJ,0.0899,LOW
107386,25,2782.99,PR,0.4005,MEDIUM
107387,60,4933.02,SP,0.0598,LOW
107388,48,3656.43,RJ,0.797,HIGH
107389,32,2720.4,MG,0.3946,MEDIUM
107390,58,6833.85,RJ,0.1704,LOW
107391,70,4404.42,BA,0.4573,MEDIUM
107392,42,3764.43,BA,0.0584,LOW
107393,35,7990.97,RJ,0.186,LOW
107394,35,1739.79,MG,0.5564,MEDIUM
107395,50,7737.19,PE,0.0962,LOW
107396,23,2752.73,MG,0.2118,LOW
107397,45,4648.85,PE,0.6061,MEDIUM
107398,22,3167.09,RS,0.8264,HIGH
107399,22,2696.74,SP,0.4204,MEDIUM
107400,42,7891.21,SP,0.3077,LOW
107401,58,10237.61,SP,0.449,MEDIUM
107402,65,3776.87,BA,0.4242,MEDIUM
107403,25,4933.81,RJ,0.4862,MEDIUM
107404,33,4316.48,SC,0.4494,MEDIUM
107405,42,9638.14,PR,0.5946,MEDIUM
107406,49,1523.14,BA,0.5373,MEDIUM
107407,70,5033.44,RS,0.2812,LOW
107408,55,2962.59,SP,0.2052,LOW
107409,47,1400.0,RJ,0.3595,MEDIUM
107410,24,3532.59,MG,0.5531,MEDIUM
107411,25,10197.55,BA,0.2085,LOW
107412,28,3065.41,RS,0.4124,MEDIUM
107413,54,6138.94,PR,0.2159,LOW
107414,37,7466.66,BA,0.3506,MEDIUM
107415,33,4174.48,MG,0.2959,LOW
107416,54,4450.0,SP,0.2239,LOW
107417,61,1842.75,BA,0.5151,MEDIUM
107418,42,2978.22,MG,0.1611,LOW
107419,65,6491.21,BA,0.6719,HIGH
107420,57,4324.13,RJ,0.1721,LOW
107421,56,5009.86,PR,0.6521,HIGH
107422,64,4477.21,RJ,0.4548,MEDIUM
107423,30,12028.11,RJ,0.4526,MEDIUM
107424,58,3415.88,SP,0.0771,LOW
107425,68,9076.43,RS,0.5991,MEDIUM
107426,70,4477.95,SP,0.5287,MEDIUM
107427,49,9471.62,RJ,0.3828,MEDIUM
107428,58,2332.86,RJ,0.5109,MEDIUM
107429,65,4589.25,MG,0.3639,MEDIUM
107430,63,3476.81,PR,0.3446,LOW
107431,65,4490.8,SC,0.2711,LOW
107432,62,7552.1,SC,0.1855,LOW
107433,40,5037.52,MG,0.1143,LOW
107434,57,7544.87,MG,0.4666,MEDIUM
107435,41,3044.63,SP,0.2907,LOW
107436,61,2829.57,MG,0.7884,HIGH
107437,61,4232.59,BA,0.6399,MEDIUM
107438,67,4122.8,MG,0.1585,LOW
107439,50,3841.54,PE,0.3399,LOW
107440,44,2651.01,SP,0.2602,LOW
107441,29,7466.58,RS,0.5596,MEDIUM
107442,52,3528.68,SC,0.7296,HIGH
107443,49,8327.82,SC,0.4391,MEDIUM
107444,46,4225.77,SC,0.81,HIGH
107445,54,5733.52,SP,0.5915,MEDIUM
107446,63,5489.21,RS,0.3344,LOW
107447,28,2827.61,MG,0.4324,MEDIUM
107448,42,5009.53,MG,0.2274,LOW
107449,57,10598.2,SP,0.2504,LOW
107450,61,4739.15,SP,0.5705,MEDIUM
107451,59,6473.37,PE,0.4026,MEDIUM
107452,60,5858.27,RJ,0.5787,MEDIUM
107453,63,4866.95,RJ,0.6468,MEDIUM
107454,69,4593.28,SP,0.3271,LOW
107455,51,5461.9,SC,0.2415,LOW
107456,33,6058.49,RS,0.2228,LOW
107457,49,2194.7,PE,0.5003,MEDIUM
107458,56,4729.36,PR,0.1499,LOW
107459,26,3844.82,SP,0.165,LOW
107460,58,3480.42,SP,0.2891,LOW
107461,48,7823.62,SP,0.4014,MEDIUM
107462,67,2954.04,PR,0.3719,MEDIUM
107463,31,2150.27,PE,0.098,LOW
107464,66,6153.54,SP,0.2589,LOW
107465,43,2123.99,RJ,0.503,MEDIUM
107466,49,1664.74,SC,0.5521,MEDIUM
107467,54,6495.13,PR,0.4741,MEDIUM
107468,49,4532.49,SC,0.1629,LOW
107469,66,5269.79,MG,0.4307,MEDIUM
107470,29,3396.41,SP,0.521,MEDIUM
107471,57,2161.0,MG,0.1377,LOW
107472,69,2377.16,RJ,0.6307,MEDIUM
107473,32,3685.6,SC,0.0567,LOW
107474,33,2280.36,SP,0.644,MEDIUM
107475,44,4866.96,MG,0.1976,LOW
107476,57,3363.91,PE,0.2958,LOW
107477,68,4590.1,PR,0.1799,LOW
107478,60,4524.72,SP,0.2959,LOW
107479,60,5056.87,PE,0.2214,LOW
107480,43,5337.92,SP,0.702,HIGH
107481,53,3560.9,RS,0.2048,LOW
107482,31,4587.75,SP,0.14,LOW
107483,44,4703.79,BA,0.2928,LOW
107484,30,1400.0,SP,0.3173,LOW
107485,22,5728.29,RJ,0.2023,LOW
107486,63,4513.43,PE,0.3991,MEDIUM
107487,61,5505.94,PR,0.3784,MEDIUM
107488,46,2264.6,SP,0.0847,LOW
107489,21,3609.3,SP,0.8012,HIGH
107490,25,2487.18,SP,0.7636,HIGH
107491,26,6004.4,SP,0.6837,HIGH
107492,56,2139.62,MG,0.2573,LOW
107493,31,2689.43,MG,0.1289,LOW
107494,33,5427.92,PE,0.5819,MEDIUM
107495,64,3104.91,RS,0.389,MEDIUM
107496,64,2689.77,PE,0.4269,MEDIUM
107497,59,6490.31,MG,0.6117,MEDIUM
107498,36,6619.28,MG,0.2701,LOW
107499,49,5939.82,PR,0.6698,HIGH
107500,31,6312.08,RJ,0.4128,MEDIUM
107501,63,3758.15,SP,0.6991,HIGH
107502,25,3807.15,BA,0.3884,MEDIUM
107503,58,3077.16,SC,0.4661,MEDIUM
107504,46,4552.13,RJ,0.6523,HIGH
107505,58,3259.89,MG,0.6421,MEDIUM
107506,43,3411.71,SP,0.3049,LOW
107507,28,5601.51,PR,0.7543,HIGH
107508,58,7416.17,RJ,0.1848,LOW
107509,52,5084.77,BA,0.3528,MEDIUM
107510,44,9937.9,MG,0.2438,LOW
107511,39,2993.48,RJ,0.4496,MEDIUM
107512,38,1738.21,RS,0.5989,MEDIUM
107513,45,5918.64,PE,0.7656,HIGH
107514,34,2899.69,BA,0.4691,MEDIUM
107515,35,3682.94,MG,0.516,MEDIUM
107516,34,1796.04,RJ,0.177,LOW
107517,21,2727.71,SC,0.6712,HIGH
107518,67,2042.17,BA,0.2138,LOW
107519,32,3409.68,PE,0.4492,MEDIUM
107520,29,3475.37,MG,0.0553,LOW
107521,28,4385.33,SC,0.6673,HIGH
107522,70,7615.24,SP,0.0485,LOW
107523,44,5812.43,SP,0.3812,MEDIUM
107524,37,1927.92,SP,0.59,MEDIUM
107525,41,5623.37,SP,0.4702,MEDIUM
107526,25,4431.45,MG,0.9185,HIGH
107527,36,4007.34,RJ,0.5221,MEDIUM
107528,33,4154.49,SC,0.0954,LOW
107529,61,4633.3,PR,0.7747,HIGH
107530,23,3013.13,SP,0.5057,MEDIUM
107531,42,3848.01,SC,0.1048,LOW
107532,60,7414.04,SP,0.4972,MEDIUM
107533,62,2995.8,SP,0.5904,MEDIUM
107534,46,2561.87,PE,0.1763,LOW
107535,32,4077.42,SP,0.9163,HIGH
107536,37,2441.01,RJ,0.2617,LOW
107537,32,1837.03,SC,0.3747,MEDIUM
107538,54,3559.93,RJ,0.3536,MEDIUM
107539,35,8418.43,RJ,0.2889,LOW
107540,52,4122.89,RS,0.1489,LOW
107541,53,4575.89,PR,0.0363,LOW
107542,67,1510.76,MG,0.2358,LOW
107543,39,5183.0,PE,0.5892,MEDIUM
107544,69,4392.51,SP,0.698,HIGH
107545,41,3052.39,MG,0.113,LOW
107546,55,4579.13,SP,0.0582,LOW
107547,54,4557.36,SP,0.057,LOW
107548,61,2525.73,PE,0.2931,LOW
107549,44,4925.25,RS,0.5124,MEDIUM
107550,60,7461.15,SP,0.1995,LOW
107551,38,3764.72,RJ,0.5447,MEDIUM
107552,45,2769.42,SP,0.457,MEDIUM
107553,45,3856.83,SC,0.3236,LOW
107554,56,6329.99,RJ,0.6611,HIGH
107555,51,2331.36,PE,0.6241,MEDIUM
107556,24,5544.42,SP,0.2973,LOW
107557,61,3033.26,RJ,0.6373,MEDIUM
107558,58,4717.48,PE,0.3594,MEDIUM
107559,26,3203.38,PE,0.3747,MEDIUM
107560,69,3199.25,SP,0.5598,MEDIUM
107561,54,8724.8,MG,0.4811,MEDIUM
107562,25,2135.55,PE,0.2456,LOW
107563,45,5301.87,SC,0.497,MEDIUM
107564,62,9641.92,SC,0.3311,LOW
107565,34,5836.52,SC,0.4789,MEDIUM
107566,67,2217.01,PE,0.5632,MEDIUM
107567,41,2270.33,MG,0.1004,LOW
107568,32,2927.96,SP,0.6008,MEDIUM
107569,38,4530.72,MG,0.445,MEDIUM
107570,47,4681.12,RS,0.2902,LOW
107571,55,2281.13,MG,0.037,LOW
107572,67,2762.57,RJ,0.0466,LOW
107573,30,2845.03,SC,0.7764,HIGH
107574,69,3850.97,MG,0.2221,LOW
107575,47,10888.84,PE,0.5008,MEDIUM
107576,27,2683.59,RJ,0.6892,HIGH
107577,67,2627.79,RS,0.7387,HIGH
107578,38,2438.0,PR,0.7429,HIGH
107579,52,5698.17,SP,0.6411,MEDIUM
107580,55,4117.48,MG,0.2269,LOW
107581,21,2731.62,SP,0.1615,LOW
107582,32,3528.75,RS,0.2359,LOW
107583,55,2872.43,RS,0.1252,LOW
107584,37,4840.96,SP,0.0805,LOW
107585,21,15234.85,MG,0.6659,HIGH
107586,22,5471.21,PE,0.1766,LOW
107587,62,4016.66,SP,0.154,LOW
107588,28,3052.3,PE,0.6436,MEDIUM
107589,26,2203.95,SP,0.3219,LOW
107590,49,5973.04,SP,0.6816,HIGH
107591,26,5819.27,PR,0.5396,MEDIUM
107592,53,3358.04,SP,0.5541,MEDIUM
107593,48,7519.39,BA,0.2813,LOW
107594,53,4242.77,SC,0.3607,MEDIUM
107595,45,6091.96,SC,0.5175,MEDIUM
107596,59,4841.67,SC,0.4958,MEDIUM
107597,53,3857.65,SC,0.1539,LOW
107598,41,2655.78,RS,0.5739,MEDIUM
107599,21,3916.61,SC,0.4177,MEDIUM
107600,34,6291.94,BA,0.9293,HIGH
107601,27,3290.96,PR,0.4251,MEDIUM
107602,21,5187.03,RJ,0.2495,LOW
107603,34,2497.7,MG,0.1806,LOW
107604,31,6107.47,MG,0.6869,HIGH
107605,24,4880.74,RJ,0.5797,MEDIUM
107606,36,2358.61,RJ,0.7424,HIGH
107607,46,3771.82,RJ,0.2598,LOW
107608,29,6567.78,SP,0.6927,HIGH
107609,34,2295.04,BA,0.2543,LOW
107610,22,2511.87,RS,0.4743,MEDIUM
107611,23,4062.21,RJ,0.2009,LOW
107612,28,11694.09,PE,0.4534,MEDIUM
107613,43,3041.18,PE,0.425,MEDIUM
107614,54,5327.15,BA,0.9675,HIGH
107615,60,4758.58,SP,0.4051,MEDIUM
107616,52,3164.88,RJ,0.2411,LOW
107617,51,4537.74,MG,0.4832,MEDIUM
107618,67,3387.61,RS,0.4594,MEDIUM
107619,33,3537.21,SC,0.5298,MEDIUM
107620,60,1892.07,SC,0.6667,HIGH
107621,67,4151.02,RS,0.2029,LOW
107622,49,6466.59,PE,0.0655,LOW
107623,63,4317.38,PR,0.4007,MEDIUM
107624,27,7088.89,PE,0.7071,HIGH
107625,64,5549.13,BA,0.3548,MEDIUM
107626,49,4081.66,RJ,0.268,LOW
107627,32,3107.07,BA,0.254,LOW
107628,24,3325.69,SP,0.6949,HIGH
107629,56,2073.5,SP,0.4345,MEDIUM
107630,42,3694.65,PE,0.5445,MEDIUM
107631,36,4504.89,MG,0.4287,MEDIUM
107632,40,9568.6,MG,0.2758,LOW
107633,70,5412.32,PE,0.1887,LOW
107634,42,2773.07,RJ,0.384,MEDIUM
107635,24,2104.73,SP,0.2128,LOW
107636,34,3803.57,SP,0.4591,MEDIUM
107637,28,6201.13,MG,0.5288,MEDIUM
107638,55,3777.98,SP,0.4992,MEDIUM
107639,61,5447.94,SP,0.38,MEDIUM
107640,63,3850.27,BA,0.3673,MEDIUM
107641,52,5925.38,RJ,0.2902,LOW
107642,59,1951.11,PR,0.3444,LOW
107643,41,9071.09,SP,0.6176,MEDIUM
107644,52,2462.29,MG,0.5217,MEDIUM
107645,26,6147.69,SC,0.6875,HIGH
107646,47,3685.61,MG,0.2899,LOW
107647,48,3972.86,RJ,0.6918,HIGH
107648,22,3741.01,RJ,0.4657,MEDIUM
107649,48,4748.24,SP,0.654,HIGH
107650,57,5231.49,SP,0.4029,MEDIUM
107651,39,6980.34,MG,0.5041,MEDIUM
107652,48,8255.67,SP,0.7549,HIGH
107653,35,4925.17,SP,0.4097,MEDIUM
107654,34,9560.58,SP,0.7182,HIGH
107655,27,4391.68,BA,0.6057,MEDIUM
107656,37,7044.56,MG,0.2363,LOW
107657,61,5159.66,PR,0.0639,LOW
107658,67,3226.72,PR,0.6384,MEDIUM
107659,52,4581.73,RJ,0.3447,LOW
107660,52,5347.38,SP,0.4366,MEDIUM
107661,51,4135.59,RJ,0.3007,LOW
107662,44,5120.52,PR,0.1596,LOW
107663,42,6362.74,RJ,0.6545,HIGH
107664,52,4153.14,SP,0.1922,LOW
107665,60,1400.0,PE,0.3456,LOW
107666,41,9399.48,RS,0.3926,MEDIUM
107667,49,3640.94,SP,0.5394,MEDIUM
107668,44,2828.96,PE,0.488,MEDIUM
107669,35,2448.59,SP,0.3555,MEDIUM
107670,35,3573.66,SP,0.6343,MEDIUM
107671,24,3205.81,SP,0.1491,LOW
107672,42,2948.57,PE,0.6786,HIGH
107673,56,3027.28,SP,0.3408,LOW
107674,55,5416.02,RS,0.3827,MEDIUM
107675,70,11130.16,SC,0.207,LOW
107676,22,6227.4,MG,0.1174,LOW
107677,59,7198.92,RJ,0.1018,LOW
107678,60,3504.08,SP,0.4782,MEDIUM
107679,42,4416.4,RS,0.2876,LOW
107680,35,5154.12,RJ,0.4608,MEDIUM
107681,38,3060.25,PR,0.2179,LOW
107682,55,3423.74,SP,0.4336,MEDIUM
107683,64,6329.81,RS,0.4618,MEDIUM
107684,53,7088.15,SC,0.6594,HIGH
107685,46,4338.12,MG,0.7673,HIGH
107686,53,2366.49,MG,0.5181,MEDIUM
107687,24,3644.43,RJ,0.5631,MEDIUM
107688,51,2102.75,RJ,0.2119,LOW
107689,23,4354.38,SP,0.2959,LOW
107690,68,4747.78,SC,0.3814,MEDIUM
107691,65,3688.22,SP,0.4791,MEDIUM
107692,46,4716.68,SP,0.1661,LOW
107693,39,5130.47,SP,0.3964,MEDIUM
107694,57,4751.11,SP,0.1953,LOW
107695,52,2359.26,PR,0.4891,MEDIUM
107696,56,3719.23,SC,0.3585,MEDIUM
107697,46,5113.12,MG,0.3296,LOW
107698,32,8960.86,RJ,0.6288,MEDIUM
107699,24,3686.07,PR,0.4192,MEDIUM
107700,35,5471.14,PR,0.2016,LOW
107701,47,6401.92,BA,0.2703,LOW
107702,42,3821.73,BA,0.4907,MEDIUM
107703,46,7288.66,BA,0.2241,LOW
107704,34,7479.22,BA,0.4647,MEDIUM
107705,67,8147.16,BA,0.3847,MEDIUM
107706,39,5233.77,PR,0.6056,MEDIUM
107707,63,13039.07,PR,0.8067,HIGH
107708,40,3125.98,RS,0.6854,HIGH
107709,43,11642.26,SP,0.4627,MEDIUM
107710,51,6073.09,RJ,0.5249,MEDIUM
107711,34,7992.23,PE,0.3788,MEDIUM
107712,31,3601.92,MG,0.3984,MEDIUM
107713,39,6299.26,SP,0.361,MEDIUM
107714,61,8331.41,RJ,0.7825,HIGH
107715,28,2492.17,SP,0.3691,MEDIUM
107716,42,3883.31,RJ,0.4458,MEDIUM
107717,54,1502.73,PR,0.3498,LOW
107718,56,3855.44,MG,0.2255,LOW
107719,42,2838.85,MG,0.4518,MEDIUM
107720,25,3783.15,SP,0.7308,HIGH
107721,21,17088.97,MG,0.3654,MEDIUM
107722,44,9579.55,SP,0.3947,MEDIUM
107723,61,2104.65,RJ,0.2626,LOW
107724,22,5484.02,SC,0.598,MEDIUM
107725,65,6163.05,SP,0.4159,MEDIUM
107726,54,3571.17,PE,0.0483,LOW
107727,21,4575.3,SC,0.3781,MEDIUM
107728,38,4794.92,SP,0.485,MEDIUM
107729,32,2200.56,RJ,0.3978,MEDIUM
107730,68,2560.1,SP,0.7113,HIGH
107731,48,4562.12,SP,0.0397,LOW
107732,37,4405.25,PE,0.4893,MEDIUM
107733,34,2989.11,SC,0.6836,HIGH
107734,49,2868.48,RS,0.3099,LOW
107735,21,4022.85,PR,0.3657,MEDIUM
107736,33,6426.54,PE,0.3373,LOW
107737,29,4048.6,PE,0.2115,LOW
107738,52,9152.21,SP,0.1717,LOW
107739,54,3007.44,SP,0.452,MEDIUM
107740,44,4607.92,RJ,0.3815,MEDIUM
107741,28,3543.17,RJ,0.4223,MEDIUM
107742,39,5569.5,MG,0.585,MEDIUM
107743,63,2886.15,SP,0.2272,LOW
107744,31,10593.45,BA,0.1737,LOW
107745,29,1865.61,SP,0.38,MEDIUM
107746,26,9568.87,BA,0.3338,LOW
107747,61,4385.39,RJ,0.3734,MEDIUM
107748,26,5475.31,SP,0.1317,LOW
107749,50,7969.78,BA,0.5306,MEDIUM
107750,70,6339.26,MG,0.4492,MEDIUM
107751,53,2958.47,RS,0.3617,MEDIUM
107752,41,5602.02,BA,0.7264,HIGH
107753,31,10293.08,SP,0.3646,MEDIUM
107754,21,2743.36,SP,0.5414,MEDIUM
107755,28,11610.74,SP,0.5845,MEDIUM
107756,68,5054.21,SP,0.4258,MEDIUM
107757,28,3411.44,PE,0.4113,MEDIUM
107758,21,2735.48,BA,0.1102,LOW
107759,61,3773.14,RJ,0.4125,MEDIUM
107760,41,1643.04,SC,0.6972,HIGH
107761,38,3441.02,PE,0.4841,MEDIUM
107762,56,3702.02,SP,0.1688,LOW
107763,47,2507.7,SP,0.6644,HIGH
107764,66,6013.76,BA,0.3516,MEDIUM
107765,44,3781.33,RS,0.4351,MEDIUM
107766,56,3095.36,SP,0.2575,LOW
107767,64,3592.77,MG,0.7965,HIGH
107768,44,4980.53,SP,0.276,LOW
107769,35,4350.24,PR,0.5474,MEDIUM
107770,69,3000.01,SC,0.5112,MEDIUM
107771,32,4461.11,SP,0.2769,LOW
107772,22,4099.07,RS,0.1281,LOW
107773,49,2430.61,MG,0.2918,LOW
107774,70,3656.85,SC,0.8472,HIGH
107775,25,5546.5,SC,0.6401,MEDIUM
107776,63,5527.36,MG,0.1152,LOW
107777,62,3761.06,SP,0.5644,MEDIUM
107778,67,5812.06,SP,0.5939,MEDIUM
107779,42,2624.02,RS,0.2026,LOW
107780,33,2663.31,SC,0.2149,LOW
107781,46,3722.82,SP,0.629,MEDIUM
107782,28,8618.54,PE,0.471,MEDIUM
107783,63,4542.35,BA,0.2245,LOW
107784,54,3679.99,SP,0.084,LOW
107785,45,8813.38,SP,0.4898,MEDIUM
107786,46,3659.6,PR,0.5363,MEDIUM
107787,56,12277.35,SP,0.435,MEDIUM
107788,47,3285.99,PE,0.5093,MEDIUM
107789,62,2584.3,SC,0.5601,MEDIUM
107790,67,3877.66,SP,0.5449,MEDIUM
107791,68,3726.7,MG,0.4204,MEDIUM
107792,52,2850.17,SP,0.5017,MEDIUM
107793,58,14644.02,MG,0.1408,LOW
107794,36,4894.07,SP,0.5778,MEDIUM
107795,22,5248.41,BA,0.3115,LOW
107796,41,3364.85,RS,0.5769,MEDIUM
107797,64,3182.93,PE,0.2691,LOW
107798,27,6871.29,SP,0.6892,HIGH
107799,48,1878.89,RJ,0.7703,HIGH
107800,30,2426.64,BA,0.1489,LOW
107801,42,3729.88,RJ,0.2252,LOW
107802,28,8033.23,RJ,0.7508,HIGH
107803,57,3508.95,PE,0.4176,MEDIUM
107804,61,5128.62,RS,0.4015,MEDIUM
107805,58,4256.27,BA,0.1301,LOW
107806,56,7824.72,RJ,0.2576,LOW
107807,32,1962.89,PR,0.2039,LOW
107808,47,5979.56,MG,0.4276,MEDIUM
107809,26,3817.57,MG,0.5991,MEDIUM
107810,39,6547.14,SP,0.6643,HIGH
107811,46,2834.4,BA,0.3199,LOW
107812,54,4249.47,RJ,0.2912,LOW
107813,25,3998.35,PR,0.688,HIGH
107814,61,2595.85,BA,0.5282,MEDIUM
107815,43,2271.6,RS,0.5397,MEDIUM
107816,65,3178.75,SP,0.4761,MEDIUM
107817,47,4470.28,PR,0.5759,MEDIUM
107818,48,2920.53,MG,0.5084,MEDIUM
107819,55,3584.61,SP,0.1277,LOW
107820,61,1698.77,SP,0.3715,MEDIUM
107821,28,3515.47,PR,0.5672,MEDIUM
107822,46,6864.79,RS,0.0991,LOW
107823,22,5891.86,PE,0.6571,HIGH
107824,44,4028.37,RJ,0.4062,MEDIUM
107825,61,4721.08,RJ,0.3611,MEDIUM
107826,64,2822.21,SP,0.5808,MEDIUM
107827,35,9159.72,PE,0.7743,HIGH
107828,40,11331.77,BA,0.1621,LOW
107829,48,4545.78,PE,0.5204,MEDIUM
107830,40,14564.89,MG,0.62,MEDIUM
107831,29,3030.1,SP,0.1896,LOW
107832,36,2303.82,PR,0.3364,LOW
107833,41,2987.58,RJ,0.4454,MEDIUM
107834,46,3780.02,RJ,0.6377,MEDIUM
107835,67,12741.65,SP,0.1752,LOW
107836,48,3669.77,SP,0.1144,LOW
107837,40,2780.0,RJ,0.7401,HIGH
107838,54,2728.7,PE,0.2661,LOW
107839,59,7259.39,RS,0.4763,MEDIUM
107840,42,6778.73,RS,0.3559,MEDIUM
107841,45,3326.95,SP,0.4447,MEDIUM
107842,31,1706.95,RS,0.298,LOW
107843,64,2443.32,RJ,0.3159,LOW
107844,64,9595.38,SP,0.0862,LOW
107845,29,5845.73,RJ,0.1993,LOW
107846,38,4334.07,SP,0.3612,MEDIUM
107847,34,10299.8,BA,0.2883,LOW
107848,67,10751.89,BA,0.4184,MEDIUM
107849,24,4128.17,SP,0.2168,LOW
107850,31,4164.72,PR,0.4515,MEDIUM
107851,36,3176.25,RJ,0.4817,MEDIUM
107852,49,3663.71,SP,0.1462,LOW
107853,33,2057.82,SC,0.5287,MEDIUM
107854,47,2053.82,RS,0.384,MEDIUM
107855,58,1837.14,RS,0.2902,LOW
107856,62,7067.92,SP,0.35,MEDIUM
107857,25,1984.99,MG,0.6445,MEDIUM
107858,27,10708.81,SP,0.4078,MEDIUM
107859,25,2957.97,SP,0.2353,LOW
107860,66,9669.85,SP,0.1822,LOW
107861,53,3524.92,SP,0.4329,MEDIUM
107862,47,1980.43,RJ,0.2898,LOW
107863,60,7777.99,RJ,0.5121,MEDIUM
107864,50,8231.6,SC,0.3213,LOW
107865,32,2718.77,RJ,0.2848,LOW
107866,46,3581.89,SP,0.3996,MEDIUM
107867,56,2719.1,PE,0.3224,LOW
107868,22,3963.91,BA,0.3638,MEDIUM
107869,51,4423.11,SP,0.072,LOW
107870,45,3548.13,RJ,0.1483,LOW
107871,24,1754.21,SP,0.3581,MEDIUM
107872,34,3178.03,PE,0.2761,LOW
107873,43,5887.16,RJ,0.3428,LOW
107874,38,3799.28,SP,0.252,LOW
107875,35,3589.14,RS,0.0852,LOW
107876,53,2686.69,RS,0.446,MEDIUM
107877,41,3133.84,SP,0.4438,MEDIUM
107878,45,8259.63,RJ,0.3851,MEDIUM
107879,60,2430.24,RJ,0.2454,LOW
107880,25,5936.26,SP,0.3967,MEDIUM
107881,38,4295.94,SP,0.3673,MEDIUM
107882,24,4723.71,BA,0.3652,MEDIUM
107883,67,2955.16,RS,0.235,LOW
107884,30,3547.46,SC,0.2525,LOW
107885,61,4188.48,SC,0.3558,MEDIUM
107886,30,3271.22,MG,0.453,MEDIUM
107887,37,4924.25,RJ,0.5977,MEDIUM
107888,51,5231.28,RS,0.7811,HIGH
107889,62,11917.21,SP,0.3864,MEDIUM
107890,29,4800.0,SP,0.3768,MEDIUM
107891,31,1677.34,SP,0.6544,HIGH
107892,65,7339.96,RS,0.7337,HIGH
107893,37,3808.47,PR,0.2765,LOW
107894,31,11032.09,MG,0.2092,LOW
107895,58,8509.03,MG,0.6752,HIGH
107896,25,3295.49,BA,0.4033,MEDIUM
107897,64,5939.34,SP,0.0135,LOW
107898,64,3158.15,RJ,0.1941,LOW
107899,63,4205.43,RS,0.6536,HIGH
107900,35,5809.86,SC,0.5222,MEDIUM
107901,26,7165.84,MG,0.3684,MEDIUM
107902,42,6454.54,SP,0.2177,LOW
107903,37,4353.93,PE,0.1027,LOW
107904,68,13833.98,RJ,0.2507,LOW
107905,52,3524.98,BA,0.3091,LOW
107906,68,1941.82,RS,0.7589,HIGH
107907,58,2129.8,BA,0.5305,MEDIUM
107908,56,8521.64,SP,0.2416,LOW
107909,26,4048.28,MG,0.3449,LOW
107910,24,4533.22,SP,0.1568,LOW
107911,23,3237.08,SP,0.6107,MEDIUM
107912,50,3379.7,SP,0.1895,LOW
107913,31,2878.53,RJ,0.3009,LOW
107914,70,5265.82,RJ,0.5416,MEDIUM
107915,27,4008.2,SC,0.6519,HIGH
107916,68,5175.25,RJ,0.4916,MEDIUM
107917,54,4943.21,SP,0.4992,MEDIUM
107918,26,3423.5,RJ,0.3326,LOW
107919,23,2085.26,SC,0.3749,MEDIUM
107920,40,1999.91,SP,0.5018,MEDIUM
107921,37,17955.16,RS,0.3016,LOW
107922,36,8538.69,RJ,0.0684,LOW
107923,47,7991.45,PR,0.3832,MEDIUM
107924,27,3038.22,RS,0.1329,LOW
107925,27,4219.22,MG,0.5926,MEDIUM
107926,55,2839.73,SC,0.5498,MEDIUM
107927,70,2237.33,PE,0.3118,LOW
107928,34,3166.01,SP,0.2228,LOW
107929,67,7937.94,RJ,0.2022,LOW
107930,38,6288.0,PE,0.4959,MEDIUM
107931,37,2636.52,BA,0.5028,MEDIUM
107932,25,3610.96,PR,0.6144,MEDIUM
107933,42,6017.45,SP,0.8593,HIGH
107934,45,3193.18,RJ,0.5336,MEDIUM
107935,54,4363.55,BA,0.6641,HIGH
107936,28,5093.53,SC,0.3999,MEDIUM
107937,30,5066.91,SP,0.5474,MEDIUM
107938,42,4744.92,SP,0.5269,MEDIUM
107939,24,3068.87,RS,0.1787,LOW
107940,28,3223.98,PR,0.0631,LOW
107941,52,2437.4,PE,0.7286,HIGH
107942,68,1985.05,RJ,0.2465,LOW
107943,49,3974.92,RJ,0.3139,LOW
107944,28,6214.52,SP,0.6316,MEDIUM
107945,70,2165.28,MG,0.1566,LOW
107946,47,4787.99,RJ,0.3967,MEDIUM
107947,56,6120.89,SP,0.2402,LOW
107948,30,1739.25,RJ,0.187,LOW
107949,49,3688.45,SP,0.2794,LOW
107950,24,9255.94,BA,0.2755,LOW
107951,52,5474.04,SP,0.615,MEDIUM
107952,31,1711.32,MG,0.2742,LOW
107953,66,5760.86,SC,0.4298,MEDIUM
107954,23,2933.43,SP,0.5619,MEDIUM
107955,53,5852.75,PR,0.538,MEDIUM
107956,27,3015.74,BA,0.1825,LOW
107957,55,4094.44,PR,0.3097,LOW
107958,45,3244.83,MG,0.3945,MEDIUM
107959,69,4206.37,BA,0.7751,HIGH
107960,53,3198.85,PE,0.4433,MEDIUM
107961,39,3772.68,BA,0.1153,LOW
107962,25,2388.81,RJ,0.1398,LOW
107963,50,5315.36,PR,0.4192,MEDIUM
107964,43,4568.67,MG,0.5531,MEDIUM
107965,23,1933.15,RJ,0.455,MEDIUM
107966,50,6764.47,MG,0.417,MEDIUM
107967,31,3859.22,BA,0.3384,LOW
107968,32,4539.11,RJ,0.2228,LOW
107969,21,6062.21,PE,0.4168,MEDIUM
107970,39,4916.72,PE,0.5591,MEDIUM
107971,31,7347.66,RJ,0.3546,MEDIUM
107972,24,3648.45,SP,0.2767,LOW
107973,42,6900.62,PE,0.6945,HIGH
107974,32,4455.27,SP,0.1345,LOW
107975,27,5358.85,RS,0.6421,MEDIUM
107976,44,5097.89,SP,0.2169,LOW
107977,24,7618.92,SP,0.3582,MEDIUM
107978,70,5937.94,SP,0.341,LOW
107979,44,3395.57,SP,0.2712,LOW
107980,70,3087.24,PE,0.1544,LOW
107981,65,4100.88,SP,0.2234,LOW
107982,69,2916.07,SP,0.1546,LOW
107983,48,2534.59,SC,0.5646,MEDIUM
107984,42,1512.28,PE,0.0876,LOW
107985,56,1996.59,RJ,0.1656,LOW
107986,25,10892.56,RS,0.2898,LOW
107987,63,3064.75,SP,0.6048,MEDIUM
107988,37,10472.42,BA,0.8348,HIGH
107989,21,5096.73,RS,0.4881,MEDIUM
107990,32,4100.88,PE,0.3969,MEDIUM
107991,33,2043.77,SC,0.1917,LOW
107992,21,4209.42,PE,0.5087,MEDIUM
107993,54,10415.89,RJ,0.3896,MEDIUM
107994,25,8870.67,RS,0.0424,LOW
107995,63,4790.9,RS,0.1434,LOW
107996,43,2419.89,SP,0.7939,HIGH
107997,56,2652.88,PE,0.5678,MEDIUM
107998,37,2789.44,RS,0.0218,LOW
107999,27,7757.03,BA,0.5726,MEDIUM
108000,30,9191.79,RJ,0.4013,MEDIUM
108001,53,4614.08,BA,0.4339,MEDIUM
108002,56,3631.36,RJ,0.4432,MEDIUM
108003,34,8832.74,PE,0.3918,MEDIUM
108004,38,2625.76,SP,0.3786,MEDIUM
108005,68,4305.79,PR,0.2588,LOW
108006,63,5245.17,SP,0.605,MEDIUM
108007,41,2775.8,RS,0.2422,LOW
108008,33,3095.18,RJ,0.5073,MEDIUM
108009,36,2981.69,BA,0.1224,LOW
108010,47,8290.53,BA,0.3185,LOW
108011,49,10527.39,RJ,0.1703,LOW
108012,30,4437.92,BA,0.4798,MEDIUM
108013,24,3692.63,SC,0.5016,MEDIUM
108014,45,3149.24,MG,0.0814,LOW
108015,60,4203.52,RJ,0.745,HIGH
108016,28,3225.15,SP,0.585,MEDIUM
108017,41,4008.87,SP,0.4994,MEDIUM
108018,29,5121.44,MG,0.2652,LOW
108019,33,3457.46,PR,0.3611,MEDIUM
108020,51,3834.67,MG,0.3171,LOW
108021,35,3842.28,PE,0.4408,MEDIUM
108022,34,3606.2,SP,0.5981,MEDIUM
108023,70,3398.01,BA,0.2953,LOW
108024,29,6055.33,BA,0.5174,MEDIUM
108025,30,1795.23,RS,0.5702,MEDIUM
108026,67,8941.82,MG,0.3856,MEDIUM
108027,48,4482.31,SP,0.5662,MEDIUM
108028,23,5628.78,BA,0.0368,LOW
108029,42,5948.4,RS,0.4163,MEDIUM
108030,49,2989.83,BA,0.1809,LOW
108031,33,2707.95,SP,0.0479,LOW
108032,48,2558.95,PR,0.3769,MEDIUM
108033,53,3730.31,RJ,0.6346,MEDIUM
108034,33,5874.98,SC,0.3424,LOW
108035,61,3173.64,RS,0.7029,HIGH
108036,43,5623.15,SP,0.187,LOW
108037,69,1400.0,SP,0.5623,MEDIUM
108038,25,3490.39,SP,0.1444,LOW
108039,37,7354.49,SP,0.2698,LOW
108040,57,3869.09,SP,0.2759,LOW
108041,65,2821.01,SP,0.4661,MEDIUM
108042,32,3064.24,RJ,0.154,LOW
108043,70,1400.0,SC,0.2666,LOW
108044,30,2584.21,BA,0.5964,MEDIUM
108045,41,6976.59,RJ,0.559,MEDIUM
108046,36,3175.41,SP,0.2077,LOW
108047,42,3360.55,RS,0.5566,MEDIUM
108048,66,1400.0,RJ,0.4412,MEDIUM
108049,57,1919.92,SP,0.6031,MEDIUM
108050,60,7435.81,MG,0.2981,LOW
108051,33,5648.48,PE,0.632,MEDIUM
108052,68,2253.12,RJ,0.2089,LOW
108053,42,3103.13,PE,0.5762,MEDIUM
108054,53,4141.6,SP,0.219,LOW
108055,55,2365.39,SP,0.1619,LOW
108056,54,1604.95,SP,0.1416,LOW
108057,51,3890.99,RS,0.4355,MEDIUM
108058,45,5528.61,PR,0.0504,LOW
108059,53,5579.93,PR,0.1914,LOW
108060,66,6392.97,PE,0.373,MEDIUM
108061,40,1992.47,MG,0.5802,MEDIUM
108062,46,4318.37,SP,0.8601,HIGH
108063,30,3692.22,RS,0.2466,LOW
108064,38,4027.79,SP,0.5347,MEDIUM
108065,59,3794.03,PR,0.5976,MEDIUM
108066,53,3058.94,BA,0.2819,LOW
108067,31,1400.0,MG,0.3035,LOW
108068,48,7335.77,RJ,0.1012,LOW
108069,61,4920.84,PR,0.2846,LOW
108070,27,2059.83,SP,0.2902,LOW
108071,24,5270.83,RJ,0.3971,MEDIUM
108072,40,3388.47,MG,0.6763,HIGH
108073,53,3434.87,SP,0.1161,LOW
108074,36,2904.45,SP,0.3657,MEDIUM
108075,62,5434.74,PR,0.387,MEDIUM
108076,63,2860.99,RJ,0.5456,MEDIUM
108077,47,2480.86,RJ,0.4418,MEDIUM
108078,39,7230.6,PE,0.7028,HIGH
108079,23,3854.42,SP,0.6758,HIGH
108080,62,3912.95,SP,0.4261,MEDIUM
108081,65,5856.0,BA,0.5337,MEDIUM
108082,43,3048.48,SP,0.227,LOW
108083,46,3354.73,PE,0.1951,LOW
108084,58,4863.84,SC,0.0812,LOW
108085,55,2004.16,MG,0.4649,MEDIUM
108086,27,4670.25,SP,0.4106,MEDIUM
108087,54,2922.22,RJ,0.6683,HIGH
108088,67,6332.6,BA,0.5023,MEDIUM
108089,58,5460.19,SP,0.5864,MEDIUM
108090,45,5124.68,RS,0.504,MEDIUM
108091,47,1942.05,BA,0.0979,LOW
108092,33,3996.64,SC,0.2161,LOW
108093,54,2386.9,SP,0.2567,LOW
108094,33,4126.34,RS,0.5862,MEDIUM
108095,38,1400.0,RS,0.5077,MEDIUM
108096,34,2004.68,SP,0.2812,LOW
108097,37,7432.19,PE,0.5764,MEDIUM
108098,39,5013.98,SP,0.6947,HIGH
108099,25,3543.99,PE,0.2231,LOW
108100,56,2715.26,SP,0.5956,MEDIUM
108101,43,2495.88,SP,0.5923,MEDIUM
108102,68,4623.53,SC,0.5802,MEDIUM
108103,30,3561.35,SP,0.5613,MEDIUM
108104,54,8824.0,SP,0.1841,LOW
108105,29,3843.56,SP,0.4095,MEDIUM
108106,48,4320.06,BA,0.7393,HIGH
108107,45,2156.75,SP,0.2507,LOW
108108,43,3532.3,SC,0.3102,LOW
108109,53,4572.41,PR,0.7322,HIGH
108110,62,3511.87,MG,0.4885,MEDIUM
108111,36,3326.71,RJ,0.6981,HIGH
108112,63,4913.57,SP,0.5526,MEDIUM
108113,30,8690.23,PE,0.5756,MEDIUM
108114,35,4502.67,RS,0.6293,MEDIUM
108115,36,7273.91,PE,0.3399,LOW
108116,68,5660.17,RS,0.6916,HIGH
108117,26,7067.98,BA,0.7301,HIGH
108118,40,3134.34,PE,0.6996,HIGH
108119,42,3802.88,MG,0.3557,MEDIUM
108120,61,3810.47,PE,0.4559,MEDIUM
108121,45,5459.17,SP,0.5972,MEDIUM
108122,69,6143.8,SP,0.0416,LOW
108123,58,4459.83,MG,0.4578,MEDIUM
108124,56,6397.48,MG,0.5214,MEDIUM
108125,58,3204.91,MG,0.4367,MEDIUM
108126,29,6424.16,PR,0.3618,MEDIUM
108127,43,6839.22,PR,0.4222,MEDIUM
108128,50,5814.08,BA,0.4032,MEDIUM
108129,31,4479.39,RJ,0.49,MEDIUM
108130,26,5914.93,RJ,0.0984,LOW
108131,27,2734.54,SC,0.0711,LOW
108132,60,4619.56,SC,0.3184,LOW
108133,53,4851.7,BA,0.8676,HIGH
108134,35,2218.69,RJ,0.3537,MEDIUM
108135,57,5274.51,SP,0.7049,HIGH
108136,55,2306.32,PE,0.3834,MEDIUM
108137,61,3420.15,SP,0.531,MEDIUM
108138,66,4280.93,SC,0.3224,LOW
108139,65,2957.46,RJ,0.5074,MEDIUM
108140,30,4369.77,MG,0.5078,MEDIUM
108141,59,4336.35,BA,0.145,LOW
108142,40,2833.17,RJ,0.3931,MEDIUM
108143,41,5516.33,SP,0.2588,LOW
108144,53,2910.4,RS,0.3269,LOW
108145,51,12595.16,SP,0.1183,LOW
108146,41,3984.99,SP,0.4002,MEDIUM
108147,70,2393.76,PR,0.5252,MEDIUM
108148,29,2618.5,MG,0.554,MEDIUM
108149,25,7285.77,PR,0.4701,MEDIUM
108150,22,3451.1,RJ,0.4656,MEDIUM
108151,61,2182.52,RJ,0.5435,MEDIUM
108152,41,6327.26,RJ,0.3726,MEDIUM
108153,42,3440.47,PE,0.4813,MEDIUM
108154,53,5747.28,SP,0.3051,LOW
108155,42,6580.8,PE,0.9628,HIGH
108156,49,4791.42,RJ,0.3726,MEDIUM
108157,23,13264.88,RJ,0.5294,MEDIUM
108158,28,1835.3,RS,0.403,MEDIUM
108159,67,2836.21,RJ,0.5339,MEDIUM
108160,43,3714.44,PR,0.2268,LOW
108161,29,12434.16,PE,0.1395,LOW
108162,39,9955.51,BA,0.7468,HIGH
108163,37,7796.35,MG,0.4269,MEDIUM
108164,34,2868.83,RS,0.1811,LOW
108165,35,3033.99,RJ,0.3346,LOW
108166,57,2821.8,RS,0.4197,MEDIUM
108167,26,2883.6,SP,0.1148,LOW
108168,36,8598.46,SP,0.1852,LOW
108169,44,3736.23,PR,0.0847,LOW
108170,48,3981.13,SP,0.3608,MEDIUM
108171,65,6090.87,RS,0.6576,HIGH
108172,67,1890.03,SP,0.1926,LOW
108173,35,4307.49,SP,0.0861,LOW
108174,47,2480.81,SC,0.0824,LOW
108175,22,3646.49,MG,0.5193,MEDIUM
108176,51,3169.59,PE,0.1741,LOW
108177,28,3092.11,SP,0.344,LOW
108178,24,4680.31,SP,0.6958,HIGH
108179,54,4670.5,SP,0.3852,MEDIUM
108180,29,3779.42,MG,0.4946,MEDIUM
108181,44,5017.91,SP,0.19,LOW
108182,26,2768.07,RS,0.4631,MEDIUM
108183,58,5825.51,SP,0.1358,LOW
108184,59,3804.21,PE,0.5511,MEDIUM
108185,49,3329.85,PR,0.4721,MEDIUM
108186,62,2867.96,SC,0.7813,HIGH
108187,42,3740.48,SP,0.7759,HIGH
108188,30,10308.73,SP,0.2345,LOW
108189,28,4074.28,RJ,0.0443,LOW
108190,31,2424.85,MG,0.3053,LOW
108191,31,6528.11,PR,0.357,MEDIUM
108192,37,3348.66,RJ,0.1523,LOW
108193,31,4812.85,SP,0.6731,HIGH
108194,50,3140.45,PE,0.7311,HIGH
108195,28,7766.78,SP,0.4889,MEDIUM
108196,52,3163.0,SP,0.5085,MEDIUM
108197,37,8215.78,RJ,0.6739,HIGH
108198,55,2538.16,RJ,0.802,HIGH
108199,46,3649.13,MG,0.4196,MEDIUM
108200,66,8224.21,PR,0.1991,LOW
108201,42,4553.1,PR,0.6013,MEDIUM
108202,35,12495.74,SC,0.2896,LOW
108203,50,3691.0,SP,0.1802,LOW
108204,53,4751.52,SP,0.3462,LOW
108205,42,10480.92,BA,0.4286,MEDIUM
108206,48,2030.74,SP,0.2305,LOW
108207,44,1913.56,RJ,0.3808,MEDIUM
108208,36,2866.93,MG,0.551,MEDIUM
108209,36,6205.92,RS,0.7801,HIGH
108210,66,1939.36,SP,0.3391,LOW
108211,54,5593.85,PE,0.3822,MEDIUM
108212,25,5408.13,RJ,0.5734,MEDIUM
108213,69,11045.15,PE,0.3571,MEDIUM
108214,56,6937.33,SP,0.3778,MEDIUM
108215,23,5001.95,RS,0.3446,LOW
108216,57,8064.47,RJ,0.3772,MEDIUM
108217,50,5439.89,BA,0.6585,HIGH
108218,66,3367.77,MG,0.2724,LOW
108219,45,2424.62,BA,0.2294,LOW
108220,46,3195.65,RS,0.1921,LOW
108221,36,4119.98,PR,0.0628,LOW
108222,37,4568.08,SP,0.7477,HIGH
108223,51,1507.11,SP,0.5927,MEDIUM
108224,62,3779.89,PE,0.1501,LOW
108225,65,4258.02,PE,0.149,LOW
108226,59,5462.48,SP,0.7619,HIGH
108227,51,9170.11,SP,0.6601,HIGH
108228,46,4591.46,SP,0.3561,MEDIUM
108229,37,2714.19,SP,0.5721,MEDIUM
108230,59,1754.89,SP,0.3307,LOW
108231,36,5840.69,BA,0.2934,LOW
108232,34,2767.44,SP,0.5505,MEDIUM
108233,64,6367.24,PE,0.5144,MEDIUM
108234,50,8214.05,PE,0.321,LOW
108235,38,2001.56,SP,0.3026,LOW
108236,64,5479.17,MG,0.594,MEDIUM
108237,69,7811.08,MG,0.5394,MEDIUM
108238,36,6849.83,SP,0.4093,MEDIUM
108239,47,1535.45,RS,0.1117,LOW
108240,45,2788.02,PR,0.709,HIGH
108241,56,2271.86,SP,0.205,LOW
108242,68,5399.74,PE,0.0563,LOW
108243,48,5121.67,RJ,0.4647,MEDIUM
108244,60,1400.0,SP,0.3739,MEDIUM
108245,50,3635.28,PE,0.2572,LOW
108246,65,6168.34,SP,0.6034,MEDIUM
108247,41,4509.17,SP,0.2366,LOW
108248,40,4505.47,SP,0.3524,MEDIUM
108249,42,3525.03,RJ,0.5732,MEDIUM
108250,70,2526.39,MG,0.3312,LOW
108251,51,4165.76,SC,0.3912,MEDIUM
108252,28,4306.34,RJ,0.6862,HIGH
108253,23,5642.95,PR,0.624,MEDIUM
108254,46,5867.36,SP,0.0907,LOW
108255,61,4376.71,RJ,0.1775,LOW
108256,44,7103.88,PE,0.1286,LOW
108257,49,3508.26,RS,0.3634,MEDIUM
108258,60,2100.03,RS,0.3673,MEDIUM
108259,46,5280.76,RJ,0.2889,LOW
108260,66,4462.67,MG,0.7447,HIGH
108261,52,5331.39,BA,0.3117,LOW
108262,57,2289.08,PE,0.6127,MEDIUM
108263,60,9921.13,RS,0.2856,LOW
108264,52,5906.93,MG,0.6119,MEDIUM
108265,23,3657.74,SP,0.4908,MEDIUM
108266,42,2680.67,SP,0.2888,LOW
108267,28,7043.59,SP,0.4248,MEDIUM
108268,46,2474.99,RJ,0.3303,LOW
108269,28,12435.31,SP,0.2004,LOW
108270,46,3129.1,MG,0.4565,MEDIUM
108271,38,9591.98,PR,0.5058,MEDIUM
108272,22,3844.09,PR,0.2284,LOW
108273,27,8969.62,PR,0.5139,MEDIUM
108274,46,2951.6,SP,0.694,HIGH
108275,24,4238.15,MG,0.2735,LOW
108276,63,6180.28,PE,0.2656,LOW
108277,58,5771.21,MG,0.8287,HIGH
108278,56,7123.86,BA,0.5745,MEDIUM
108279,29,3323.76,RJ,0.4681,MEDIUM
108280,60,4374.5,PR,0.2519,LOW
108281,52,7646.98,MG,0.2985,LOW
108282,40,2993.86,SC,0.4182,MEDIUM
108283,21,5528.43,PE,0.7686,HIGH
108284,47,3780.62,MG,0.2281,LOW
108285,60,4636.24,RS,0.5636,MEDIUM
108286,22,4373.96,PE,0.3756,MEDIUM
108287,23,2876.89,RS,0.899,HIGH
108288,40,3706.0,SP,0.263,LOW
108289,46,4502.59,SP,0.3975,MEDIUM
108290,44,3997.93,PE,0.45,MEDIUM
108291,42,8935.19,RS,0.335,LOW
108292,33,6820.03,PE,0.715,HIGH
108293,23,4827.24,SP,0.0492,LOW
108294,22,2911.81,RS,0.1257,LOW
108295,25,2827.95,BA,0.3698,MEDIUM
108296,55,10832.1,BA,0.1181,LOW
108297,60,2586.59,SC,0.5333,MEDIUM
108298,42,4435.93,SP,0.3408,LOW
108299,24,4994.51,SC,0.5657,MEDIUM
108300,41,3617.02,PR,0.2962,LOW
108301,70,2596.14,RJ,0.4217,MEDIUM
108302,33,2881.57,SP,0.1363,LOW
108303,45,3230.9,PE,0.1887,LOW
108304,47,2987.77,SP,0.2571,LOW
108305,37,7943.79,MG,0.7751,HIGH
108306,42,4181.64,PR,0.082,LOW
108307,44,3266.31,PE,0.2479,LOW
108308,44,4421.26,SC,0.6687,HIGH
108309,56,5787.52,RJ,0.395,MEDIUM
108310,50,3559.67,SP,0.6496,MEDIUM
108311,23,6475.56,RJ,0.6921,HIGH
108312,21,2281.73,SP,0.0453,LOW
108313,41,7369.21,BA,0.5299,MEDIUM
108314,66,4181.99,RJ,0.6568,HIGH
108315,22,4104.31,SP,0.232,LOW
108316,24,3011.5,BA,0.6961,HIGH
108317,54,2329.65,SP,0.3232,LOW
108318,43,1887.18,SP,0.3662,MEDIUM
108319,32,2912.32,MG,0.5888,MEDIUM
108320,31,5568.73,SP,0.1815,LOW
108321,54,2647.65,SP,0.6399,MEDIUM
108322,47,1997.37,PE,0.1561,LOW
108323,52,2714.84,BA,0.6573,HIGH
108324,35,3491.62,RS,0.6306,MEDIUM
108325,47,3558.16,SC,0.1658,LOW
108326,64,3948.03,SP,0.2824,LOW
108327,36,6894.58,BA,0.3762,MEDIUM
108328,40,7650.16,MG,0.6851,HIGH
108329,29,10997.92,SP,0.7887,HIGH
108330,52,1925.39,RJ,0.1287,LOW
108331,22,2785.03,MG,0.4562,MEDIUM
108332,33,5872.95,SP,0.6576,HIGH
108333,56,3377.55,SP,0.1624,LOW
108334,21,6348.78,RJ,0.5867,MEDIUM
108335,70,4639.0,MG,0.6555,HIGH
108336,41,8962.98,SP,0.2168,LOW
108337,40,6928.12,PR,0.6688,HIGH
108338,47,6989.24,SP,0.1142,LOW
108339,52,3446.59,PR,0.4536,MEDIUM
108340,43,4008.04,SP,0.4519,MEDIUM
108341,65,3627.57,RJ,0.3695,MEDIUM
108342,69,2038.59,PR,0.4347,MEDIUM
108343,31,8512.48,SC,0.1055,LOW
108344,56,6006.67,SP,0.7004,HIGH
108345,36,3558.97,PR,0.3789,MEDIUM
108346,70,7856.09,BA,0.4194,MEDIUM
108347,33,3103.43,SP,0.4029,MEDIUM
108348,35,1738.08,PR,0.172,LOW
108349,56,6811.57,MG,0.6831,HIGH
108350,60,2273.63,BA,0.1672,LOW
108351,27,3823.29,MG,0.4144,MEDIUM
108352,48,4636.8,PE,0.3526,MEDIUM
108353,38,5053.64,SC,0.5437,MEDIUM
108354,51,6311.14,PR,0.4217,MEDIUM
108355,48,5550.53,SP,0.2369,LOW
108356,70,5468.66,PR,0.1186,LOW
108357,67,2873.48,SP,0.0467,LOW
108358,53,4837.13,RJ,0.1005,LOW
108359,54,2038.92,SP,0.543,MEDIUM
108360,65,8889.85,SC,0.6594,HIGH
108361,30,2142.24,RS,0.1593,LOW
108362,57,3556.56,PE,0.146,LOW
108363,59,2230.05,SP,0.4648,MEDIUM
108364,27,2958.27,PE,0.5093,MEDIUM
108365,65,4227.16,BA,0.427,MEDIUM
108366,55,3258.54,BA,0.4769,MEDIUM
108367,38,7274.12,RS,0.408,MEDIUM
108368,45,4683.27,SP,0.5837,MEDIUM
108369,45,3363.18,BA,0.5773,MEDIUM
108370,66,3939.15,PR,0.8403,HIGH
108371,69,7542.4,RS,0.25,LOW
108372,61,6497.01,SP,0.1117,LOW
108373,53,2431.42,SP,0.0518,LOW
108374,26,3029.42,SP,0.3652,MEDIUM
108375,66,5275.03,MG,0.1369,LOW
108376,27,4976.37,RJ,0.3526,MEDIUM
108377,29,2536.79,PE,0.2457,LOW
108378,24,6017.46,SP,0.7979,HIGH
108379,68,2738.65,SP,0.8424,HIGH
108380,45,7853.2,RJ,0.4353,MEDIUM
108381,32,5415.26,SP,0.4289,MEDIUM
108382,25,2439.42,RJ,0.1105,LOW
108383,41,3258.05,RS,0.338,LOW
108384,57,3230.97,PE,0.7991,HIGH
108385,70,4535.0,SP,0.5094,MEDIUM
108386,48,3808.27,SP,0.5252,MEDIUM
108387,51,2423.59,RS,0.409,MEDIUM
108388,62,2150.8,SP,0.3984,MEDIUM
108389,66,5466.38,SC,0.9568,HIGH
108390,34,4818.57,PR,0.6308,MEDIUM
108391,70,4418.24,BA,0.7699,HIGH
108392,46,4782.85,SP,0.4124,MEDIUM
108393,67,3120.53,PE,0.5348,MEDIUM
108394,26,4587.8,PE,0.2366,LOW
108395,25,14204.62,SP,0.5325,MEDIUM
108396,65,7380.76,MG,0.2698,LOW
108397,54,3657.02,RJ,0.7762,HIGH
108398,29,3266.98,SP,0.6727,HIGH
108399,65,1400.0,PE,0.3219,LOW
108400,26,7015.05,SP,0.2706,LOW
108401,55,6126.69,SP,0.373,MEDIUM
108402,31,3235.06,SP,0.49,MEDIUM
108403,24,2112.48,PR,0.0719,LOW
108404,61,2412.24,BA,0.1704,LOW
108405,63,5198.63,PR,0.5045,MEDIUM
108406,26,4023.7,SC,0.3579,MEDIUM
108407,25,5853.55,SP,0.7911,HIGH
108408,51,4377.94,RS,0.7363,HIGH
108409,22,6680.07,RJ,0.3778,MEDIUM
108410,58,5015.24,MG,0.3917,MEDIUM
108411,66,6252.03,PR,0.3703,MEDIUM
108412,58,1540.39,PE,0.0713,LOW
108413,32,2322.39,RS,0.177,LOW
108414,30,3526.11,SC,0.2033,LOW
108415,55,7051.76,MG,0.6072,MEDIUM
108416,24,10357.79,SP,0.2684,LOW
108417,47,3881.62,PR,0.2358,LOW
108418,43,3131.54,SC,0.2673,LOW
108419,58,1643.29,SC,0.117,LOW
108420,31,6357.25,PR,0.317,LOW
108421,59,3225.19,RJ,0.6273,MEDIUM
108422,55,17375.92,SP,0.1628,LOW
108423,32,2945.18,SP,0.315,LOW
108424,38,11537.66,SC,0.2396,LOW
108425,24,6015.27,PE,0.5299,MEDIUM
108426,43,2563.87,MG,0.5771,MEDIUM
108427,34,4695.07,SC,0.6137,MEDIUM
108428,26,6082.08,SC,0.6932,HIGH
108429,48,3769.58,SP,0.6195,MEDIUM
108430,49,6279.66,SP,0.4632,MEDIUM
108431,25,6213.62,SP,0.5395,MEDIUM
108432,30,5591.94,PE,0.4089,MEDIUM
108433,25,4166.92,SP,0.7383,HIGH
108434,54,2389.57,PR,0.6412,MEDIUM
108435,37,4048.02,RJ,0.1721,LOW
108436,24,4570.38,SC,0.3215,LOW
108437,30,1706.73,SP,0.0757,LOW
108438,69,4555.42,PE,0.4759,MEDIUM
108439,33,4009.31,RJ,0.6336,MEDIUM
108440,55,2253.99,PE,0.162,LOW
108441,44,3579.57,PR,0.3959,MEDIUM
108442,30,3616.11,RJ,0.6648,HIGH
108443,36,10607.17,RS,0.7908,HIGH
108444,21,4668.05,PR,0.3691,MEDIUM
108445,58,6905.97,SP,0.1333,LOW
108446,37,3969.08,SC,0.1247,LOW
108447,45,1708.48,PR,0.4398,MEDIUM
108448,28,5799.71,PR,0.3599,MEDIUM
108449,62,3062.27,RS,0.4298,MEDIUM
108450,31,3575.11,SC,0.5114,MEDIUM
108451,49,2533.64,RJ,0.4993,MEDIUM
108452,64,4349.29,RJ,0.4276,MEDIUM
108453,56,7003.22,SP,0.453,MEDIUM
108454,51,6571.87,PR,0.4224,MEDIUM
108455,65,8993.08,SP,0.5168,MEDIUM
108456,29,9626.36,SP,0.3438,LOW
108457,69,1573.13,RS,0.9295,HIGH
108458,48,2368.24,SP,0.345,LOW
108459,41,1763.24,SP,0.5724,MEDIUM
108460,33,5688.3,BA,0.4704,MEDIUM
108461,58,3011.4,SC,0.6122,MEDIUM
108462,69,3321.04,RS,0.7271,HIGH
108463,55,3785.27,RJ,0.7326,HIGH
108464,22,5046.62,PR,0.4153,MEDIUM
108465,44,2058.81,PE,0.4666,MEDIUM
108466,57,2295.22,SP,0.3662,MEDIUM
108467,40,4202.61,SP,0.6275,MEDIUM
108468,59,7466.92,SP,0.4668,MEDIUM
108469,56,4149.11,PE,0.6282,MEDIUM
108470,24,2872.23,SP,0.6115,MEDIUM
108471,48,1497.72,MG,0.5402,MEDIUM
108472,29,6635.07,PR,0.2662,LOW
108473,45,2950.09,PE,0.6068,MEDIUM
108474,40,2421.32,RJ,0.1832,LOW
108475,61,1843.62,MG,0.0555,LOW
108476,64,2105.0,PE,0.7633,HIGH
108477,44,2647.73,SP,0.2049,LOW
108478,47,3745.06,PR,0.1103,LOW
108479,52,2351.11,SP,0.0846,LOW
108480,53,4591.58,SP,0.3322,LOW
108481,52,3731.42,SP,0.3989,MEDIUM
108482,60,12202.5,RJ,0.5719,MEDIUM
108483,70,1853.27,SP,0.4644,MEDIUM
108484,62,4538.49,BA,0.4835,MEDIUM
108485,27,4565.86,MG,0.4617,MEDIUM
108486,44,2561.05,RJ,0.3018,LOW
108487,44,4396.49,SC,0.2208,LOW
108488,46,6076.87,PE,0.555,MEDIUM
108489,47,4399.1,RJ,0.4567,MEDIUM
108490,56,8163.12,SP,0.2657,LOW
108491,42,1476.68,SP,0.5018,MEDIUM
108492,34,2803.34,BA,0.077,LOW
108493,43,8525.92,BA,0.2842,LOW
108494,63,6506.86,MG,0.4541,MEDIUM
108495,36,5444.09,SP,0.5003,MEDIUM
108496,22,7591.49,MG,0.1261,LOW
108497,69,1673.87,SC,0.4806,MEDIUM
108498,30,6153.23,RJ,0.8853,HIGH
108499,51,7000.5,SP,0.4199,MEDIUM
108500,61,3061.51,RJ,0.5941,MEDIUM
108501,34,14836.92,SC,0.6219,MEDIUM
108502,38,4615.09,PE,0.149,LOW
108503,35,1466.03,SP,0.8268,HIGH
108504,28,5043.47,PE,0.2765,LOW
108505,28,2972.94,MG,0.6949,HIGH
108506,30,7346.93,SC,0.0348,LOW
108507,43,5463.54,BA,0.2527,LOW
108508,47,3152.14,PR,0.6413,MEDIUM
108509,21,8638.78,SP,0.0372,LOW
108510,63,6593.08,SP,0.3882,MEDIUM
108511,54,2822.67,BA,0.3574,MEDIUM
108512,24,3904.4,PR,0.1565,LOW
108513,63,5382.78,RJ,0.4651,MEDIUM
108514,22,3526.26,PR,0.2733,LOW
108515,49,3577.17,SP,0.3738,MEDIUM
108516,44,4274.69,SP,0.4309,MEDIUM
108517,46,2518.09,BA,0.1158,LOW
108518,68,1438.15,RJ,0.5036,MEDIUM
108519,67,4710.85,SP,0.1141,LOW
108520,34,1616.74,RJ,0.9104,HIGH
108521,49,2607.59,PE,0.0372,LOW
108522,68,1794.5,SP,0.1763,LOW
108523,57,1903.76,SP,0.1081,LOW
108524,65,5153.8,RJ,0.6742,HIGH
108525,42,3774.91,SP,0.3403,LOW
108526,35,3710.08,SP,0.197,LOW
108527,46,2233.24,SP,0.1436,LOW
108528,61,3065.7,SP,0.4186,MEDIUM
108529,67,5031.83,SC,0.8036,HIGH
108530,55,4096.29,SP,0.4651,MEDIUM
108531,56,6233.69,RJ,0.6476,MEDIUM
108532,46,6674.73,SC,0.106,LOW
108533,36,3721.1,SP,0.3545,MEDIUM
108534,42,1726.34,SP,0.6656,HIGH
108535,45,2920.91,PE,0.6783,HIGH
108536,61,4007.6,PR,0.5006,MEDIUM
108537,48,2893.22,SC,0.5502,MEDIUM
108538,60,2531.63,MG,0.2597,LOW
108539,22,4343.0,PE,0.3517,MEDIUM
108540,58,13485.7,SP,0.801,HIGH
108541,46,3322.62,SP,0.4386,MEDIUM
108542,70,4194.35,BA,0.5516,MEDIUM
108543,44,2237.38,SP,0.3906,MEDIUM
108544,44,7628.7,PR,0.0775,LOW
108545,27,6391.45,SP,0.5205,MEDIUM
108546,61,6183.21,RJ,0.2307,LOW
108547,56,8067.04,SC,0.5597,MEDIUM
108548,64,3421.09,PR,0.5565,MEDIUM
108549,25,3632.51,PR,0.0812,LOW
108550,31,9543.17,SP,0.4389,MEDIUM
108551,64,5690.48,SP,0.3244,LOW
108552,23,1447.53,RS,0.6726,HIGH
108553,46,5224.71,SP,0.5594,MEDIUM
108554,41,3176.78,PR,0.5814,MEDIUM
108555,67,6463.73,MG,0.1601,LOW
108556,63,5109.06,RJ,0.4709,MEDIUM
108557,65,1821.43,RJ,0.4465,MEDIUM
108558,35,4778.48,BA,0.5473,MEDIUM
108559,50,4646.83,RJ,0.2378,LOW
108560,56,5000.54,SP,0.0976,LOW
108561,69,5536.37,PE,0.5863,MEDIUM
108562,21,8611.93,SP,0.4211,MEDIUM
108563,69,5123.06,BA,0.5313,MEDIUM
108564,38,4246.42,SP,0.8256,HIGH
108565,27,7287.12,RJ,0.6263,MEDIUM
108566,51,12324.63,MG,0.3417,LOW
108567,60,6516.38,SP,0.3232,LOW
108568,27,4636.98,RS,0.4713,MEDIUM
108569,23,5169.1,SP,0.4427,MEDIUM
108570,65,4749.24,PR,0.5832,MEDIUM
108571,67,4237.5,BA,0.0977,LOW
108572,28,11874.18,PR,0.2896,LOW
108573,66,2931.57,MG,0.6237,MEDIUM
108574,66,7311.43,RJ,0.5777,MEDIUM
108575,70,3953.78,SP,0.6821,HIGH
108576,31,2063.66,PE,0.2785,LOW
108577,49,3837.0,PR,0.5037,MEDIUM
108578,70,3230.48,SC,0.3689,MEDIUM
108579,66,5541.81,MG,0.3801,MEDIUM
108580,51,4388.15,RJ,0.7509,HIGH
108581,30,2571.56,SP,0.1437,LOW
108582,25,8509.37,SP,0.6169,MEDIUM
108583,33,7087.61,MG,0.6527,HIGH
108584,24,8992.5,SP,0.2383,LOW
108585,30,4705.95,SP,0.1844,LOW
108586,24,4128.58,PR,0.1057,LOW
108587,59,5887.28,MG,0.3052,LOW
108588,50,3183.23,MG,0.3229,LOW
108589,46,4470.56,RS,0.1715,LOW
108590,61,3860.35,PR,0.6142,MEDIUM
108591,41,2082.96,SP,0.668,HIGH
108592,41,4464.97,RS,0.1361,LOW
108593,31,3398.79,MG,0.185,LOW
108594,43,3738.41,MG,0.7467,HIGH
108595,29,5001.32,PE,0.3768,MEDIUM
108596,50,7736.12,SP,0.2938,LOW
108597,70,2794.56,PR,0.3602,MEDIUM
108598,47,3573.47,SP,0.3697,MEDIUM
108599,35,2909.1,SP,0.7173,HIGH
108600,55,2819.61,MG,0.0416,LOW
108601,62,3157.22,SP,0.6497,MEDIUM
108602,44,3822.06,SP,0.7246,HIGH
108603,33,5563.92,MG,0.3338,LOW
108604,56,4898.35,RJ,0.6168,MEDIUM
108605,30,2528.92,MG,0.5856,MEDIUM
108606,70,7816.85,SP,0.3185,LOW
108607,36,6608.8,RJ,0.8388,HIGH
108608,38,2725.13,MG,0.4709,MEDIUM
108609,57,7558.39,MG,0.2368,LOW
108610,21,4913.64,RS,0.1334,LOW
108611,31,3896.14,PE,0.7539,HIGH
108612,27,4987.64,SP,0.5699,MEDIUM
108613,40,4148.37,RJ,0.6184,MEDIUM
108614,48,5456.03,BA,0.4264,MEDIUM
108615,29,4595.13,PR,0.4872,MEDIUM
108616,38,3571.98,PE,0.3871,MEDIUM
108617,59,1588.34,RS,0.3064,LOW
108618,67,5409.37,RS,0.4003,MEDIUM
108619,21,3510.4,SP,0.2396,LOW
108620,52,6101.28,SP,0.1638,LOW
108621,22,5292.49,PR,0.5224,MEDIUM
108622,47,3554.47,MG,0.7704,HIGH
108623,64,6862.82,RS,0.668,HIGH
108624,60,4633.94,PE,0.6683,HIGH
108625,32,4543.21,SP,0.4317,MEDIUM
108626,33,3930.6,MG,0.5283,MEDIUM
108627,60,9423.36,BA,0.2046,LOW
108628,61,2982.36,BA,0.4706,MEDIUM
108629,35,3597.36,BA,0.852,HIGH
108630,21,2319.06,PR,0.5718,MEDIUM
108631,43,5953.12,PE,0.3465,LOW
108632,51,3176.1,RJ,0.2707,LOW
108633,43,3351.7,SP,0.3269,LOW
108634,67,3277.09,SP,0.5181,MEDIUM
108635,61,4328.37,MG,0.5788,MEDIUM
108636,60,2304.17,BA,0.4511,MEDIUM
108637,22,1430.93,MG,0.5799,MEDIUM
108638,63,5231.94,PR,0.2546,LOW
108639,58,1522.84,RJ,0.4754,MEDIUM
108640,40,6328.55,RS,0.45,MEDIUM
108641,50,8874.46,SP,0.0499,LOW
108642,62,3881.64,MG,0.3759,MEDIUM
108643,66,7836.88,SP,0.5787,MEDIUM
108644,48,4151.38,MG,0.749,HIGH
108645,23,9049.6,MG,0.5242,MEDIUM
108646,51,3374.0,PR,0.2111,LOW
108647,55,1400.0,MG,0.2217,LOW
108648,23,4041.95,PE,0.3691,MEDIUM
108649,61,9534.41,PE,0.4042,MEDIUM
108650,31,5429.62,SP,0.2533,LOW
108651,65,3279.63,SP,0.3715,MEDIUM
108652,48,4918.27,SP,0.4759,MEDIUM
108653,37,6694.09,SP,0.4951,MEDIUM
108654,23,4030.9,SP,0.2751,LOW
108655,21,14816.65,PE,0.1775,LOW
108656,58,3276.33,PE,0.3033,LOW
108657,39,6795.7,SP,0.3962,MEDIUM
108658,63,6054.58,RS,0.0891,LOW
108659,32,3001.67,BA,0.3567,MEDIUM
108660,67,3425.86,RJ,0.3901,MEDIUM
108661,68,6846.73,BA,0.1291,LOW
108662,26,4502.27,PE,0.8492,HIGH
108663,53,4939.97,PE,0.4469,MEDIUM
108664,67,1915.2,RS,0.4244,MEDIUM
108665,37,5754.39,RJ,0.9464,HIGH
108666,24,4821.03,SP,0.7323,HIGH
108667,64,4073.11,PE,0.685,HIGH
108668,44,4994.38,SP,0.7075,HIGH
108669,22,3450.99,MG,0.1335,LOW
108670,63,3161.26,SP,0.3905,MEDIUM
108671,54,3739.6,MG,0.1376,LOW
108672,24,3361.1,SP,0.4215,MEDIUM
108673,33,11962.04,BA,0.1853,LOW
108674,21,6506.38,MG,0.8209,HIGH
108675,68,2638.52,RJ,0.8813,HIGH
108676,22,11161.9,RJ,0.4635,MEDIUM
108677,60,3412.05,PR,0.3146,LOW
108678,46,4259.8,RS,0.4123,MEDIUM
108679,50,6461.39,PE,0.4037,MEDIUM
108680,61,1631.48,BA,0.5018,MEDIUM
108681,65,3748.34,MG,0.2693,LOW
108682,27,3189.56,BA,0.4877,MEDIUM
108683,21,4634.48,MG,0.2492,LOW
108684,27,5016.38,SC,0.5587,MEDIUM
108685,55,4047.1,SC,0.4223,MEDIUM
108686,49,3957.98,RJ,0.3118,LOW
108687,25,7003.06,MG,0.4018,MEDIUM
108688,32,4853.97,SC,0.3741,MEDIUM
108689,47,4284.35,RJ,0.7674,HIGH
108690,57,4508.94,RS,0.7326,HIGH
108691,38,10138.21,RJ,0.4609,MEDIUM
108692,68,4562.94,PR,0.5679,MEDIUM
108693,70,3281.0,BA,0.6087,MEDIUM
108694,59,1679.95,SP,0.1853,LOW
108695,43,2110.23,SP,0.4634,MEDIUM
108696,64,3356.54,PR,0.7119,HIGH
108697,57,3987.1,SP,0.0852,LOW
108698,46,3216.8,SP,0.4738,MEDIUM
108699,43,4971.06,RS,0.2477,LOW
108700,62,3196.96,SP,0.3605,MEDIUM
108701,48,2707.78,PR,0.4978,MEDIUM
108702,30,5635.88,SP,0.2221,LOW
108703,70,8104.29,SP,0.4172,MEDIUM
108704,24,2468.58,RJ,0.2681,LOW
108705,55,4721.22,PE,0.3848,MEDIUM
108706,53,1683.18,PR,0.2254,LOW
108707,50,2069.5,RJ,0.4428,MEDIUM
108708,23,3166.03,RJ,0.5616,MEDIUM
108709,45,7241.6,PR,0.356,MEDIUM
108710,65,2890.14,PR,0.0898,LOW
108711,32,2838.73,SP,0.4184,MEDIUM
108712,55,4273.39,SP,0.478,MEDIUM
108713,63,4275.43,MG,0.6487,MEDIUM
108714,68,2881.24,SC,0.8428,HIGH
108715,46,10896.82,BA,0.2723,LOW
108716,36,3697.7,PR,0.1913,LOW
108717,55,4435.34,SC,0.4398,MEDIUM
108718,45,3463.33,MG,0.3701,MEDIUM
108719,52,5187.6,PR,0.0934,LOW
108720,58,7597.84,SC,0.3339,LOW
108721,56,9333.81,SP,0.3029,LOW
108722,33,2913.04,PE,0.394,MEDIUM
108723,58,7123.98,RJ,0.5133,MEDIUM
108724,48,5468.1,PR,0.746,HIGH
108725,67,6705.06,PR,0.3163,LOW
108726,53,4018.8,BA,0.5874,MEDIUM
108727,65,3839.36,SP,0.4352,MEDIUM
108728,69,6581.27,PE,0.551,MEDIUM
108729,70,6641.49,SP,0.0502,LOW
108730,58,8905.16,SP,0.0954,LOW
108731,50,4619.97,BA,0.5053,MEDIUM
108732,26,3989.9,SP,0.4442,MEDIUM
108733,40,1400.0,PR,0.3811,MEDIUM
108734,44,1938.04,MG,0.4872,MEDIUM
108735,60,3475.87,PE,0.283,LOW
108736,50,2475.83,RS,0.6581,HIGH
108737,42,6208.18,RJ,0.1963,LOW
108738,28,2239.55,BA,0.2435,LOW
108739,56,3301.77,SP,0.261,LOW
108740,42,3364.61,PR,0.7417,HIGH
108741,22,7488.45,RS,0.6849,HIGH
108742,35,3136.57,SC,0.6544,HIGH
108743,64,5218.67,SC,0.572,MEDIUM
108744,26,4613.67,BA,0.3476,LOW
108745,41,6479.63,PR,0.3715,MEDIUM
108746,46,6316.64,PE,0.1693,LOW
108747,25,4133.12,SP,0.1023,LOW
108748,29,1860.53,RJ,0.4072,MEDIUM
108749,68,3757.86,RS,0.4694,MEDIUM
108750,50,4159.96,RJ,0.7615,HIGH
108751,31,4818.05,MG,0.09,LOW
108752,29,2947.8,RS,0.3933,MEDIUM
108753,42,7262.45,PR,0.1822,LOW
108754,57,4227.55,SP,0.2932,LOW
108755,57,2699.98,SP,0.4219,MEDIUM
108756,30,3370.75,RJ,0.5002,MEDIUM
108757,57,10599.27,RJ,0.2039,LOW
108758,65,5777.59,SP,0.5041,MEDIUM
108759,32,6947.23,BA,0.4315,MEDIUM
108760,22,2547.53,SP,0.4173,MEDIUM
108761,68,3017.55,BA,0.2178,LOW
108762,47,3028.3,PE,0.2357,LOW
108763,59,4588.69,RJ,0.4133,MEDIUM
108764,37,3863.46,PE,0.3403,LOW
108765,35,3320.54,SP,0.3573,MEDIUM
108766,32,3526.59,SC,0.3796,MEDIUM
108767,31,2868.95,PE,0.2972,LOW
108768,44,3852.65,BA,0.4739,MEDIUM
108769,26,7166.58,SP,0.3753,MEDIUM
108770,63,2031.51,SP,0.4114,MEDIUM
108771,46,4959.95,SP,0.2818,LOW
108772,66,8146.02,PE,0.239,LOW
108773,46,3846.47,SP,0.6387,MEDIUM
108774,36,3258.36,MG,0.6767,HIGH
108775,46,6545.09,RJ,0.2371,LOW
108776,28,2618.65,RJ,0.3154,LOW
108777,62,4154.5,RJ,0.6598,HIGH
108778,57,2549.66,RJ,0.4472,MEDIUM
108779,28,1711.61,PR,0.6639,HIGH
108780,50,3904.51,MG,0.3248,LOW
108781,47,2290.24,MG,0.6349,MEDIUM
108782,31,4176.54,MG,0.3055,LOW
108783,27,7172.82,RJ,0.5078,MEDIUM
108784,59,10227.98,RS,0.4727,MEDIUM
108785,34,4392.85,MG,0.6868,HIGH
108786,46,6850.41,MG,0.7387,HIGH
108787,33,5086.48,SP,0.4084,MEDIUM
108788,53,3494.5,SP,0.1774,LOW
108789,23,1667.28,BA,0.7869,HIGH
108790,38,9168.75,BA,0.124,LOW
108791,48,2538.35,SP,0.4585,MEDIUM
108792,42,8156.5,RJ,0.3247,LOW
108793,51,5434.42,RJ,0.4319,MEDIUM
108794,30,2628.99,SC,0.2497,LOW
108795,43,4878.53,SP,0.4506,MEDIUM
108796,58,11691.73,PE,0.4892,MEDIUM
108797,37,8777.55,SP,0.5276,MEDIUM
108798,28,3283.74,PE,0.612,MEDIUM
108799,63,2984.21,SP,0.2645,LOW
108800,59,4406.96,RJ,0.8608,HIGH
108801,55,3879.23,SP,0.555,MEDIUM
108802,60,7470.47,SP,0.2625,LOW
108803,59,5989.98,PE,0.5783,MEDIUM
108804,58,1864.16,MG,0.0692,LOW
108805,46,5234.38,SP,0.4439,MEDIUM
108806,21,3854.04,PE,0.7387,HIGH
108807,50,4275.48,SP,0.1177,LOW
108808,34,4733.08,SP,0.4255,MEDIUM
108809,59,7466.86,SP,0.5691,MEDIUM
108810,44,6715.55,MG,0.1534,LOW
108811,66,2930.6,PE,0.2368,LOW
108812,50,4083.48,SP,0.2854,LOW
108813,48,3386.49,RS,0.1165,LOW
108814,66,1873.48,SP,0.5592,MEDIUM
108815,44,3985.2,SP,0.2521,LOW
108816,39,10181.44,SC,0.4157,MEDIUM
108817,39,1846.52,RS,0.102,LOW
108818,64,4151.77,PR,0.4715,MEDIUM
108819,58,4088.34,SP,0.1546,LOW
108820,29,4822.04,SP,0.8325,HIGH
108821,45,2645.81,RS,0.2435,LOW
108822,39,2119.18,PR,0.5597,MEDIUM
108823,53,2167.03,MG,0.3689,MEDIUM
108824,23,7956.05,SP,0.5695,MEDIUM
108825,56,2620.58,RS,0.6594,HIGH
108826,58,3304.53,SP,0.1394,LOW
108827,32,11534.1,SC,0.2021,LOW
108828,28,2952.47,SC,0.2576,LOW
108829,52,4950.24,SP,0.2866,LOW
108830,33,6998.63,MG,0.4266,MEDIUM
108831,68,6838.92,MG,0.4507,MEDIUM
108832,59,2216.5,PR,0.5756,MEDIUM
108833,68,2982.24,PE,0.7259,HIGH
108834,47,4856.02,PR,0.3831,MEDIUM
108835,67,10601.68,SP,0.0436,LOW
108836,21,2914.1,RJ,0.3527,MEDIUM
108837,35,3313.98,PR,0.6269,MEDIUM
108838,21,5137.06,RJ,0.1727,LOW
108839,54,5654.89,RS,0.3631,MEDIUM
108840,46,5821.78,SP,0.2812,LOW
108841,35,2797.8,SP,0.4619,MEDIUM
108842,36,3253.4,SP,0.6012,MEDIUM
108843,53,4657.72,BA,0.4573,MEDIUM
108844,30,7698.26,SC,0.7227,HIGH
108845,46,3745.71,MG,0.2712,LOW
108846,51,4155.28,RJ,0.5483,MEDIUM
108847,32,2566.75,PE,0.1156,LOW
108848,32,10272.12,PE,0.307,LOW
108849,38,4522.8,RJ,0.0681,LOW
108850,50,7045.62,RS,0.303,LOW
108851,33,4260.71,PE,0.1302,LOW
108852,39,4375.46,RJ,0.8186,HIGH
108853,48,2044.06,RJ,0.5007,MEDIUM
108854,30,1495.89,PR,0.4533,MEDIUM
108855,49,7659.9,RJ,0.154,LOW
108856,27,4360.35,RS,0.6011,MEDIUM
108857,28,4637.47,PR,0.4266,MEDIUM
108858,32,2306.06,SP,0.6974,HIGH
108859,35,2722.67,RJ,0.4294,MEDIUM
108860,22,6993.56,SC,0.3092,LOW
108861,69,9682.82,SP,0.4838,MEDIUM
108862,36,3117.01,RJ,0.2025,LOW
108863,61,5797.32,SP,0.3708,MEDIUM
108864,66,4601.11,BA,0.5619,MEDIUM
108865,61,3963.91,SP,0.4691,MEDIUM
108866,62,10216.71,SP,0.3682,MEDIUM
108867,26,3378.89,RS,0.322,LOW
108868,39,7618.86,SP,0.3266,LOW
108869,58,5043.84,SC,0.5581,MEDIUM
108870,49,4166.09,RJ,0.2934,LOW
108871,21,8114.5,BA,0.2014,LOW
108872,49,4827.6,SP,0.3546,MEDIUM
108873,61,4010.03,SP,0.2729,LOW
108874,62,8143.47,SP,0.5028,MEDIUM
108875,40,7650.19,PE,0.7683,HIGH
108876,32,7478.46,BA,0.2841,LOW
108877,36,1400.0,SP,0.4561,MEDIUM
108878,35,5188.11,SP,0.6985,HIGH
108879,38,4650.16,SP,0.3182,LOW
108880,36,4130.3,SP,0.5621,MEDIUM
108881,43,5628.14,SP,0.5407,MEDIUM
108882,23,4759.54,PE,0.4082,MEDIUM
108883,34,5814.95,SP,0.5815,MEDIUM
108884,36,3693.09,PE,0.8451,HIGH
108885,28,8621.09,SP,0.3429,LOW
108886,64,6104.2,BA,0.456,MEDIUM
108887,54,5449.36,MG,0.2552,LOW
108888,66,5323.14,SP,0.0339,LOW
108889,49,7319.77,BA,0.529,MEDIUM
108890,26,6858.54,SP,0.3852,MEDIUM
108891,66,3978.7,BA,0.1362,LOW
108892,43,6756.02,RS,0.7828,HIGH
108893,55,4565.96,PE,0.6363,MEDIUM
108894,40,10540.34,BA,0.1924,LOW
108895,45,7113.5,SP,0.5858,MEDIUM
108896,45,3110.53,RJ,0.4871,MEDIUM
108897,35,12856.19,SC,0.5275,MEDIUM
108898,48,1531.28,RJ,0.3159,LOW
108899,57,5703.13,PR,0.3458,LOW
108900,22,3006.83,SP,0.2185,LOW
108901,27,10366.0,SC,0.1187,LOW
108902,63,4741.87,RJ,0.2468,LOW
108903,49,2869.28,SP,0.6292,MEDIUM
108904,69,3695.69,PE,0.3314,LOW
108905,51,2981.41,BA,0.6754,HIGH
108906,53,3626.66,RJ,0.4533,MEDIUM
108907,65,3587.06,SP,0.2393,LOW
108908,54,2928.62,RS,0.4616,MEDIUM
108909,37,4781.31,SP,0.3895,MEDIUM
108910,47,5067.62,PR,0.2727,LOW
108911,32,2603.5,RS,0.411,MEDIUM
108912,37,1894.8,SP,0.4096,MEDIUM
108913,55,4876.09,SP,0.182,LOW
108914,28,5421.68,SP,0.5663,MEDIUM
108915,54,5963.09,RJ,0.7037,HIGH
108916,50,5472.02,PR,0.2167,LOW
108917,36,8935.11,SP,0.6508,HIGH
108918,23,6777.97,PE,0.2585,LOW
108919,56,15201.62,RS,0.3391,LOW
108920,62,18604.35,SP,0.3809,MEDIUM
108921,57,1806.15,PR,0.2276,LOW
108922,42,1462.95,RJ,0.5175,MEDIUM
108923,53,4185.13,RJ,0.8257,HIGH
108924,41,5350.1,PR,0.2551,LOW
108925,38,4049.77,SP,0.3091,LOW
108926,37,5887.33,SP,0.421,MEDIUM
108927,31,3689.05,SP,0.3368,LOW
108928,69,3010.14,SP,0.2962,LOW
108929,54,3236.51,SC,0.3669,MEDIUM
108930,29,3815.24,PE,0.5771,MEDIUM
108931,64,6296.35,SC,0.2996,LOW
108932,28,3324.93,PE,0.3113,LOW
108933,50,3656.04,PR,0.5696,MEDIUM
108934,29,5522.27,SP,0.0752,LOW
108935,39,3817.75,BA,0.1978,LOW
108936,53,7178.61,SP,0.1452,LOW
108937,70,2701.27,SP,0.2578,LOW
108938,70,2434.23,PE,0.6562,HIGH
108939,65,4861.3,SC,0.5564,MEDIUM
108940,32,5099.5,PE,0.4818,MEDIUM
108941,25,2772.93,SP,0.5483,MEDIUM
108942,66,8004.55,RS,0.0961,LOW
108943,67,10580.94,SP,0.7105,HIGH
108944,34,3107.18,RJ,0.6878,HIGH
108945,21,8576.18,PE,0.2756,LOW
108946,53,1400.0,RJ,0.6722,HIGH
108947,24,7040.07,SC,0.1552,LOW
108948,23,2782.52,PE,0.5907,MEDIUM
108949,67,6710.0,BA,0.3788,MEDIUM
108950,45,2647.65,SP,0.6477,MEDIUM
108951,26,4064.17,SP,0.4781,MEDIUM
108952,53,2846.9,PE,0.7822,HIGH
108953,39,3790.21,PR,0.319,LOW
108954,47,10109.22,MG,0.6415,MEDIUM
108955,65,3987.94,SP,0.1206,LOW
108956,32,11565.53,SP,0.3661,MEDIUM
108957,53,3489.97,PE,0.3694,MEDIUM
108958,62,8594.58,MG,0.3368,LOW
108959,42,1924.67,RS,0.3893,MEDIUM
108960,69,3660.36,SP,0.5523,MEDIUM
108961,43,3247.07,SP,0.5472,MEDIUM
108962,43,8786.21,PR,0.6795,HIGH
108963,65,4590.57,BA,0.3235,LOW
108964,52,1541.57,SP,0.2276,LOW
108965,64,2239.43,RJ,0.0658,LOW
108966,60,2583.14,PR,0.6982,HIGH
108967,56,6576.01,SP,0.5381,MEDIUM
108968,33,6181.05,RJ,0.2085,LOW
108969,40,3636.03,PR,0.2153,LOW
108970,64,3227.8,SP,0.6465,MEDIUM
108971,51,5923.64,SC,0.375,MEDIUM
108972,35,2442.23,SP,0.4338,MEDIUM
108973,37,5231.85,RS,0.4558,MEDIUM
108974,59,5022.33,BA,0.5728,MEDIUM
108975,29,3681.36,BA,0.3639,MEDIUM
108976,26,5083.35,SC,0.1788,LOW
108977,59,4410.95,PR,0.2982,LOW
108978,35,5332.64,RJ,0.4591,MEDIUM
108979,59,2213.81,MG,0.2474,LOW
108980,47,5640.91,SP,0.4028,MEDIUM
108981,70,6874.74,SC,0.4459,MEDIUM
108982,47,4899.54,SP,0.511,MEDIUM
108983,64,5605.05,RJ,0.7667,HIGH
108984,63,3984.15,MG,0.3532,MEDIUM
108985,31,6442.55,SC,0.1632,LOW
108986,70,4333.62,RJ,0.7902,HIGH
108987,58,2420.74,MG,0.157,LOW
108988,26,6226.34,PR,0.5919,MEDIUM
108989,21,1916.87,PE,0.3552,MEDIUM
108990,34,4810.59,SC,0.5367,MEDIUM
108991,21,3492.64,SP,0.8355,HIGH
108992,38,3387.13,BA,0.2921,LOW
108993,70,4561.44,SP,0.2822,LOW
108994,44,2988.07,SP,0.3807,MEDIUM
108995,22,5370.62,SP,0.8315,HIGH
108996,45,4316.08,MG,0.4362,MEDIUM
108997,31,3122.97,SC,0.1691,LOW
108998,63,7983.77,PR,0.3863,MEDIUM
108999,25,4633.81,BA,0.3496,LOW
109000,59,5685.22,PR,0.1848,LOW
109001,43,8289.98,SP,0.7949,HIGH
109002,21,8224.93,PR,0.591,MEDIUM
109003,54,5547.69,RS,0.0754,LOW
109004,43,3632.09,MG,0.3896,MEDIUM
109005,59,2114.52,MG,0.2735,LOW
109006,51,4638.06,MG,0.1882,LOW
109007,60,7102.77,PR,0.2779,LOW
109008,44,4978.63,RJ,0.0818,LOW
109009,21,1400.0,BA,0.3184,LOW
109010,27,6377.11,SP,0.1859,LOW
109011,43,6567.97,SP,0.298,LOW
109012,40,3634.6,RS,0.273,LOW
109013,60,6749.7,BA,0.507,MEDIUM
109014,41,5677.48,SC,0.6758,HIGH
109015,64,3022.37,MG,0.4254,MEDIUM
109016,30,7731.55,PE,0.3342,LOW
109017,40,2285.75,RJ,0.7535,HIGH
109018,58,4086.17,RJ,0.5143,MEDIUM
109019,27,3895.12,PR,0.5179,MEDIUM
109020,37,2826.03,MG,0.71,HIGH
109021,58,4859.35,PR,0.477,MEDIUM
109022,50,7877.9,PE,0.1492,LOW
109023,59,7644.61,SP,0.7925,HIGH
109024,46,5944.36,SP,0.5414,MEDIUM
109025,63,1860.87,MG,0.4531,MEDIUM
109026,64,2211.85,MG,0.8215,HIGH
109027,69,4548.72,RS,0.4398,MEDIUM
109028,27,4131.55,PE,0.2662,LOW
109029,50,3306.88,SC,0.1508,LOW
109030,26,10481.79,PE,0.3314,LOW
109031,32,4418.93,SP,0.2781,LOW
109032,36,5449.06,SP,0.5291,MEDIUM
109033,53,6748.19,RJ,0.6058,MEDIUM
109034,42,4312.27,RS,0.1327,LOW
109035,64,14567.52,SP,0.2042,LOW
109036,35,2674.35,SP,0.1932,LOW
109037,51,3139.83,RJ,0.6336,MEDIUM
109038,59,2671.2,RJ,0.3036,LOW
109039,70,8892.08,SC,0.532,MEDIUM
109040,33,6172.39,PE,0.4073,MEDIUM
109041,57,3234.56,SP,0.5225,MEDIUM
109042,25,2774.37,PR,0.3266,LOW
109043,48,8164.8,SP,0.3785,MEDIUM
109044,41,4996.28,SP,0.4732,MEDIUM
109045,68,8265.46,RJ,0.4728,MEDIUM
109046,59,4080.47,PR,0.4858,MEDIUM
109047,67,5368.89,PR,0.2213,LOW
109048,63,4851.04,SC,0.2094,LOW
109049,41,3112.76,BA,0.8327,HIGH
109050,57,3919.23,SP,0.663,HIGH
109051,22,2378.85,RS,0.6206,MEDIUM
109052,48,5324.16,SC,0.1845,LOW
109053,23,6052.58,SP,0.565,MEDIUM
109054,57,6755.53,RJ,0.6199,MEDIUM
109055,69,5783.6,SP,0.1694,LOW
109056,55,3949.32,SP,0.3464,LOW
109057,62,8846.58,SP,0.7862,HIGH
109058,32,6445.57,SP,0.6856,HIGH
109059,70,8179.14,PE,0.1565,LOW
109060,48,8429.2,PE,0.2102,LOW
109061,54,3954.27,PR,0.7945,HIGH
109062,59,5059.49,RS,0.4593,MEDIUM
109063,52,6091.39,PE,0.1736,LOW
109064,36,2419.34,RJ,0.6131,MEDIUM
109065,51,2445.23,MG,0.3153,LOW
109066,53,2251.09,SC,0.2288,LOW
109067,63,3987.63,PE,0.3628,MEDIUM
109068,45,3579.03,BA,0.6215,MEDIUM
109069,46,2108.47,SP,0.0412,LOW
109070,46,4512.16,RS,0.7879,HIGH
109071,26,4011.59,SP,0.7023,HIGH
109072,25,7407.99,SP,0.4269,MEDIUM
109073,22,11037.68,PR,0.2642,LOW
109074,54,5228.79,SC,0.1136,LOW
109075,41,3006.28,SP,0.1503,LOW
109076,64,5728.84,RJ,0.0523,LOW
109077,56,4218.8,RS,0.8435,HIGH
109078,28,3742.76,SP,0.7685,HIGH
109079,26,2777.4,BA,0.3876,MEDIUM
109080,39,3361.07,MG,0.4721,MEDIUM
109081,67,3856.44,PR,0.333,LOW
109082,23,6178.35,SP,0.2026,LOW
109083,30,5367.58,PE,0.6355,MEDIUM
109084,22,10088.15,PE,0.1361,LOW
109085,41,5805.27,SP,0.1182,LOW
109086,70,5148.71,SC,0.5006,MEDIUM
109087,55,3625.87,BA,0.4043,MEDIUM
109088,45,2552.57,SP,0.1284,LOW
109089,28,3194.84,PR,0.3331,LOW
109090,38,3001.65,BA,0.8001,HIGH
109091,47,1400.0,MG,0.266,LOW
109092,34,2588.14,PE,0.5311,MEDIUM
109093,56,9062.5,SP,0.8398,HIGH
109094,70,5012.89,PE,0.3223,LOW
109095,31,3505.57,PE,0.0353,LOW
109096,33,5085.3,SP,0.407,MEDIUM
109097,27,1644.52,MG,0.2094,LOW
109098,57,4809.01,PR,0.8135,HIGH
109099,44,7754.56,PE,0.6848,HIGH
109100,35,3962.79,SP,0.8817,HIGH
109101,31,1794.15,RJ,0.6469,MEDIUM
109102,24,3443.17,BA,0.3319,LOW
109103,44,7761.15,RJ,0.4587,MEDIUM
109104,55,4755.14,PR,0.3519,MEDIUM
109105,32,2126.11,PR,0.7522,HIGH
109106,21,13086.05,PE,0.18,LOW
109107,44,2300.8,SP,0.6006,MEDIUM
109108,54,3737.74,PE,0.6951,HIGH
109109,38,2552.67,PR,0.6301,MEDIUM
109110,33,2554.36,PE,0.5052,MEDIUM
109111,28,3380.6,SP,0.2692,LOW
109112,58,5699.83,SC,0.6105,MEDIUM
109113,64,7803.24,BA,0.1852,LOW
109114,59,3489.38,RS,0.5505,MEDIUM
109115,46,2586.27,SP,0.2641,LOW
109116,57,5284.78,MG,0.1237,LOW
109117,40,5359.69,SP,0.1791,LOW
109118,22,4713.66,SP,0.1306,LOW
109119,39,4794.36,SC,0.2294,LOW
109120,56,3979.09,PE,0.7768,HIGH
109121,53,4402.61,SC,0.4781,MEDIUM
109122,70,3849.3,SP,0.5729,MEDIUM
109123,70,7020.27,SP,0.0179,LOW
109124,33,12240.44,RJ,0.1919,LOW
109125,21,4578.26,SP,0.3356,LOW
109126,34,4186.77,BA,0.4897,MEDIUM
109127,64,4748.83,SP,0.3006,LOW
109128,61,3062.65,SP,0.2837,LOW
109129,25,6063.42,RS,0.3181,LOW
109130,29,5190.6,SP,0.1609,LOW
109131,49,3432.4,RJ,0.3495,LOW
109132,54,6475.83,MG,0.6584,HIGH
109133,70,4238.46,SP,0.7444,HIGH
109134,58,2636.51,PR,0.3774,MEDIUM
109135,31,4972.16,MG,0.1653,LOW
109136,22,4706.01,SC,0.2477,LOW
109137,52,6659.77,SP,0.2047,LOW
109138,48,6260.29,RJ,0.2847,LOW
109139,67,3985.47,SC,0.5348,MEDIUM
109140,49,3348.4,SP,0.6635,HIGH
109141,46,4203.52,SP,0.4069,MEDIUM
109142,36,5000.17,SP,0.2846,LOW
109143,25,5297.77,SP,0.1251,LOW
109144,64,4853.8,SP,0.5182,MEDIUM
109145,62,4020.95,PE,0.1523,LOW
109146,29,6777.15,MG,0.1426,LOW
109147,56,3038.67,PR,0.1863,LOW
109148,39,13807.31,SP,0.5084,MEDIUM
109149,42,6057.87,SP,0.25,LOW
109150,63,2444.62,RS,0.305,LOW
109151,63,4590.53,RS,0.2775,LOW
109152,30,6085.89,PE,0.4576,MEDIUM
109153,36,3551.56,SP,0.2604,LOW
109154,62,2049.13,SP,0.0705,LOW
109155,66,2550.61,RS,0.317,LOW
109156,24,5448.22,RJ,0.473,MEDIUM
109157,62,1809.17,SP,0.3938,MEDIUM
109158,45,2094.68,RJ,0.7666,HIGH
109159,50,5434.49,SP,0.4094,MEDIUM
109160,24,3774.47,BA,0.3279,LOW
109161,55,3007.5,BA,0.4185,MEDIUM
109162,54,3312.2,SC,0.4531,MEDIUM
109163,54,2073.2,RJ,0.1465,LOW
109164,60,5299.55,RS,0.5429,MEDIUM
109165,68,2851.78,SC,0.0906,LOW
109166,63,3247.62,BA,0.8135,HIGH
109167,58,4960.67,MG,0.0837,LOW
109168,70,3713.23,PE,0.1369,LOW
109169,54,2994.72,SP,0.482,MEDIUM
109170,54,1616.32,PR,0.203,LOW
109171,48,5010.07,BA,0.0644,LOW
109172,59,4362.31,PE,0.6374,MEDIUM
109173,24,3276.38,PE,0.4571,MEDIUM
109174,46,2552.65,RJ,0.5929,MEDIUM
109175,42,4225.81,SC,0.0811,LOW
109176,66,5289.43,SP,0.3277,LOW
109177,24,4401.78,SC,0.2177,LOW
109178,53,9219.82,SP,0.7373,HIGH
109179,30,5890.71,MG,0.3024,LOW
109180,65,3989.19,PE,0.1683,LOW
109181,63,5986.21,BA,0.4519,MEDIUM
109182,32,4299.26,MG,0.0683,LOW
109183,64,4292.1,SP,0.2929,LOW
109184,45,7825.12,RJ,0.2904,LOW
109185,69,2729.22,SP,0.1201,LOW
109186,57,4247.26,SP,0.4374,MEDIUM
109187,22,7434.6,PE,0.0707,LOW
109188,31,4871.49,MG,0.322,LOW
109189,41,3518.16,SP,0.5046,MEDIUM
109190,31,1851.74,RS,0.5042,MEDIUM
109191,27,1412.44,SP,0.3361,LOW
109192,69,11377.66,RJ,0.9153,HIGH
109193,64,4870.37,SP,0.378,MEDIUM
109194,42,3173.16,SP,0.1612,LOW
109195,31,4967.04,PR,0.374,MEDIUM
109196,30,2664.99,RS,0.4858,MEDIUM
109197,66,3582.67,MG,0.5634,MEDIUM
109198,37,2673.62,BA,0.4725,MEDIUM
109199,21,2131.26,PE,0.3454,LOW
109200,40,1529.12,BA,0.6801,HIGH
109201,43,1950.74,PE,0.2794,LOW
109202,52,6857.22,PE,0.3552,MEDIUM
109203,37,2615.31,BA,0.4008,MEDIUM
109204,67,5429.42,SP,0.3041,LOW
109205,53,6647.73,SP,0.4765,MEDIUM
109206,70,4233.56,RS,0.2836,LOW
109207,39,3639.23,BA,0.2323,LOW
109208,53,4476.92,BA,0.5866,MEDIUM
109209,39,3438.75,SC,0.1735,LOW
109210,55,7485.45,BA,0.5264,MEDIUM
109211,58,10337.94,SC,0.5777,MEDIUM
109212,37,8423.24,SC,0.3532,MEDIUM
109213,67,1495.31,SP,0.2576,LOW
109214,63,3405.23,MG,0.6644,HIGH
109215,65,4208.39,SP,0.5805,MEDIUM
109216,31,5245.4,SP,0.6654,HIGH
109217,56,1833.04,PR,0.0728,LOW
109218,26,1818.9,SP,0.2775,LOW
109219,26,7864.38,PE,0.0704,LOW
109220,69,3211.4,MG,0.4458,MEDIUM
109221,28,2056.75,SC,0.506,MEDIUM
109222,64,2472.76,SP,0.3944,MEDIUM
109223,42,5065.8,BA,0.5431,MEDIUM
109224,36,2829.96,MG,0.487,MEDIUM
109225,24,4716.49,PR,0.1223,LOW
109226,54,2625.56,SC,0.4178,MEDIUM
109227,57,1818.24,PR,0.5471,MEDIUM
109228,44,8321.04,PR,0.1995,LOW
109229,61,5084.6,RS,0.5114,MEDIUM
109230,37,3578.29,BA,0.5199,MEDIUM
109231,48,3270.13,RJ,0.2145,LOW
109232,35,8484.46,PE,0.3444,LOW
109233,50,5579.05,RJ,0.3096,LOW
109234,27,7283.09,SP,0.3615,MEDIUM
109235,44,3173.74,RJ,0.878,HIGH
109236,48,4303.4,RJ,0.4966,MEDIUM
109237,48,5094.39,RJ,0.482,MEDIUM
109238,43,3225.38,BA,0.3531,MEDIUM
109239,53,4011.76,PR,0.2728,LOW
109240,46,3173.87,PE,0.4077,MEDIUM
109241,35,5086.72,SP,0.1125,LOW
109242,31,2227.36,PR,0.1074,LOW
109243,53,5526.92,SP,0.6849,HIGH
109244,67,4875.52,MG,0.3265,LOW
109245,58,3809.49,RJ,0.4948,MEDIUM
109246,52,5211.42,SC,0.6809,HIGH
109247,67,3525.12,RS,0.0889,LOW
109248,65,3044.76,SP,0.2759,LOW
109249,46,5452.49,SP,0.2062,LOW
109250,26,5566.97,RJ,0.5591,MEDIUM
109251,52,3292.33,SP,0.3936,MEDIUM
109252,52,3159.52,SC,0.7603,HIGH
109253,34,3846.86,MG,0.131,LOW
109254,63,3222.39,BA,0.3968,MEDIUM
109255,64,8733.29,PE,0.5059,MEDIUM
109256,37,4889.02,RJ,0.6135,MEDIUM
109257,44,4229.54,PE,0.6145,MEDIUM
109258,30,2684.18,RS,0.4969,MEDIUM
109259,29,5988.25,SP,0.548,MEDIUM
109260,34,3131.51,BA,0.4389,MEDIUM
109261,39,3070.27,MG,0.2588,LOW
109262,34,6085.69,SC,0.3395,LOW
109263,28,5058.14,SC,0.2987,LOW
109264,43,1400.0,PE,0.1144,LOW
109265,52,3893.68,RS,0.2487,LOW
109266,37,4460.83,BA,0.4486,MEDIUM
109267,47,3568.26,RJ,0.5303,MEDIUM
109268,34,4536.06,PE,0.2072,LOW
109269,56,1761.97,SC,0.6883,HIGH
109270,53,1400.0,RS,0.3209,LOW
109271,69,2629.67,BA,0.2015,LOW
109272,23,4809.36,SP,0.3387,LOW
109273,63,1400.0,RJ,0.564,MEDIUM
109274,38,2801.58,BA,0.1844,LOW
109275,24,1668.89,PE,0.2463,LOW
109276,55,3738.28,RS,0.2653,LOW
109277,29,10749.68,MG,0.3811,MEDIUM
109278,29,3784.22,SP,0.2799,LOW
109279,69,3988.77,MG,0.6963,HIGH
109280,32,6283.43,RJ,0.2511,LOW
109281,48,4243.17,PE,0.2552,LOW
109282,31,3788.19,PR,0.278,LOW
109283,27,6552.68,RJ,0.0715,LOW
109284,21,5267.68,MG,0.2207,LOW
109285,21,4824.1,PE,0.4333,MEDIUM
109286,44,3929.33,PR,0.3594,MEDIUM
109287,42,3557.2,SP,0.4191,MEDIUM
109288,22,6522.95,MG,0.1294,LOW
109289,38,3573.63,MG,0.6671,HIGH
109290,34,7584.34,RJ,0.0513,LOW
109291,49,2540.74,RS,0.5551,MEDIUM
109292,70,8358.68,SP,0.8519,HIGH
109293,55,5268.07,MG,0.2872,LOW
109294,66,2638.44,MG,0.5996,MEDIUM
109295,30,5362.31,MG,0.2207,LOW
109296,31,3073.88,PR,0.5085,MEDIUM
109297,58,4267.93,SC,0.5176,MEDIUM
109298,36,3325.11,SP,0.3904,MEDIUM
109299,63,3940.42,SP,0.616,MEDIUM
109300,44,6599.35,RS,0.6126,MEDIUM
109301,31,5386.9,PE,0.2461,LOW
109302,63,2447.11,SP,0.4322,MEDIUM
109303,48,2515.32,SP,0.0537,LOW
109304,61,4782.95,PE,0.2596,LOW
109305,43,4952.11,SP,0.6096,MEDIUM
109306,27,3038.46,PE,0.6417,MEDIUM
109307,55,9015.24,BA,0.4387,MEDIUM
109308,27,6206.28,SP,0.7345,HIGH
109309,54,3110.58,SP,0.3411,LOW
109310,41,2969.52,PE,0.5289,MEDIUM
109311,60,3764.95,SP,0.3723,MEDIUM
109312,64,3581.55,PR,0.4594,MEDIUM
109313,41,7675.55,SP,0.486,MEDIUM
109314,65,6737.28,PR,0.2733,LOW
109315,26,4271.3,BA,0.6024,MEDIUM
109316,26,5815.22,SC,0.5369,MEDIUM
109317,70,6234.59,SP,0.6864,HIGH
109318,49,4319.11,PR,0.2092,LOW
109319,43,5095.42,SC,0.685,HIGH
109320,28,5586.17,SP,0.7888,HIGH
109321,35,5307.58,RS,0.2674,LOW
109322,55,2890.01,PR,0.3103,LOW
109323,62,3033.7,SP,0.6631,HIGH
109324,66,3656.69,PE,0.2632,LOW
109325,41,2991.83,MG,0.5207,MEDIUM
109326,43,2070.93,SP,0.0476,LOW
109327,29,5809.77,SP,0.2569,LOW
109328,25,4959.78,RJ,0.2162,LOW
109329,42,2208.22,RJ,0.1819,LOW
109330,49,3741.34,SP,0.4586,MEDIUM
109331,26,3844.44,BA,0.2113,LOW
109332,41,4583.29,SC,0.4797,MEDIUM
109333,53,2498.68,SP,0.6685,HIGH
109334,61,2192.77,SC,0.4032,MEDIUM
109335,67,5390.04,RS,0.5805,MEDIUM
109336,38,2011.3,MG,0.4641,MEDIUM
109337,40,3756.19,PE,0.4926,MEDIUM
109338,64,3591.49,SP,0.374,MEDIUM
109339,55,3958.67,SP,0.7019,HIGH
109340,34,4741.67,SP,0.21,LOW
109341,55,9046.69,RJ,0.2596,LOW
109342,28,1949.02,MG,0.155,LOW
109343,43,6397.09,SP,0.6993,HIGH
109344,36,1400.0,PR,0.3386,LOW
109345,70,8199.44,PE,0.5997,MEDIUM
109346,22,1575.4,BA,0.586,MEDIUM
109347,63,13525.19,SC,0.3217,LOW
109348,35,3483.36,SC,0.2724,LOW
109349,22,7802.69,RS,0.145,LOW
109350,54,7067.31,MG,0.6375,MEDIUM
109351,54,3406.11,RJ,0.387,MEDIUM
109352,28,3533.91,RJ,0.2151,LOW
109353,22,2810.18,SP,0.2016,LOW
109354,26,6128.94,PR,0.2002,LOW
109355,41,3427.46,MG,0.3312,LOW
109356,27,2834.8,SP,0.5848,MEDIUM
109357,56,5435.64,SP,0.4836,MEDIUM
109358,24,2730.38,RS,0.3784,MEDIUM
109359,60,3586.49,SP,0.0662,LOW
109360,64,4421.57,MG,0.8654,HIGH
109361,56,3085.51,SP,0.3594,MEDIUM
109362,68,3317.27,SP,0.6711,HIGH
109363,67,8774.73,RS,0.5437,MEDIUM
109364,23,3807.8,SP,0.197,LOW
109365,38,3534.12,SP,0.6786,HIGH
109366,59,3861.38,PE,0.3666,MEDIUM
109367,37,5223.79,MG,0.1678,LOW
109368,57,2556.99,PR,0.2879,LOW
109369,59,5155.93,SC,0.5201,MEDIUM
109370,70,4748.73,SP,0.4578,MEDIUM
109371,37,1779.85,RJ,0.5476,MEDIUM
109372,38,9937.62,RJ,0.2116,LOW
109373,22,8467.84,SP,0.6699,HIGH
109374,35,2859.98,SP,0.4463,MEDIUM
109375,35,2450.57,PR,0.3472,LOW
109376,43,4685.86,SP,0.14,LOW
109377,42,2118.42,SP,0.2401,LOW
109378,63,8084.43,PR,0.1261,LOW
109379,59,3354.25,MG,0.7284,HIGH
109380,57,9148.15,PR,0.3629,MEDIUM
109381,21,2827.44,SP,0.2911,LOW
109382,44,3979.78,SC,0.8232,HIGH
109383,57,7716.39,BA,0.2874,LOW
109384,33,3596.39,MG,0.5036,MEDIUM
109385,42,4785.97,BA,0.8241,HIGH
109386,57,7096.21,RJ,0.2765,LOW
109387,60,3216.14,SP,0.0899,LOW
109388,63,2292.06,RJ,0.1939,LOW
109389,42,2085.28,MG,0.0941,LOW
109390,40,5557.41,BA,0.6427,MEDIUM
109391,40,5061.68,RJ,0.1894,LOW
109392,54,6991.41,RJ,0.4586,MEDIUM
109393,41,3682.32,PE,0.1039,LOW
109394,41,2113.47,SP,0.4345,MEDIUM
109395,29,1400.0,SC,0.6202,MEDIUM
109396,44,16638.29,RJ,0.1178,LOW
109397,32,5408.69,PE,0.0507,LOW
109398,47,4485.03,SP,0.3301,LOW
109399,65,4801.04,RS,0.1847,LOW
109400,59,2112.86,PR,0.5489,MEDIUM
109401,44,2867.8,PE,0.3186,LOW
109402,69,9697.64,PE,0.261,LOW
109403,70,5760.89,BA,0.4426,MEDIUM
109404,43,2911.18,SP,0.3994,MEDIUM
109405,59,2330.8,MG,0.2328,LOW
109406,38,3279.04,BA,0.3635,MEDIUM
109407,64,3609.89,SC,0.2218,LOW
109408,39,11230.96,BA,0.6662,HIGH
109409,33,3837.1,BA,0.2539,LOW
109410,27,2372.87,RJ,0.0935,LOW
109411,63,4083.5,SP,0.4821,MEDIUM
109412,35,4768.19,RJ,0.1517,LOW
109413,61,2271.46,SC,0.6062,MEDIUM
109414,25,5094.31,MG,0.3592,MEDIUM
109415,46,7503.46,SP,0.0162,LOW
109416,42,4489.08,RS,0.3771,MEDIUM
109417,42,2864.78,SP,0.255,LOW
109418,29,3258.37,RJ,0.1347,LOW
109419,24,1894.29,MG,0.6129,MEDIUM
109420,38,3938.67,MG,0.5532,MEDIUM
109421,44,4875.68,SP,0.8365,HIGH
109422,60,2731.09,RS,0.2755,LOW
109423,44,10656.19,BA,0.0647,LOW
109424,33,6143.4,SC,0.6864,HIGH
109425,34,1776.33,PE,0.5227,MEDIUM
109426,51,1793.91,SP,0.3795,MEDIUM
109427,42,2618.9,SP,0.2922,LOW
109428,66,8937.12,SP,0.1161,LOW
109429,42,6441.28,RS,0.8186,HIGH
109430,49,9156.52,SP,0.0985,LOW
109431,24,4220.63,PE,0.3379,LOW
109432,30,3798.21,PR,0.3394,LOW
109433,63,2307.77,BA,0.638,MEDIUM
109434,38,4967.58,MG,0.6168,MEDIUM
109435,42,3822.57,RS,0.506,MEDIUM
109436,50,3752.57,MG,0.3224,LOW
109437,23,9131.67,PR,0.8345,HIGH
109438,46,3952.86,RS,0.4823,MEDIUM
109439,38,7956.23,SP,0.3873,MEDIUM
109440,28,1959.73,PE,0.1664,LOW
109441,41,15262.19,RS,0.8344,HIGH
109442,43,3511.05,RS,0.5321,MEDIUM
109443,30,5897.53,SP,0.2758,LOW
109444,48,6365.52,SP,0.5605,MEDIUM
109445,58,3308.03,SP,0.6053,MEDIUM
109446,34,6222.79,SC,0.2414,LOW
109447,69,6379.99,SP,0.8224,HIGH
109448,51,2982.54,PE,0.8189,HIGH
109449,59,2999.54,PE,0.4689,MEDIUM
109450,24,4292.34,SP,0.823,HIGH
109451,59,3973.5,RS,0.5773,MEDIUM
109452,37,8197.15,SP,0.1645,LOW
109453,56,5884.76,RJ,0.3777,MEDIUM
109454,61,4060.4,SP,0.3278,LOW
109455,33,5618.15,BA,0.3707,MEDIUM
109456,33,1572.54,PE,0.2448,LOW
109457,23,3125.94,SP,0.5109,MEDIUM
109458,51,4822.24,SP,0.5737,MEDIUM
109459,59,7173.98,MG,0.6564,HIGH
109460,41,4622.68,MG,0.7046,HIGH
109461,29,8457.38,SP,0.3459,LOW
109462,36,6370.61,BA,0.2147,LOW
109463,41,3322.4,PE,0.0396,LOW
109464,66,3926.98,RJ,0.0102,LOW
109465,27,5109.63,BA,0.1468,LOW
109466,38,3386.31,SC,0.685,HIGH
109467,52,8759.19,PR,0.6527,HIGH
109468,32,2466.74,BA,0.3818,MEDIUM
109469,65,4888.16,MG,0.098,LOW
109470,66,5978.08,PR,0.7469,HIGH
109471,40,3613.33,SP,0.2002,LOW
109472,58,3242.88,RS,0.5147,MEDIUM
109473,58,4049.39,SP,0.2749,LOW
109474,55,6201.83,SP,0.4299,MEDIUM
109475,30,3304.08,MG,0.6308,MEDIUM
109476,23,2514.32,RJ,0.761,HIGH
109477,38,7296.28,SP,0.3294,LOW
109478,27,5087.3,SP,0.513,MEDIUM
109479,35,6813.16,BA,0.5243,MEDIUM
109480,52,6047.01,PR,0.515,MEDIUM
109481,50,11958.37,RJ,0.1045,LOW
109482,31,7172.62,BA,0.1128,LOW
109483,21,2966.93,BA,0.2533,LOW
109484,32,5263.59,SP,0.4566,MEDIUM
109485,43,3213.92,PR,0.2378,LOW
109486,59,3377.39,RJ,0.2465,LOW
109487,39,2132.05,PR,0.507,MEDIUM
109488,35,3661.05,RS,0.5742,MEDIUM
109489,48,5455.92,SP,0.3545,MEDIUM
109490,24,4068.99,MG,0.5052,MEDIUM
109491,32,2477.84,SP,0.5665,MEDIUM
109492,22,2021.9,PR,0.8491,HIGH
109493,47,11574.11,SP,0.3989,MEDIUM
109494,43,4909.45,BA,0.1531,LOW
109495,50,2827.89,PR,0.0721,LOW
109496,51,5242.2,SP,0.4629,MEDIUM
109497,40,12011.85,RS,0.5392,MEDIUM
109498,64,5657.07,SP,0.1907,LOW
109499,66,1400.0,PR,0.5097,MEDIUM
109500,26,15002.02,MG,0.3922,MEDIUM
109501,67,1728.83,SP,0.6049,MEDIUM
109502,30,3804.55,SP,0.6803,HIGH
109503,33,2437.69,SP,0.4685,MEDIUM
109504,47,2944.34,RS,0.4334,MEDIUM
109505,22,4814.35,SC,0.379,MEDIUM
109506,39,1554.25,SP,0.6054,MEDIUM
109507,30,4021.95,SP,0.3744,MEDIUM
109508,45,7284.94,PE,0.6329,MEDIUM
109509,61,2801.99,SP,0.0421,LOW
109510,67,2154.91,RJ,0.3218,LOW
109511,31,3928.34,SC,0.3105,LOW
109512,48,3570.41,SP,0.3252,LOW
109513,44,3156.22,PE,0.1417,LOW
109514,41,2374.24,SP,0.4811,MEDIUM
109515,52,5388.64,BA,0.1077,LOW
109516,70,5589.06,RJ,0.6642,HIGH
109517,41,2518.27,SP,0.5247,MEDIUM
109518,24,2691.24,RJ,0.4553,MEDIUM
109519,66,4484.38,PE,0.2766,LOW
109520,67,2642.96,MG,0.4997,MEDIUM
109521,37,4576.08,SP,0.7365,HIGH
109522,46,8497.29,PE,0.4635,MEDIUM
109523,64,4081.11,SP,0.3977,MEDIUM
109524,46,2345.62,SP,0.7407,HIGH
109525,45,5069.76,SP,0.2761,LOW
109526,67,3856.69,BA,0.3822,MEDIUM
109527,62,3907.94,SP,0.2609,LOW
109528,46,5276.38,SP,0.4921,MEDIUM
109529,29,5851.99,PE,0.4736,MEDIUM
109530,42,4272.19,PR,0.0623,LOW
109531,54,4079.43,SP,0.5769,MEDIUM
109532,34,11308.84,PR,0.5065,MEDIUM
109533,47,7473.4,SP,0.7114,HIGH
109534,53,6266.3,MG,0.1648,LOW
109535,25,4473.02,RJ,0.1424,LOW
109536,49,2591.74,PR,0.5219,MEDIUM
109537,57,7215.49,RS,0.7395,HIGH
109538,31,4501.21,RJ,0.6469,MEDIUM
109539,48,3183.7,SP,0.1208,LOW
109540,56,3737.35,RJ,0.7113,HIGH
109541,23,2641.42,RS,0.249,LOW
109542,53,6976.88,RS,0.66,HIGH
109543,33,5829.56,RS,0.034,LOW
109544,40,4582.61,PE,0.5079,MEDIUM
109545,53,4114.62,BA,0.152,LOW
109546,21,3029.4,PE,0.0109,LOW
109547,21,1510.82,PR,0.5235,MEDIUM
109548,43,2131.61,SP,0.3222,LOW
109549,68,2940.6,PR,0.443,MEDIUM
109550,21,2735.9,SP,0.4831,MEDIUM
109551,60,4825.81,SP,0.4491,MEDIUM
109552,24,6200.32,RJ,0.3573,MEDIUM
109553,45,3948.89,RJ,0.4743,MEDIUM
109554,42,8259.5,SC,0.3386,LOW
109555,44,2884.33,RJ,0.129,LOW
109556,25,3935.46,SP,0.1692,LOW
109557,58,4098.46,PE,0.3399,LOW
109558,34,7094.6,PR,0.7856,HIGH
109559,59,4418.99,SP,0.5725,MEDIUM
109560,53,4478.09,SP,0.6148,MEDIUM
109561,48,1897.92,SP,0.2891,LOW
109562,36,2726.8,PE,0.2835,LOW
109563,53,7107.44,SP,0.3002,LOW
109564,70,1551.03,PE,0.158,LOW
109565,67,8002.24,SP,0.733,HIGH
109566,66,5338.39,BA,0.3209,LOW
109567,31,2933.73,SP,0.4708,MEDIUM
109568,50,2817.08,MG,0.0581,LOW
109569,40,10434.77,RJ,0.1971,LOW
109570,69,8269.38,RJ,0.5419,MEDIUM
109571,68,3965.98,PE,0.5422,MEDIUM
109572,64,4480.29,RS,0.4157,MEDIUM
109573,29,3079.96,SP,0.4639,MEDIUM
109574,36,4480.71,RS,0.244,LOW
109575,56,3039.25,SP,0.2392,LOW
109576,58,4044.6,PE,0.4093,MEDIUM
109577,38,10014.59,MG,0.3494,LOW
109578,27,4011.6,SP,0.2537,LOW
109579,27,2539.67,SP,0.6188,MEDIUM
109580,55,2179.78,SP,0.9496,HIGH
109581,43,4464.25,PE,0.3685,MEDIUM
109582,45,2914.96,RJ,0.3048,LOW
109583,61,4727.77,SP,0.4112,MEDIUM
109584,21,1930.39,BA,0.6788,HIGH
109585,58,5849.78,SP,0.3362,LOW
109586,34,2524.91,SP,0.6702,HIGH
109587,67,4294.38,SC,0.2869,LOW
109588,68,3570.48,SP,0.389,MEDIUM
109589,46,9582.24,BA,0.4569,MEDIUM
109590,36,4560.35,PR,0.1804,LOW
109591,32,10685.75,SP,0.3307,LOW
109592,30,5497.21,MG,0.3336,LOW
109593,70,8325.14,SP,0.667,HIGH
109594,30,3799.47,PR,0.248,LOW
109595,43,4957.62,PR,0.4983,MEDIUM
109596,44,7538.58,RS,0.6886,HIGH
109597,54,6484.83,MG,0.5534,MEDIUM
109598,63,5419.27,RS,0.5525,MEDIUM
109599,48,3588.29,SP,0.2996,LOW
109600,58,3891.8,PE,0.6174,MEDIUM
109601,49,7251.17,SP,0.2846,LOW
109602,42,8013.45,BA,0.2461,LOW
109603,28,3159.81,MG,0.2331,LOW
109604,31,2939.03,SP,0.6404,MEDIUM
109605,42,2721.27,RJ,0.3885,MEDIUM
109606,23,6254.75,PE,0.5373,MEDIUM
109607,36,2688.37,BA,0.5123,MEDIUM
109608,44,6218.53,RS,0.3025,LOW
109609,44,5457.64,RJ,0.2424,LOW
109610,61,3233.1,PR,0.6322,MEDIUM
109611,69,8897.2,SP,0.4049,MEDIUM
109612,57,2081.73,SC,0.3991,MEDIUM
109613,24,9315.32,SP,0.7126,HIGH
109614,41,4894.68,BA,0.4127,MEDIUM
109615,57,1552.43,SC,0.399,MEDIUM
109616,50,9017.68,RJ,0.5398,MEDIUM
109617,43,6697.58,SC,0.4825,MEDIUM
109618,42,3419.67,RJ,0.5927,MEDIUM
109619,41,2643.27,SP,0.2997,LOW
109620,49,1977.7,SP,0.6842,HIGH
109621,29,13389.87,SP,0.5612,MEDIUM
109622,46,2696.25,SP,0.4803,MEDIUM
109623,31,2290.02,SC,0.6955,HIGH
109624,55,4776.39,RS,0.1181,LOW
109625,64,1913.43,MG,0.101,LOW
109626,46,2622.01,PE,0.0584,LOW
109627,40,6771.14,PE,0.6399,MEDIUM
109628,68,5248.31,SP,0.2631,LOW
109629,53,3489.04,MG,0.0658,LOW
109630,42,4237.07,PE,0.4933,MEDIUM
109631,22,3396.34,SP,0.8369,HIGH
109632,21,4076.85,RJ,0.5561,MEDIUM
109633,32,2913.67,PE,0.3299,LOW
109634,32,3179.01,RS,0.0625,LOW
109635,57,3132.9,BA,0.5516,MEDIUM
109636,46,2964.39,BA,0.2164,LOW
109637,70,6932.09,SP,0.108,LOW
109638,48,6078.4,SC,0.3176,LOW
109639,66,2684.65,BA,0.484,MEDIUM
109640,48,2367.36,SP,0.7558,HIGH
109641,38,3894.6,SP,0.4011,MEDIUM
109642,56,11817.99,SP,0.5524,MEDIUM
109643,43,2564.56,RS,0.2745,LOW
109644,34,3887.23,SC,0.7139,HIGH
109645,44,4382.72,PE,0.6357,MEDIUM
109646,54,3986.59,RJ,0.8497,HIGH
109647,39,3370.78,PR,0.1908,LOW
109648,56,7312.04,SP,0.2266,LOW
109649,70,5223.8,PE,0.4112,MEDIUM
109650,41,6303.29,PR,0.606,MEDIUM
109651,35,5573.3,RS,0.5786,MEDIUM
109652,41,6450.64,SP,0.9184,HIGH
109653,62,8985.38,SP,0.3917,MEDIUM
109654,29,7956.47,SP,0.3825,MEDIUM
109655,69,12819.79,BA,0.1041,LOW
109656,41,7533.87,SP,0.4214,MEDIUM
109657,63,3045.76,BA,0.3877,MEDIUM
109658,60,6307.85,SP,0.1662,LOW
109659,60,5906.74,PR,0.5106,MEDIUM
109660,66,10557.39,SP,0.7,HIGH
109661,30,2640.18,SP,0.6278,MEDIUM
109662,50,5489.85,PR,0.2176,LOW
109663,25,3028.81,RJ,0.6236,MEDIUM
109664,35,5371.49,MG,0.2926,LOW
109665,23,3788.64,PR,0.5103,MEDIUM
109666,55,5286.89,RJ,0.2195,LOW
109667,51,2134.26,PR,0.0996,LOW
109668,58,6146.2,SC,0.6192,MEDIUM
109669,29,4636.65,SP,0.3031,LOW
109670,37,4518.31,RJ,0.3589,MEDIUM
109671,54,10710.17,SP,0.3381,LOW
109672,62,3495.56,SP,0.355,MEDIUM
109673,65,4949.92,SP,0.4067,MEDIUM
109674,24,4407.09,PR,0.1585,LOW
109675,41,4618.84,SP,0.3681,MEDIUM
109676,21,12201.4,BA,0.4154,MEDIUM
109677,61,4330.63,RS,0.4136,MEDIUM
109678,27,3198.85,SP,0.7571,HIGH
109679,62,10310.04,PR,0.6299,MEDIUM
109680,28,3623.33,SP,0.2957,LOW
109681,21,1943.71,SP,0.5444,MEDIUM
109682,64,2943.15,PE,0.0944,LOW
109683,42,2308.79,MG,0.2624,LOW
109684,42,1770.22,SP,0.4739,MEDIUM
109685,53,3528.37,BA,0.7168,HIGH
109686,34,4060.8,PE,0.1639,LOW
109687,55,7401.91,PR,0.2972,LOW
109688,42,5681.4,SC,0.2128,LOW
109689,34,5558.48,RS,0.4172,MEDIUM
109690,40,2735.58,RS,0.4758,MEDIUM
109691,21,6422.79,MG,0.6601,HIGH
109692,36,8189.69,BA,0.5513,MEDIUM
109693,50,5075.77,MG,0.218,LOW
109694,27,5144.32,SP,0.5434,MEDIUM
109695,26,2288.81,SP,0.8743,HIGH
109696,53,6967.2,RJ,0.7353,HIGH
109697,42,9873.78,SP,0.3141,LOW
109698,27,4904.25,SP,0.3428,LOW
109699,58,3157.54,MG,0.5707,MEDIUM
109700,59,3885.79,PE,0.1855,LOW
109701,22,3432.48,SP,0.559,MEDIUM
109702,31,3532.72,SP,0.1337,LOW
109703,39,5732.3,BA,0.0918,LOW
109704,57,4802.94,RJ,0.3339,LOW
109705,24,6800.35,RS,0.0824,LOW
109706,61,5018.43,PR,0.3488,LOW
109707,36,2774.09,PR,0.0191,LOW
109708,27,3302.74,SP,0.3966,MEDIUM
109709,64,3205.67,RJ,0.5393,MEDIUM
109710,25,3840.41,PR,0.8949,HIGH
109711,27,9939.8,SP,0.3769,MEDIUM
109712,68,10734.22,SP,0.2849,LOW
109713,46,6275.5,RJ,0.467,MEDIUM
109714,44,4446.38,SC,0.37,MEDIUM
109715,55,2184.73,MG,0.8383,HIGH
109716,52,4667.8,RS,0.4144,MEDIUM
109717,51,2874.51,RS,0.4463,MEDIUM
109718,22,9186.5,SP,0.1226,LOW
109719,48,1942.85,PE,0.3307,LOW
109720,34,5051.26,BA,0.1826,LOW
109721,61,2760.6,SP,0.2931,LOW
109722,46,4180.86,MG,0.5532,MEDIUM
109723,27,5782.28,RJ,0.3589,MEDIUM
109724,65,6859.47,PE,0.751,HIGH
109725,35,4079.41,RJ,0.1372,LOW
109726,34,6052.48,RJ,0.4437,MEDIUM
109727,67,3055.98,PE,0.5452,MEDIUM
109728,59,4725.36,PR,0.0645,LOW
109729,63,6794.71,SP,0.7232,HIGH
109730,54,4925.83,PR,0.2954,LOW
109731,66,3257.63,BA,0.5994,MEDIUM
109732,26,3673.5,RJ,0.614,MEDIUM
109733,50,6838.71,MG,0.5718,MEDIUM
109734,35,2486.81,PR,0.3815,MEDIUM
109735,40,2669.29,MG,0.3123,LOW
109736,32,5606.05,PE,0.6998,HIGH
109737,31,3401.77,MG,0.6545,HIGH
109738,43,2090.95,SC,0.5095,MEDIUM
109739,66,8032.35,BA,0.3113,LOW
109740,52,2477.57,SP,0.3451,LOW
109741,38,3816.59,SP,0.6786,HIGH
109742,42,3119.63,PE,0.1634,LOW
109743,47,3640.77,RS,0.4136,MEDIUM
109744,33,2746.88,RJ,0.691,HIGH
109745,47,5917.64,SP,0.2865,LOW
109746,55,4429.47,SP,0.1024,LOW
109747,33,6734.46,SP,0.3738,MEDIUM
109748,50,3135.17,RJ,0.1337,LOW
109749,56,11692.35,PR,0.1778,LOW
109750,46,1683.46,SP,0.3484,LOW
109751,35,1962.5,SC,0.2824,LOW
109752,48,9743.16,PE,0.3296,LOW
109753,60,5273.13,PE,0.4282,MEDIUM
109754,32,4947.83,BA,0.2586,LOW
109755,49,5165.99,MG,0.0945,LOW
109756,55,5524.89,PR,0.5352,MEDIUM
109757,37,4849.97,MG,0.7432,HIGH
109758,40,2641.77,SP,0.5817,MEDIUM
109759,65,6220.29,BA,0.1427,LOW
109760,39,5767.33,SC,0.6688,HIGH
109761,50,8337.23,SC,0.62,MEDIUM
109762,28,9795.47,SP,0.5932,MEDIUM
109763,67,4921.99,SP,0.3395,LOW
109764,50,2329.98,BA,0.1027,LOW
109765,59,9834.49,SP,0.4587,MEDIUM
109766,51,2576.35,SP,0.0683,LOW
109767,38,4939.71,PR,0.8465,HIGH
109768,38,3713.04,SC,0.8243,HIGH
109769,56,3415.71,SP,0.2467,LOW
109770,63,6061.45,SP,0.3548,MEDIUM
109771,27,4722.91,RS,0.478,MEDIUM
109772,63,5373.29,PE,0.2779,LOW
109773,62,2839.29,MG,0.1291,LOW
109774,26,3863.33,BA,0.2383,LOW
109775,26,2902.89,RJ,0.487,MEDIUM
109776,55,3817.25,SC,0.3307,LOW
109777,63,3967.27,PR,0.4919,MEDIUM
109778,40,10179.24,BA,0.6069,MEDIUM
109779,53,3708.32,RS,0.7358,HIGH
109780,70,1514.06,SP,0.381,MEDIUM
109781,37,8204.87,SP,0.3987,MEDIUM
109782,32,5210.78,BA,0.6987,HIGH
109783,70,3944.02,SP,0.2606,LOW
109784,35,3404.92,SC,0.4521,MEDIUM
109785,44,2665.95,MG,0.5802,MEDIUM
109786,43,10647.74,SP,0.2891,LOW
109787,47,4305.83,SC,0.0939,LOW
109788,34,1823.88,MG,0.6085,MEDIUM
109789,54,4915.53,BA,0.7139,HIGH
109790,55,7493.58,SP,0.8487,HIGH
109791,31,4527.51,SP,0.2611,LOW
109792,45,2724.59,SP,0.2404,LOW
109793,23,2610.05,SP,0.7789,HIGH
109794,32,2704.11,SC,0.558,MEDIUM
109795,70,8718.79,RJ,0.6904,HIGH
109796,46,4057.98,SP,0.387,MEDIUM
109797,52,1876.29,PE,0.3912,MEDIUM
109798,65,5050.41,SP,0.3992,MEDIUM
109799,56,4494.18,RJ,0.5022,MEDIUM
109800,60,3385.88,BA,0.4643,MEDIUM
109801,56,2573.56,SC,0.2699,LOW
109802,45,2520.39,RJ,0.5012,MEDIUM
109803,52,7075.72,PE,0.6389,MEDIUM
109804,35,4729.84,MG,0.5984,MEDIUM
109805,65,5284.79,SP,0.4484,MEDIUM
109806,29,4723.59,SP,0.5851,MEDIUM
109807,65,4915.41,PE,0.3502,MEDIUM
109808,64,3354.34,SP,0.1718,LOW
109809,28,3804.89,BA,0.3146,LOW
109810,56,7346.63,SP,0.4907,MEDIUM
109811,70,8282.03,SP,0.4147,MEDIUM
109812,49,2336.09,BA,0.2535,LOW
109813,38,3800.45,PE,0.1994,LOW
109814,64,6283.59,SP,0.2229,LOW
109815,46,10365.5,SP,0.2339,LOW
109816,27,9879.14,RS,0.4534,MEDIUM
109817,33,2866.58,MG,0.2406,LOW
109818,55,7745.46,RJ,0.2628,LOW
109819,43,4319.89,SP,0.3088,LOW
109820,31,6933.78,PE,0.3912,MEDIUM
109821,60,6131.62,SP,0.1932,LOW
109822,27,2289.61,SP,0.2969,LOW
109823,31,5468.87,RJ,0.304,LOW
109824,44,6806.1,SP,0.4128,MEDIUM
109825,22,4159.56,PR,0.6068,MEDIUM
109826,40,3731.66,RJ,0.1004,LOW
109827,66,1975.23,PR,0.2589,LOW
109828,68,5831.19,RJ,0.4927,MEDIUM
109829,64,4642.64,SP,0.3448,LOW
109830,37,2697.8,BA,0.3977,MEDIUM
109831,24,3591.9,MG,0.4802,MEDIUM
109832,61,4523.32,RJ,0.2246,LOW
109833,39,3212.15,SP,0.5473,MEDIUM
109834,58,4205.4,PR,0.1628,LOW
109835,26,1813.24,RS,0.2876,LOW
109836,54,8026.97,SC,0.1965,LOW
109837,50,4232.2,RS,0.3645,MEDIUM
109838,67,2477.86,SP,0.836,HIGH
109839,26,1400.0,PE,0.3045,LOW
109840,41,6883.1,SP,0.2665,LOW
109841,70,5490.22,SP,0.5808,MEDIUM
109842,40,4646.96,MG,0.6604,HIGH
109843,53,6357.5,SP,0.613,MEDIUM
109844,29,6349.12,MG,0.4484,MEDIUM
109845,57,4610.86,SP,0.3666,MEDIUM
109846,34,3717.54,RS,0.6093,MEDIUM
109847,49,3437.89,RS,0.1975,LOW
109848,64,5140.43,PR,0.8833,HIGH
109849,54,8212.52,MG,0.1908,LOW
109850,44,3997.59,RJ,0.6468,MEDIUM
109851,30,8531.74,BA,0.4654,MEDIUM
109852,38,5023.86,MG,0.2472,LOW
109853,63,5042.07,MG,0.4329,MEDIUM
109854,31,13323.6,SP,0.6648,HIGH
109855,53,9284.72,SP,0.4503,MEDIUM
109856,45,9401.01,RJ,0.2617,LOW
109857,37,2864.03,SC,0.0473,LOW
109858,56,12029.14,BA,0.5833,MEDIUM
109859,39,4037.48,PE,0.3881,MEDIUM
109860,35,3765.53,MG,0.069,LOW
109861,47,1489.81,MG,0.4058,MEDIUM
109862,58,4912.11,RS,0.1941,LOW
109863,64,2496.96,RJ,0.1177,LOW
109864,52,5109.22,PR,0.5819,MEDIUM
109865,54,2404.96,SC,0.1724,LOW
109866,60,9954.06,SP,0.4141,MEDIUM
109867,34,5473.07,SP,0.4114,MEDIUM
109868,33,12546.26,RJ,0.2653,LOW
109869,45,2570.33,PR,0.0568,LOW
109870,52,8834.73,SP,0.1663,LOW
109871,53,1767.88,SP,0.3789,MEDIUM
109872,28,4641.14,SP,0.6449,MEDIUM
109873,60,3101.56,BA,0.2013,LOW
109874,39,3387.41,PE,0.3413,LOW
109875,64,3277.78,PE,0.7505,HIGH
109876,57,2707.49,BA,0.1912,LOW
109877,70,2294.31,SP,0.0904,LOW
109878,52,3396.41,SP,0.3202,LOW
109879,47,4440.55,MG,0.5658,MEDIUM
109880,30,7342.34,MG,0.2578,LOW
109881,40,4839.7,RS,0.2247,LOW
109882,63,7352.38,SP,0.149,LOW
109883,40,2065.89,PE,0.3187,LOW
109884,23,3411.87,RJ,0.7257,HIGH
109885,33,5908.35,PR,0.3625,MEDIUM
109886,50,4952.12,BA,0.5595,MEDIUM
109887,52,2777.97,MG,0.0866,LOW
109888,70,6576.07,RS,0.3654,MEDIUM
109889,67,3254.61,RS,0.4983,MEDIUM
109890,47,2892.0,BA,0.3578,MEDIUM
109891,48,5305.9,BA,0.1532,LOW
109892,61,4212.46,RJ,0.5369,MEDIUM
109893,23,3267.7,RJ,0.3842,MEDIUM
109894,50,3214.87,BA,0.5586,MEDIUM
109895,44,2513.26,PR,0.1467,LOW
109896,60,3473.37,PR,0.4437,MEDIUM
109897,61,7121.29,RJ,0.4324,MEDIUM
109898,53,4723.12,SP,0.5115,MEDIUM
109899,53,6653.94,MG,0.1458,LOW
109900,55,5380.59,PE,0.1104,LOW
109901,50,3130.54,SP,0.1507,LOW
109902,32,1903.12,SP,0.456,MEDIUM
109903,35,2691.76,SP,0.0343,LOW
109904,58,3043.14,MG,0.3181,LOW
109905,51,2932.23,SP,0.6073,MEDIUM
109906,32,6725.96,SC,0.3427,LOW
109907,64,6692.36,SP,0.195,LOW
109908,70,12143.41,SP,0.2862,LOW
109909,52,2911.0,SP,0.2202,LOW
109910,32,9041.81,SP,0.1942,LOW
109911,67,9015.03,BA,0.5699,MEDIUM
109912,32,3756.91,PE,0.467,MEDIUM
109913,42,5271.9,RS,0.5485,MEDIUM
109914,63,7618.93,BA,0.2576,LOW
109915,47,4082.87,SP,0.055,LOW
109916,33,3933.84,PE,0.3828,MEDIUM
109917,25,3107.95,MG,0.5262,MEDIUM
109918,39,1400.0,RS,0.4312,MEDIUM
109919,54,4344.5,PR,0.1507,LOW
109920,56,2987.23,RJ,0.1808,LOW
109921,32,2506.57,SP,0.3754,MEDIUM
109922,28,5143.51,SP,0.4902,MEDIUM
109923,56,2092.7,RJ,0.1673,LOW
109924,28,6184.23,MG,0.2154,LOW
109925,24,5297.38,PE,0.627,MEDIUM
109926,45,3465.97,SP,0.3954,MEDIUM
109927,49,4074.29,PR,0.33,LOW
109928,33,2372.11,MG,0.301,LOW
109929,31,6020.96,SP,0.7964,HIGH
109930,32,4595.23,RJ,0.7849,HIGH
109931,38,4762.5,MG,0.5263,MEDIUM
109932,21,5344.09,MG,0.7383,HIGH
109933,21,3085.54,SP,0.4121,MEDIUM
109934,39,2025.74,SP,0.3401,LOW
109935,21,6649.87,SP,0.5325,MEDIUM
109936,36,5845.48,BA,0.4787,MEDIUM
109937,50,3248.24,BA,0.5202,MEDIUM
109938,22,5111.32,SP,0.8113,HIGH
109939,51,7682.24,SC,0.2147,LOW
109940,52,7254.78,PE,0.8817,HIGH
109941,49,3203.03,SP,0.3635,MEDIUM
109942,52,2055.42,SP,0.1434,LOW
109943,61,2231.83,SP,0.1571,LOW
109944,24,3616.32,SP,0.251,LOW
109945,29,8473.95,BA,0.2678,LOW
109946,36,2960.71,BA,0.271,LOW
109947,55,3154.55,PR,0.479,MEDIUM
109948,64,3123.54,RJ,0.393,MEDIUM
109949,66,3253.9,BA,0.4826,MEDIUM
109950,50,4177.43,SP,0.5451,MEDIUM
109951,41,2272.0,SP,0.6696,HIGH
109952,41,7068.0,SP,0.3955,MEDIUM
109953,23,3917.96,BA,0.6732,HIGH
109954,44,13805.53,RS,0.3387,LOW
109955,46,2391.14,PR,0.4665,MEDIUM
109956,31,9008.97,RS,0.7303,HIGH
109957,59,8190.13,SP,0.398,MEDIUM
109958,61,3446.9,RJ,0.3534,MEDIUM
109959,36,3474.52,BA,0.6117,MEDIUM
109960,66,2698.95,PE,0.4994,MEDIUM
109961,26,2713.86,MG,0.511,MEDIUM
109962,66,4198.78,SP,0.5657,MEDIUM
109963,59,4241.93,PE,0.4672,MEDIUM
109964,32,1946.35,RJ,0.3703,MEDIUM
109965,53,12628.64,RJ,0.0971,LOW
109966,36,3708.09,SP,0.2362,LOW
109967,60,4334.38,SP,0.3119,LOW
109968,29,3109.59,PR,0.3738,MEDIUM
109969,33,3694.78,PR,0.601,MEDIUM
109970,36,3537.09,SP,0.8724,HIGH
109971,30,4194.1,SP,0.619,MEDIUM
109972,37,4170.69,MG,0.5211,MEDIUM
109973,51,6180.63,MG,0.4446,MEDIUM
109974,52,4683.99,RJ,0.5022,MEDIUM
109975,48,5889.32,SP,0.1295,LOW
109976,30,4180.27,BA,0.6153,MEDIUM
109977,31,4693.06,PE,0.6518,HIGH
109978,66,3740.64,RJ,0.1772,LOW
109979,33,6797.66,SC,0.5555,MEDIUM
109980,26,4903.47,BA,0.1982,LOW
109981,43,3893.11,SP,0.3126,LOW
109982,21,3837.76,PE,0.5556,MEDIUM
109983,38,3985.45,MG,0.3893,MEDIUM
109984,63,4261.83,PR,0.3672,MEDIUM
109985,34,4087.9,PR,0.4557,MEDIUM
109986,56,3211.83,SP,0.6912,HIGH
109987,45,6063.19,RS,0.3378,LOW
109988,38,6249.87,RS,0.3857,MEDIUM
109989,54,9888.14,SP,0.8343,HIGH
109990,50,3143.52,PR,0.4631,MEDIUM
109991,36,5783.3,PE,0.3513,MEDIUM
109992,32,1679.84,BA,0.0895,LOW
109993,66,6252.77,PR,0.7685,HIGH
109994,29,2087.41,SP,0.7792,HIGH
109995,68,2618.51,RJ,0.4256,MEDIUM
109996,44,4926.13,SP,0.4425,MEDIUM
109997,70,3116.67,BA,0.7601,HIGH
109998,38,2918.51,RS,0.1951,LOW
109999,49,3328.0,PE,0.2665,LOW
110000,51,5961.4,SP,0.45,MEDIUM
