recovery_id,contract_id,recovery_date,recovery_amount,recovery_method,days_after_default
R00000001,C000001,2026-05-10,16143.09,Renegotiation,30
R00000002,C000001,2026-07-09,12107.32,Payment,90
R00000003,C000012,2026-03-12,730.49,Payment,30
R00000004,C000012,2026-04-11,608.74,Payment,60
R00000005,C000012,2026-06-10,456.55,Payment,120
R00000006,C000014,2026-04-10,11095.95,Renegotiation,90
R00000007,C000014,2026-07-09,8013.74,Settlement,180
R00000008,C000022,2026-02-09,1412.71,Payment,30
R00000009,C000024,2026-03-12,2253.73,Payment,30
R00000010,C000024,2026-05-11,1690.3,Payment,90
R00000011,C000024,2026-06-10,1408.58,Renegotiation,120
R00000012,C000025,2026-03-11,1522.45,Renegotiation,60
R00000013,C000025,2026-04-10,1370.21,Payment,90
R00000014,C000025,2026-07-09,989.59,Renegotiation,180
R00000015,C000029,2026-02-09,1778.64,Payment,30
R00000016,C000029,2026-04-10,1333.98,Payment,90
R00000017,C000030,2026-06-08,3894.06,Payment,90
R00000018,C000030,2026-07-08,3245.05,Payment,120
R00000019,C000034,2025-11-08,792.0,Payment,90
R00000020,C000034,2026-02-06,572.0,Payment,180
R00000021,C000039,2026-08-09,1774.59,Settlement,30
R00000022,C000049,2025-07-10,812.1,Renegotiation,30
R00000023,C000049,2025-08-09,676.75,Settlement,60
R00000024,C000049,2025-09-08,609.07,Renegotiation,90
R00000025,C000049,2025-10-08,507.56,Collection,120
R00000026,C000051,2025-04-11,1676.5,Settlement,60
R00000027,C000051,2025-05-11,1508.85,Payment,90
R00000028,C000051,2025-06-10,1257.37,Collection,120
R00000029,C000051,2026-02-05,838.25,Payment,360
R00000030,C000053,2026-04-11,1161.21,Collection,60
R00000031,C000053,2026-05-11,1045.09,Payment,90
R00000032,C000053,2026-06-10,870.91,Settlement,120
R00000033,C000056,2025-12-10,615.97,Collection,30
R00000034,C000056,2026-02-08,461.97,Settlement,90
R00000035,C000056,2026-03-10,384.98,Renegotiation,120
R00000036,C000061,2026-07-10,1146.37,Collection,30
R00000037,C000061,2026-08-09,955.31,Settlement,60
R00000038,C000063,2025-12-10,1630.75,Renegotiation,30
R00000039,C000063,2026-01-09,1358.96,Collection,60
R00000040,C000065,2026-03-11,434.91,Renegotiation,60
R00000041,C000065,2026-04-10,391.42,Settlement,90
R00000042,C000065,2026-05-10,326.18,Settlement,120
R00000043,C000068,2025-08-09,718.43,Payment,30
R00000044,C000068,2025-09-08,598.69,Collection,60
R00000045,C000068,2025-10-08,538.82,Payment,90
R00000046,C000068,2026-07-05,299.34,Payment,360
R00000047,C000069,2025-09-09,1298.51,Payment,30
R00000048,C000069,2025-12-08,811.57,Settlement,120
R00000049,C000070,2026-03-11,595.68,Renegotiation,60
R00000050,C000070,2026-04-10,536.11,Collection,90
R00000051,C000070,2026-05-10,446.76,Payment,120
R00000052,C000072,2026-04-11,2582.51,Collection,60
R00000053,C000072,2026-05-11,2324.26,Renegotiation,90
R00000054,C000072,2026-08-09,1678.63,Collection,180
R00000055,C000074,2026-03-12,13365.85,Payment,30
R00000056,C000074,2026-08-09,7239.83,Settlement,180
R00000057,C000080,2026-02-08,2247.6,Payment,90
R00000058,C000081,2025-09-08,6497.45,Payment,60
R00000059,C000081,2026-07-05,3248.73,Payment,360
R00000060,C000083,2025-10-10,5438.19,Payment,30
R00000061,C000083,2025-11-09,4531.82,Payment,60
R00000062,C000083,2025-12-09,4078.64,Payment,90
R00000063,C000083,2026-01-08,3398.87,Payment,120
R00000064,C000084,2026-01-09,1232.34,Renegotiation,30
R00000065,C000084,2026-02-08,1026.95,Settlement,60
R00000066,C000084,2026-03-10,924.25,Renegotiation,90
R00000067,C000085,2025-10-10,1240.25,Collection,30
R00000068,C000085,2025-12-09,930.19,Renegotiation,90
R00000069,C000085,2026-03-09,671.8,Renegotiation,180
R00000070,C000086,2026-07-10,41464.5,Collection,30
R00000071,C000087,2026-03-10,1233.84,Renegotiation,90
R00000072,C000087,2026-04-09,1028.2,Payment,120
R00000073,C000090,2025-11-09,8062.79,Payment,60
R00000074,C000090,2025-12-09,7256.51,Payment,90
R00000075,C000090,2026-03-09,5240.81,Renegotiation,180
R00000076,C000091,2026-08-09,9875.12,Payment,30
R00000077,C000093,2026-07-09,59.74,Payment,60
R00000078,C000095,2026-07-10,1566.49,Payment,30
R00000079,C000097,2025-06-09,725.91,Settlement,30
R00000080,C000097,2025-08-08,544.43,Settlement,90
R00000081,C000097,2025-09-07,453.69,Renegotiation,120
R00000082,C000097,2026-05-05,302.46,Collection,360
R00000083,C000098,2026-07-10,12747.41,Renegotiation,30
R00000084,C000098,2026-08-09,10622.84,Payment,60
R00000085,C000102,2026-07-09,5126.86,Payment,60
R00000086,C000102,2026-08-08,4614.18,Payment,90
R00000087,C000106,2026-06-08,758.42,Collection,90
R00000088,C000107,2025-12-10,19332.55,Payment,30
R00000089,C000107,2026-01-09,16110.46,Payment,60
R00000090,C000107,2026-05-09,10471.8,Renegotiation,180
R00000091,C000112,2026-07-10,2939.63,Collection,30
R00000092,C000113,2026-07-10,4158.53,Collection,30
R00000093,C000113,2026-08-09,3465.44,Renegotiation,60
R00000094,C000117,2025-09-09,7602.58,Payment,30
R00000095,C000117,2025-10-09,6335.48,Payment,60
R00000096,C000118,2025-12-10,4249.0,Payment,30
R00000097,C000118,2026-02-08,3186.75,Renegotiation,90
R00000098,C000118,2026-03-10,2655.62,Collection,120
R00000099,C000118,2026-05-09,2301.54,Payment,180
R00000100,C000123,2026-02-09,592.31,Collection,30
R00000101,C000123,2026-03-11,493.59,Payment,60
R00000102,C000123,2026-07-09,320.83,Renegotiation,180
R00000103,C000124,2026-01-09,3512.52,Payment,30
R00000104,C000124,2026-03-10,2634.39,Payment,90
R00000105,C000124,2026-06-08,1902.61,Renegotiation,180
R00000106,C000125,2026-02-07,4679.87,Payment,120
R00000107,C000127,2026-05-10,599.16,Payment,30
R00000108,C000127,2026-06-09,499.3,Collection,60
R00000109,C000127,2026-07-09,449.37,Collection,90
R00000110,C000129,2025-06-09,689.29,Renegotiation,30
R00000111,C000129,2025-08-08,516.97,Renegotiation,90
R00000112,C000133,2026-01-09,1616.06,Payment,60
R00000113,C000133,2026-02-08,1454.45,Payment,90
R00000114,C000137,2026-04-09,36317.1,Payment,30
R00000115,C000137,2026-05-09,30264.25,Settlement,60
R00000116,C000140,2026-05-11,734.41,Renegotiation,90
R00000117,C000140,2026-08-09,530.41,Collection,180
R00000118,C000141,2026-08-09,3042.7,Settlement,30
R00000119,C000143,2026-05-10,1345.74,Settlement,30
R00000120,C000143,2026-06-09,1121.45,Collection,60
R00000121,C000143,2026-07-09,1009.3,Payment,90
R00000122,C000146,2026-07-08,1008.75,Collection,120
R00000123,C000147,2026-04-09,10396.53,Renegotiation,30
R00000124,C000147,2026-06-08,7797.39,Payment,90
R00000125,C000148,2025-09-06,1703.15,Payment,180
R00000126,C000148,2026-03-05,1310.12,Payment,360
R00000127,C000149,2026-07-09,1961.23,Collection,60
R00000128,C000163,2025-11-09,6799.23,Collection,60
R00000129,C000163,2025-12-09,6119.31,Payment,90
R00000130,C000163,2026-03-09,4419.5,Settlement,180
R00000131,C000165,2026-03-12,1404.03,Payment,30
R00000132,C000165,2026-06-10,877.52,Settlement,120
R00000133,C000165,2026-08-09,760.52,Collection,180
R00000134,C000166,2025-09-09,2225.82,Payment,30
R00000135,C000166,2025-11-08,1669.36,Payment,90
R00000136,C000166,2025-12-08,1391.14,Settlement,120
R00000137,C000166,2026-02-06,1205.65,Renegotiation,180
R00000138,C000169,2026-05-10,3389.78,Settlement,30
R00000139,C000169,2026-06-09,2824.82,Collection,60
R00000140,C000171,2025-12-10,2360.99,Payment,30
R00000141,C000171,2026-01-09,1967.49,Collection,60
R00000142,C000171,2026-03-10,1475.62,Payment,120
R00000143,C000173,2026-07-08,9213.55,Payment,120
R00000144,C000177,2026-02-09,716.13,Renegotiation,30
R00000145,C000177,2026-05-10,447.58,Collection,120
R00000146,C000177,2026-07-09,387.9,Settlement,180
R00000147,C000178,2026-08-09,5879.59,Payment,30
R00000148,C000179,2026-07-10,553.96,Renegotiation,30
R00000149,C000182,2026-04-10,892.07,Payment,90
R00000150,C000184,2026-01-09,11277.61,Payment,30
R00000151,C000184,2026-03-10,8458.21,Collection,90
R00000152,C000184,2026-04-09,7048.51,Payment,120
R00000153,C000192,2026-06-09,4670.46,Collection,60
R00000154,C000192,2026-07-09,4203.42,Payment,90
R00000155,C000198,2026-07-10,1554.74,Collection,30
R00000156,C000201,2026-05-09,1667.72,Renegotiation,60
R00000157,C000201,2026-07-08,1250.79,Payment,120
R00000158,C000202,2026-07-10,720.89,Payment,30
R00000159,C000202,2026-08-09,600.74,Payment,60
R00000160,C000203,2025-07-09,4923.15,Renegotiation,60
R00000161,C000203,2025-11-06,3200.05,Payment,180
R00000162,C000203,2026-05-05,2461.57,Renegotiation,360
R00000163,C000209,2026-05-10,1525.28,Renegotiation,30
R00000164,C000210,2025-09-08,6877.25,Collection,60
R00000165,C000210,2025-10-08,6189.53,Payment,90
R00000166,C000210,2025-11-07,5157.94,Collection,120
R00000167,C000211,2026-03-12,2494.77,Payment,30
R00000168,C000211,2026-04-11,2078.98,Renegotiation,60
R00000169,C000211,2026-06-10,1559.23,Collection,120
R00000170,C000215,2026-08-08,1741.7,Payment,90
R00000171,C000221,2026-02-09,910.09,Settlement,30
R00000172,C000221,2026-04-10,682.57,Collection,90
R00000173,C000221,2026-05-10,568.81,Payment,120
R00000174,C000221,2026-07-09,492.97,Payment,180
R00000175,C000223,2025-05-09,1512.77,Payment,60
R00000176,C000223,2025-06-08,1361.49,Payment,90
R00000177,C000223,2025-09-06,983.3,Payment,180
R00000178,C000228,2026-02-09,931.4,Settlement,30
R00000179,C000228,2026-05-10,582.12,Collection,120
R00000180,C000228,2026-07-09,504.51,Renegotiation,180
R00000181,C000229,2026-08-09,5839.54,Collection,60
R00000182,C000230,2026-02-09,992.7,Payment,30
R00000183,C000230,2026-07-09,537.72,Settlement,180
R00000184,C000234,2025-09-07,747.15,Payment,120
R00000185,C000234,2025-11-06,647.53,Collection,180
R00000186,C000234,2026-05-05,498.1,Payment,360
R00000187,C000235,2026-06-09,924.72,Collection,60
R00000188,C000235,2026-08-08,693.54,Payment,120
R00000189,C000236,2026-07-09,1058.53,Settlement,60
R00000190,C000236,2026-08-08,952.67,Renegotiation,90
R00000191,C000237,2026-07-10,3608.43,Payment,30
R00000192,C000240,2026-07-09,1847.66,Payment,90
R00000193,C000241,2026-08-08,1270.03,Renegotiation,90
R00000194,C000246,2026-03-11,1112.62,Renegotiation,60
R00000195,C000247,2026-06-09,803.59,Collection,30
R00000196,C000260,2026-07-09,2485.05,Collection,60
R00000197,C000263,2026-01-09,1887.63,Payment,60
R00000198,C000263,2026-05-09,1226.96,Renegotiation,180
R00000199,C000264,2026-08-09,13971.47,Payment,60
R00000200,C000275,2026-05-10,1057.44,Settlement,30
R00000201,C000275,2026-07-09,793.08,Payment,90
R00000202,C000276,2026-02-07,537.46,Payment,120
R00000203,C000277,2025-11-09,985.63,Collection,30
R00000204,C000277,2025-12-09,821.36,Collection,60
R00000205,C000277,2026-04-08,533.88,Settlement,180
R00000206,C000280,2026-04-09,1828.63,Collection,30
R00000207,C000280,2026-05-09,1523.86,Renegotiation,60
R00000208,C000280,2026-07-08,1142.89,Payment,120
R00000209,C000283,2025-11-08,3136.11,Payment,90
R00000210,C000283,2025-12-08,2613.42,Collection,120
R00000211,C000287,2026-07-09,2257.97,Collection,60
R00000212,C000290,2026-01-08,1664.39,Payment,90
R00000213,C000290,2026-02-07,1386.99,Payment,120
R00000214,C000291,2026-08-09,1812.53,Payment,60
R00000215,C000296,2026-08-09,485.32,Settlement,30
R00000216,C000301,2026-08-09,1177.57,Collection,60
R00000217,C000305,2026-08-08,632.8,Collection,90
R00000218,C000306,2025-04-11,3887.82,Payment,60
R00000219,C000306,2025-05-11,3499.04,Payment,90
R00000220,C000306,2026-02-05,1943.91,Payment,360
R00000221,C000312,2026-04-09,1277.31,Payment,30
R00000222,C000312,2026-05-09,1064.43,Payment,60
R00000223,C000312,2026-07-08,798.32,Collection,120
R00000224,C000313,2026-04-09,200.78,Payment,30
R00000225,C000313,2026-06-08,150.58,Renegotiation,90
R00000226,C000313,2026-07-08,125.49,Payment,120
R00000227,C000316,2025-11-07,5270.52,Settlement,120
R00000228,C000316,2026-01-06,4567.78,Settlement,180
R00000229,C000322,2025-09-09,1108.69,Collection,30
R00000230,C000322,2025-12-08,692.93,Payment,120
R00000231,C000322,2026-08-05,461.95,Collection,360
R00000232,C000327,2025-12-10,354.21,Payment,30
R00000233,C000329,2026-03-11,2243.53,Settlement,60
R00000234,C000329,2026-05-10,1682.65,Collection,120
R00000235,C000329,2026-07-09,1458.29,Settlement,180
R00000236,C000331,2026-01-08,4327.27,Renegotiation,120
R00000237,C000337,2025-05-09,741.61,Collection,60
R00000238,C000337,2025-07-08,556.2,Collection,120
R00000239,C000337,2025-09-06,482.04,Payment,180
R00000240,C000338,2026-05-09,2392.7,Payment,60
R00000241,C000338,2026-07-08,1794.53,Payment,120
R00000242,C000341,2026-07-10,857.98,Settlement,30
R00000243,C000343,2026-04-09,1066.8,Renegotiation,30
R00000244,C000343,2026-07-08,666.75,Renegotiation,120
R00000245,C000345,2026-06-09,2680.64,Collection,30
R00000246,C000352,2025-12-09,1542.37,Renegotiation,90
R00000247,C000352,2026-03-09,1113.93,Payment,180
R00000248,C000354,2025-10-09,1084.38,Payment,60
R00000249,C000354,2025-11-08,975.94,Collection,90
R00000250,C000354,2026-02-06,704.84,Payment,180
R00000251,C000354,2026-08-05,542.19,Renegotiation,360
R00000252,C000357,2025-07-10,1638.62,Payment,30
R00000253,C000357,2025-10-08,1024.14,Renegotiation,120
R00000254,C000357,2025-12-07,887.59,Payment,180
R00000255,C000357,2026-06-05,682.76,Payment,360
R00000256,C000362,2025-10-10,1954.04,Payment,30
R00000257,C000362,2025-12-09,1465.53,Payment,90
R00000258,C000362,2026-01-08,1221.27,Payment,120
R00000259,C000366,2025-12-07,4720.33,Payment,180
R00000260,C000366,2026-06-05,3631.02,Settlement,360
R00000261,C000371,2026-02-08,21713.51,Payment,90
R00000262,C000371,2026-05-09,15681.98,Payment,180
R00000263,C000373,2026-07-10,1206.33,Payment,30
R00000264,C000373,2026-08-09,1005.27,Collection,60
R00000265,C000374,2026-04-09,2214.42,Settlement,30
R00000266,C000374,2026-06-08,1660.82,Settlement,90
R00000267,C000378,2026-02-09,9546.28,Payment,30
R00000268,C000378,2026-04-10,7159.71,Payment,90
R00000269,C000378,2026-05-10,5966.42,Payment,120
R00000270,C000379,2026-03-12,9199.3,Renegotiation,30
R00000271,C000379,2026-06-10,5749.56,Collection,120
R00000272,C000380,2025-11-09,451.03,Collection,30
R00000273,C000380,2025-12-09,375.86,Payment,60
R00000274,C000380,2026-02-07,281.89,Renegotiation,120
R00000275,C000380,2026-04-08,244.31,Payment,180
R00000276,C000383,2025-05-09,5532.52,Payment,60
R00000277,C000383,2026-03-05,2766.26,Payment,360
R00000278,C000384,2026-03-12,1518.79,Renegotiation,30
R00000279,C000384,2026-04-11,1265.66,Payment,60
R00000280,C000384,2026-05-11,1139.09,Payment,90
R00000281,C000390,2025-08-08,575.3,Renegotiation,90
R00000282,C000390,2025-09-07,479.41,Payment,120
R00000283,C000390,2025-11-06,415.49,Collection,180
R00000284,C000390,2026-05-05,319.61,Settlement,360
R00000285,C000396,2026-06-09,4823.45,Payment,60
R00000286,C000400,2025-11-09,869.19,Renegotiation,30
R00000287,C000400,2025-12-09,724.33,Payment,60
R00000288,C000400,2026-02-07,543.25,Settlement,120
R00000289,C000400,2026-04-08,470.81,Collection,180
R00000290,C000401,2026-03-11,2566.36,Payment,60
R00000291,C000402,2026-06-09,1701.47,Renegotiation,60
R00000292,C000402,2026-07-09,1531.33,Payment,90
R00000293,C000403,2026-03-12,618.58,Renegotiation,30
R00000294,C000403,2026-05-11,463.94,Payment,90
R00000295,C000403,2026-06-10,386.62,Payment,120
R00000296,C000406,2025-10-10,38342.91,Payment,30
R00000297,C000407,2025-03-12,11937.69,Collection,30
R00000298,C000407,2025-05-11,8953.26,Payment,90
R00000299,C000407,2025-08-09,6466.25,Settlement,180
R00000300,C000408,2026-08-09,1164.86,Renegotiation,30
R00000301,C000409,2025-08-09,1163.52,Collection,30
R00000302,C000409,2026-01-06,630.24,Settlement,180
R00000303,C000409,2026-07-05,484.8,Payment,360
R00000304,C000410,2026-03-12,614.23,Renegotiation,30
R00000305,C000410,2026-04-11,511.86,Payment,60
R00000306,C000412,2026-03-10,832.35,Settlement,90
R00000307,C000412,2026-04-09,693.62,Payment,120
R00000308,C000412,2026-06-08,601.14,Collection,180
R00000309,C000419,2025-12-07,4839.66,Payment,180
R00000310,C000419,2026-06-05,3722.82,Collection,360
R00000311,C000422,2026-02-09,418.97,Payment,30
R00000312,C000422,2026-05-10,261.86,Renegotiation,120
R00000313,C000427,2026-08-09,1970.8,Collection,30
R00000314,C000429,2026-07-10,417.73,Payment,30
R00000315,C000429,2026-08-09,348.11,Payment,60
R00000316,C000430,2026-07-10,1353.95,Renegotiation,30
R00000317,C000430,2026-08-09,1128.29,Collection,60
R00000318,C000431,2026-05-09,3248.55,Payment,60
R00000319,C000432,2026-01-08,9918.71,Settlement,90
R00000320,C000432,2026-04-08,7163.51,Payment,180
R00000321,C000433,2026-03-11,2443.33,Collection,60
R00000322,C000433,2026-04-10,2198.99,Renegotiation,90
R00000323,C000433,2026-05-10,1832.5,Payment,120
R00000324,C000437,2026-08-09,2490.83,Payment,60
R00000325,C000441,2026-06-08,2021.36,Settlement,180
R00000326,C000446,2026-08-08,1980.4,Payment,120
R00000327,C000448,2025-12-09,4883.77,Renegotiation,60
R00000328,C000448,2026-02-07,3662.83,Settlement,120
R00000329,C000450,2026-04-09,10072.57,Payment,30
R00000330,C000450,2026-05-09,8393.81,Collection,60
R00000331,C000453,2026-04-09,1765.5,Payment,30
R00000332,C000453,2026-05-09,1471.25,Payment,60
R00000333,C000453,2026-06-08,1324.13,Collection,90
R00000334,C000461,2026-06-09,1718.98,Renegotiation,30
R00000335,C000465,2026-04-09,2707.21,Payment,30
R00000336,C000465,2026-05-09,2256.01,Payment,60
R00000337,C000465,2026-06-08,2030.41,Payment,90
R00000338,C000467,2026-05-10,6243.31,Settlement,30
R00000339,C000467,2026-06-09,5202.76,Renegotiation,60
R00000340,C000467,2026-07-09,4682.49,Payment,90
R00000341,C000467,2026-08-08,3902.07,Collection,120
R00000342,C000468,2026-07-09,581.91,Payment,180
R00000343,C000469,2025-06-09,12395.57,Settlement,30
R00000344,C000469,2025-07-09,10329.64,Collection,60
R00000345,C000469,2025-09-07,7747.23,Renegotiation,120
R00000346,C000473,2025-11-09,621.61,Settlement,30
R00000347,C000473,2026-01-08,466.21,Payment,90
R00000348,C000473,2026-02-07,388.51,Payment,120
R00000349,C000478,2026-06-09,2844.51,Renegotiation,30
R00000350,C000478,2026-07-09,2370.43,Payment,60
R00000351,C000479,2026-04-09,1019.07,Collection,30
R00000352,C000479,2026-07-08,636.92,Collection,120
R00000353,C000489,2026-05-10,2536.19,Payment,30
R00000354,C000489,2026-07-09,1902.14,Settlement,90
R00000355,C000489,2026-08-08,1585.12,Payment,120
R00000356,C000490,2026-07-10,6270.96,Renegotiation,30
R00000357,C000490,2026-08-09,5225.8,Collection,60
R00000358,C000494,2026-05-10,3953.05,Payment,30
R00000359,C000494,2026-07-09,2964.79,Payment,90
R00000360,C000496,2026-04-11,2485.66,Payment,60
R00000361,C000496,2026-08-09,1615.68,Collection,180
R00000362,C000498,2026-07-09,2312.53,Collection,90
R00000363,C000498,2026-08-08,1927.11,Settlement,120
R00000364,C000499,2026-04-11,488.18,Settlement,60
R00000365,C000499,2026-06-10,366.13,Settlement,120
R00000366,C000500,2026-06-09,1196.87,Payment,30
R00000367,C000500,2026-08-08,897.65,Collection,90
R00000368,C000501,2026-01-09,3954.23,Settlement,30
R00000369,C000501,2026-02-08,3295.19,Collection,60
R00000370,C000501,2026-03-10,2965.67,Collection,90
R00000371,C000501,2026-04-09,2471.39,Payment,120
R00000372,C000502,2026-07-10,502.8,Payment,30
R00000373,C000502,2026-08-09,419.0,Renegotiation,60
R00000374,C000510,2026-01-09,4108.16,Settlement,30
R00000375,C000510,2026-03-10,3081.12,Settlement,90
R00000376,C000510,2026-04-09,2567.6,Renegotiation,120
R00000377,C000513,2025-11-09,2505.53,Payment,30
R00000378,C000514,2026-01-08,18224.49,Payment,120
R00000379,C000514,2026-03-09,15794.55,Renegotiation,180
R00000380,C000520,2026-06-09,9320.41,Settlement,30
R00000381,C000524,2025-12-09,263.15,Collection,90
R00000382,C000524,2026-01-08,219.29,Collection,120
R00000383,C000526,2026-06-09,16911.76,Payment,30
R00000384,C000526,2026-08-08,12683.82,Payment,90
R00000385,C000530,2025-05-09,21833.52,Collection,60
R00000386,C000530,2025-07-08,16375.14,Renegotiation,120
R00000387,C000530,2025-09-06,14191.79,Renegotiation,180
R00000388,C000531,2026-07-09,145.33,Payment,60
R00000389,C000534,2026-01-09,14478.85,Renegotiation,30
R00000390,C000534,2026-06-08,7842.71,Renegotiation,180
R00000391,C000536,2026-02-09,1612.51,Renegotiation,30
R00000392,C000536,2026-03-11,1343.76,Payment,60
R00000393,C000536,2026-04-10,1209.38,Payment,90
R00000394,C000537,2026-08-09,1823.88,Payment,30
R00000395,C000539,2026-06-09,910.08,Collection,30
R00000396,C000539,2026-07-09,758.4,Payment,60
R00000397,C000539,2026-08-08,682.56,Payment,90
R00000398,C000541,2026-06-09,904.52,Payment,30
R00000399,C000541,2026-08-08,678.39,Renegotiation,90
R00000400,C000543,2026-04-11,2408.82,Settlement,60
R00000401,C000543,2026-06-10,1806.61,Collection,120
R00000402,C000543,2026-08-09,1565.73,Renegotiation,180
R00000403,C000549,2026-03-12,99.2,Collection,30
R00000404,C000549,2026-05-11,74.4,Collection,90
R00000405,C000549,2026-08-09,53.73,Renegotiation,180
R00000406,C000553,2025-12-09,677.94,Settlement,60
R00000407,C000553,2026-02-07,508.45,Payment,120
R00000408,C000556,2026-02-09,867.15,Collection,30
R00000409,C000556,2026-04-10,650.36,Renegotiation,90
R00000410,C000558,2025-06-09,3647.91,Payment,30
R00000411,C000558,2025-07-09,3039.93,Payment,60
R00000412,C000558,2025-09-07,2279.95,Payment,120
R00000413,C000558,2025-11-06,1975.95,Payment,180
R00000414,C000559,2026-08-09,1820.82,Settlement,30
R00000415,C000562,2025-10-10,3896.84,Collection,30
R00000416,C000563,2026-08-09,6084.92,Renegotiation,30
R00000417,C000565,2025-05-10,1783.84,Collection,30
R00000418,C000565,2025-06-09,1486.53,Settlement,60
R00000419,C000565,2026-04-05,743.27,Settlement,360
R00000420,C000567,2026-03-12,648.71,Collection,30
R00000421,C000567,2026-05-11,486.53,Payment,90
R00000422,C000571,2026-03-10,786.4,Payment,90
R00000423,C000571,2026-04-09,655.33,Payment,120
R00000424,C000574,2026-08-09,4732.68,Payment,30
R00000425,C000575,2026-03-12,1330.55,Payment,30
R00000426,C000575,2026-06-10,831.59,Renegotiation,120
R00000427,C000575,2026-08-09,720.71,Renegotiation,180
R00000428,C000576,2025-05-10,591.79,Settlement,30
R00000429,C000576,2025-06-09,493.16,Collection,60
R00000430,C000576,2025-07-09,443.84,Payment,90
R00000431,C000576,2025-08-08,369.87,Settlement,120
R00000432,C000578,2026-03-11,1463.45,Payment,60
R00000433,C000578,2026-04-10,1317.1,Payment,90
R00000434,C000578,2026-05-10,1097.58,Payment,120
R00000435,C000578,2026-07-09,951.24,Payment,180
R00000436,C000580,2026-07-09,2360.3,Payment,180
R00000437,C000584,2026-02-09,1574.21,Payment,30
R00000438,C000584,2026-03-11,1311.84,Collection,60
R00000439,C000584,2026-04-10,1180.66,Payment,90
R00000440,C000587,2026-02-08,416.68,Collection,60
R00000441,C000587,2026-03-10,375.01,Payment,90
R00000442,C000587,2026-06-08,270.84,Payment,180
R00000443,C000588,2026-07-09,4292.58,Payment,90
R00000444,C000588,2026-08-08,3577.15,Collection,120
R00000445,C000592,2026-07-10,60.45,Payment,30
R00000446,C000594,2026-01-09,5703.37,Payment,30
R00000447,C000594,2026-03-10,4277.53,Settlement,90
R00000448,C000594,2026-06-08,3089.32,Settlement,180
R00000449,C000596,2025-11-09,428.35,Payment,30
R00000450,C000596,2025-12-09,356.96,Payment,60
R00000451,C000596,2026-01-08,321.26,Payment,90
R00000452,C000598,2026-05-09,33083.76,Payment,60
R00000453,C000601,2026-05-09,10529.46,Renegotiation,60
R00000454,C000601,2026-06-08,9476.52,Payment,90
R00000455,C000601,2026-07-08,7897.1,Payment,120
R00000456,C000602,2026-03-10,150.49,Payment,90
R00000457,C000602,2026-04-09,125.41,Renegotiation,120
R00000458,C000605,2026-06-09,1309.33,Payment,60
R00000459,C000605,2026-07-09,1178.4,Collection,90
R00000460,C000607,2026-02-09,7369.62,Payment,30
R00000461,C000607,2026-04-10,5527.21,Settlement,90
R00000462,C000608,2025-12-10,1694.65,Renegotiation,30
R00000463,C000608,2026-01-09,1412.21,Collection,60
R00000464,C000608,2026-03-10,1059.16,Payment,120
R00000465,C000609,2025-06-09,2260.84,Collection,60
R00000466,C000609,2025-07-09,2034.76,Settlement,90
R00000467,C000616,2026-03-12,3670.34,Renegotiation,30
R00000468,C000616,2026-08-09,1988.1,Settlement,180
R00000469,C000617,2026-05-10,1417.01,Payment,30
R00000470,C000617,2026-07-09,1062.76,Collection,90
R00000471,C000619,2025-10-09,1163.4,Settlement,60
R00000472,C000619,2025-11-08,1047.06,Settlement,90
R00000473,C000619,2026-08-05,581.7,Settlement,360
R00000474,C000622,2025-11-09,7721.18,Payment,30
R00000475,C000622,2026-01-08,5790.88,Renegotiation,90
R00000476,C000622,2026-02-07,4825.74,Payment,120
R00000477,C000622,2026-04-08,4182.31,Collection,180
R00000478,C000623,2026-05-09,221.52,Renegotiation,60
R00000479,C000624,2026-03-12,7601.33,Payment,30
R00000480,C000624,2026-04-11,6334.44,Payment,60
R00000481,C000624,2026-05-11,5701.0,Payment,90
R00000482,C000624,2026-08-09,4117.39,Payment,180
R00000483,C000628,2025-12-10,2403.58,Payment,30
R00000484,C000628,2026-01-09,2002.98,Renegotiation,60
R00000485,C000628,2026-03-10,1502.24,Renegotiation,120
R00000486,C000629,2025-05-10,2146.69,Renegotiation,30
R00000487,C000629,2025-10-07,1162.79,Collection,180
R00000488,C000629,2026-04-05,894.46,Payment,360
R00000489,C000630,2026-01-08,1516.53,Payment,90
R00000490,C000630,2026-02-07,1263.77,Payment,120
R00000491,C000631,2026-02-08,958.34,Renegotiation,90
R00000492,C000631,2026-05-09,692.14,Renegotiation,180
R00000493,C000635,2025-05-10,1672.07,Payment,30
R00000494,C000635,2025-06-09,1393.39,Payment,60
R00000495,C000639,2025-10-08,5051.68,Payment,90
R00000496,C000639,2026-07-05,2806.49,Payment,360
R00000497,C000642,2025-12-10,355.86,Renegotiation,30
R00000498,C000642,2026-01-09,296.55,Settlement,60
R00000499,C000642,2026-05-09,192.76,Payment,180
R00000500,C000643,2026-02-09,1011.0,Settlement,30
R00000501,C000643,2026-03-11,842.5,Payment,60
R00000502,C000643,2026-07-09,547.62,Payment,180
R00000503,C000644,2026-08-09,2745.57,Renegotiation,30
R00000504,C000645,2026-06-08,555.07,Payment,90
R00000505,C000645,2026-07-08,462.56,Payment,120
R00000506,C000652,2026-03-12,1494.46,Settlement,30
R00000507,C000654,2026-02-08,1195.19,Payment,90
R00000508,C000654,2026-03-10,995.99,Payment,120
R00000509,C000654,2026-05-09,863.19,Settlement,180
R00000510,C000656,2026-07-09,719.76,Payment,90
R00000511,C000656,2026-08-08,599.8,Collection,120
R00000512,C000659,2025-11-07,1573.09,Payment,120
R00000513,C000659,2026-07-05,1048.73,Payment,360
R00000514,C000661,2025-04-09,7703.21,Renegotiation,30
R00000515,C000661,2025-07-08,4814.51,Payment,120
R00000516,C000665,2025-09-09,1444.67,Payment,30
R00000517,C000665,2025-11-08,1083.5,Payment,90
R00000518,C000665,2026-02-06,782.53,Payment,180
R00000519,C000665,2026-08-05,601.94,Renegotiation,360
R00000520,C000666,2026-05-10,3886.94,Payment,30
R00000521,C000666,2026-07-09,2915.21,Settlement,90
R00000522,C000666,2026-08-08,2429.34,Renegotiation,120
R00000523,C000670,2026-03-12,420.08,Collection,30
R00000524,C000670,2026-06-10,262.55,Renegotiation,120
R00000525,C000670,2026-08-09,227.54,Payment,180
R00000526,C000672,2026-05-09,642.05,Payment,60
R00000527,C000672,2026-07-08,481.54,Payment,120
R00000528,C000673,2026-08-09,13835.86,Settlement,60
R00000529,C000675,2026-04-09,1224.76,Collection,30
R00000530,C000675,2026-07-08,765.48,Settlement,120
R00000531,C000676,2026-04-09,2390.44,Payment,30
R00000532,C000676,2026-05-09,1992.03,Settlement,60
R00000533,C000676,2026-07-08,1494.02,Payment,120
R00000534,C000680,2026-03-10,7372.18,Payment,90
R00000535,C000680,2026-04-09,6143.48,Renegotiation,120
R00000536,C000680,2026-06-08,5324.35,Payment,180
R00000537,C000683,2025-06-09,717.27,Renegotiation,60
R00000538,C000683,2025-07-09,645.54,Collection,90
R00000539,C000683,2025-08-08,537.95,Collection,120
R00000540,C000683,2025-10-07,466.23,Renegotiation,180
R00000541,C000684,2026-04-09,2187.78,Renegotiation,120
R00000542,C000684,2026-06-08,1896.08,Payment,180
R00000543,C000686,2026-03-12,3791.94,Renegotiation,30
R00000544,C000686,2026-05-11,2843.96,Payment,90
R00000545,C000686,2026-08-09,2053.97,Settlement,180
R00000546,C000690,2026-02-09,965.13,Payment,30
R00000547,C000690,2026-04-10,723.84,Renegotiation,90
R00000548,C000693,2026-04-09,1324.28,Payment,30
R00000549,C000693,2026-05-09,1103.57,Payment,60
R00000550,C000693,2026-07-08,827.68,Payment,120
R00000551,C000694,2026-06-09,369.68,Payment,30
R00000552,C000694,2026-07-09,308.07,Payment,60
R00000553,C000695,2026-04-11,41.43,Payment,60
R00000554,C000695,2026-05-11,37.28,Collection,90
R00000555,C000695,2026-06-10,31.07,Collection,120
R00000556,C000696,2026-07-09,669.09,Settlement,60
R00000557,C000696,2026-08-08,602.18,Renegotiation,90
R00000558,C000697,2026-04-09,3113.92,Payment,120
R00000559,C000700,2026-07-09,2728.79,Settlement,60
R00000560,C000701,2025-10-08,650.13,Settlement,90
R00000561,C000701,2025-11-07,541.78,Renegotiation,120
R00000562,C000701,2026-01-06,469.54,Renegotiation,180
R00000563,C000701,2026-07-05,361.18,Payment,360
R00000564,C000709,2026-06-08,3575.89,Collection,90
R00000565,C000718,2025-12-09,15033.43,Payment,90
R00000566,C000719,2026-05-09,2521.99,Payment,60
R00000567,C000719,2026-07-08,1891.49,Settlement,120
R00000568,C000721,2026-03-09,30961.25,Payment,180
R00000569,C000724,2026-04-09,1089.84,Payment,30
R00000570,C000727,2026-06-09,1554.04,Payment,30
R00000571,C000727,2026-07-09,1295.03,Collection,60
R00000572,C000728,2025-09-08,1665.88,Renegotiation,60
R00000573,C000728,2025-10-08,1499.29,Payment,90
R00000574,C000728,2026-01-06,1082.82,Renegotiation,180
R00000575,C000729,2025-10-10,15853.45,Payment,30
R00000576,C000729,2026-01-08,9908.4,Payment,120
R00000577,C000731,2025-11-09,828.22,Settlement,30
R00000578,C000731,2026-01-08,621.17,Payment,90
R00000579,C000731,2026-04-08,448.62,Collection,180
R00000580,C000735,2025-08-08,1049.27,Renegotiation,120
R00000581,C000735,2025-10-07,909.36,Renegotiation,180
R00000582,C000738,2025-10-10,20963.47,Settlement,30
R00000583,C000740,2026-04-11,10864.11,Payment,60
R00000584,C000740,2026-08-09,7061.67,Settlement,180
R00000585,C000744,2026-06-09,349.96,Collection,30
R00000586,C000746,2026-07-09,1491.21,Settlement,60
R00000587,C000746,2026-08-08,1342.09,Payment,90
R00000588,C000748,2026-06-09,1815.18,Collection,30
R00000589,C000748,2026-07-09,1512.65,Payment,60
R00000590,C000751,2026-07-10,4999.17,Settlement,30
R00000591,C000756,2026-06-09,6817.87,Payment,30
R00000592,C000761,2025-07-10,1264.16,Payment,30
R00000593,C000761,2025-10-08,790.1,Payment,120
R00000594,C000761,2025-12-07,684.75,Payment,180
R00000595,C000761,2026-06-05,526.73,Payment,360
R00000596,C000769,2026-07-10,617.77,Collection,30
R00000597,C000771,2025-09-09,14052.9,Payment,30
R00000598,C000771,2025-10-09,11710.75,Payment,60
R00000599,C000771,2025-12-08,8783.06,Renegotiation,120
R00000600,C000771,2026-02-06,7611.99,Payment,180
R00000601,C000776,2026-07-10,5506.31,Collection,30
R00000602,C000778,2026-05-10,2044.44,Payment,30
R00000603,C000778,2026-07-09,1533.33,Payment,90
R00000604,C000778,2026-08-08,1277.78,Renegotiation,120
R00000605,C000779,2026-08-09,85.32,Payment,60
R00000606,C000781,2026-01-09,226.87,Payment,60
R00000607,C000781,2026-02-08,204.19,Payment,90
R00000608,C000781,2026-03-10,170.16,Payment,120
R00000609,C000781,2026-05-09,147.47,Renegotiation,180
R00000610,C000783,2026-02-09,21625.5,Payment,30
R00000611,C000783,2026-05-10,13515.94,Payment,120
R00000612,C000785,2025-06-09,1259.99,Settlement,30
R00000613,C000785,2025-09-07,787.49,Settlement,120
R00000614,C000785,2025-11-06,682.49,Payment,180
R00000615,C000785,2026-05-05,525.0,Settlement,360
R00000616,C000788,2026-03-11,985.55,Payment,60
R00000617,C000788,2026-05-10,739.16,Collection,120
R00000618,C000788,2026-07-09,640.61,Payment,180
R00000619,C000798,2026-02-09,183.55,Renegotiation,30
R00000620,C000798,2026-03-11,152.96,Renegotiation,60
R00000621,C000798,2026-05-10,114.72,Renegotiation,120
R00000622,C000800,2026-08-08,1241.19,Payment,120
R00000623,C000802,2026-04-11,2682.07,Settlement,60
R00000624,C000802,2026-05-11,2413.86,Renegotiation,90
R00000625,C000805,2026-01-09,426.98,Collection,30
R00000626,C000805,2026-02-08,355.82,Collection,60
R00000627,C000805,2026-04-09,266.86,Payment,120
R00000628,C000808,2025-09-08,347.17,Renegotiation,60
R00000629,C000808,2026-01-06,225.66,Payment,180
R00000630,C000811,2026-04-11,1620.87,Collection,60
R00000631,C000811,2026-06-10,1215.65,Payment,120
R00000632,C000812,2026-08-09,4273.54,Collection,60
R00000633,C000816,2026-06-09,14571.16,Settlement,30
R00000634,C000816,2026-07-09,12142.63,Payment,60
R00000635,C000816,2026-08-08,10928.37,Payment,90
R00000636,C000825,2026-05-10,6635.7,Payment,30
R00000637,C000825,2026-07-09,4976.77,Collection,90
R00000638,C000825,2026-08-08,4147.31,Collection,120
R00000639,C000827,2025-11-09,35558.14,Settlement,30
R00000640,C000830,2026-03-11,1201.32,Collection,60
R00000641,C000830,2026-05-10,900.99,Settlement,120
R00000642,C000830,2026-07-09,780.86,Payment,180
R00000643,C000831,2026-08-09,12024.73,Payment,30
R00000644,C000833,2026-07-10,284.92,Payment,30
R00000645,C000833,2026-08-09,237.43,Renegotiation,60
R00000646,C000835,2026-08-08,1171.2,Payment,90
R00000647,C000837,2026-04-09,7814.09,Payment,30
R00000648,C000837,2026-05-09,6511.74,Renegotiation,60
R00000649,C000837,2026-07-08,4883.81,Payment,120
R00000650,C000838,2026-06-09,491.79,Payment,60
R00000651,C000838,2026-07-09,442.61,Collection,90
R00000652,C000838,2026-08-08,368.84,Collection,120
R00000653,C000843,2025-11-09,2359.86,Payment,30
R00000654,C000843,2025-12-09,1966.55,Collection,60
R00000655,C000843,2026-01-08,1769.89,Collection,90
R00000656,C000843,2026-02-07,1474.91,Settlement,120
R00000657,C000845,2026-07-10,245.36,Collection,30
R00000658,C000846,2026-02-09,455.49,Renegotiation,30
R00000659,C000846,2026-05-10,284.68,Payment,120
R00000660,C000846,2026-07-09,246.72,Renegotiation,180
R00000661,C000853,2026-03-12,3216.04,Payment,30
R00000662,C000853,2026-04-11,2680.04,Collection,60
R00000663,C000853,2026-06-10,2010.03,Settlement,120
R00000664,C000854,2025-08-09,1403.58,Payment,30
R00000665,C000854,2025-09-08,1169.65,Payment,60
R00000666,C000854,2025-10-08,1052.68,Payment,90
R00000667,C000854,2026-01-06,760.27,Payment,180
R00000668,C000858,2025-10-10,6030.34,Settlement,30
R00000669,C000858,2025-12-09,4522.76,Collection,90
R00000670,C000858,2026-01-08,3768.96,Payment,120
R00000671,C000871,2025-09-08,2792.89,Payment,60
R00000672,C000871,2026-01-06,1815.38,Payment,180
R00000673,C000875,2026-08-09,1332.34,Payment,30
R00000674,C000877,2026-08-09,651.02,Renegotiation,30
R00000675,C000878,2025-09-07,992.05,Renegotiation,120
R00000676,C000878,2025-11-06,859.78,Payment,180
R00000677,C000880,2025-11-09,2144.09,Payment,60
R00000678,C000880,2026-01-08,1608.06,Settlement,120
R00000679,C000883,2026-04-10,6129.96,Renegotiation,90
R00000680,C000887,2026-05-10,1895.05,Renegotiation,30
R00000681,C000890,2025-05-10,2051.35,Payment,30
R00000682,C000890,2025-07-09,1538.51,Payment,90
R00000683,C000892,2026-01-09,3940.04,Collection,30
R00000684,C000892,2026-03-10,2955.03,Payment,90
R00000685,C000895,2026-01-09,4622.59,Collection,30
R00000686,C000895,2026-03-10,3466.94,Payment,90
R00000687,C000898,2026-06-10,2628.22,Payment,120
R00000688,C000898,2026-08-09,2277.79,Payment,180
R00000689,C000900,2025-05-09,667.67,Payment,60
R00000690,C000900,2025-07-08,500.75,Payment,120
R00000691,C000900,2025-09-06,433.99,Payment,180
R00000692,C000900,2026-03-05,333.84,Payment,360
R00000693,C000913,2025-11-09,653.69,Payment,30
R00000694,C000913,2025-12-09,544.74,Payment,60
R00000695,C000913,2026-04-08,354.08,Payment,180
R00000696,C000914,2025-11-09,11056.04,Renegotiation,60
R00000697,C000914,2026-01-08,8292.03,Payment,120
R00000698,C000914,2026-03-09,7186.43,Settlement,180
R00000699,C000915,2026-07-09,2201.66,Settlement,90
R00000700,C000918,2026-08-09,4082.49,Settlement,30
R00000701,C000919,2025-12-10,496.56,Collection,30
R00000702,C000919,2026-02-08,372.42,Renegotiation,90
R00000703,C000919,2026-05-09,268.97,Payment,180
R00000704,C000920,2025-08-08,2053.63,Renegotiation,90
R00000705,C000920,2025-11-06,1483.17,Collection,180
R00000706,C000920,2026-05-05,1140.9,Payment,360
R00000707,C000925,2026-07-10,1214.77,Collection,30
R00000708,C000925,2026-08-09,1012.31,Collection,60
R00000709,C000926,2026-06-10,786.33,Payment,120
R00000710,C000926,2026-08-09,681.49,Collection,180
R00000711,C000927,2026-08-09,564.16,Payment,60
R00000712,C000939,2025-10-10,1691.71,Payment,30
R00000713,C000939,2026-01-08,1057.32,Payment,120
R00000714,C000939,2026-03-09,916.34,Renegotiation,180
R00000715,C000946,2026-08-09,1906.15,Settlement,180
R00000716,C000948,2025-05-10,4406.35,Renegotiation,30
R00000717,C000948,2025-07-09,3304.76,Settlement,90
R00000718,C000948,2026-04-05,1835.98,Payment,360
R00000719,C000951,2026-04-09,765.87,Settlement,30
R00000720,C000951,2026-07-08,478.67,Collection,120
R00000721,C000954,2025-11-09,6867.95,Payment,30
R00000722,C000954,2026-01-08,5150.96,Payment,90
R00000723,C000958,2026-02-08,3505.16,Payment,60
R00000724,C000958,2026-03-10,3154.64,Payment,90
R00000725,C000959,2025-11-09,617.8,Settlement,30
R00000726,C000959,2026-01-08,463.35,Settlement,90
R00000727,C000959,2026-02-07,386.13,Settlement,120
R00000728,C000963,2026-07-10,609.48,Collection,30
R00000729,C000963,2026-08-09,507.9,Renegotiation,60
R00000730,C000965,2026-08-09,660.58,Payment,60
R00000731,C000969,2026-01-09,965.26,Renegotiation,60
R00000732,C000969,2026-02-08,868.73,Payment,90
R00000733,C000969,2026-05-09,627.42,Payment,180
R00000734,C000974,2025-08-09,10291.33,Payment,30
R00000735,C000974,2025-09-08,8576.11,Settlement,60
R00000736,C000975,2026-04-11,13235.42,Renegotiation,60
R00000737,C000975,2026-06-10,9926.57,Payment,120
R00000738,C000975,2026-08-09,8603.03,Collection,180
R00000739,C000978,2026-02-09,3759.09,Collection,30
R00000740,C000978,2026-03-11,3132.58,Settlement,60
R00000741,C000978,2026-04-10,2819.32,Settlement,90
R00000742,C000978,2026-07-09,2036.18,Renegotiation,180
R00000743,C000979,2025-09-08,3329.87,Payment,60
R00000744,C000979,2025-10-08,2996.88,Payment,90
R00000745,C000979,2026-01-06,2164.41,Payment,180
R00000746,C000985,2026-07-10,3093.21,Settlement,30
R00000747,C000986,2026-07-10,6997.28,Collection,30
R00000748,C000986,2026-08-09,5831.07,Payment,60
R00000749,C000988,2026-02-09,20014.05,Payment,30
R00000750,C000988,2026-04-10,15010.54,Settlement,90
R00000751,C000988,2026-07-09,10840.95,Payment,180
R00000752,C000989,2026-07-10,9599.66,Collection,30
R00000753,C000989,2026-08-09,7999.72,Payment,60
R00000754,C000993,2026-01-09,1062.44,Payment,30
R00000755,C000993,2026-02-08,885.37,Collection,60
R00000756,C000996,2025-09-08,1692.17,Settlement,90
R00000757,C000996,2025-10-08,1410.14,Renegotiation,120
R00000758,C000996,2026-06-05,940.09,Renegotiation,360
R00000759,C000997,2025-08-09,2145.41,Payment,30
R00000760,C000997,2025-09-08,1787.84,Settlement,60
R00000761,C000997,2026-01-06,1162.1,Payment,180
R00000762,C001003,2025-11-09,3171.62,Renegotiation,60
R00000763,C001003,2025-12-09,2854.46,Payment,90
R00000764,C001006,2025-10-10,5118.26,Payment,30
R00000765,C001006,2026-01-08,3198.91,Settlement,120
R00000766,C001006,2026-03-09,2772.39,Collection,180
R00000767,C001007,2026-07-09,5068.65,Renegotiation,90
R00000768,C001007,2026-08-08,4223.88,Payment,120
R00000769,C001009,2026-07-09,7113.73,Payment,60
R00000770,C001009,2026-08-08,6402.36,Settlement,90
R00000771,C001011,2025-10-10,1219.32,Payment,30
R00000772,C001011,2025-11-09,1016.1,Renegotiation,60
R00000773,C001011,2025-12-09,914.49,Payment,90
R00000774,C001011,2026-01-08,762.07,Settlement,120
R00000775,C001020,2025-12-08,42102.28,Collection,120
R00000776,C001020,2026-08-05,28068.19,Collection,360
R00000777,C001023,2026-03-10,1336.46,Payment,90
R00000778,C001023,2026-04-09,1113.71,Collection,120
R00000779,C001025,2026-07-09,1239.05,Payment,60
R00000780,C001029,2025-11-09,1017.25,Renegotiation,30
R00000781,C001029,2025-12-09,847.71,Payment,60
R00000782,C001029,2026-02-07,635.78,Payment,120
R00000783,C001030,2026-07-10,6644.69,Settlement,30
R00000784,C001030,2026-08-09,5537.24,Settlement,60
R00000785,C001036,2026-01-09,1216.43,Payment,60
R00000786,C001036,2026-02-08,1094.79,Collection,90
R00000787,C001037,2026-08-09,1215.69,Payment,30
R00000788,C001038,2026-05-10,480.87,Settlement,30
R00000789,C001040,2026-07-10,719.45,Payment,30
R00000790,C001041,2026-01-08,4412.79,Renegotiation,90
R00000791,C001041,2026-02-07,3677.33,Payment,120
R00000792,C001041,2026-04-08,3187.02,Payment,180
R00000793,C001042,2025-10-10,12389.59,Payment,30
R00000794,C001042,2025-12-09,9292.19,Collection,90
R00000795,C001042,2026-03-09,6711.03,Payment,180
R00000796,C001044,2025-12-10,3523.5,Payment,30
R00000797,C001044,2026-03-10,2202.19,Collection,120
R00000798,C001046,2025-09-09,20165.69,Payment,30
R00000799,C001046,2025-11-08,15124.27,Payment,90
R00000800,C001046,2026-08-05,8402.37,Payment,360
R00000801,C001049,2026-01-09,27138.34,Payment,30
R00000802,C001049,2026-03-10,20353.75,Renegotiation,90
R00000803,C001051,2025-06-10,9187.19,Payment,120
R00000804,C001051,2025-08-09,7962.23,Renegotiation,180
R00000805,C001057,2026-07-10,736.41,Payment,30
R00000806,C001057,2026-08-09,613.68,Payment,60
R00000807,C001060,2026-02-08,1617.48,Payment,90
R00000808,C001069,2026-06-09,834.47,Payment,60
R00000809,C001072,2026-06-09,446.98,Renegotiation,30
R00000810,C001072,2026-08-08,335.24,Renegotiation,90
R00000811,C001076,2026-05-09,1141.62,Payment,60
R00000812,C001077,2026-06-08,1381.62,Payment,90
R00000813,C001078,2026-07-10,1103.2,Payment,30
R00000814,C001078,2026-08-09,919.33,Payment,60
R00000815,C001082,2026-02-09,2359.09,Settlement,30
R00000816,C001082,2026-03-11,1965.91,Payment,60
R00000817,C001084,2026-08-09,686.72,Payment,30
R00000818,C001087,2026-04-11,234.66,Renegotiation,60
R00000819,C001087,2026-08-09,152.53,Payment,180
R00000820,C001092,2026-01-09,721.09,Payment,30
R00000821,C001092,2026-02-08,600.91,Renegotiation,60
R00000822,C001092,2026-04-09,450.68,Collection,120
R00000823,C001094,2026-05-09,4307.14,Collection,60
R00000824,C001095,2026-03-09,3418.6,Payment,180
R00000825,C001097,2026-04-09,7533.9,Collection,30
R00000826,C001097,2026-05-09,6278.25,Payment,60
R00000827,C001097,2026-06-08,5650.43,Renegotiation,90
R00000828,C001104,2026-05-10,20255.42,Renegotiation,30
R00000829,C001104,2026-06-09,16879.51,Renegotiation,60
R00000830,C001106,2025-09-08,771.84,Payment,60
R00000831,C001106,2025-11-07,578.88,Payment,120
R00000832,C001106,2026-01-06,501.7,Payment,180
R00000833,C001108,2026-06-09,1111.71,Collection,30
R00000834,C001108,2026-07-09,926.42,Payment,60
R00000835,C001108,2026-08-08,833.78,Settlement,90
R00000836,C001114,2026-08-09,602.74,Payment,30
R00000837,C001116,2026-04-09,2904.34,Renegotiation,30
R00000838,C001116,2026-06-08,2178.26,Payment,90
R00000839,C001121,2026-06-09,964.02,Collection,30
R00000840,C001121,2026-07-09,803.35,Collection,60
R00000841,C001122,2025-11-09,9301.57,Payment,30
R00000842,C001122,2025-12-09,7751.31,Settlement,60
R00000843,C001122,2026-02-07,5813.48,Payment,120
R00000844,C001122,2026-04-08,5038.35,Renegotiation,180
R00000845,C001129,2025-12-09,2344.32,Payment,90
R00000846,C001130,2026-08-09,6498.81,Payment,60
R00000847,C001131,2026-01-08,3262.75,Collection,90
R00000848,C001131,2026-04-08,2356.43,Payment,180
R00000849,C001132,2026-08-09,2153.62,Payment,30
R00000850,C001134,2026-02-09,1355.03,Renegotiation,30
R00000851,C001134,2026-04-10,1016.27,Payment,90
R00000852,C001134,2026-07-09,733.97,Renegotiation,180
R00000853,C001138,2025-10-08,5318.95,Payment,120
R00000854,C001138,2025-12-07,4609.76,Payment,180
R00000855,C001139,2026-08-09,2837.99,Collection,30
R00000856,C001140,2026-07-09,2795.46,Payment,90
R00000857,C001145,2026-05-10,845.78,Payment,30
R00000858,C001145,2026-08-08,528.61,Renegotiation,120
R00000859,C001146,2026-01-09,1105.29,Payment,60
R00000860,C001146,2026-02-08,994.76,Payment,90
R00000861,C001150,2026-05-09,81.75,Payment,60
R00000862,C001150,2026-06-08,73.58,Payment,90
R00000863,C001150,2026-07-08,61.31,Payment,120
R00000864,C001153,2025-06-09,2695.13,Settlement,30
R00000865,C001153,2025-11-06,1459.86,Payment,180
R00000866,C001156,2026-05-10,1607.69,Payment,30
R00000867,C001156,2026-06-09,1339.74,Settlement,60
R00000868,C001156,2026-07-09,1205.77,Payment,90
R00000869,C001156,2026-08-08,1004.81,Collection,120
R00000870,C001158,2025-09-09,2297.59,Renegotiation,30
R00000871,C001158,2025-10-09,1914.66,Renegotiation,60
R00000872,C001158,2025-11-08,1723.19,Settlement,90
R00000873,C001158,2026-08-05,957.33,Settlement,360
R00000874,C001161,2026-03-12,2070.83,Payment,30
R00000875,C001161,2026-05-11,1553.12,Payment,90
R00000876,C001162,2026-06-09,294.64,Renegotiation,30
R00000877,C001162,2026-07-09,245.54,Renegotiation,60
R00000878,C001162,2026-08-08,220.98,Settlement,90
R00000879,C001167,2025-09-08,1744.36,Payment,90
R00000880,C001167,2025-10-08,1453.63,Collection,120
R00000881,C001167,2026-06-05,969.09,Payment,360
R00000882,C001172,2025-03-12,20546.37,Payment,30
R00000883,C001172,2025-04-11,17121.97,Payment,60
R00000884,C001172,2025-08-09,11129.28,Payment,180
R00000885,C001172,2026-02-05,8560.99,Payment,360
R00000886,C001181,2026-06-09,1364.94,Collection,60
R00000887,C001181,2026-07-09,1228.45,Payment,90
R00000888,C001185,2025-08-09,10274.03,Payment,30
R00000889,C001185,2025-10-08,7705.52,Collection,90
R00000890,C001185,2025-11-07,6421.27,Renegotiation,120
R00000891,C001185,2026-01-06,5565.1,Payment,180
R00000892,C001190,2026-01-08,8318.38,Renegotiation,90
R00000893,C001190,2026-04-08,6007.72,Payment,180
R00000894,C001192,2026-04-11,2971.88,Payment,60
R00000895,C001192,2026-05-11,2674.69,Settlement,90
R00000896,C001193,2026-08-09,1089.96,Settlement,60
R00000897,C001194,2026-06-09,848.8,Payment,30
R00000898,C001200,2025-06-09,5949.32,Settlement,30
R00000899,C001200,2025-08-08,4461.99,Settlement,90
R00000900,C001200,2025-09-07,3718.33,Settlement,120
R00000901,C001201,2026-08-08,3446.48,Payment,90
R00000902,C001206,2025-11-09,3630.27,Payment,30
R00000903,C001206,2025-12-09,3025.22,Collection,60
R00000904,C001208,2026-08-09,1629.2,Payment,60
R00000905,C001215,2026-05-10,934.34,Payment,30
R00000906,C001215,2026-07-09,700.76,Settlement,90
R00000907,C001221,2026-05-10,3970.74,Payment,120
R00000908,C001221,2026-07-09,3441.31,Payment,180
R00000909,C001226,2026-08-09,3399.76,Collection,30
R00000910,C001227,2026-05-11,1316.3,Payment,90
R00000911,C001227,2026-06-10,1096.92,Renegotiation,120
R00000912,C001229,2025-08-09,7231.23,Payment,60
R00000913,C001229,2025-09-08,6508.11,Payment,90
R00000914,C001229,2025-10-08,5423.43,Collection,120
R00000915,C001229,2026-06-05,3615.62,Payment,360
R00000916,C001230,2026-05-10,1690.99,Renegotiation,120
R00000917,C001234,2026-07-10,17861.04,Settlement,30
R00000918,C001234,2026-08-09,14884.2,Settlement,60
R00000919,C001235,2026-07-09,719.32,Payment,90
R00000920,C001236,2026-07-10,15087.45,Settlement,30
R00000921,C001236,2026-08-09,12572.88,Collection,60
R00000922,C001237,2026-04-09,1313.47,Payment,30
R00000923,C001237,2026-05-09,1094.56,Payment,60
R00000924,C001239,2026-01-09,7704.85,Settlement,30
R00000925,C001239,2026-04-09,4815.53,Payment,120
R00000926,C001245,2025-11-08,14510.85,Payment,90
R00000927,C001245,2026-02-06,10480.06,Renegotiation,180
R00000928,C001245,2026-08-05,8061.58,Payment,360
R00000929,C001249,2026-06-10,351.22,Renegotiation,120
R00000930,C001249,2026-08-09,304.39,Payment,180
R00000931,C001252,2026-01-09,887.16,Payment,30
R00000932,C001252,2026-02-08,739.3,Renegotiation,60
R00000933,C001252,2026-03-10,665.37,Payment,90
R00000934,C001252,2026-04-09,554.48,Renegotiation,120
R00000935,C001253,2026-06-09,2136.66,Payment,30
R00000936,C001254,2026-06-08,2342.87,Payment,90
R00000937,C001258,2026-01-08,3005.54,Collection,90
R00000938,C001258,2026-04-08,2170.67,Renegotiation,180
R00000939,C001259,2025-05-10,1301.93,Payment,30
R00000940,C001259,2025-06-09,1084.94,Payment,60
R00000941,C001259,2025-07-09,976.45,Payment,90
R00000942,C001260,2025-04-09,1103.58,Settlement,30
R00000943,C001260,2025-06-08,827.69,Renegotiation,90
R00000944,C001260,2025-07-08,689.74,Payment,120
R00000945,C001260,2025-09-06,597.77,Renegotiation,180
R00000946,C001263,2026-07-09,1261.07,Settlement,60
R00000947,C001263,2026-08-08,1134.97,Renegotiation,90
R00000948,C001266,2026-08-09,14991.15,Payment,60
R00000949,C001267,2026-01-09,893.86,Payment,60
R00000950,C001267,2026-02-08,804.48,Settlement,90
R00000951,C001267,2026-03-10,670.4,Renegotiation,120
R00000952,C001268,2025-08-08,1579.51,Payment,120
R00000953,C001268,2025-10-07,1368.91,Payment,180
R00000954,C001269,2025-08-09,5125.55,Settlement,30
R00000955,C001269,2025-09-08,4271.29,Renegotiation,60
R00000956,C001269,2026-07-05,2135.64,Payment,360
R00000957,C001270,2026-04-11,8254.31,Payment,60
R00000958,C001274,2026-06-09,1251.65,Payment,30
R00000959,C001275,2025-06-09,991.66,Payment,60
R00000960,C001275,2025-08-08,743.75,Renegotiation,120
R00000961,C001275,2025-10-07,644.58,Renegotiation,180
R00000962,C001283,2025-07-10,5392.12,Payment,30
R00000963,C001283,2025-09-08,4044.09,Payment,90
R00000964,C001283,2026-06-05,2246.72,Collection,360
R00000965,C001284,2025-10-09,4930.96,Collection,60
R00000966,C001284,2025-12-08,3698.22,Collection,120
R00000967,C001284,2026-08-05,2465.48,Renegotiation,360
R00000968,C001286,2026-07-09,5611.09,Payment,90
R00000969,C001286,2026-08-08,4675.91,Payment,120
R00000970,C001290,2026-06-09,4644.61,Renegotiation,60
R00000971,C001290,2026-07-09,4180.15,Payment,90
R00000972,C001290,2026-08-08,3483.46,Payment,120
R00000973,C001296,2026-06-09,1950.83,Renegotiation,30
R00000974,C001296,2026-07-09,1625.69,Payment,60
R00000975,C001296,2026-08-08,1463.12,Settlement,90
R00000976,C001305,2026-07-08,1342.37,Settlement,120
R00000977,C001306,2026-07-10,1763.91,Collection,30
R00000978,C001306,2026-08-09,1469.92,Collection,60
R00000979,C001307,2026-01-09,1086.43,Payment,60
R00000980,C001307,2026-02-08,977.79,Renegotiation,90
R00000981,C001308,2025-12-10,929.1,Renegotiation,30
R00000982,C001308,2026-03-10,580.69,Renegotiation,120
R00000983,C001311,2026-07-10,1609.21,Payment,30
R00000984,C001313,2025-05-10,1555.96,Collection,30
R00000985,C001313,2026-04-05,648.32,Payment,360
R00000986,C001314,2026-04-09,1390.36,Payment,30
R00000987,C001314,2026-06-08,1042.77,Collection,90
R00000988,C001314,2026-07-08,868.98,Collection,120
R00000989,C001315,2025-11-09,4260.93,Collection,60
R00000990,C001315,2026-03-09,2769.61,Settlement,180
R00000991,C001320,2026-07-09,559.13,Payment,90
R00000992,C001326,2026-08-09,11510.76,Payment,60
R00000993,C001327,2026-04-09,173.97,Renegotiation,30
R00000994,C001327,2026-07-08,108.73,Collection,120
R00000995,C001329,2025-12-10,3720.83,Payment,30
R00000996,C001329,2026-02-08,2790.62,Renegotiation,90
R00000997,C001330,2026-01-09,3598.09,Settlement,30
R00000998,C001330,2026-02-08,2998.41,Payment,60
R00000999,C001330,2026-03-10,2698.57,Payment,90
R00001000,C001330,2026-04-09,2248.81,Payment,120
R00001001,C001334,2025-12-10,4052.82,Collection,30
R00001002,C001334,2026-01-09,3377.35,Payment,60
R00001003,C001335,2025-09-09,1196.17,Collection,30
R00001004,C001335,2026-08-05,498.41,Payment,360
R00001005,C001337,2026-03-12,4475.26,Collection,30
R00001006,C001337,2026-04-11,3729.38,Payment,60
R00001007,C001337,2026-05-11,3356.45,Settlement,90
R00001008,C001337,2026-06-10,2797.04,Settlement,120
R00001009,C001338,2026-06-09,491.1,Payment,60
R00001010,C001338,2026-07-09,441.99,Payment,90
R00001011,C001341,2025-07-10,2940.19,Collection,30
R00001012,C001341,2025-08-09,2450.15,Payment,60
R00001013,C001341,2025-12-07,1592.6,Payment,180
R00001014,C001344,2026-02-08,2692.83,Settlement,60
R00001015,C001344,2026-03-10,2423.55,Payment,90
R00001016,C001344,2026-06-08,1750.34,Renegotiation,180
R00001017,C001345,2026-02-09,1557.96,Settlement,30
R00001018,C001345,2026-04-10,1168.47,Renegotiation,90
R00001019,C001345,2026-07-09,843.89,Payment,180
R00001020,C001346,2025-10-09,15493.27,Payment,60
R00001021,C001346,2025-12-08,11619.96,Payment,120
R00001022,C001348,2026-03-11,212.27,Payment,60
R00001023,C001348,2026-07-09,137.97,Payment,180
R00001024,C001349,2026-06-09,1094.36,Payment,30
R00001025,C001349,2026-08-08,820.77,Renegotiation,90
R00001026,C001350,2025-12-10,10103.81,Collection,30
R00001027,C001350,2026-01-09,8419.84,Renegotiation,60
R00001028,C001352,2025-12-09,438.68,Payment,60
R00001029,C001352,2026-01-08,394.81,Payment,90
R00001030,C001352,2026-02-07,329.01,Payment,120
R00001031,C001354,2025-10-09,2275.77,Payment,60
R00001032,C001354,2025-11-08,2048.19,Payment,90
R00001033,C001354,2025-12-08,1706.83,Payment,120
R00001034,C001358,2026-05-10,5629.1,Renegotiation,120
R00001035,C001359,2025-06-09,404.44,Renegotiation,60
R00001036,C001359,2025-07-09,364.0,Renegotiation,90
R00001037,C001359,2025-08-08,303.33,Collection,120
R00001038,C001359,2026-04-05,202.22,Payment,360
R00001039,C001362,2026-06-10,422.8,Settlement,120
R00001040,C001362,2026-08-09,366.43,Payment,180
R00001041,C001365,2026-02-08,18296.63,Payment,60
R00001042,C001365,2026-03-10,16466.96,Collection,90
R00001043,C001370,2025-08-09,6223.06,Collection,30
R00001044,C001370,2025-10-08,4667.3,Settlement,90
R00001045,C001373,2026-05-10,2770.38,Collection,30
R00001046,C001373,2026-06-09,2308.65,Renegotiation,60
R00001047,C001377,2025-11-09,6336.15,Payment,30
R00001048,C001382,2026-03-12,2813.97,Renegotiation,30
R00001049,C001386,2026-05-10,18011.66,Collection,30
R00001050,C001386,2026-08-08,11257.29,Payment,120
R00001051,C001393,2025-05-10,2576.88,Renegotiation,30
R00001052,C001393,2025-06-09,2147.4,Renegotiation,60
R00001053,C001393,2025-07-09,1932.66,Settlement,90
R00001054,C001393,2025-10-07,1395.81,Payment,180
R00001055,C001397,2026-02-09,3061.75,Renegotiation,30
R00001056,C001397,2026-03-11,2551.46,Payment,60
R00001057,C001397,2026-04-10,2296.31,Payment,90
R00001058,C001399,2026-06-09,5655.66,Payment,30
R00001059,C001401,2026-06-08,4076.54,Payment,90
R00001060,C001401,2026-07-08,3397.12,Collection,120
R00001061,C001403,2026-01-09,494.67,Collection,30
R00001062,C001403,2026-02-08,412.23,Renegotiation,60
R00001063,C001403,2026-04-09,309.17,Payment,120
R00001064,C001405,2026-06-08,17825.2,Payment,90
R00001065,C001408,2026-06-09,1108.53,Payment,30
R00001066,C001416,2026-06-09,2125.92,Renegotiation,30
R00001067,C001416,2026-07-09,1771.6,Collection,60
R00001068,C001420,2026-06-08,896.64,Collection,90
R00001069,C001424,2025-10-10,708.68,Settlement,30
R00001070,C001424,2025-11-09,590.57,Settlement,60
R00001071,C001424,2026-01-08,442.93,Collection,120
R00001072,C001425,2025-07-09,2503.37,Renegotiation,90
R00001073,C001425,2025-10-07,1807.99,Payment,180
R00001074,C001425,2026-04-05,1390.76,Payment,360
R00001075,C001431,2026-07-10,6957.73,Payment,30
R00001076,C001436,2026-08-09,59.25,Renegotiation,60
R00001077,C001438,2026-07-09,4413.64,Settlement,90
R00001078,C001440,2025-09-08,9077.28,Collection,90
R00001079,C001440,2025-10-08,7564.4,Payment,120
R00001080,C001440,2026-06-05,5042.93,Collection,360
R00001081,C001444,2026-05-09,1425.59,Payment,60
R00001082,C001444,2026-06-08,1283.03,Settlement,90
R00001083,C001444,2026-07-08,1069.19,Payment,120
R00001084,C001445,2025-09-08,668.31,Payment,90
R00001085,C001445,2025-10-08,556.92,Payment,120
R00001086,C001445,2025-12-07,482.67,Payment,180
R00001087,C001445,2026-06-05,371.28,Collection,360
R00001088,C001452,2026-04-09,732.04,Collection,30
R00001089,C001452,2026-05-09,610.03,Payment,60
R00001090,C001452,2026-06-08,549.03,Payment,90
R00001091,C001465,2026-01-09,1644.79,Payment,60
R00001092,C001465,2026-05-09,1069.12,Renegotiation,180
R00001093,C001469,2026-08-09,2321.14,Payment,60
R00001094,C001475,2025-07-08,44473.31,Settlement,120
R00001095,C001475,2026-03-05,29648.87,Renegotiation,360
R00001096,C001476,2026-01-08,3180.68,Payment,120
R00001097,C001477,2025-12-10,335.79,Payment,30
R00001098,C001477,2026-05-09,181.89,Collection,180
R00001099,C001479,2025-12-10,2138.51,Payment,30
R00001100,C001479,2026-01-09,1782.09,Payment,60
R00001101,C001479,2026-02-08,1603.88,Renegotiation,90
R00001102,C001483,2026-07-10,3535.31,Settlement,30
R00001103,C001484,2025-12-09,660.63,Payment,60
R00001104,C001484,2026-01-08,594.57,Settlement,90
R00001105,C001485,2026-03-10,2167.19,Renegotiation,120
R00001106,C001486,2026-08-08,589.63,Collection,90
R00001107,C001489,2026-02-09,3740.48,Payment,30
R00001108,C001489,2026-03-11,3117.06,Renegotiation,60
R00001109,C001489,2026-05-10,2337.8,Payment,120
R00001110,C001493,2026-07-10,186.04,Payment,30
R00001111,C001495,2025-05-10,17033.99,Payment,30
R00001112,C001495,2025-06-09,14195.0,Collection,60
R00001113,C001495,2025-08-08,10646.25,Settlement,120
R00001114,C001496,2025-12-09,26703.32,Collection,60
R00001115,C001496,2026-01-08,24032.98,Settlement,90
R00001116,C001498,2025-08-09,5628.02,Payment,180
R00001117,C001498,2026-02-05,4329.24,Payment,360
R00001118,C001499,2025-07-10,2000.67,Payment,30
R00001119,C001499,2025-09-08,1500.51,Collection,90
R00001120,C001502,2026-04-11,13979.17,Collection,60
R00001121,C001502,2026-05-11,12581.26,Payment,90
R00001122,C001502,2026-08-09,9086.46,Payment,180
R00001123,C001505,2026-06-09,117.71,Payment,30
R00001124,C001505,2026-08-08,88.28,Renegotiation,90
R00001125,C001506,2026-05-10,5896.73,Collection,30
R00001126,C001506,2026-07-09,4422.55,Payment,90
R00001127,C001509,2026-06-08,4249.51,Renegotiation,90
R00001128,C001511,2026-05-09,9308.75,Payment,60
R00001129,C001511,2026-07-08,6981.57,Payment,120
R00001130,C001512,2026-04-09,1161.51,Payment,30
R00001131,C001512,2026-06-08,871.13,Collection,90
R00001132,C001513,2025-10-09,1887.83,Collection,60
R00001133,C001513,2025-11-08,1699.04,Settlement,90
R00001134,C001513,2025-12-08,1415.87,Payment,120
R00001135,C001514,2026-02-09,5433.2,Payment,30
R00001136,C001514,2026-03-11,4527.67,Renegotiation,60
R00001137,C001514,2026-04-10,4074.9,Payment,90
R00001138,C001522,2026-06-09,10297.58,Payment,30
R00001139,C001522,2026-07-09,8581.31,Collection,60
R00001140,C001522,2026-08-08,7723.18,Collection,90
R00001141,C001523,2025-06-09,3589.13,Collection,30
R00001142,C001523,2025-07-09,2990.94,Payment,60
R00001143,C001523,2025-08-08,2691.85,Settlement,90
R00001144,C001523,2026-05-05,1495.47,Renegotiation,360
R00001145,C001529,2026-05-09,516.17,Collection,60
R00001146,C001529,2026-06-08,464.55,Settlement,90
R00001147,C001529,2026-07-08,387.13,Collection,120
R00001148,C001530,2026-08-09,1601.38,Collection,30
R00001149,C001532,2026-07-09,1886.73,Settlement,60
R00001150,C001538,2026-02-08,8979.98,Payment,60
R00001151,C001538,2026-04-09,6734.99,Renegotiation,120
R00001152,C001542,2026-07-10,3786.76,Payment,30
R00001153,C001548,2026-08-08,11004.57,Settlement,90
R00001154,C001549,2026-02-08,6982.49,Settlement,60
R00001155,C001549,2026-04-09,5236.87,Renegotiation,120
R00001156,C001555,2026-07-10,524.34,Payment,30
R00001157,C001556,2025-12-09,522.63,Settlement,90
R00001158,C001556,2026-01-08,435.53,Payment,120
R00001159,C001556,2026-03-09,377.46,Payment,180
R00001160,C001559,2026-06-09,586.24,Payment,60
R00001161,C001559,2026-07-09,527.61,Payment,90
R00001162,C001559,2026-08-08,439.68,Collection,120
R00001163,C001561,2026-08-08,2939.56,Collection,90
R00001164,C001565,2026-02-09,3365.82,Payment,30
R00001165,C001565,2026-05-10,2103.64,Settlement,120
R00001166,C001567,2026-07-09,3081.04,Collection,60
R00001167,C001568,2026-04-09,2397.16,Renegotiation,30
R00001168,C001568,2026-07-08,1498.22,Payment,120
R00001169,C001572,2026-01-09,1244.49,Payment,30
R00001170,C001572,2026-04-09,777.81,Payment,120
R00001171,C001572,2026-06-08,674.1,Payment,180
R00001172,C001574,2026-08-09,1617.38,Renegotiation,30
R00001173,C001579,2026-06-09,24968.63,Payment,60
R00001174,C001579,2026-07-09,22471.77,Payment,90
R00001175,C001583,2025-12-09,1379.11,Collection,60
R00001176,C001583,2026-02-07,1034.33,Renegotiation,120
R00001177,C001584,2025-08-09,999.11,Collection,60
R00001178,C001584,2025-09-08,899.2,Collection,90
R00001179,C001584,2026-06-05,499.56,Renegotiation,360
R00001180,C001589,2025-12-09,1615.7,Payment,60
R00001181,C001589,2026-01-08,1454.13,Renegotiation,90
R00001182,C001589,2026-04-08,1050.2,Settlement,180
R00001183,C001591,2026-03-11,870.92,Collection,60
R00001184,C001591,2026-05-10,653.19,Payment,120
R00001185,C001591,2026-07-09,566.1,Collection,180
R00001186,C001598,2025-09-08,499.33,Payment,90
R00001187,C001598,2025-10-08,416.11,Payment,120
R00001188,C001598,2025-12-07,360.63,Renegotiation,180
R00001189,C001598,2026-06-05,277.41,Payment,360
R00001190,C001599,2026-04-09,135.89,Settlement,30
R00001191,C001599,2026-05-09,113.24,Payment,60
R00001192,C001599,2026-06-08,101.92,Payment,90
R00001193,C001599,2026-07-08,84.93,Settlement,120
R00001194,C001600,2026-02-09,184.24,Collection,30
R00001195,C001600,2026-05-10,115.15,Renegotiation,120
R00001196,C001603,2025-08-09,2591.26,Payment,30
R00001197,C001603,2025-10-08,1943.44,Payment,90
R00001198,C001603,2025-11-07,1619.54,Collection,120
R00001199,C001603,2026-07-05,1079.69,Payment,360
R00001200,C001605,2026-06-09,3730.16,Payment,30
R00001201,C001605,2026-07-09,3108.46,Renegotiation,60
R00001202,C001605,2026-08-08,2797.62,Renegotiation,90
R00001203,C001609,2025-07-10,2477.91,Collection,30
R00001204,C001609,2025-10-08,1548.69,Payment,120
R00001205,C001609,2025-12-07,1342.2,Renegotiation,180
R00001206,C001609,2026-06-05,1032.46,Payment,360
R00001207,C001614,2026-04-10,1214.44,Collection,90
R00001208,C001614,2026-05-10,1012.04,Payment,120
R00001209,C001614,2026-07-09,877.1,Payment,180
R00001210,C001616,2026-03-12,2588.28,Renegotiation,30
R00001211,C001616,2026-05-11,1941.21,Payment,90
R00001212,C001616,2026-06-10,1617.67,Payment,120
R00001213,C001617,2026-06-09,1174.79,Payment,60
R00001214,C001617,2026-08-08,881.09,Collection,120
R00001215,C001618,2026-08-09,1712.05,Settlement,60
R00001216,C001623,2026-08-08,1386.04,Payment,90
R00001217,C001628,2025-08-08,1808.49,Renegotiation,90
R00001218,C001628,2026-05-05,1004.71,Payment,360
R00001219,C001630,2026-08-09,432.54,Collection,60
R00001220,C001631,2026-02-09,8410.76,Renegotiation,30
R00001221,C001631,2026-04-10,6308.07,Settlement,90
R00001222,C001637,2026-06-09,12541.38,Payment,30
R00001223,C001637,2026-08-08,9406.03,Payment,90
R00001224,C001639,2026-02-08,3463.56,Renegotiation,60
R00001225,C001639,2026-03-10,3117.2,Payment,90
R00001226,C001639,2026-04-09,2597.67,Collection,120
R00001227,C001639,2026-06-08,2251.31,Collection,180
R00001228,C001642,2026-07-09,21315.47,Collection,60
R00001229,C001642,2026-08-08,19183.92,Renegotiation,90
R00001230,C001644,2026-07-10,455.38,Payment,30
R00001231,C001644,2026-08-09,379.48,Renegotiation,60
R00001232,C001646,2026-03-11,1407.34,Collection,60
R00001233,C001646,2026-05-10,1055.5,Collection,120
R00001234,C001646,2026-07-09,914.77,Settlement,180
R00001235,C001647,2026-05-11,24234.01,Renegotiation,90
R00001236,C001647,2026-06-10,20195.01,Renegotiation,120
R00001237,C001647,2026-08-09,17502.34,Collection,180
R00001238,C001651,2026-05-10,503.88,Renegotiation,30
R00001239,C001651,2026-06-09,419.9,Settlement,60
R00001240,C001651,2026-07-09,377.91,Collection,90
R00001241,C001659,2026-06-09,1159.07,Payment,30
R00001242,C001659,2026-07-09,965.89,Collection,60
R00001243,C001659,2026-08-08,869.3,Payment,90
R00001244,C001666,2025-10-08,3931.77,Renegotiation,90
R00001245,C001666,2026-07-05,2184.31,Payment,360
R00001246,C001670,2026-01-09,1049.3,Renegotiation,30
R00001247,C001670,2026-02-08,874.41,Renegotiation,60
R00001248,C001670,2026-03-10,786.97,Collection,90
R00001249,C001670,2026-04-09,655.81,Payment,120
R00001250,C001673,2026-03-10,3524.15,Renegotiation,90
R00001251,C001673,2026-04-09,2936.79,Payment,120
R00001252,C001673,2026-06-08,2545.22,Payment,180
R00001253,C001675,2026-07-09,8073.8,Settlement,60
R00001254,C001676,2026-02-09,3965.49,Settlement,30
R00001255,C001676,2026-07-09,2147.97,Settlement,180
R00001256,C001682,2025-08-08,2334.59,Payment,120
R00001257,C001682,2025-10-07,2023.31,Settlement,180
R00001258,C001682,2026-04-05,1556.39,Renegotiation,360
R00001259,C001685,2026-05-10,527.04,Payment,30
R00001260,C001685,2026-06-09,439.2,Payment,60
R00001261,C001685,2026-08-08,329.4,Renegotiation,120
R00001262,C001687,2025-12-10,1458.99,Renegotiation,30
R00001263,C001687,2026-03-10,911.87,Settlement,120
R00001264,C001687,2026-05-09,790.28,Renegotiation,180
R00001265,C001688,2025-12-09,1027.78,Payment,60
R00001266,C001688,2026-02-07,770.83,Renegotiation,120
R00001267,C001688,2026-04-08,668.06,Payment,180
R00001268,C001689,2025-12-09,5116.61,Collection,90
R00001269,C001694,2026-05-10,5430.93,Payment,30
R00001270,C001694,2026-08-08,3394.33,Settlement,120
R00001271,C001696,2026-03-11,3532.39,Payment,60
R00001272,C001696,2026-04-10,3179.15,Payment,90
R00001273,C001696,2026-05-10,2649.29,Collection,120
R00001274,C001696,2026-07-09,2296.05,Payment,180
R00001275,C001702,2026-08-08,2258.44,Collection,90
R00001276,C001706,2025-11-09,1120.72,Settlement,60
R00001277,C001706,2025-12-09,1008.65,Collection,90
R00001278,C001707,2025-11-07,2550.25,Collection,120
R00001279,C001707,2026-01-06,2210.22,Collection,180
R00001280,C001716,2026-01-08,651.3,Payment,90
R00001281,C001716,2026-02-07,542.75,Collection,120
R00001282,C001716,2026-04-08,470.39,Collection,180
R00001283,C001718,2026-04-11,4838.73,Payment,60
R00001284,C001722,2026-07-09,7768.89,Settlement,60
R00001285,C001722,2026-08-08,6992.0,Renegotiation,90
R00001286,C001729,2026-06-09,1395.9,Collection,60
R00001287,C001729,2026-07-09,1256.31,Settlement,90
R00001288,C001733,2026-06-08,2137.14,Settlement,90
R00001289,C001733,2026-07-08,1780.95,Payment,120
R00001290,C001734,2025-09-08,9742.12,Collection,60
R00001291,C001734,2025-11-07,7306.59,Payment,120
R00001292,C001734,2026-01-06,6332.38,Payment,180
R00001293,C001734,2026-07-05,4871.06,Renegotiation,360
R00001294,C001735,2026-05-09,429.43,Renegotiation,60
R00001295,C001735,2026-06-08,386.49,Renegotiation,90
R00001296,C001735,2026-07-08,322.08,Renegotiation,120
R00001297,C001736,2026-03-12,11279.28,Collection,30
R00001298,C001736,2026-04-11,9399.4,Payment,60
R00001299,C001736,2026-05-11,8459.46,Renegotiation,90
R00001300,C001740,2026-02-09,413.79,Payment,30
R00001301,C001740,2026-04-10,310.34,Settlement,90
R00001302,C001740,2026-07-09,224.14,Payment,180
R00001303,C001742,2026-06-09,624.27,Payment,30
R00001304,C001742,2026-07-09,520.23,Collection,60
R00001305,C001743,2026-06-08,1805.73,Payment,90
R00001306,C001743,2026-07-08,1504.78,Settlement,120
R00001307,C001744,2025-12-10,1774.01,Payment,30
R00001308,C001744,2026-03-10,1108.75,Payment,120
R00001309,C001750,2025-10-10,847.92,Renegotiation,30
R00001310,C001750,2025-11-09,706.6,Renegotiation,60
R00001311,C001750,2025-12-09,635.94,Payment,90
R00001312,C001752,2026-06-08,4823.47,Payment,90
R00001313,C001755,2025-07-10,1459.25,Collection,30
R00001314,C001755,2025-08-09,1216.04,Renegotiation,60
R00001315,C001755,2025-10-08,912.03,Payment,120
R00001316,C001755,2025-12-07,790.42,Renegotiation,180
R00001317,C001757,2025-10-10,899.21,Settlement,30
R00001318,C001757,2025-11-09,749.34,Collection,60
R00001319,C001759,2026-03-12,1421.11,Payment,30
R00001320,C001759,2026-05-11,1065.83,Renegotiation,90
R00001321,C001759,2026-06-10,888.2,Payment,120
R00001322,C001760,2025-11-09,1397.61,Payment,30
R00001323,C001760,2025-12-09,1164.68,Payment,60
R00001324,C001760,2026-02-07,873.51,Payment,120
R00001325,C001777,2026-08-09,164.83,Renegotiation,30
R00001326,C001780,2026-05-10,797.96,Collection,30
R00001327,C001780,2026-07-09,598.47,Collection,90
R00001328,C001781,2025-10-10,1188.95,Collection,30
R00001329,C001781,2025-11-09,990.79,Renegotiation,60
R00001330,C001781,2026-01-08,743.1,Collection,120
R00001331,C001788,2026-06-08,5160.55,Settlement,90
R00001332,C001789,2025-09-08,870.38,Renegotiation,60
R00001333,C001789,2025-10-08,783.34,Settlement,90
R00001334,C001789,2025-11-07,652.78,Renegotiation,120
R00001335,C001789,2026-01-06,565.74,Payment,180
R00001336,C001790,2026-06-09,1912.56,Renegotiation,30
R00001337,C001791,2025-06-08,2633.12,Renegotiation,90
R00001338,C001791,2025-07-08,2194.27,Payment,120
R00001339,C001791,2025-09-06,1901.7,Payment,180
R00001340,C001791,2026-03-05,1462.84,Collection,360
R00001341,C001792,2026-02-08,1112.44,Renegotiation,60
R00001342,C001792,2026-06-08,723.09,Payment,180
R00001343,C001793,2026-08-09,2582.93,Renegotiation,30
R00001344,C001794,2026-05-10,387.56,Settlement,30
R00001345,C001794,2026-06-09,322.96,Payment,60
R00001346,C001794,2026-08-08,242.22,Settlement,120
R00001347,C001796,2026-08-09,6609.62,Collection,30
R00001348,C001798,2026-07-08,659.86,Payment,120
R00001349,C001800,2026-06-09,851.73,Collection,30
R00001350,C001800,2026-08-08,638.8,Collection,90
R00001351,C001802,2026-02-09,1592.99,Renegotiation,30
R00001352,C001802,2026-03-11,1327.49,Payment,60
R00001353,C001802,2026-04-10,1194.74,Collection,90
R00001354,C001806,2026-06-08,7707.65,Payment,90
R00001355,C001806,2026-07-08,6423.04,Payment,120
R00001356,C001809,2026-04-09,3508.63,Payment,30
R00001357,C001812,2026-08-09,392.45,Renegotiation,60
R00001358,C001820,2026-04-09,239.09,Collection,30
R00001359,C001820,2026-06-08,179.32,Settlement,90
R00001360,C001820,2026-07-08,149.43,Renegotiation,120
R00001361,C001825,2025-12-10,620.13,Payment,30
R00001362,C001825,2026-01-09,516.78,Renegotiation,60
R00001363,C001825,2026-03-10,387.58,Payment,120
R00001364,C001828,2026-06-09,930.91,Collection,60
R00001365,C001828,2026-07-09,837.82,Payment,90
R00001366,C001828,2026-08-08,698.19,Collection,120
R00001367,C001832,2025-07-09,1356.54,Payment,60
R00001368,C001832,2025-11-06,881.75,Renegotiation,180
R00001369,C001835,2026-08-09,1175.92,Payment,30
R00001370,C001839,2026-08-08,297.65,Collection,90
R00001371,C001845,2026-06-10,693.94,Payment,120
R00001372,C001845,2026-08-09,601.42,Renegotiation,180
R00001373,C001848,2025-11-09,3352.16,Payment,30
R00001374,C001848,2026-01-08,2514.12,Payment,90
R00001375,C001848,2026-02-07,2095.1,Renegotiation,120
R00001376,C001850,2026-06-10,428.66,Settlement,120
R00001377,C001851,2026-03-12,753.86,Payment,30
R00001378,C001851,2026-06-10,471.16,Renegotiation,120
R00001379,C001852,2026-07-10,563.68,Payment,30
R00001380,C001859,2026-04-09,156.94,Collection,30
R00001381,C001859,2026-05-09,130.79,Renegotiation,60
R00001382,C001861,2026-05-09,12936.56,Payment,60
R00001383,C001861,2026-06-08,11642.9,Renegotiation,90
R00001384,C001861,2026-07-08,9702.42,Payment,120
R00001385,C001868,2025-12-10,2351.07,Collection,30
R00001386,C001869,2026-01-09,34533.38,Settlement,30
R00001387,C001869,2026-06-08,18705.58,Payment,180
R00001388,C001870,2026-05-09,5254.18,Renegotiation,60
R00001389,C001870,2026-06-08,4728.76,Settlement,90
R00001390,C001870,2026-07-08,3940.63,Collection,120
R00001391,C001871,2025-11-09,1029.51,Payment,30
R00001392,C001871,2025-12-09,857.92,Payment,60
R00001393,C001871,2026-01-08,772.13,Payment,90
R00001394,C001871,2026-02-07,643.44,Settlement,120
R00001395,C001874,2025-06-09,2880.77,Collection,60
R00001396,C001874,2025-07-09,2592.69,Payment,90
R00001397,C001874,2025-08-08,2160.58,Settlement,120
R00001398,C001876,2026-07-10,989.83,Renegotiation,30
R00001399,C001876,2026-08-09,824.86,Collection,60
R00001400,C001878,2025-05-10,2908.92,Collection,30
R00001401,C001878,2025-08-08,1818.07,Payment,120
R00001402,C001883,2026-08-09,623.49,Renegotiation,30
R00001403,C001888,2026-02-09,3775.34,Collection,30
R00001404,C001888,2026-04-10,2831.51,Payment,90
R00001405,C001888,2026-07-09,2044.98,Payment,180
R00001406,C001893,2026-03-12,8134.8,Payment,30
R00001407,C001893,2026-05-11,6101.1,Payment,90
R00001408,C001895,2026-06-09,631.54,Payment,30
R00001409,C001895,2026-07-09,526.28,Payment,60
R00001410,C001899,2026-07-09,4810.43,Payment,60
R00001411,C001899,2026-08-08,4329.39,Collection,90
R00001412,C001905,2026-06-09,377.74,Payment,30
R00001413,C001905,2026-07-09,314.79,Payment,60
R00001414,C001905,2026-08-08,283.31,Renegotiation,90
R00001415,C001906,2026-06-09,100.11,Collection,30
R00001416,C001906,2026-08-08,75.08,Collection,90
R00001417,C001907,2025-11-08,1614.71,Payment,90
R00001418,C001907,2026-08-05,897.06,Payment,360
R00001419,C001908,2026-06-09,1497.25,Payment,30
R00001420,C001908,2026-08-08,1122.93,Collection,90
R00001421,C001910,2026-06-09,2949.46,Payment,30
R00001422,C001910,2026-07-09,2457.88,Settlement,60
R00001423,C001912,2026-06-09,3339.72,Payment,60
R00001424,C001912,2026-07-09,3005.75,Payment,90
R00001425,C001915,2026-07-10,5262.44,Renegotiation,30
R00001426,C001915,2026-08-09,4385.37,Collection,60
R00001427,C001916,2025-11-09,3552.17,Collection,60
R00001428,C001916,2025-12-09,3196.96,Payment,90
R00001429,C001916,2026-01-08,2664.13,Payment,120
R00001430,C001916,2026-03-09,2308.91,Payment,180
R00001431,C001920,2025-08-09,24836.04,Payment,30
R00001432,C001920,2025-10-08,18627.03,Payment,90
R00001433,C001920,2025-11-07,15522.52,Collection,120
R00001434,C001922,2025-09-09,869.55,Renegotiation,30
R00001435,C001922,2025-10-09,724.62,Payment,60
R00001436,C001922,2025-11-08,652.16,Renegotiation,90
R00001437,C001922,2026-08-05,362.31,Settlement,360
R00001438,C001924,2026-05-10,18099.97,Renegotiation,120
R00001439,C001924,2026-07-09,15686.64,Payment,180
R00001440,C001925,2026-06-08,11332.86,Collection,90
R00001441,C001925,2026-07-08,9444.05,Payment,120
R00001442,C001937,2026-01-09,745.95,Payment,30
R00001443,C001937,2026-02-08,621.62,Collection,60
R00001444,C001937,2026-06-08,404.06,Payment,180
R00001445,C001940,2025-09-07,925.03,Payment,120
R00001446,C001940,2025-11-06,801.7,Settlement,180
R00001447,C001940,2026-05-05,616.69,Settlement,360
R00001448,C001942,2025-12-10,845.2,Renegotiation,30
R00001449,C001942,2026-03-10,528.25,Collection,120
R00001450,C001942,2026-05-09,457.82,Payment,180
R00001451,C001943,2026-02-08,461.46,Settlement,60
R00001452,C001943,2026-03-10,415.31,Payment,90
R00001453,C001943,2026-06-08,299.95,Settlement,180
R00001454,C001945,2026-05-10,2672.99,Payment,30
R00001455,C001945,2026-08-08,1670.62,Renegotiation,120
R00001456,C001946,2026-07-10,327.96,Payment,30
R00001457,C001947,2026-01-08,6406.27,Collection,90
R00001458,C001948,2025-09-08,7121.6,Payment,90
R00001459,C001948,2025-10-08,5934.67,Settlement,120
R00001460,C001951,2026-08-09,623.13,Payment,60
R00001461,C001955,2026-04-09,1563.56,Payment,30
R00001462,C001955,2026-06-08,1172.67,Renegotiation,90
R00001463,C001959,2025-12-09,1087.57,Renegotiation,60
R00001464,C001960,2026-02-08,3505.37,Settlement,60
R00001465,C001960,2026-03-10,3154.83,Payment,90
R00001466,C001969,2026-02-08,5318.3,Payment,90
R00001467,C001972,2026-04-11,581.37,Collection,60
R00001468,C001972,2026-05-11,523.24,Payment,90
R00001469,C001972,2026-06-10,436.03,Renegotiation,120
R00001470,C001973,2026-01-09,213.41,Payment,30
R00001471,C001973,2026-02-08,177.84,Collection,60
R00001472,C001973,2026-06-08,115.6,Collection,180
R00001473,C001977,2026-04-11,876.65,Payment,60
R00001474,C001977,2026-05-11,788.98,Settlement,90
R00001475,C001980,2026-06-09,718.93,Payment,60
R00001476,C001980,2026-07-09,647.04,Payment,90
R00001477,C001989,2026-01-09,513.37,Renegotiation,30
R00001478,C001989,2026-02-08,427.81,Payment,60
R00001479,C001989,2026-04-09,320.86,Payment,120
R00001480,C001991,2025-07-10,3116.59,Renegotiation,30
R00001481,C001991,2025-10-08,1947.87,Payment,120
R00001482,C001991,2026-06-05,1298.58,Payment,360
R00001483,C001992,2025-07-10,629.78,Payment,30
R00001484,C001992,2025-10-08,393.61,Renegotiation,120
R00001485,C001992,2026-06-05,262.41,Renegotiation,360
R00001486,C001997,2025-12-09,1388.51,Payment,60
R00001487,C001997,2026-01-08,1249.66,Renegotiation,90
R00001488,C002000,2025-11-09,1499.29,Payment,30
R00001489,C002000,2026-01-08,1124.47,Renegotiation,90
R00001490,C002000,2026-02-07,937.06,Payment,120
R00001491,C002000,2026-04-08,812.12,Payment,180
R00001492,C002003,2026-05-09,6847.71,Settlement,180
R00001493,C002004,2026-04-10,795.82,Payment,90
R00001494,C002007,2025-09-08,5466.81,Collection,60
R00001495,C002007,2026-01-06,3553.43,Payment,180
R00001496,C002007,2026-07-05,2733.4,Collection,360
R00001497,C002010,2025-09-09,866.7,Renegotiation,30
R00001498,C002010,2025-10-09,722.25,Payment,60
R00001499,C002010,2025-11-08,650.02,Payment,90
R00001500,C002010,2026-02-06,469.46,Settlement,180
R00001501,C002012,2026-03-12,1852.66,Renegotiation,30
R00001502,C002012,2026-08-09,1003.52,Payment,180
R00001503,C002016,2026-06-09,1849.85,Collection,60
R00001504,C002016,2026-08-08,1387.38,Payment,120
R00001505,C002017,2026-04-10,1846.46,Collection,90
R00001506,C002017,2026-05-10,1538.72,Settlement,120
R00001507,C002026,2026-06-09,3415.81,Collection,30
R00001508,C002026,2026-07-09,2846.51,Renegotiation,60
R00001509,C002029,2025-11-09,837.24,Renegotiation,60
R00001510,C002029,2025-12-09,753.52,Payment,90
R00001511,C002029,2026-03-09,544.21,Payment,180
R00001512,C002030,2025-05-10,4067.26,Settlement,30
R00001513,C002030,2025-10-07,2203.1,Payment,180
R00001514,C002031,2026-02-07,15183.32,Payment,120
R00001515,C002031,2026-04-08,13158.88,Renegotiation,180
R00001516,C002032,2026-04-09,3125.57,Settlement,30
R00001517,C002032,2026-05-09,2604.64,Payment,60
R00001518,C002034,2026-05-09,4313.9,Payment,60
R00001519,C002034,2026-06-08,3882.51,Payment,90
R00001520,C002035,2026-02-09,1911.58,Collection,30
R00001521,C002035,2026-07-09,1035.44,Renegotiation,180
R00001522,C002036,2025-06-09,4360.7,Payment,30
R00001523,C002036,2025-11-06,2362.05,Renegotiation,180
R00001524,C002036,2026-05-05,1816.96,Collection,360
R00001525,C002037,2025-12-10,605.44,Renegotiation,30
R00001526,C002037,2026-03-10,378.4,Collection,120
R00001527,C002038,2025-12-10,707.17,Collection,30
R00001528,C002038,2026-02-08,530.38,Payment,90
R00001529,C002038,2026-03-10,441.98,Renegotiation,120
R00001530,C002038,2026-05-09,383.05,Payment,180
R00001531,C002039,2025-09-08,6646.16,Settlement,90
R00001532,C002039,2025-10-08,5538.46,Renegotiation,120
R00001533,C002040,2026-08-08,8407.96,Renegotiation,90
R00001534,C002042,2026-06-09,309.2,Payment,30
R00001535,C002042,2026-07-09,257.66,Payment,60
R00001536,C002044,2026-05-10,2745.33,Collection,30
R00001537,C002044,2026-07-09,2059.0,Payment,90
R00001538,C002044,2026-08-08,1715.83,Payment,120
R00001539,C002049,2025-08-09,314.76,Payment,30
R00001540,C002049,2025-09-08,262.3,Payment,60
R00001541,C002049,2025-11-07,196.73,Payment,120
R00001542,C002050,2026-02-09,638.8,Payment,30
R00001543,C002050,2026-05-10,399.25,Payment,120
R00001544,C002050,2026-07-09,346.01,Payment,180
R00001545,C002052,2026-02-08,1152.78,Payment,60
R00001546,C002052,2026-03-10,1037.5,Payment,90
R00001547,C002052,2026-06-08,749.31,Settlement,180
R00001548,C002056,2026-03-11,439.75,Settlement,60
R00001549,C002056,2026-04-10,395.78,Payment,90
R00001550,C002058,2026-06-08,1339.5,Collection,90
R00001551,C002058,2026-07-08,1116.25,Payment,120
R00001552,C002059,2026-01-09,305.14,Payment,60
R00001553,C002059,2026-02-08,274.63,Payment,90
R00001554,C002060,2026-03-12,1595.2,Payment,30
R00001555,C002061,2026-05-10,564.89,Payment,30
R00001556,C002061,2026-06-09,470.74,Collection,60
R00001557,C002062,2026-06-09,4082.8,Payment,30
R00001558,C002062,2026-07-09,3402.33,Collection,60
R00001559,C002063,2025-12-10,4931.62,Settlement,30
R00001560,C002066,2025-04-09,3708.31,Payment,30
R00001561,C002066,2025-05-09,3090.26,Payment,60
R00001562,C002066,2025-06-08,2781.23,Payment,90
R00001563,C002066,2025-07-08,2317.69,Renegotiation,120
R00001564,C002068,2026-01-09,85.83,Payment,30
R00001565,C002068,2026-03-10,64.37,Payment,90
R00001566,C002069,2026-01-09,3105.66,Payment,60
R00001567,C002069,2026-03-10,2329.25,Payment,120
R00001568,C002069,2026-05-09,2018.68,Payment,180
R00001569,C002070,2026-08-09,1194.36,Payment,60
R00001570,C002074,2025-12-09,4087.51,Payment,90
R00001571,C002074,2026-01-08,3406.26,Payment,120
R00001572,C002074,2026-03-09,2952.09,Collection,180
R00001573,C002080,2025-11-09,2289.17,Payment,60
R00001574,C002080,2026-03-09,1487.96,Payment,180
R00001575,C002089,2025-08-09,1821.07,Renegotiation,60
R00001576,C002089,2026-06-05,910.53,Payment,360
R00001577,C002091,2026-07-10,602.7,Settlement,30
R00001578,C002097,2026-03-12,475.18,Renegotiation,30
R00001579,C002097,2026-04-11,395.99,Settlement,60
R00001580,C002097,2026-05-11,356.39,Collection,90
R00001581,C002102,2026-02-08,6890.51,Collection,60
R00001582,C002102,2026-03-10,6201.46,Payment,90
R00001583,C002102,2026-04-09,5167.88,Collection,120
R00001584,C002103,2026-06-10,39342.14,Collection,120
R00001585,C002103,2026-08-09,34096.52,Payment,180
R00001586,C002105,2026-05-10,521.78,Payment,30
R00001587,C002105,2026-08-08,326.11,Payment,120
R00001588,C002106,2026-04-11,738.36,Settlement,60
R00001589,C002106,2026-05-11,664.52,Payment,90
R00001590,C002106,2026-06-10,553.77,Collection,120
R00001591,C002106,2026-08-09,479.93,Settlement,180
R00001592,C002112,2026-06-09,2341.3,Settlement,60
R00001593,C002112,2026-07-09,2107.17,Payment,90
R00001594,C002114,2026-07-09,559.04,Payment,90
R00001595,C002114,2026-08-08,465.87,Collection,120
R00001596,C002115,2026-03-12,3847.55,Payment,30
R00001597,C002115,2026-05-11,2885.66,Collection,90
R00001598,C002115,2026-08-09,2084.09,Payment,180
R00001599,C002116,2025-11-09,677.81,Payment,30
R00001600,C002116,2026-04-08,367.15,Settlement,180
R00001601,C002119,2026-06-09,127.25,Renegotiation,30
R00001602,C002119,2026-07-09,106.04,Collection,60
R00001603,C002125,2026-07-09,481.2,Collection,60
R00001604,C002125,2026-08-08,433.08,Payment,90
R00001605,C002130,2026-03-10,6405.53,Payment,90
R00001606,C002130,2026-04-09,5337.94,Payment,120
R00001607,C002130,2026-06-08,4626.21,Payment,180
R00001608,C002133,2026-06-09,984.33,Renegotiation,30
R00001609,C002133,2026-07-09,820.28,Settlement,60
R00001610,C002133,2026-08-08,738.25,Settlement,90
R00001611,C002134,2026-03-11,10556.53,Payment,60
R00001612,C002134,2026-05-10,7917.4,Payment,120
R00001613,C002134,2026-07-09,6861.74,Payment,180
R00001614,C002141,2026-06-09,1235.98,Collection,30
R00001615,C002141,2026-08-08,926.99,Payment,90
R00001616,C002142,2026-05-10,16929.22,Payment,120
R00001617,C002145,2026-03-11,786.31,Collection,60
R00001618,C002145,2026-05-10,589.73,Payment,120
R00001619,C002145,2026-07-09,511.1,Payment,180
R00001620,C002146,2026-01-09,1634.57,Payment,60
R00001621,C002146,2026-03-10,1225.93,Payment,120
R00001622,C002146,2026-05-09,1062.47,Collection,180
R00001623,C002148,2026-04-09,1720.15,Payment,30
R00001624,C002148,2026-05-09,1433.46,Renegotiation,60
R00001625,C002149,2026-06-09,1698.72,Collection,60
R00001626,C002150,2026-04-08,4151.19,Payment,180
R00001627,C002154,2025-11-09,559.85,Settlement,30
R00001628,C002154,2025-12-09,466.54,Renegotiation,60
R00001629,C002154,2026-02-07,349.91,Collection,120
R00001630,C002158,2025-12-10,1593.03,Settlement,30
R00001631,C002158,2026-01-09,1327.53,Payment,60
R00001632,C002158,2026-02-08,1194.77,Collection,90
R00001633,C002166,2026-05-11,691.17,Payment,90
R00001634,C002166,2026-06-10,575.97,Payment,120
R00001635,C002168,2026-03-11,3892.08,Collection,60
R00001636,C002169,2025-08-08,1439.67,Payment,120
R00001637,C002169,2026-04-05,959.78,Collection,360
R00001638,C002170,2025-08-09,1555.49,Renegotiation,30
R00001639,C002170,2025-11-07,972.18,Collection,120
R00001640,C002170,2026-01-06,842.56,Payment,180
R00001641,C002170,2026-07-05,648.12,Renegotiation,360
R00001642,C002171,2026-07-10,1431.54,Collection,30
R00001643,C002175,2026-04-11,287.92,Renegotiation,60
R00001644,C002175,2026-05-11,259.13,Renegotiation,90
R00001645,C002175,2026-08-09,187.15,Collection,180
R00001646,C002176,2026-01-08,1281.86,Collection,120
R00001647,C002176,2026-03-09,1110.95,Renegotiation,180
R00001648,C002177,2025-10-09,14069.7,Renegotiation,60
R00001649,C002177,2025-11-08,12662.73,Payment,90
R00001650,C002177,2026-02-06,9145.3,Settlement,180
R00001651,C002182,2026-02-09,30251.17,Settlement,30
R00001652,C002182,2026-05-10,18906.98,Payment,120
R00001653,C002184,2026-04-09,10865.72,Collection,30
R00001654,C002184,2026-07-08,6791.07,Payment,120
R00001655,C002186,2025-10-10,3548.87,Settlement,30
R00001656,C002186,2025-12-09,2661.65,Renegotiation,90
R00001657,C002186,2026-03-09,1922.3,Settlement,180
R00001658,C002190,2026-05-09,1069.79,Renegotiation,60
R00001659,C002190,2026-07-08,802.34,Collection,120
R00001660,C002196,2025-08-09,2770.6,Payment,60
R00001661,C002196,2025-09-08,2493.54,Renegotiation,90
R00001662,C002196,2025-10-08,2077.95,Payment,120
R00001663,C002196,2025-12-07,1800.89,Collection,180
R00001664,C002200,2026-01-09,1606.03,Settlement,30
R00001665,C002200,2026-04-09,1003.77,Payment,120
R00001666,C002200,2026-06-08,869.93,Collection,180
R00001667,C002201,2026-05-10,6893.35,Payment,30
R00001668,C002205,2026-08-09,711.4,Payment,60
R00001669,C002210,2026-06-08,3978.11,Settlement,90
R00001670,C002212,2026-07-10,428.0,Collection,30
R00001671,C002214,2025-05-10,1815.13,Settlement,30
R00001672,C002214,2025-10-07,983.2,Payment,180
R00001673,C002215,2026-08-09,991.4,Collection,180
R00001674,C002216,2026-07-10,3447.78,Collection,30
R00001675,C002216,2026-08-09,2873.15,Renegotiation,60
R00001676,C002219,2025-07-10,2351.01,Settlement,30
R00001677,C002219,2025-09-08,1763.26,Payment,90
R00001678,C002219,2025-10-08,1469.38,Collection,120
R00001679,C002219,2025-12-07,1273.47,Payment,180
R00001680,C002231,2025-09-08,3673.84,Settlement,90
R00001681,C002231,2025-10-08,3061.53,Settlement,120
R00001682,C002231,2026-06-05,2041.02,Payment,360
R00001683,C002234,2025-07-09,3277.25,Payment,90
R00001684,C002234,2026-04-05,1820.69,Settlement,360
R00001685,C002236,2026-05-09,1844.37,Payment,60
R00001686,C002236,2026-07-08,1383.28,Payment,120
R00001687,C002238,2025-10-10,1437.38,Settlement,30
R00001688,C002238,2025-12-09,1078.04,Payment,90
R00001689,C002238,2026-03-09,778.58,Collection,180
R00001690,C002242,2026-07-08,3638.2,Collection,120
R00001691,C002243,2026-03-11,270.98,Payment,60
R00001692,C002243,2026-04-10,243.88,Settlement,90
R00001693,C002244,2026-08-09,293.15,Payment,60
R00001694,C002247,2025-11-09,118.82,Payment,30
R00001695,C002247,2025-12-09,99.02,Payment,60
R00001696,C002247,2026-01-08,89.11,Payment,90
R00001697,C002252,2025-09-08,9214.47,Payment,90
R00001698,C002252,2026-06-05,5119.15,Collection,360
R00001699,C002253,2026-01-09,4148.84,Collection,60
R00001700,C002253,2026-05-09,2696.75,Collection,180
R00001701,C002254,2026-04-11,740.41,Renegotiation,60
R00001702,C002254,2026-05-11,666.37,Renegotiation,90
R00001703,C002254,2026-08-09,481.27,Payment,180
R00001704,C002255,2026-07-08,28584.21,Collection,120
R00001705,C002256,2026-05-09,315.91,Payment,60
R00001706,C002256,2026-06-08,284.32,Collection,90
R00001707,C002258,2026-01-09,1918.19,Payment,30
R00001708,C002258,2026-06-08,1039.02,Settlement,180
R00001709,C002262,2026-07-09,1441.21,Settlement,60
R00001710,C002262,2026-08-08,1297.09,Collection,90
R00001711,C002264,2026-06-09,4266.16,Collection,60
R00001712,C002269,2026-07-10,649.73,Payment,30
R00001713,C002275,2026-04-09,12252.71,Settlement,30
R00001714,C002275,2026-05-09,10210.59,Payment,60
R00001715,C002275,2026-06-08,9189.53,Payment,90
R00001716,C002275,2026-07-08,7657.95,Settlement,120
R00001717,C002277,2026-01-09,1234.15,Payment,30
R00001718,C002277,2026-02-08,1028.46,Collection,60
R00001719,C002277,2026-04-09,771.35,Payment,120
R00001720,C002277,2026-06-08,668.5,Payment,180
R00001721,C002279,2026-07-10,629.57,Payment,30
R00001722,C002279,2026-08-09,524.64,Settlement,60
R00001723,C002283,2025-09-08,1777.8,Collection,60
R00001724,C002283,2025-11-07,1333.35,Settlement,120
R00001725,C002283,2026-07-05,888.9,Payment,360
R00001726,C002288,2026-07-10,15069.38,Payment,30
R00001727,C002288,2026-08-09,12557.82,Payment,60
R00001728,C002292,2025-12-10,711.16,Collection,30
R00001729,C002292,2026-02-08,533.37,Collection,90
R00001730,C002293,2026-03-11,9271.72,Collection,60
R00001731,C002293,2026-04-10,8344.55,Payment,90
R00001732,C002293,2026-05-10,6953.79,Payment,120
R00001733,C002295,2025-10-10,3036.82,Payment,30
R00001734,C002295,2026-01-08,1898.01,Payment,120
R00001735,C002295,2026-03-09,1644.94,Payment,180
R00001736,C002309,2025-12-09,415.99,Payment,60
R00001737,C002309,2026-01-08,374.39,Renegotiation,90
R00001738,C002309,2026-02-07,311.99,Payment,120
R00001739,C002310,2026-04-11,17303.22,Payment,60
R00001740,C002310,2026-08-09,11247.09,Payment,180
R00001741,C002312,2026-07-10,549.83,Payment,30
R00001742,C002316,2026-07-10,1382.6,Payment,30
R00001743,C002316,2026-08-09,1152.17,Payment,60
R00001744,C002317,2025-11-09,920.02,Payment,30
R00001745,C002317,2025-12-09,766.68,Payment,60
R00001746,C002317,2026-04-08,498.34,Collection,180
R00001747,C002318,2025-11-09,768.62,Payment,30
R00001748,C002318,2026-04-08,416.34,Payment,180
R00001749,C002319,2026-02-08,1427.19,Payment,60
R00001750,C002319,2026-04-09,1070.39,Collection,120
R00001751,C002321,2025-10-10,1299.53,Payment,30
R00001752,C002321,2026-01-08,812.21,Settlement,120
R00001753,C002322,2026-03-11,2224.57,Payment,60
R00001754,C002322,2026-04-10,2002.12,Payment,90
R00001755,C002322,2026-05-10,1668.43,Renegotiation,120
R00001756,C002322,2026-07-09,1445.97,Settlement,180
R00001757,C002325,2025-10-10,7903.47,Renegotiation,30
R00001758,C002325,2025-11-09,6586.22,Collection,60
R00001759,C002325,2025-12-09,5927.6,Settlement,90
R00001760,C002325,2026-01-08,4939.67,Payment,120
R00001761,C002326,2025-10-09,936.65,Collection,60
R00001762,C002326,2026-02-06,608.82,Settlement,180
R00001763,C002326,2026-08-05,468.32,Payment,360
R00001764,C002331,2026-05-10,440.66,Payment,30
R00001765,C002331,2026-07-09,330.49,Payment,90
R00001766,C002331,2026-08-08,275.41,Payment,120
R00001767,C002338,2026-01-09,14264.73,Payment,60
R00001768,C002338,2026-03-10,10698.55,Payment,120
R00001769,C002339,2026-05-10,1399.72,Payment,30
R00001770,C002339,2026-07-09,1049.79,Renegotiation,90
R00001771,C002340,2025-06-09,3740.18,Renegotiation,30
R00001772,C002340,2025-11-06,2025.93,Renegotiation,180
R00001773,C002343,2026-04-10,558.32,Renegotiation,90
R00001774,C002343,2026-05-10,465.26,Payment,120
R00001775,C002344,2026-03-11,616.73,Payment,60
R00001776,C002344,2026-07-09,400.88,Collection,180
R00001777,C002352,2026-05-10,21909.81,Payment,30
R00001778,C002353,2026-07-10,1914.16,Renegotiation,30
R00001779,C002368,2026-08-09,867.88,Payment,60
R00001780,C002371,2026-01-09,976.27,Payment,30
R00001781,C002371,2026-03-10,732.2,Collection,90
R00001782,C002371,2026-06-08,528.81,Payment,180
R00001783,C002377,2026-05-09,841.84,Renegotiation,60
R00001784,C002377,2026-06-08,757.66,Renegotiation,90
R00001785,C002380,2026-06-09,10698.13,Settlement,30
R00001786,C002380,2026-07-09,8915.11,Payment,60
R00001787,C002383,2026-07-08,890.66,Payment,120
R00001788,C002385,2026-01-09,1050.88,Collection,30
R00001789,C002389,2026-01-08,17240.25,Renegotiation,120
R00001790,C002389,2026-03-09,14941.55,Renegotiation,180
R00001791,C002396,2026-02-08,1324.55,Renegotiation,90
R00001792,C002396,2026-03-10,1103.79,Renegotiation,120
R00001793,C002396,2026-05-09,956.62,Payment,180
R00001794,C002398,2026-04-09,7448.33,Settlement,30
R00001795,C002398,2026-06-08,5586.25,Payment,90
R00001796,C002401,2026-05-09,561.8,Collection,60
R00001797,C002401,2026-06-08,505.62,Payment,90
R00001798,C002401,2026-07-08,421.35,Renegotiation,120
R00001799,C002404,2025-07-10,2751.84,Payment,30
R00001800,C002404,2025-09-08,2063.88,Collection,90
R00001801,C002404,2025-12-07,1490.58,Renegotiation,180
R00001802,C002406,2026-01-09,506.62,Settlement,30
R00001803,C002406,2026-03-10,379.96,Settlement,90
R00001804,C002407,2026-08-09,18398.41,Settlement,30
R00001805,C002408,2026-07-10,331.63,Renegotiation,30
R00001806,C002410,2026-04-09,1478.7,Renegotiation,30
R00001807,C002410,2026-05-09,1232.25,Renegotiation,60
R00001808,C002412,2026-08-09,2274.04,Payment,30
R00001809,C002413,2026-03-12,1241.51,Payment,30
R00001810,C002413,2026-04-11,1034.6,Settlement,60
R00001811,C002413,2026-06-10,775.95,Renegotiation,120
R00001812,C002413,2026-08-09,672.49,Renegotiation,180
R00001813,C002415,2026-04-10,1455.2,Settlement,90
R00001814,C002415,2026-05-10,1212.67,Settlement,120
R00001815,C002416,2026-01-09,2167.39,Collection,30
R00001816,C002416,2026-03-10,1625.54,Renegotiation,90
R00001817,C002416,2026-06-08,1174.0,Payment,180
R00001818,C002422,2025-07-09,546.1,Payment,60
R00001819,C002422,2025-08-08,491.49,Renegotiation,90
R00001820,C002422,2025-09-07,409.58,Payment,120
R00001821,C002422,2026-05-05,273.05,Renegotiation,360
R00001822,C002426,2025-10-08,19705.95,Collection,120
R00001823,C002426,2026-06-05,13137.3,Payment,360
R00001824,C002432,2026-02-09,2633.88,Renegotiation,30
R00001825,C002432,2026-04-10,1975.41,Payment,90
R00001826,C002433,2025-11-09,2970.44,Collection,30
R00001827,C002433,2025-12-09,2475.37,Settlement,60
R00001828,C002433,2026-01-08,2227.83,Payment,90
R00001829,C002433,2026-04-08,1608.99,Payment,180
R00001830,C002434,2026-03-12,6513.42,Payment,30
R00001831,C002434,2026-04-11,5427.85,Renegotiation,60
R00001832,C002434,2026-08-09,3528.1,Collection,180
R00001833,C002440,2026-08-09,1052.28,Settlement,30
R00001834,C002442,2026-05-10,4805.06,Payment,30
R00001835,C002442,2026-07-09,3603.79,Renegotiation,90
R00001836,C002445,2026-04-09,4091.95,Payment,30
R00001837,C002445,2026-06-08,3068.96,Renegotiation,90
R00001838,C002446,2026-02-09,836.75,Renegotiation,30
R00001839,C002446,2026-03-11,697.29,Collection,60
R00001840,C002446,2026-04-10,627.56,Payment,90
R00001841,C002446,2026-05-10,522.97,Renegotiation,120
R00001842,C002447,2025-09-09,831.5,Payment,30
R00001843,C002447,2025-10-09,692.92,Payment,60
R00001844,C002447,2025-12-08,519.69,Payment,120
R00001845,C002447,2026-08-05,346.46,Renegotiation,360
R00001846,C002448,2025-08-09,677.25,Collection,60
R00001847,C002448,2025-10-08,507.94,Collection,120
R00001848,C002450,2026-04-11,1304.96,Settlement,60
R00001849,C002450,2026-05-11,1174.46,Renegotiation,90
R00001850,C002453,2026-07-10,1092.59,Settlement,30
R00001851,C002453,2026-08-09,910.49,Renegotiation,60
R00001852,C002454,2025-08-09,3062.64,Collection,30
R00001853,C002454,2025-11-07,1914.15,Payment,120
R00001854,C002454,2026-01-06,1658.93,Renegotiation,180
R00001855,C002454,2026-07-05,1276.1,Settlement,360
R00001856,C002457,2026-06-09,148.19,Collection,30
R00001857,C002457,2026-07-09,123.49,Payment,60
R00001858,C002457,2026-08-08,111.14,Payment,90
R00001859,C002458,2025-04-11,2032.41,Payment,60
R00001860,C002458,2025-06-10,1524.3,Settlement,120
R00001861,C002458,2025-08-09,1321.06,Payment,180
R00001862,C002458,2026-02-05,1016.2,Settlement,360
R00001863,C002460,2026-02-06,1466.82,Collection,180
R00001864,C002460,2026-08-05,1128.32,Payment,360
R00001865,C002461,2025-12-09,513.42,Collection,60
R00001866,C002461,2026-04-08,333.72,Settlement,180
R00001867,C002462,2026-04-11,2555.13,Collection,60
R00001868,C002462,2026-08-09,1660.84,Payment,180
R00001869,C002463,2026-02-08,11241.74,Payment,90
R00001870,C002463,2026-03-10,9368.12,Settlement,120
R00001871,C002463,2026-05-09,8119.04,Collection,180
R00001872,C002464,2025-06-09,5906.02,Collection,30
R00001873,C002464,2025-08-08,4429.52,Settlement,90
R00001874,C002464,2025-11-06,3199.1,Collection,180
R00001875,C002464,2026-05-05,2460.84,Renegotiation,360
R00001876,C002470,2025-10-09,1639.71,Payment,60
R00001877,C002470,2025-11-08,1475.74,Collection,90
R00001878,C002472,2026-07-10,3470.26,Payment,30
R00001879,C002472,2026-08-09,2891.88,Settlement,60
R00001880,C002480,2025-08-09,665.54,Payment,30
R00001881,C002480,2025-09-08,554.61,Settlement,60
R00001882,C002480,2026-01-06,360.5,Payment,180
R00001883,C002482,2026-06-10,1321.05,Collection,120
R00001884,C002483,2026-03-12,2065.63,Collection,30
R00001885,C002483,2026-04-11,1721.36,Payment,60
R00001886,C002483,2026-05-11,1549.22,Payment,90
R00001887,C002483,2026-06-10,1291.02,Renegotiation,120
R00001888,C002488,2026-05-10,282.87,Settlement,30
R00001889,C002488,2026-06-09,235.72,Collection,60
R00001890,C002488,2026-07-09,212.15,Payment,90
R00001891,C002488,2026-08-08,176.79,Renegotiation,120
R00001892,C002489,2026-02-09,1478.58,Collection,30
R00001893,C002489,2026-04-10,1108.94,Payment,90
R00001894,C002489,2026-05-10,924.11,Payment,120
R00001895,C002489,2026-07-09,800.9,Settlement,180
R00001896,C002491,2026-05-09,2204.98,Settlement,60
R00001897,C002491,2026-07-08,1653.73,Collection,120
R00001898,C002493,2026-08-09,706.58,Payment,30
R00001899,C002495,2025-11-09,6417.4,Collection,30
R00001900,C002496,2026-03-12,530.04,Payment,30
R00001901,C002496,2026-05-11,397.53,Settlement,90
R00001902,C002496,2026-06-10,331.27,Settlement,120
R00001903,C002502,2026-08-09,1166.44,Payment,60
R00001904,C002504,2025-07-10,7952.86,Payment,30
R00001905,C002504,2025-09-08,5964.64,Payment,90
R00001906,C002513,2026-03-10,3263.9,Collection,90
R00001907,C002513,2026-06-08,2357.26,Collection,180
R00001908,C002514,2025-08-09,11524.79,Payment,30
R00001909,C002514,2025-09-08,9603.99,Payment,60
R00001910,C002514,2025-10-08,8643.59,Payment,90
R00001911,C002514,2026-01-06,6242.59,Payment,180
R00001912,C002515,2025-06-09,1172.06,Payment,60
R00001913,C002515,2025-07-09,1054.86,Payment,90
R00001914,C002515,2025-10-07,761.84,Payment,180
R00001915,C002515,2026-04-05,586.03,Payment,360
R00001916,C002517,2025-05-10,1454.62,Collection,30
R00001917,C002517,2025-07-09,1090.96,Payment,90
R00001918,C002517,2025-08-08,909.14,Payment,120
R00001919,C002517,2025-10-07,787.92,Collection,180
R00001920,C002518,2025-05-10,1783.04,Payment,30
R00001921,C002518,2025-07-09,1337.28,Payment,90
R00001922,C002518,2025-10-07,965.81,Payment,180
R00001923,C002518,2026-04-05,742.93,Renegotiation,360
R00001924,C002520,2026-05-10,3988.16,Settlement,30
R00001925,C002520,2026-06-09,3323.47,Payment,60
R00001926,C002520,2026-08-08,2492.6,Payment,120
R00001927,C002522,2026-05-09,926.44,Payment,60
R00001928,C002525,2026-01-09,556.85,Settlement,30
R00001929,C002525,2026-02-08,464.04,Collection,60
R00001930,C002525,2026-03-10,417.64,Payment,90
R00001931,C002525,2026-06-08,301.63,Renegotiation,180
R00001932,C002528,2026-03-12,6745.63,Renegotiation,30
R00001933,C002528,2026-06-10,4216.02,Payment,120
R00001934,C002529,2026-07-09,725.77,Collection,90
R00001935,C002529,2026-08-08,604.8,Collection,120
R00001936,C002532,2025-11-09,4054.89,Renegotiation,30
R00001937,C002532,2026-04-08,2196.4,Settlement,180
R00001938,C002533,2026-02-09,693.24,Payment,30
R00001939,C002533,2026-03-11,577.7,Payment,60
R00001940,C002533,2026-04-10,519.93,Payment,90
R00001941,C002533,2026-07-09,375.5,Settlement,180
R00001942,C002536,2025-12-09,4383.55,Collection,60
R00001943,C002537,2026-05-10,738.2,Renegotiation,30
R00001944,C002537,2026-06-09,615.17,Settlement,60
R00001945,C002537,2026-07-09,553.65,Renegotiation,90
R00001946,C002538,2026-03-11,1114.02,Renegotiation,60
R00001947,C002538,2026-05-10,835.51,Payment,120
R00001948,C002540,2026-04-09,1500.37,Payment,30
R00001949,C002540,2026-07-08,937.73,Payment,120
R00001950,C002544,2026-07-10,2586.76,Settlement,30
R00001951,C002544,2026-08-09,2155.64,Settlement,60
R00001952,C002553,2025-09-08,1857.58,Settlement,60
R00001953,C002553,2025-10-08,1671.82,Payment,90
R00001954,C002553,2026-07-05,928.79,Collection,360
R00001955,C002555,2026-07-10,11357.1,Renegotiation,30
R00001956,C002555,2026-08-09,9464.25,Settlement,60
R00001957,C002556,2025-11-06,2710.94,Payment,180
R00001958,C002556,2026-05-05,2085.34,Payment,360
R00001959,C002559,2025-11-08,752.77,Settlement,90
R00001960,C002559,2025-12-08,627.31,Payment,120
R00001961,C002565,2026-06-09,8150.47,Collection,30
R00001962,C002565,2026-07-09,6792.06,Collection,60
R00001963,C002565,2026-08-08,6112.85,Collection,90
R00001964,C002567,2025-07-09,2077.79,Payment,90
R00001965,C002567,2026-04-05,1154.33,Payment,360
R00001966,C002569,2026-07-09,4397.42,Renegotiation,180
R00001967,C002574,2026-07-08,3464.35,Payment,120
R00001968,C002578,2026-01-08,1326.22,Collection,120
R00001969,C002578,2026-03-09,1149.39,Payment,180
R00001970,C002579,2026-05-10,1607.53,Payment,30
R00001971,C002579,2026-06-09,1339.61,Renegotiation,60
R00001972,C002580,2025-05-10,1925.27,Payment,30
R00001973,C002580,2025-06-09,1604.4,Payment,60
R00001974,C002580,2025-07-09,1443.96,Renegotiation,90
R00001975,C002580,2025-10-07,1042.86,Collection,180
R00001976,C002581,2025-09-09,2360.59,Renegotiation,30
R00001977,C002581,2025-10-09,1967.16,Collection,60
R00001978,C002581,2025-11-08,1770.44,Renegotiation,90
R00001979,C002582,2026-08-09,3236.04,Payment,30
R00001980,C002584,2025-08-09,1744.58,Collection,30
R00001981,C002584,2025-11-07,1090.36,Collection,120
R00001982,C002584,2026-07-05,726.91,Payment,360
R00001983,C002593,2025-12-10,153.47,Renegotiation,30
R00001984,C002593,2026-01-09,127.9,Collection,60
R00001985,C002593,2026-03-10,95.92,Settlement,120
R00001986,C002595,2026-06-09,1227.59,Payment,30
R00001987,C002595,2026-08-08,920.7,Collection,90
R00001988,C002598,2026-03-12,1885.03,Renegotiation,30
R00001989,C002598,2026-06-10,1178.14,Collection,120
R00001990,C002598,2026-08-09,1021.06,Payment,180
R00001991,C002599,2026-07-10,1495.69,Payment,30
R00001992,C002599,2026-08-09,1246.41,Renegotiation,60
R00001993,C002601,2026-03-10,5681.91,Payment,90
R00001994,C002601,2026-04-09,4734.93,Payment,120
R00001995,C002601,2026-06-08,4103.6,Settlement,180
R00001996,C002602,2026-03-12,1041.94,Payment,30
R00001997,C002602,2026-08-09,564.38,Payment,180
R00001998,C002603,2026-04-09,2453.78,Collection,30
R00001999,C002603,2026-06-08,1840.33,Payment,90
R00002000,C002604,2025-11-09,8700.12,Payment,60
R00002001,C002604,2025-12-09,7830.11,Payment,90
R00002002,C002604,2026-01-08,6525.09,Renegotiation,120
R00002003,C002604,2026-03-09,5655.08,Settlement,180
R00002004,C002607,2025-10-10,2003.24,Collection,30
R00002005,C002608,2025-12-09,3991.84,Payment,90
R00002006,C002608,2026-03-09,2883.0,Payment,180
R00002007,C002612,2026-04-09,1731.65,Renegotiation,30
R00002008,C002612,2026-05-09,1443.04,Settlement,60
R00002009,C002612,2026-06-08,1298.74,Collection,90
R00002010,C002612,2026-07-08,1082.28,Payment,120
R00002011,C002620,2026-04-09,764.16,Settlement,30
R00002012,C002620,2026-07-08,477.6,Collection,120
R00002013,C002628,2026-04-09,1293.01,Renegotiation,30
R00002014,C002628,2026-05-09,1077.51,Payment,60
R00002015,C002628,2026-06-08,969.75,Settlement,90
R00002016,C002628,2026-07-08,808.13,Payment,120
R00002017,C002631,2026-06-09,932.59,Settlement,30
R00002018,C002631,2026-07-09,777.16,Payment,60
R00002019,C002631,2026-08-08,699.44,Collection,90
R00002020,C002635,2026-02-08,3748.76,Collection,90
R00002021,C002636,2025-10-10,2550.71,Collection,30
R00002022,C002636,2025-12-09,1913.03,Payment,90
R00002023,C002636,2026-03-09,1381.64,Collection,180
R00002024,C002640,2026-05-09,1196.44,Renegotiation,60
R00002025,C002640,2026-07-08,897.33,Payment,120
R00002026,C002642,2026-07-10,2919.41,Payment,30
R00002027,C002643,2026-05-11,163.63,Renegotiation,90
R00002028,C002643,2026-06-10,136.35,Settlement,120
R00002029,C002643,2026-08-09,118.17,Collection,180
R00002030,C002644,2026-02-09,4277.77,Payment,30
R00002031,C002644,2026-04-10,3208.33,Settlement,90
R00002032,C002644,2026-05-10,2673.61,Settlement,120
R00002033,C002650,2026-08-09,1581.0,Collection,60
R00002034,C002651,2026-07-10,136.75,Renegotiation,30
R00002035,C002656,2026-05-10,3481.77,Payment,30
R00002036,C002656,2026-07-09,2611.33,Payment,90
R00002037,C002656,2026-08-08,2176.1,Payment,120
R00002038,C002657,2026-05-10,1929.15,Collection,30
R00002039,C002657,2026-06-09,1607.63,Payment,60
R00002040,C002659,2025-10-10,1550.29,Collection,30
R00002041,C002659,2025-11-09,1291.91,Payment,60
R00002042,C002667,2026-02-08,4925.91,Renegotiation,60
R00002043,C002667,2026-03-10,4433.32,Renegotiation,90
R00002044,C002667,2026-04-09,3694.44,Payment,120
R00002045,C002667,2026-06-08,3201.84,Payment,180
R00002046,C002668,2026-08-09,2207.01,Collection,30
R00002047,C002670,2026-07-10,1574.37,Payment,30
R00002048,C002670,2026-08-09,1311.97,Renegotiation,60
R00002049,C002679,2026-05-09,1327.56,Payment,60
R00002050,C002679,2026-06-08,1194.81,Payment,90
R00002051,C002679,2026-07-08,995.67,Payment,120
R00002052,C002684,2026-07-10,340.0,Collection,30
R00002053,C002684,2026-08-09,283.33,Payment,60
R00002054,C002686,2026-05-10,6199.82,Renegotiation,30
R00002055,C002686,2026-06-09,5166.52,Collection,60
R00002056,C002688,2026-05-10,827.7,Payment,30
R00002057,C002688,2026-06-09,689.75,Payment,60
R00002058,C002688,2026-07-09,620.78,Renegotiation,90
R00002059,C002688,2026-08-08,517.31,Collection,120
R00002060,C002689,2026-06-09,620.51,Renegotiation,30
R00002061,C002689,2026-08-08,465.38,Collection,90
R00002062,C002690,2025-07-09,1027.54,Payment,60
R00002063,C002690,2025-11-06,667.9,Renegotiation,180
R00002064,C002690,2026-05-05,513.77,Payment,360
R00002065,C002691,2025-10-08,8596.75,Payment,90
R00002066,C002691,2026-01-06,6208.76,Renegotiation,180
R00002067,C002691,2026-07-05,4775.97,Collection,360
R00002068,C002698,2026-03-11,5275.26,Payment,60
R00002069,C002698,2026-04-10,4747.73,Renegotiation,90
R00002070,C002698,2026-07-09,3428.92,Payment,180
R00002071,C002700,2025-04-09,1087.78,Renegotiation,30
R00002072,C002700,2025-05-09,906.48,Payment,60
R00002073,C002700,2025-06-08,815.83,Payment,90
R00002074,C002700,2025-07-08,679.86,Collection,120
R00002075,C002701,2026-07-10,1211.73,Collection,30
R00002076,C002704,2025-09-08,1438.17,Settlement,60
R00002077,C002704,2025-10-08,1294.35,Collection,90
R00002078,C002704,2026-07-05,719.08,Renegotiation,360
R00002079,C002708,2026-07-10,4399.85,Collection,30
R00002080,C002711,2026-06-09,734.41,Collection,30
R00002081,C002711,2026-08-08,550.81,Payment,90
R00002082,C002715,2025-10-10,2199.79,Settlement,30
R00002083,C002715,2026-01-08,1374.87,Payment,120
R00002084,C002725,2025-07-09,1124.45,Renegotiation,90
R00002085,C002725,2025-08-08,937.04,Payment,120
R00002086,C002725,2025-10-07,812.1,Payment,180
R00002087,C002725,2026-04-05,624.7,Payment,360
R00002088,C002726,2025-11-09,6229.6,Collection,30
R00002089,C002726,2026-04-08,3374.37,Settlement,180
R00002090,C002731,2025-06-09,2264.74,Settlement,30
R00002091,C002731,2025-07-09,1887.29,Settlement,60
R00002092,C002731,2025-09-07,1415.47,Payment,120
R00002093,C002732,2026-06-09,500.96,Collection,30
R00002094,C002732,2026-07-09,417.47,Payment,60
R00002095,C002733,2026-02-09,1769.02,Collection,30
R00002096,C002733,2026-04-10,1326.77,Payment,90
R00002097,C002733,2026-05-10,1105.64,Settlement,120
R00002098,C002737,2025-04-09,1610.54,Payment,30
R00002099,C002737,2025-09-06,872.37,Renegotiation,180
R00002100,C002737,2026-03-05,671.06,Collection,360
R00002101,C002740,2026-06-09,586.86,Payment,60
R00002102,C002751,2026-03-10,2311.59,Payment,120
R00002103,C002751,2026-05-09,2003.38,Settlement,180
R00002104,C002754,2026-06-09,1585.94,Settlement,30
R00002105,C002754,2026-08-08,1189.45,Settlement,90
R00002106,C002755,2026-01-08,1898.17,Renegotiation,120
R00002107,C002758,2025-08-09,1768.21,Payment,60
R00002108,C002758,2025-09-08,1591.39,Collection,90
R00002109,C002758,2025-10-08,1326.16,Payment,120
R00002110,C002760,2026-08-09,7106.15,Payment,60
R00002111,C002764,2025-07-08,11465.73,Payment,120
R00002112,C002764,2025-09-06,9936.97,Collection,180
R00002113,C002766,2026-07-08,523.06,Payment,120
R00002114,C002767,2026-05-11,1334.48,Settlement,90
R00002115,C002767,2026-08-09,963.79,Payment,180
R00002116,C002768,2025-04-09,15116.31,Renegotiation,30
R00002117,C002768,2026-03-05,6298.46,Payment,360
R00002118,C002775,2025-07-10,10004.47,Payment,30
R00002119,C002775,2025-09-08,7503.35,Collection,90
R00002120,C002775,2025-10-08,6252.79,Payment,120
R00002121,C002778,2025-07-09,871.42,Settlement,60
R00002122,C002778,2025-08-08,784.28,Collection,90
R00002123,C002778,2025-11-06,566.43,Payment,180
R00002124,C002778,2026-05-05,435.71,Payment,360
R00002125,C002779,2026-04-09,851.53,Payment,30
R00002126,C002779,2026-05-09,709.61,Payment,60
R00002127,C002779,2026-07-08,532.21,Payment,120
R00002128,C002780,2026-04-09,16207.17,Collection,30
R00002129,C002780,2026-05-09,13505.98,Settlement,60
R00002130,C002780,2026-07-08,10129.48,Settlement,120
R00002131,C002781,2026-07-09,2011.39,Collection,60
R00002132,C002782,2026-07-10,2712.68,Collection,30
R00002133,C002782,2026-08-09,2260.57,Payment,60
R00002134,C002788,2026-05-10,3661.84,Collection,30
R00002135,C002788,2026-06-09,3051.53,Payment,60
R00002136,C002789,2026-05-10,6355.17,Payment,30
R00002137,C002789,2026-07-09,4766.38,Settlement,90
R00002138,C002794,2026-05-09,214.52,Payment,60
R00002139,C002805,2026-07-10,3608.96,Payment,30
R00002140,C002812,2026-06-09,376.74,Payment,30
R00002141,C002812,2026-08-08,282.55,Renegotiation,90
R00002142,C002814,2025-10-09,826.34,Collection,60
R00002143,C002814,2025-12-08,619.76,Payment,120
R00002144,C002814,2026-02-06,537.12,Renegotiation,180
R00002145,C002814,2026-08-05,413.17,Settlement,360
R00002146,C002816,2026-05-11,11699.68,Payment,90
R00002147,C002816,2026-08-09,8449.77,Payment,180
R00002148,C002817,2026-06-09,882.83,Settlement,30
R00002149,C002817,2026-08-08,662.12,Collection,90
R00002150,C002818,2026-07-09,1372.93,Payment,90
R00002151,C002819,2026-06-09,935.15,Payment,30
R00002152,C002824,2026-03-11,760.33,Renegotiation,60
R00002153,C002825,2026-05-09,570.38,Settlement,60
R00002154,C002825,2026-07-08,427.79,Collection,120
R00002155,C002828,2026-06-09,1889.49,Payment,60
R00002156,C002828,2026-07-09,1700.54,Renegotiation,90
R00002157,C002829,2026-04-09,1802.61,Collection,30
R00002158,C002829,2026-05-09,1502.17,Payment,60
R00002159,C002829,2026-07-08,1126.63,Payment,120
R00002160,C002830,2026-03-11,3964.2,Payment,60
R00002161,C002830,2026-07-09,2576.73,Payment,180
R00002162,C002834,2026-02-09,9286.85,Settlement,30
R00002163,C002834,2026-03-11,7739.04,Collection,60
R00002164,C002834,2026-05-10,5804.28,Payment,120
R00002165,C002834,2026-07-09,5030.38,Settlement,180
R00002166,C002835,2026-04-09,352.63,Payment,30
R00002167,C002835,2026-05-09,293.86,Payment,60
R00002168,C002836,2026-03-12,781.29,Payment,30
R00002169,C002836,2026-04-11,651.07,Payment,60
R00002170,C002836,2026-08-09,423.2,Settlement,180
R00002171,C002838,2025-11-09,5047.37,Payment,30
R00002172,C002838,2025-12-09,4206.14,Payment,60
R00002173,C002838,2026-01-08,3785.53,Collection,90
R00002174,C002843,2025-05-10,3393.81,Payment,30
R00002175,C002843,2025-06-09,2828.18,Renegotiation,60
R00002176,C002843,2026-04-05,1414.09,Payment,360
R00002177,C002845,2026-03-12,1141.36,Renegotiation,30
R00002178,C002845,2026-08-09,618.24,Payment,180
R00002179,C002851,2026-01-09,837.89,Collection,30
R00002180,C002851,2026-03-10,628.42,Collection,90
R00002181,C002856,2026-01-09,2791.11,Collection,60
R00002182,C002856,2026-02-08,2511.99,Payment,90
R00002183,C002857,2026-01-09,1941.99,Settlement,60
R00002184,C002857,2026-02-08,1747.79,Payment,90
R00002185,C002857,2026-05-09,1262.3,Payment,180
R00002186,C002859,2026-07-10,416.01,Renegotiation,30
R00002187,C002859,2026-08-09,346.67,Settlement,60
R00002188,C002862,2026-08-09,497.43,Collection,30
R00002189,C002871,2026-03-12,1535.31,Renegotiation,30
R00002190,C002871,2026-04-11,1279.43,Renegotiation,60
R00002191,C002871,2026-06-10,959.57,Payment,120
R00002192,C002875,2026-05-10,3270.71,Settlement,30
R00002193,C002875,2026-08-08,2044.19,Settlement,120
R00002194,C002877,2025-08-09,1100.21,Collection,30
R00002195,C002877,2025-09-08,916.84,Payment,60
R00002196,C002877,2025-11-07,687.63,Collection,120
R00002197,C002881,2026-05-10,34187.89,Payment,120
R00002198,C002881,2026-07-09,29629.51,Payment,180
R00002199,C002887,2025-10-08,965.23,Settlement,90
R00002200,C002887,2026-01-06,697.11,Payment,180
R00002201,C002887,2026-07-05,536.24,Payment,360
R00002202,C002890,2026-02-09,586.78,Renegotiation,30
R00002203,C002891,2026-06-09,12574.49,Payment,30
R00002204,C002891,2026-07-09,10478.74,Renegotiation,60
R00002205,C002891,2026-08-08,9430.87,Payment,90
R00002206,C002892,2026-04-09,1618.59,Collection,30
R00002207,C002892,2026-05-09,1348.82,Renegotiation,60
R00002208,C002892,2026-06-08,1213.94,Payment,90
R00002209,C002895,2026-03-11,1772.78,Payment,60
R00002210,C002895,2026-04-10,1595.51,Collection,90
R00002211,C002895,2026-07-09,1152.31,Renegotiation,180
R00002212,C002896,2025-10-10,1342.57,Collection,30
R00002213,C002896,2025-11-09,1118.81,Payment,60
R00002214,C002896,2025-12-09,1006.93,Payment,90
R00002215,C002896,2026-01-08,839.11,Renegotiation,120
R00002216,C002897,2026-03-12,4002.81,Renegotiation,30
R00002217,C002897,2026-04-11,3335.68,Payment,60
R00002218,C002905,2026-05-09,970.03,Renegotiation,60
R00002219,C002905,2026-06-08,873.03,Settlement,90
R00002220,C002905,2026-07-08,727.52,Payment,120
R00002221,C002906,2026-03-11,1029.82,Renegotiation,60
R00002222,C002906,2026-07-09,669.38,Settlement,180
R00002223,C002907,2026-04-09,695.26,Payment,30
R00002224,C002907,2026-05-09,579.39,Renegotiation,60
R00002225,C002907,2026-06-08,521.45,Settlement,90
R00002226,C002907,2026-07-08,434.54,Renegotiation,120
R00002227,C002910,2025-05-09,2016.97,Payment,60
R00002228,C002910,2025-06-08,1815.28,Renegotiation,90
R00002229,C002910,2025-07-08,1512.73,Payment,120
R00002230,C002910,2026-03-05,1008.49,Renegotiation,360
R00002231,C002913,2025-09-08,14323.49,Payment,60
R00002232,C002913,2025-10-08,12891.14,Collection,90
R00002233,C002913,2026-01-06,9310.27,Settlement,180
R00002234,C002913,2026-07-05,7161.74,Renegotiation,360
R00002235,C002915,2026-03-11,7668.55,Settlement,60
R00002236,C002915,2026-07-09,4984.56,Collection,180
R00002237,C002917,2025-07-09,3193.22,Payment,60
R00002238,C002917,2025-11-06,2075.59,Renegotiation,180
R00002239,C002920,2026-06-09,28087.2,Renegotiation,30
R00002240,C002920,2026-08-08,21065.4,Renegotiation,90
R00002241,C002922,2025-11-09,3585.89,Payment,30
R00002242,C002922,2026-01-08,2689.42,Payment,90
R00002243,C002924,2026-01-09,844.35,Renegotiation,60
R00002244,C002924,2026-02-08,759.92,Collection,90
R00002245,C002926,2026-07-10,1627.65,Settlement,30
R00002246,C002931,2026-01-09,18642.99,Settlement,30
R00002247,C002931,2026-02-08,15535.83,Collection,60
R00002248,C002931,2026-04-09,11651.87,Collection,120
R00002249,C002932,2026-03-11,2616.07,Payment,60
R00002250,C002932,2026-04-10,2354.47,Renegotiation,90
R00002251,C002933,2026-06-09,5827.94,Renegotiation,30
R00002252,C002933,2026-07-09,4856.62,Renegotiation,60
R00002253,C002933,2026-08-08,4370.95,Payment,90
R00002254,C002934,2026-06-08,9174.43,Settlement,90
R00002255,C002939,2026-03-12,10685.73,Collection,30
R00002256,C002939,2026-04-11,8904.78,Renegotiation,60
R00002257,C002939,2026-08-09,5788.1,Renegotiation,180
R00002258,C002941,2025-10-07,3883.17,Collection,180
R00002259,C002941,2026-04-05,2987.05,Renegotiation,360
R00002260,C002943,2026-06-08,652.41,Renegotiation,90
R00002261,C002943,2026-07-08,543.67,Payment,120
R00002262,C002944,2026-02-09,438.74,Payment,30
R00002263,C002944,2026-04-10,329.05,Collection,90
R00002264,C002944,2026-07-09,237.65,Payment,180
R00002265,C002946,2026-06-09,609.44,Settlement,30
R00002266,C002957,2026-03-11,1294.45,Settlement,60
R00002267,C002957,2026-04-10,1165.01,Payment,90
R00002268,C002957,2026-05-10,970.84,Payment,120
R00002269,C002960,2026-04-11,6588.74,Payment,60
R00002270,C002960,2026-08-09,4282.68,Settlement,180
R00002271,C002961,2026-07-09,3447.36,Payment,60
R00002272,C002961,2026-08-08,3102.63,Renegotiation,90
R00002273,C002962,2025-08-09,5018.31,Payment,60
R00002274,C002962,2025-09-08,4516.48,Settlement,90
R00002275,C002962,2025-10-08,3763.73,Renegotiation,120
R00002276,C002962,2026-06-05,2509.16,Payment,360
R00002277,C002977,2026-02-07,659.36,Renegotiation,120
R00002278,C002977,2026-04-08,571.45,Payment,180
R00002279,C002981,2025-09-09,1220.85,Settlement,30
R00002280,C002981,2025-10-09,1017.38,Payment,60
R00002281,C002981,2025-12-08,763.03,Renegotiation,120
R00002282,C002987,2025-12-10,860.94,Payment,30
R00002283,C002987,2026-03-10,538.09,Collection,120
R00002284,C002988,2026-06-09,1392.62,Payment,30
R00002285,C002989,2026-05-09,840.05,Payment,60
R00002286,C002989,2026-06-08,756.04,Payment,90
R00002287,C002990,2026-04-09,2285.31,Settlement,30
R00002288,C002990,2026-05-09,1904.42,Renegotiation,60
R00002289,C002990,2026-07-08,1428.32,Collection,120
R00002290,C003000,2026-02-08,874.82,Renegotiation,60
R00002291,C003000,2026-04-09,656.11,Payment,120
R00002292,C003001,2025-09-09,3754.33,Renegotiation,30
R00002293,C003001,2025-10-09,3128.61,Payment,60
R00002294,C003001,2026-02-06,2033.6,Payment,180
R00002295,C003002,2025-06-09,974.85,Renegotiation,30
R00002296,C003002,2025-07-09,812.37,Settlement,60
R00002297,C003002,2025-09-07,609.28,Payment,120
R00002298,C003002,2026-05-05,406.19,Renegotiation,360
R00002299,C003004,2026-04-09,1132.76,Payment,30
R00002300,C003004,2026-05-09,943.97,Payment,60
R00002301,C003004,2026-06-08,849.57,Settlement,90
R00002302,C003004,2026-07-08,707.98,Renegotiation,120
R00002303,C003005,2026-05-11,563.95,Renegotiation,90
R00002304,C003005,2026-06-10,469.96,Payment,120
R00002305,C003005,2026-08-09,407.3,Payment,180
R00002306,C003007,2026-05-10,271.32,Settlement,30
R00002307,C003007,2026-06-09,226.1,Payment,60
R00002308,C003007,2026-07-09,203.49,Settlement,90
R00002309,C003009,2026-07-10,454.69,Settlement,30
R00002310,C003009,2026-08-09,378.91,Payment,60
R00002311,C003010,2026-03-12,1169.48,Settlement,30
R00002312,C003010,2026-05-11,877.11,Payment,90
R00002313,C003010,2026-06-10,730.93,Collection,120
R00002314,C003010,2026-08-09,633.47,Payment,180
R00002315,C003012,2025-08-09,14055.44,Payment,30
R00002316,C003012,2025-11-07,8784.65,Payment,120
R00002317,C003012,2026-07-05,5856.43,Payment,360
R00002318,C003020,2026-01-09,9761.71,Payment,60
R00002319,C003020,2026-02-08,8785.54,Payment,90
R00002320,C003020,2026-05-09,6345.11,Payment,180
R00002321,C003022,2025-09-08,1018.17,Payment,90
R00002322,C003022,2025-10-08,848.47,Payment,120
R00002323,C003025,2026-02-08,807.4,Renegotiation,60
R00002324,C003025,2026-03-10,726.66,Payment,90
R00002325,C003025,2026-04-09,605.55,Renegotiation,120
R00002326,C003031,2026-08-09,5170.94,Payment,60
R00002327,C003037,2025-09-09,12288.41,Renegotiation,30
R00002328,C003037,2025-11-08,9216.31,Renegotiation,90
R00002329,C003037,2026-02-06,6656.22,Settlement,180
R00002330,C003037,2026-08-05,5120.17,Payment,360
R00002331,C003038,2026-02-09,8788.39,Payment,30
R00002332,C003042,2026-03-10,1607.68,Collection,90
R00002333,C003042,2026-04-09,1339.73,Renegotiation,120
R00002334,C003042,2026-06-08,1161.1,Renegotiation,180
R00002335,C003044,2026-08-09,748.08,Renegotiation,30
R00002336,C003046,2025-11-09,2727.69,Payment,30
R00002337,C003046,2025-12-09,2273.08,Settlement,60
R00002338,C003046,2026-02-07,1704.81,Collection,120
R00002339,C003046,2026-04-08,1477.5,Collection,180
R00002340,C003047,2026-03-12,5424.78,Payment,30
R00002341,C003052,2025-06-09,9561.5,Payment,30
R00002342,C003052,2025-09-07,5975.94,Payment,120
R00002343,C003052,2025-11-06,5179.14,Collection,180
R00002344,C003052,2026-05-05,3983.96,Payment,360
R00002345,C003055,2026-08-09,2584.26,Payment,30
R00002346,C003057,2026-07-10,10698.69,Renegotiation,30
R00002347,C003057,2026-08-09,8915.58,Settlement,60
R00002348,C003058,2026-02-08,10071.74,Collection,90
R00002349,C003058,2026-03-10,8393.11,Payment,120
R00002350,C003058,2026-05-09,7274.03,Settlement,180
R00002351,C003063,2025-09-09,748.13,Payment,30
R00002352,C003063,2025-12-08,467.58,Settlement,120
R00002353,C003063,2026-02-06,405.24,Payment,180
R00002354,C003065,2026-08-08,1537.64,Renegotiation,120
R00002355,C003073,2026-01-08,15440.99,Collection,90
R00002356,C003073,2026-02-07,12867.49,Collection,120
R00002357,C003073,2026-04-08,11151.83,Renegotiation,180
R00002358,C003076,2025-07-10,12723.41,Renegotiation,30
R00002359,C003076,2025-08-09,10602.84,Payment,60
R00002360,C003081,2026-02-09,4510.51,Collection,30
R00002361,C003084,2026-07-10,17270.87,Payment,30
R00002362,C003084,2026-08-09,14392.39,Payment,60
R00002363,C003088,2026-05-10,993.44,Settlement,30
R00002364,C003088,2026-06-09,827.86,Collection,60
R00002365,C003088,2026-08-08,620.9,Payment,120
R00002366,C003089,2025-05-10,1459.07,Collection,30
R00002367,C003089,2025-10-07,790.33,Settlement,180
R00002368,C003091,2026-02-08,907.47,Payment,60
R00002369,C003091,2026-06-08,589.86,Renegotiation,180
R00002370,C003096,2026-04-09,546.78,Payment,120
R00002371,C003097,2026-01-09,653.47,Payment,30
R00002372,C003097,2026-02-08,544.56,Renegotiation,60
R00002373,C003097,2026-03-10,490.1,Collection,90
R00002374,C003097,2026-04-09,408.42,Payment,120
R00002375,C003099,2026-08-09,1470.65,Collection,30
R00002376,C003103,2026-08-09,316.14,Collection,30
R00002377,C003104,2026-08-09,2744.1,Collection,30
R00002378,C003107,2025-08-09,2610.81,Collection,60
R00002379,C003107,2025-10-08,1958.11,Payment,120
R00002380,C003107,2025-12-07,1697.03,Settlement,180
R00002381,C003108,2026-06-10,216.83,Payment,120
R00002382,C003110,2026-06-09,4203.76,Renegotiation,30
R00002383,C003110,2026-07-09,3503.13,Payment,60
R00002384,C003112,2026-04-09,3428.16,Settlement,120
R00002385,C003112,2026-06-08,2971.07,Payment,180
R00002386,C003113,2026-03-10,4211.14,Payment,120
R00002387,C003114,2026-07-10,1973.49,Payment,30
R00002388,C003119,2026-07-10,2826.83,Renegotiation,30
R00002389,C003119,2026-08-09,2355.69,Payment,60
R00002390,C003125,2026-05-09,985.77,Collection,60
R00002391,C003127,2025-07-10,2867.46,Renegotiation,30
R00002392,C003127,2025-08-09,2389.55,Payment,60
R00002393,C003132,2025-10-10,697.67,Collection,30
R00002394,C003132,2025-11-09,581.39,Settlement,60
R00002395,C003132,2025-12-09,523.25,Payment,90
R00002396,C003132,2026-03-09,377.9,Renegotiation,180
R00002397,C003133,2025-12-10,3832.97,Renegotiation,30
R00002398,C003133,2026-02-08,2874.73,Settlement,90
R00002399,C003133,2026-03-10,2395.61,Payment,120
R00002400,C003133,2026-05-09,2076.19,Renegotiation,180
R00002401,C003135,2026-04-09,1083.04,Collection,120
R00002402,C003135,2026-06-08,938.63,Renegotiation,180
R00002403,C003136,2026-05-09,1633.93,Collection,60
R00002404,C003136,2026-06-08,1470.54,Payment,90
R00002405,C003137,2025-09-09,6468.48,Renegotiation,30
R00002406,C003137,2026-02-06,3503.76,Collection,180
R00002407,C003138,2025-11-09,2078.38,Renegotiation,30
R00002408,C003138,2025-12-09,1731.98,Payment,60
R00002409,C003138,2026-01-08,1558.78,Settlement,90
R00002410,C003140,2025-09-08,968.34,Settlement,90
R00002411,C003140,2025-10-08,806.95,Payment,120
R00002412,C003140,2025-12-07,699.35,Collection,180
R00002413,C003140,2026-06-05,537.96,Collection,360
R00002414,C003142,2026-03-12,1372.98,Payment,30
R00002415,C003142,2026-04-11,1144.15,Settlement,60
R00002416,C003142,2026-06-10,858.11,Collection,120
R00002417,C003144,2026-06-10,409.98,Settlement,120
R00002418,C003144,2026-08-09,355.32,Collection,180
R00002419,C003145,2025-12-09,10251.15,Collection,60
R00002420,C003145,2026-01-08,9226.03,Settlement,90
R00002421,C003145,2026-02-07,7688.36,Collection,120
R00002422,C003147,2026-07-09,258.94,Payment,90
R00002423,C003147,2026-08-08,215.79,Collection,120
R00002424,C003149,2026-01-09,1207.44,Collection,60
R00002425,C003149,2026-02-08,1086.7,Payment,90
R00002426,C003154,2026-04-09,11672.11,Payment,30
R00002427,C003154,2026-07-08,7295.07,Collection,120
R00002428,C003156,2025-11-09,1739.98,Payment,30
R00002429,C003156,2026-02-07,1087.49,Collection,120
R00002430,C003156,2026-04-08,942.49,Payment,180
R00002431,C003160,2025-09-08,383.62,Payment,60
R00002432,C003160,2025-11-07,287.71,Renegotiation,120
R00002433,C003160,2026-01-06,249.35,Payment,180
R00002434,C003160,2026-07-05,191.81,Settlement,360
R00002435,C003164,2026-04-09,4510.48,Settlement,30
R00002436,C003164,2026-05-09,3758.73,Collection,60
R00002437,C003164,2026-06-08,3382.86,Collection,90
R00002438,C003171,2025-07-09,2356.58,Payment,90
R00002439,C003171,2025-08-08,1963.81,Settlement,120
R00002440,C003173,2026-05-09,495.1,Settlement,60
R00002441,C003173,2026-06-08,445.59,Payment,90
R00002442,C003175,2025-08-09,1775.8,Payment,60
R00002443,C003175,2025-12-07,1154.27,Collection,180
R00002444,C003175,2026-06-05,887.9,Payment,360
R00002445,C003180,2026-04-09,2467.68,Payment,30
R00002446,C003180,2026-05-09,2056.4,Settlement,60
R00002447,C003180,2026-07-08,1542.3,Collection,120
R00002448,C003182,2026-03-12,1291.76,Payment,30
R00002449,C003182,2026-04-11,1076.46,Payment,60
R00002450,C003182,2026-06-10,807.35,Payment,120
R00002451,C003195,2026-01-09,647.03,Renegotiation,60
R00002452,C003195,2026-03-10,485.27,Renegotiation,120
R00002453,C003195,2026-05-09,420.57,Payment,180
R00002454,C003196,2026-05-11,3198.49,Payment,90
R00002455,C003196,2026-06-10,2665.41,Renegotiation,120
R00002456,C003202,2026-08-09,2991.06,Renegotiation,30
R00002457,C003204,2026-07-10,2421.39,Collection,30
R00002458,C003205,2026-08-09,5066.27,Settlement,60
R00002459,C003208,2026-05-09,2368.66,Renegotiation,60
R00002460,C003210,2026-06-09,2552.45,Renegotiation,60
R00002461,C003217,2025-08-09,597.21,Renegotiation,60
R00002462,C003217,2025-12-07,388.19,Payment,180
R00002463,C003218,2026-03-12,1741.12,Payment,30
R00002464,C003218,2026-04-11,1450.94,Collection,60
R00002465,C003218,2026-05-11,1305.84,Payment,90
R00002466,C003222,2025-08-09,871.33,Payment,60
R00002467,C003222,2025-09-08,784.19,Collection,90
R00002468,C003223,2026-05-10,838.36,Payment,30
R00002469,C003228,2026-06-09,988.59,Payment,30
R00002470,C003230,2026-01-09,2632.79,Renegotiation,30
R00002471,C003230,2026-04-09,1645.49,Renegotiation,120
R00002472,C003230,2026-06-08,1426.09,Collection,180
R00002473,C003234,2026-05-10,9867.69,Payment,30
R00002474,C003234,2026-07-09,7400.77,Settlement,90
R00002475,C003235,2026-05-10,1303.4,Collection,30
R00002476,C003235,2026-06-09,1086.16,Collection,60
R00002477,C003235,2026-08-08,814.62,Collection,120
R00002478,C003236,2026-03-10,1431.88,Collection,90
R00002479,C003236,2026-04-09,1193.23,Collection,120
R00002480,C003238,2025-10-10,362.98,Collection,30
R00002481,C003238,2025-11-09,302.48,Payment,60
R00002482,C003238,2026-01-08,226.86,Settlement,120
R00002483,C003238,2026-03-09,196.61,Payment,180
R00002484,C003243,2026-07-10,2003.02,Payment,30
R00002485,C003246,2025-10-10,2352.89,Renegotiation,30
R00002486,C003246,2025-12-09,1764.67,Payment,90
R00002487,C003246,2026-03-09,1274.48,Renegotiation,180
R00002488,C003249,2026-04-11,1032.06,Payment,60
R00002489,C003249,2026-05-11,928.85,Settlement,90
R00002490,C003251,2026-07-09,8904.87,Payment,60
R00002491,C003254,2025-07-10,6005.5,Renegotiation,30
R00002492,C003254,2025-09-08,4504.12,Collection,90
R00002493,C003254,2026-06-05,2502.29,Payment,360
R00002494,C003257,2025-12-10,629.9,Renegotiation,30
R00002495,C003257,2026-01-09,524.92,Payment,60
R00002496,C003257,2026-05-09,341.2,Payment,180
R00002497,C003262,2026-02-08,1662.74,Collection,60
R00002498,C003262,2026-03-10,1496.47,Settlement,90
R00002499,C003262,2026-06-08,1080.78,Collection,180
R00002500,C003265,2025-12-10,2440.91,Payment,30
R00002501,C003265,2026-02-08,1830.68,Collection,90
R00002502,C003265,2026-05-09,1322.16,Collection,180
R00002503,C003266,2025-06-08,883.59,Payment,90
R00002504,C003266,2025-09-06,638.15,Payment,180
R00002505,C003266,2026-03-05,490.89,Payment,360
R00002506,C003267,2025-11-09,1006.04,Collection,30
R00002507,C003267,2025-12-09,838.37,Renegotiation,60
R00002508,C003267,2026-02-07,628.78,Renegotiation,120
R00002509,C003269,2025-06-09,2845.92,Payment,60
R00002510,C003269,2025-08-08,2134.44,Payment,120
R00002511,C003270,2025-08-09,6336.78,Payment,60
R00002512,C003270,2025-09-08,5703.1,Settlement,90
R00002513,C003270,2025-12-07,4118.91,Collection,180
R00002514,C003270,2026-06-05,3168.39,Settlement,360
R00002515,C003271,2026-02-09,1599.71,Payment,30
R00002516,C003271,2026-05-10,999.82,Renegotiation,120
R00002517,C003273,2026-06-08,487.1,Renegotiation,90
R00002518,C003273,2026-07-08,405.92,Renegotiation,120
R00002519,C003274,2026-04-10,424.22,Payment,90
R00002520,C003274,2026-07-09,306.38,Payment,180
R00002521,C003279,2025-12-09,2125.58,Settlement,60
R00002522,C003279,2026-01-08,1913.02,Renegotiation,90
R00002523,C003279,2026-02-07,1594.19,Payment,120
R00002524,C003282,2026-08-09,8504.36,Settlement,30
R00002525,C003284,2026-08-09,993.36,Payment,60
R00002526,C003285,2026-08-08,1994.43,Collection,90
R00002527,C003288,2025-07-09,10679.37,Renegotiation,60
R00002528,C003288,2025-09-07,8009.53,Payment,120
R00002529,C003288,2026-05-05,5339.68,Payment,360
R00002530,C003291,2026-02-09,4327.67,Renegotiation,30
R00002531,C003291,2026-07-09,2344.16,Payment,180
R00002532,C003294,2025-12-10,1135.11,Renegotiation,30
R00002533,C003294,2026-01-09,945.93,Payment,60
R00002534,C003298,2026-07-10,493.93,Renegotiation,30
R00002535,C003298,2026-08-09,411.61,Payment,60
R00002536,C003302,2026-03-12,16267.86,Payment,30
R00002537,C003302,2026-05-11,12200.89,Renegotiation,90
R00002538,C003302,2026-08-09,8811.75,Collection,180
R00002539,C003304,2026-07-10,2116.1,Collection,30
R00002540,C003304,2026-08-09,1763.41,Collection,60
R00002541,C003316,2025-09-08,1664.91,Settlement,60
R00002542,C003316,2025-11-07,1248.68,Collection,120
R00002543,C003317,2026-07-09,1456.1,Renegotiation,60
R00002544,C003319,2025-08-09,2628.22,Settlement,30
R00002545,C003319,2025-10-08,1971.17,Collection,90
R00002546,C003319,2025-11-07,1642.64,Payment,120
R00002547,C003320,2026-08-09,33915.1,Payment,60
R00002548,C003321,2025-11-09,7371.86,Settlement,30
R00002549,C003321,2026-01-08,5528.89,Renegotiation,90
R00002550,C003321,2026-04-08,3993.09,Payment,180
R00002551,C003322,2026-07-10,1544.35,Settlement,30
R00002552,C003333,2026-07-09,1551.66,Payment,90
R00002553,C003333,2026-08-08,1293.05,Payment,120
R00002554,C003337,2026-08-09,2809.17,Payment,30
R00002555,C003338,2026-08-09,11072.15,Renegotiation,60
R00002556,C003347,2026-07-10,3816.56,Settlement,30
R00002557,C003347,2026-08-09,3180.47,Collection,60
R00002558,C003350,2025-05-09,1272.44,Renegotiation,60
R00002559,C003350,2025-06-08,1145.19,Collection,90
R00002560,C003350,2025-07-08,954.33,Payment,120
R00002561,C003350,2026-03-05,636.22,Payment,360
R00002562,C003354,2026-07-09,967.1,Settlement,60
R00002563,C003354,2026-08-08,870.39,Collection,90
R00002564,C003359,2026-05-10,2007.54,Collection,30
R00002565,C003360,2026-07-10,2121.56,Payment,30
R00002566,C003360,2026-08-09,1767.96,Payment,60
R00002567,C003361,2026-03-12,1119.16,Payment,30
R00002568,C003361,2026-04-11,932.63,Payment,60
R00002569,C003361,2026-06-10,699.47,Payment,120
R00002570,C003364,2026-08-09,42865.76,Renegotiation,30
R00002571,C003369,2025-09-08,861.91,Collection,90
R00002572,C003369,2025-12-07,622.49,Settlement,180
R00002573,C003369,2026-06-05,478.84,Payment,360
R00002574,C003372,2026-04-11,24751.36,Renegotiation,60
R00002575,C003372,2026-05-11,22276.22,Payment,90
R00002576,C003374,2026-01-09,3778.33,Settlement,30
R00002577,C003374,2026-03-10,2833.75,Collection,90
R00002578,C003374,2026-06-08,2046.6,Payment,180
R00002579,C003375,2026-07-10,924.46,Settlement,30
R00002580,C003377,2026-08-09,2027.81,Renegotiation,60
R00002581,C003385,2026-07-08,1625.44,Payment,120
R00002582,C003386,2026-08-09,3348.54,Payment,180
R00002583,C003387,2026-04-09,1457.21,Collection,30
R00002584,C003387,2026-05-09,1214.34,Collection,60
R00002585,C003387,2026-07-08,910.75,Renegotiation,120
R00002586,C003392,2026-02-09,281.86,Renegotiation,30
R00002587,C003392,2026-04-10,211.4,Payment,90
R00002588,C003392,2026-05-10,176.16,Collection,120
R00002589,C003401,2025-11-09,1292.09,Payment,60
R00002590,C003401,2026-03-09,839.86,Payment,180
R00002591,C003404,2026-06-09,2437.29,Renegotiation,30
R00002592,C003404,2026-08-08,1827.97,Settlement,90
R00002593,C003408,2026-02-09,1121.29,Settlement,30
R00002594,C003408,2026-03-11,934.41,Renegotiation,60
R00002595,C003408,2026-07-09,607.37,Payment,180
R00002596,C003410,2025-12-10,686.4,Settlement,30
R00002597,C003410,2026-01-09,572.0,Payment,60
R00002598,C003410,2026-02-08,514.8,Payment,90
R00002599,C003410,2026-05-09,371.8,Payment,180
R00002600,C003411,2026-08-08,2933.2,Payment,90
R00002601,C003413,2025-06-09,10888.21,Payment,30
R00002602,C003413,2025-07-09,9073.51,Settlement,60
R00002603,C003413,2025-09-07,6805.13,Settlement,120
R00002604,C003414,2025-09-09,7867.34,Payment,30
R00002605,C003414,2025-10-09,6556.11,Renegotiation,60
R00002606,C003414,2025-12-08,4917.08,Payment,120
R00002607,C003414,2026-02-06,4261.47,Settlement,180
R00002608,C003416,2025-09-09,1961.62,Renegotiation,30
R00002609,C003416,2026-02-06,1062.55,Collection,180
R00002610,C003417,2025-10-10,794.52,Collection,30
R00002611,C003417,2025-11-09,662.1,Payment,60
R00002612,C003417,2025-12-09,595.89,Collection,90
R00002613,C003419,2025-12-10,1094.6,Renegotiation,30
R00002614,C003419,2026-02-08,820.95,Payment,90
R00002615,C003420,2026-05-10,27581.26,Renegotiation,30
R00002616,C003420,2026-07-09,20685.94,Collection,90
R00002617,C003423,2026-08-09,1384.26,Settlement,30
R00002618,C003432,2025-12-09,863.47,Payment,90
R00002619,C003432,2026-01-08,719.56,Payment,120
R00002620,C003432,2026-03-09,623.62,Renegotiation,180
R00002621,C003433,2026-07-10,1896.04,Settlement,30
R00002622,C003434,2026-05-11,1670.52,Settlement,90
R00002623,C003434,2026-08-09,1206.49,Collection,180
R00002624,C003436,2025-10-10,2090.73,Renegotiation,30
R00002625,C003436,2026-01-08,1306.71,Settlement,120
R00002626,C003438,2026-06-08,1668.52,Collection,90
R00002627,C003438,2026-07-08,1390.44,Renegotiation,120
R00002628,C003449,2026-04-09,2986.22,Payment,30
R00002629,C003449,2026-05-09,2488.51,Renegotiation,60
R00002630,C003449,2026-06-08,2239.66,Payment,90
R00002631,C003450,2025-11-09,1793.49,Payment,30
R00002632,C003450,2026-01-08,1345.12,Settlement,90
R00002633,C003450,2026-02-07,1120.93,Collection,120
R00002634,C003450,2026-04-08,971.48,Renegotiation,180
R00002635,C003452,2026-04-09,9366.94,Renegotiation,30
R00002636,C003452,2026-05-09,7805.78,Payment,60
R00002637,C003452,2026-06-08,7025.2,Payment,90
R00002638,C003452,2026-07-08,5854.33,Renegotiation,120
R00002639,C003455,2026-07-09,1231.6,Renegotiation,60
R00002640,C003455,2026-08-08,1108.44,Payment,90
R00002641,C003459,2026-04-09,1891.29,Payment,30
R00002642,C003462,2026-01-09,21988.48,Payment,30
R00002643,C003462,2026-02-08,18323.73,Renegotiation,60
R00002644,C003467,2026-08-09,6010.23,Renegotiation,30
R00002645,C003469,2026-08-08,4057.08,Settlement,120
R00002646,C003470,2025-10-10,1651.55,Collection,30
R00002647,C003470,2025-11-09,1376.29,Payment,60
R00002648,C003473,2026-03-10,1023.27,Payment,90
R00002649,C003473,2026-04-09,852.73,Payment,120
R00002650,C003475,2025-11-09,1448.08,Renegotiation,30
R00002651,C003475,2026-02-07,905.05,Payment,120
R00002652,C003475,2026-04-08,784.37,Payment,180
R00002653,C003482,2025-09-09,1352.16,Settlement,30
R00002654,C003482,2025-11-08,1014.12,Renegotiation,90
R00002655,C003490,2026-08-09,12876.9,Settlement,60
R00002656,C003491,2026-02-09,4417.87,Payment,30
R00002657,C003491,2026-07-09,2393.01,Payment,180
R00002658,C003492,2025-12-10,637.48,Settlement,30
R00002659,C003492,2026-03-10,398.43,Settlement,120
R00002660,C003493,2025-07-09,814.73,Payment,60
R00002661,C003493,2025-08-08,733.25,Renegotiation,90
R00002662,C003493,2025-09-07,611.04,Renegotiation,120
R00002663,C003493,2026-05-05,407.36,Collection,360
R00002664,C003499,2026-08-09,536.13,Settlement,30
R00002665,C003501,2025-05-10,369.2,Payment,30
R00002666,C003501,2025-06-09,307.67,Settlement,60
R00002667,C003501,2025-08-08,230.75,Collection,120
R00002668,C003501,2026-04-05,153.83,Collection,360
R00002669,C003502,2026-07-09,294.05,Collection,60
R00002670,C003502,2026-08-08,264.65,Renegotiation,90
R00002671,C003503,2026-02-08,4575.2,Payment,60
R00002672,C003507,2026-01-06,25973.38,Collection,180
R00002673,C003507,2026-07-05,19979.52,Payment,360
R00002674,C003508,2025-07-10,1079.42,Renegotiation,30
R00002675,C003508,2025-08-09,899.52,Renegotiation,60
R00002676,C003508,2025-10-08,674.64,Payment,120
R00002677,C003508,2026-06-05,449.76,Renegotiation,360
R00002678,C003509,2026-07-09,4578.5,Collection,60
R00002679,C003509,2026-08-08,4120.65,Payment,90
R00002680,C003515,2025-12-09,976.92,Renegotiation,60
R00002681,C003515,2026-01-08,879.22,Payment,90
R00002682,C003515,2026-02-07,732.69,Payment,120
R00002683,C003517,2026-08-09,4851.18,Payment,30
R00002684,C003519,2026-03-10,12976.98,Settlement,90
R00002685,C003519,2026-06-08,9372.26,Payment,180
R00002686,C003522,2026-05-10,2435.88,Collection,30
R00002687,C003522,2026-08-08,1522.43,Collection,120
R00002688,C003524,2026-03-11,3024.41,Payment,60
R00002689,C003524,2026-04-10,2721.97,Payment,90
R00002690,C003524,2026-05-10,2268.31,Renegotiation,120
R00002691,C003525,2026-04-09,2783.29,Settlement,30
R00002692,C003525,2026-06-08,2087.47,Payment,90
R00002693,C003526,2026-03-12,1288.99,Payment,30
R00002694,C003526,2026-06-10,805.62,Payment,120
R00002695,C003526,2026-08-09,698.21,Renegotiation,180
R00002696,C003528,2026-04-11,617.24,Payment,60
R00002697,C003528,2026-06-10,462.93,Payment,120
R00002698,C003529,2025-08-09,1959.1,Collection,30
R00002699,C003529,2026-07-05,816.29,Payment,360
R00002700,C003531,2026-08-08,433.01,Renegotiation,90
R00002701,C003536,2026-07-10,4139.25,Collection,30
R00002702,C003536,2026-08-09,3449.38,Collection,60
R00002703,C003538,2026-07-09,4533.09,Payment,60
R00002704,C003539,2026-05-09,7914.47,Payment,60
R00002705,C003539,2026-06-08,7123.03,Settlement,90
R00002706,C003539,2026-07-08,5935.86,Payment,120
R00002707,C003543,2026-07-10,544.89,Settlement,30
R00002708,C003545,2025-07-10,4046.59,Renegotiation,30
R00002709,C003545,2025-09-08,3034.94,Collection,90
R00002710,C003545,2025-10-08,2529.12,Payment,120
R00002711,C003546,2026-06-09,1184.95,Collection,60
R00002712,C003553,2026-07-10,10531.03,Collection,30
R00002713,C003556,2026-03-12,766.71,Collection,30
R00002714,C003556,2026-04-11,638.93,Payment,60
R00002715,C003556,2026-05-11,575.03,Payment,90
R00002716,C003556,2026-08-09,415.3,Payment,180
R00002717,C003559,2025-11-09,499.82,Renegotiation,30
R00002718,C003559,2026-01-08,374.87,Payment,90
R00002719,C003559,2026-02-07,312.39,Settlement,120
R00002720,C003564,2025-09-08,8180.44,Renegotiation,60
R00002721,C003564,2025-11-07,6135.33,Renegotiation,120
R00002722,C003564,2026-01-06,5317.28,Collection,180
R00002723,C003566,2025-10-10,569.27,Collection,30
R00002724,C003566,2025-11-09,474.39,Collection,60
R00002725,C003566,2025-12-09,426.96,Payment,90
R00002726,C003569,2026-04-09,1298.17,Renegotiation,30
R00002727,C003569,2026-06-08,973.63,Payment,90
R00002728,C003569,2026-07-08,811.36,Payment,120
R00002729,C003570,2026-05-09,347.89,Payment,60
R00002730,C003570,2026-07-08,260.92,Collection,120
R00002731,C003573,2026-06-09,1592.74,Settlement,60
R00002732,C003573,2026-07-09,1433.46,Settlement,90
R00002733,C003573,2026-08-08,1194.55,Settlement,120
R00002734,C003576,2026-07-10,821.73,Settlement,30
R00002735,C003576,2026-08-09,684.77,Collection,60
R00002736,C003577,2026-04-09,3981.34,Renegotiation,30
R00002737,C003577,2026-06-08,2986.0,Renegotiation,90
R00002738,C003578,2025-10-10,34759.57,Renegotiation,30
R00002739,C003582,2026-05-09,13187.99,Settlement,60
R00002740,C003582,2026-06-08,11869.19,Payment,90
R00002741,C003585,2026-01-09,2430.78,Payment,60
R00002742,C003585,2026-03-10,1823.09,Collection,120
R00002743,C003592,2026-06-09,1087.11,Payment,60
R00002744,C003594,2026-08-09,1228.35,Renegotiation,60
R00002745,C003595,2026-04-09,955.23,Renegotiation,120
R00002746,C003600,2026-01-09,103.92,Payment,30
R00002747,C003600,2026-02-08,86.6,Payment,60
R00002748,C003602,2026-07-09,2505.33,Payment,60
R00002749,C003604,2026-08-08,21073.11,Settlement,90
R00002750,C003605,2026-05-10,3360.33,Renegotiation,30
R00002751,C003606,2026-05-10,1675.36,Payment,30
R00002752,C003606,2026-07-09,1256.52,Payment,90
R00002753,C003607,2025-12-10,876.97,Payment,30
R00002754,C003607,2026-03-10,548.11,Payment,120
R00002755,C003607,2026-05-09,475.03,Payment,180
R00002756,C003608,2026-07-10,561.0,Payment,30
R00002757,C003608,2026-08-09,467.5,Payment,60
R00002758,C003609,2026-02-08,2649.42,Payment,60
R00002759,C003609,2026-06-08,1722.12,Renegotiation,180
R00002760,C003612,2026-02-08,2232.7,Payment,60
R00002761,C003612,2026-03-10,2009.43,Payment,90
R00002762,C003613,2025-07-10,4344.33,Collection,30
R00002763,C003613,2025-12-07,2353.18,Payment,180
R00002764,C003613,2026-06-05,1810.14,Collection,360
R00002765,C003616,2026-07-10,947.95,Renegotiation,30
R00002766,C003618,2026-01-09,184.51,Payment,60
R00002767,C003618,2026-02-08,166.06,Payment,90
R00002768,C003618,2026-03-10,138.39,Payment,120
R00002769,C003621,2026-04-09,2329.52,Payment,30
R00002770,C003621,2026-05-09,1941.26,Payment,60
R00002771,C003621,2026-06-08,1747.14,Payment,90
R00002772,C003622,2025-08-09,856.13,Renegotiation,30
R00002773,C003622,2025-09-08,713.44,Payment,60
R00002774,C003622,2026-01-06,463.74,Payment,180
R00002775,C003622,2026-07-05,356.72,Payment,360
R00002776,C003626,2026-01-09,2401.51,Renegotiation,30
R00002777,C003626,2026-04-09,1500.95,Collection,120
R00002778,C003628,2026-06-09,2218.26,Collection,60
R00002779,C003628,2026-08-08,1663.7,Collection,120
R00002780,C003632,2026-07-08,1184.57,Payment,120
R00002781,C003637,2025-11-09,1122.69,Payment,30
R00002782,C003637,2026-01-08,842.02,Collection,90
R00002783,C003638,2026-03-11,647.86,Renegotiation,60
R00002784,C003638,2026-04-10,583.08,Collection,90
R00002785,C003638,2026-07-09,421.11,Payment,180
R00002786,C003643,2026-04-09,5995.74,Settlement,30
R00002787,C003643,2026-05-09,4996.45,Renegotiation,60
R00002788,C003650,2025-11-09,1027.13,Collection,30
R00002789,C003650,2026-02-07,641.96,Renegotiation,120
R00002790,C003653,2025-06-09,306.12,Renegotiation,30
R00002791,C003653,2025-08-08,229.59,Payment,90
R00002792,C003653,2025-09-07,191.32,Payment,120
R00002793,C003653,2026-05-05,127.55,Settlement,360
R00002794,C003654,2026-01-09,1177.8,Payment,60
R00002795,C003654,2026-02-08,1060.02,Payment,90
R00002796,C003654,2026-03-10,883.35,Renegotiation,120
R00002797,C003655,2025-12-10,3141.81,Renegotiation,30
R00002798,C003655,2026-01-09,2618.17,Settlement,60
R00002799,C003655,2026-02-08,2356.36,Renegotiation,90
R00002800,C003655,2026-03-10,1963.63,Payment,120
R00002801,C003661,2025-10-09,1925.31,Payment,60
R00002802,C003661,2025-12-08,1443.98,Payment,120
R00002803,C003661,2026-08-05,962.65,Payment,360
R00002804,C003667,2025-12-10,3043.96,Payment,30
R00002805,C003667,2026-03-10,1902.48,Payment,120
R00002806,C003670,2026-06-09,1787.91,Payment,60
R00002807,C003670,2026-07-09,1609.12,Payment,90
R00002808,C003670,2026-08-08,1340.93,Renegotiation,120
R00002809,C003671,2025-12-10,7025.62,Payment,30
R00002810,C003671,2026-01-09,5854.69,Payment,60
R00002811,C003671,2026-02-08,5269.22,Payment,90
R00002812,C003678,2026-07-09,3841.64,Renegotiation,90
R00002813,C003679,2025-04-09,1104.33,Renegotiation,30
R00002814,C003679,2025-05-09,920.27,Payment,60
R00002815,C003679,2025-06-08,828.24,Renegotiation,90
R00002816,C003679,2025-07-08,690.2,Payment,120
R00002817,C003681,2025-11-09,1141.43,Collection,30
R00002818,C003681,2025-12-09,951.19,Payment,60
R00002819,C003683,2025-12-10,1402.41,Payment,30
R00002820,C003683,2026-03-10,876.51,Payment,120
R00002821,C003688,2026-05-10,12496.31,Payment,30
R00002822,C003688,2026-07-09,9372.23,Payment,90
R00002823,C003690,2026-08-09,1061.32,Payment,60
R00002824,C003696,2025-11-09,728.55,Settlement,30
R00002825,C003696,2026-01-08,546.42,Settlement,90
R00002826,C003696,2026-02-07,455.35,Payment,120
R00002827,C003696,2026-04-08,394.63,Payment,180
R00002828,C003697,2026-04-09,1237.53,Collection,30
R00002829,C003697,2026-05-09,1031.28,Renegotiation,60
R00002830,C003697,2026-06-08,928.15,Renegotiation,90
R00002831,C003697,2026-07-08,773.46,Payment,120
R00002832,C003701,2025-05-10,3655.99,Collection,30
R00002833,C003701,2025-07-09,2741.99,Collection,90
R00002834,C003706,2025-11-09,1227.62,Payment,30
R00002835,C003706,2025-12-09,1023.02,Payment,60
R00002836,C003706,2026-04-08,664.96,Collection,180
R00002837,C003708,2026-07-10,7108.94,Payment,30
R00002838,C003712,2025-07-10,3932.18,Settlement,30
R00002839,C003712,2025-09-08,2949.14,Payment,90
R00002840,C003716,2026-08-09,5988.57,Payment,30
R00002841,C003719,2025-12-08,792.09,Payment,120
R00002842,C003719,2026-02-06,686.48,Payment,180
R00002843,C003720,2026-06-09,923.26,Payment,60
R00002844,C003720,2026-07-09,830.93,Payment,90
R00002845,C003720,2026-08-08,692.45,Payment,120
R00002846,C003723,2025-12-09,2438.05,Settlement,60
R00002847,C003723,2026-02-07,1828.53,Collection,120
R00002848,C003727,2026-04-11,1269.57,Payment,60
R00002849,C003728,2025-09-09,1879.49,Collection,30
R00002850,C003728,2026-08-05,783.12,Collection,360
R00002851,C003730,2026-06-08,6967.05,Payment,180
R00002852,C003735,2025-12-09,1168.84,Payment,90
R00002853,C003735,2026-01-08,974.03,Payment,120
R00002854,C003735,2026-03-09,844.16,Payment,180
R00002855,C003736,2026-04-09,12541.39,Settlement,30
R00002856,C003736,2026-05-09,10451.16,Payment,60
R00002857,C003736,2026-06-08,9406.04,Payment,90
R00002858,C003737,2026-05-10,4266.98,Collection,30
R00002859,C003737,2026-06-09,3555.82,Payment,60
R00002860,C003737,2026-08-08,2666.86,Renegotiation,120
R00002861,C003738,2026-01-08,852.61,Payment,90
R00002862,C003738,2026-02-07,710.51,Settlement,120
R00002863,C003740,2026-06-10,321.98,Collection,120
R00002864,C003741,2026-04-11,2956.97,Collection,60
R00002865,C003741,2026-05-11,2661.27,Payment,90
R00002866,C003741,2026-08-09,1922.03,Collection,180
R00002867,C003750,2026-05-11,3897.29,Settlement,90
R00002868,C003750,2026-06-10,3247.74,Payment,120
R00002869,C003756,2026-07-09,16991.52,Settlement,90
R00002870,C003756,2026-08-08,14159.6,Renegotiation,120
R00002871,C003757,2026-01-09,5283.37,Payment,30
R00002872,C003757,2026-06-08,2861.82,Renegotiation,180
R00002873,C003759,2026-04-09,1791.02,Collection,30
R00002874,C003759,2026-06-08,1343.27,Renegotiation,90
R00002875,C003759,2026-07-08,1119.39,Payment,120
R00002876,C003760,2026-03-11,2611.75,Payment,60
R00002877,C003760,2026-05-10,1958.81,Settlement,120
R00002878,C003761,2026-05-10,1420.99,Renegotiation,30
R00002879,C003761,2026-07-09,1065.74,Collection,90
R00002880,C003761,2026-08-08,888.12,Collection,120
R00002881,C003762,2026-05-10,612.28,Renegotiation,30
R00002882,C003762,2026-06-09,510.24,Payment,60
R00002883,C003766,2026-03-12,2689.97,Payment,30
R00002884,C003766,2026-05-11,2017.48,Renegotiation,90
R00002885,C003766,2026-06-10,1681.23,Renegotiation,120
R00002886,C003770,2026-07-10,5061.09,Settlement,30
R00002887,C003776,2026-06-09,221.46,Renegotiation,30
R00002888,C003776,2026-08-08,166.09,Payment,90
R00002889,C003781,2026-08-09,1338.85,Collection,30
R00002890,C003784,2026-06-08,1247.38,Renegotiation,90
R00002891,C003784,2026-07-08,1039.48,Renegotiation,120
R00002892,C003786,2026-04-08,1674.77,Payment,180
R00002893,C003789,2025-03-11,1457.15,Payment,60
R00002894,C003789,2025-04-10,1311.44,Payment,90
R00002895,C003789,2025-07-09,947.15,Payment,180
R00002896,C003789,2026-01-05,728.58,Collection,360
R00002897,C003790,2025-10-09,1675.53,Renegotiation,60
R00002898,C003790,2025-12-08,1256.65,Renegotiation,120
R00002899,C003792,2025-12-10,714.75,Payment,30
R00002900,C003792,2026-01-09,595.63,Payment,60
R00002901,C003792,2026-03-10,446.72,Collection,120
R00002902,C003792,2026-05-09,387.16,Renegotiation,180
R00002903,C003793,2026-02-08,3453.95,Settlement,60
R00002904,C003793,2026-04-09,2590.46,Payment,120
R00002905,C003793,2026-06-08,2245.07,Settlement,180
R00002906,C003797,2026-04-11,577.39,Payment,60
R00002907,C003797,2026-05-11,519.65,Payment,90
R00002908,C003802,2026-01-09,1525.38,Renegotiation,30
R00002909,C003802,2026-04-09,953.36,Payment,120
R00002910,C003804,2026-08-08,1027.37,Collection,120
R00002911,C003806,2025-09-08,9909.24,Collection,60
R00002912,C003806,2025-11-07,7431.93,Payment,120
R00002913,C003815,2025-08-09,1015.48,Payment,60
R00002914,C003815,2025-09-08,913.94,Renegotiation,90
R00002915,C003815,2025-12-07,660.07,Renegotiation,180
R00002916,C003815,2026-06-05,507.74,Settlement,360
R00002917,C003819,2026-07-10,481.66,Payment,30
R00002918,C003820,2026-08-09,8896.45,Collection,30
R00002919,C003822,2026-05-09,1314.48,Payment,60
R00002920,C003822,2026-07-08,985.86,Payment,120
R00002921,C003824,2026-04-09,565.4,Renegotiation,30
R00002922,C003824,2026-07-08,353.38,Settlement,120
R00002923,C003828,2025-08-08,1218.58,Settlement,90
R00002924,C003828,2025-09-07,1015.49,Renegotiation,120
R00002925,C003828,2025-11-06,880.09,Payment,180
R00002926,C003835,2025-12-10,2409.48,Settlement,30
R00002927,C003835,2026-01-09,2007.9,Payment,60
R00002928,C003835,2026-02-08,1807.11,Payment,90
R00002929,C003835,2026-03-10,1505.93,Payment,120
R00002930,C003836,2026-07-10,1621.14,Payment,30
R00002931,C003837,2026-08-09,2362.35,Payment,30
R00002932,C003840,2025-10-08,429.22,Payment,120
R00002933,C003840,2026-06-05,286.15,Settlement,360
R00002934,C003843,2025-07-09,1571.74,Payment,90
R00002935,C003843,2025-10-07,1135.15,Collection,180
R00002936,C003843,2026-04-05,873.19,Payment,360
R00002937,C003848,2025-11-09,1971.35,Settlement,60
R00002938,C003848,2026-01-08,1478.51,Collection,120
R00002939,C003848,2026-03-09,1281.38,Collection,180
R00002940,C003849,2026-08-09,301.56,Payment,30
R00002941,C003850,2025-11-09,1698.26,Collection,30
R00002942,C003850,2026-01-08,1273.69,Renegotiation,90
R00002943,C003852,2026-01-09,1234.9,Settlement,30
R00002944,C003852,2026-04-09,771.81,Payment,120
R00002945,C003853,2026-05-10,1519.14,Payment,30
R00002946,C003853,2026-06-09,1265.95,Payment,60
R00002947,C003853,2026-07-09,1139.35,Settlement,90
R00002948,C003855,2025-09-08,3635.45,Collection,60
R00002949,C003855,2025-10-08,3271.91,Settlement,90
R00002950,C003855,2025-11-07,2726.59,Payment,120
R00002951,C003855,2026-01-06,2363.05,Collection,180
R00002952,C003856,2025-08-09,2601.01,Renegotiation,30
R00002953,C003856,2025-11-07,1625.63,Settlement,120
R00002954,C003856,2026-01-06,1408.88,Payment,180
R00002955,C003860,2026-08-09,2590.06,Settlement,60
R00002956,C003863,2026-04-09,803.4,Settlement,30
R00002957,C003863,2026-05-09,669.5,Payment,60
R00002958,C003863,2026-07-08,502.12,Collection,120
R00002959,C003871,2026-05-10,318.12,Payment,30
R00002960,C003871,2026-06-09,265.1,Payment,60
R00002961,C003871,2026-08-08,198.82,Payment,120
R00002962,C003879,2026-02-09,14433.69,Payment,30
R00002963,C003879,2026-05-10,9021.06,Settlement,120
R00002964,C003879,2026-07-09,7818.25,Renegotiation,180
R00002965,C003881,2026-06-09,6480.63,Collection,30
R00002966,C003881,2026-07-09,5400.52,Payment,60
R00002967,C003881,2026-08-08,4860.47,Payment,90
R00002968,C003883,2026-08-08,4891.47,Collection,90
R00002969,C003884,2026-08-09,658.09,Renegotiation,30
R00002970,C003886,2026-02-08,5137.0,Settlement,60
R00002971,C003886,2026-03-10,4623.3,Settlement,90
R00002972,C003886,2026-04-09,3852.75,Renegotiation,120
R00002973,C003887,2025-11-09,2909.58,Payment,60
R00002974,C003887,2026-01-08,2182.19,Payment,120
R00002975,C003887,2026-03-09,1891.23,Payment,180
R00002976,C003893,2026-08-09,327.38,Payment,30
R00002977,C003896,2026-07-09,770.48,Payment,90
R00002978,C003896,2026-08-08,642.06,Payment,120
R00002979,C003898,2026-04-09,1347.44,Settlement,30
R00002980,C003898,2026-05-09,1122.86,Payment,60
R00002981,C003902,2025-11-09,1517.23,Payment,60
R00002982,C003902,2025-12-09,1365.51,Payment,90
R00002983,C003908,2026-01-09,3629.92,Renegotiation,30
R00002984,C003908,2026-02-08,3024.94,Settlement,60
R00002985,C003908,2026-03-10,2722.44,Renegotiation,90
R00002986,C003908,2026-04-09,2268.7,Renegotiation,120
R00002987,C003918,2026-04-08,1146.25,Collection,180
R00002988,C003919,2026-05-09,352.96,Collection,60
R00002989,C003919,2026-07-08,264.72,Collection,120
R00002990,C003920,2026-06-10,732.47,Settlement,120
R00002991,C003922,2025-08-09,23150.7,Collection,60
R00002992,C003922,2025-09-08,20835.63,Collection,90
R00002993,C003922,2025-10-08,17363.03,Payment,120
R00002994,C003924,2026-04-11,10126.34,Collection,60
R00002995,C003924,2026-06-10,7594.75,Payment,120
R00002996,C003928,2025-09-09,1066.91,Collection,30
R00002997,C003928,2025-10-09,889.09,Settlement,60
R00002998,C003928,2026-02-06,577.91,Payment,180
R00002999,C003928,2026-08-05,444.55,Payment,360
R00003000,C003930,2026-05-10,4934.91,Collection,30
R00003001,C003932,2025-04-09,1188.81,Settlement,30
R00003002,C003932,2025-06-08,891.61,Renegotiation,90
R00003003,C003932,2026-03-05,495.34,Renegotiation,360
R00003004,C003934,2026-07-10,368.46,Collection,30
R00003005,C003934,2026-08-09,307.05,Payment,60
R00003006,C003935,2026-02-09,2967.28,Settlement,30
R00003007,C003935,2026-05-10,1854.55,Payment,120
R00003008,C003941,2026-05-10,3520.25,Renegotiation,30
R00003009,C003941,2026-07-09,2640.19,Collection,90
R00003010,C003944,2026-06-08,3637.13,Renegotiation,180
R00003011,C003950,2025-05-10,30718.24,Payment,30
R00003012,C003950,2025-07-09,23038.68,Payment,90
R00003013,C003950,2025-08-08,19198.9,Collection,120
R00003014,C003950,2025-10-07,16639.05,Payment,180
R00003015,C003959,2026-01-08,7479.77,Renegotiation,90
R00003016,C003959,2026-02-07,6233.14,Renegotiation,120
R00003017,C003959,2026-04-08,5402.06,Payment,180
R00003018,C003963,2026-06-09,3118.82,Payment,30
R00003019,C003963,2026-07-09,2599.02,Payment,60
R00003020,C003964,2025-07-10,4993.77,Payment,30
R00003021,C003964,2025-09-08,3745.33,Payment,90
R00003022,C003969,2026-03-11,5365.11,Payment,60
R00003023,C003969,2026-05-10,4023.83,Renegotiation,120
R00003024,C003970,2026-01-09,2295.94,Payment,60
R00003025,C003970,2026-03-10,1721.96,Renegotiation,120
R00003026,C003970,2026-05-09,1492.36,Settlement,180
R00003027,C003975,2026-06-09,736.47,Payment,30
R00003028,C003976,2026-08-09,2478.03,Renegotiation,60
R00003029,C003977,2025-10-09,1231.84,Renegotiation,60
R00003030,C003977,2025-11-08,1108.66,Payment,90
R00003031,C003977,2025-12-08,923.88,Payment,120
R00003032,C003977,2026-08-05,615.92,Payment,360
R00003033,C003979,2025-12-09,294.27,Payment,60
R00003034,C003979,2026-01-08,264.85,Settlement,90
R00003035,C003979,2026-04-08,191.28,Settlement,180
R00003036,C003981,2025-03-12,14183.62,Payment,30
R00003037,C003981,2025-04-11,11819.69,Payment,60
R00003038,C003981,2025-05-11,10637.72,Payment,90
R00003039,C003981,2026-02-05,5909.84,Renegotiation,360
R00003040,C003987,2026-01-09,2348.74,Renegotiation,30
R00003041,C003987,2026-03-10,1761.55,Payment,90
R00003042,C003987,2026-04-09,1467.96,Settlement,120
R00003043,C003990,2026-03-12,1404.5,Settlement,30
R00003044,C003990,2026-05-11,1053.37,Collection,90
R00003045,C003990,2026-08-09,760.77,Payment,180
R00003046,C003991,2026-04-09,488.67,Collection,30
R00003047,C003991,2026-05-09,407.22,Payment,60
R00003048,C003991,2026-06-08,366.5,Settlement,90
R00003049,C003991,2026-07-08,305.42,Payment,120
R00003050,C003992,2025-12-10,526.01,Collection,30
R00003051,C003992,2026-01-09,438.34,Renegotiation,60
R00003052,C003992,2026-05-09,284.92,Collection,180
R00003053,C003996,2026-07-10,3732.38,Settlement,30
R00003054,C003998,2026-05-09,4728.82,Payment,60
R00003055,C003998,2026-06-08,4255.93,Collection,90
R00003056,C003999,2026-02-09,2027.81,Collection,30
R00003057,C004000,2026-08-09,2228.0,Renegotiation,60
R00003058,C004004,2026-02-09,1143.1,Renegotiation,30
R00003059,C004004,2026-07-09,619.18,Payment,180
R00003060,C004007,2026-02-09,4369.22,Collection,30
R00003061,C004007,2026-05-10,2730.76,Settlement,120
R00003062,C004007,2026-07-09,2366.66,Payment,180
R00003063,C004008,2025-07-10,13731.89,Collection,30
R00003064,C004008,2026-06-05,5721.62,Payment,360
R00003065,C004014,2026-04-10,1254.57,Collection,90
R00003066,C004014,2026-05-10,1045.47,Payment,120
R00003067,C004014,2026-07-09,906.07,Renegotiation,180
R00003068,C004029,2026-03-10,3434.54,Settlement,90
R00003069,C004029,2026-04-09,2862.11,Collection,120
R00003070,C004029,2026-06-08,2480.5,Collection,180
R00003071,C004030,2026-01-08,2201.4,Collection,120
R00003072,C004030,2026-03-09,1907.88,Renegotiation,180
R00003073,C004033,2026-05-10,978.81,Settlement,30
R00003074,C004033,2026-06-09,815.67,Payment,60
R00003075,C004035,2026-07-10,2852.43,Renegotiation,30
R00003076,C004035,2026-08-09,2377.03,Settlement,60
R00003077,C004039,2026-05-10,3107.69,Collection,30
R00003078,C004039,2026-06-09,2589.74,Settlement,60
R00003079,C004040,2026-08-09,118.55,Payment,30
R00003080,C004044,2025-05-10,957.84,Collection,30
R00003081,C004044,2025-06-09,798.2,Payment,60
R00003082,C004044,2025-07-09,718.38,Renegotiation,90
R00003083,C004044,2026-04-05,399.1,Payment,360
R00003084,C004045,2026-06-09,21346.84,Payment,30
R00003085,C004045,2026-08-08,16010.13,Settlement,90
R00003086,C004046,2025-06-09,2557.03,Payment,60
R00003087,C004046,2025-10-07,1662.07,Payment,180
R00003088,C004046,2026-04-05,1278.52,Payment,360
R00003089,C004050,2025-12-10,2407.1,Renegotiation,30
R00003090,C004050,2026-01-09,2005.92,Renegotiation,60
R00003091,C004050,2026-02-08,1805.33,Payment,90
R00003092,C004050,2026-05-09,1303.85,Renegotiation,180
R00003093,C004053,2026-08-09,866.99,Payment,30
R00003094,C004054,2026-01-08,3054.84,Settlement,90
R00003095,C004054,2026-04-08,2206.27,Settlement,180
R00003096,C004058,2026-04-10,1759.42,Renegotiation,90
R00003097,C004058,2026-05-10,1466.18,Payment,120
R00003098,C004059,2026-06-09,1707.78,Payment,30
R00003099,C004059,2026-07-09,1423.15,Payment,60
R00003100,C004060,2026-07-10,2357.01,Payment,30
R00003101,C004060,2026-08-09,1964.17,Payment,60
R00003102,C004062,2026-02-09,1505.98,Renegotiation,30
R00003103,C004062,2026-04-10,1129.49,Payment,90
R00003104,C004065,2026-06-09,1537.81,Renegotiation,30
R00003105,C004065,2026-07-09,1281.51,Payment,60
R00003106,C004067,2026-05-10,5445.07,Payment,30
R00003107,C004067,2026-06-09,4537.56,Payment,60
R00003108,C004067,2026-08-08,3403.17,Payment,120
R00003109,C004070,2025-12-09,4403.04,Payment,60
R00003110,C004070,2026-01-08,3962.73,Payment,90
R00003111,C004070,2026-02-07,3302.28,Payment,120
R00003112,C004070,2026-04-08,2861.97,Renegotiation,180
R00003113,C004074,2026-06-09,2333.72,Payment,60
R00003114,C004074,2026-08-08,1750.29,Collection,120
R00003115,C004077,2026-07-09,222.56,Payment,60
R00003116,C004077,2026-08-08,200.3,Payment,90
R00003117,C004080,2026-04-09,529.71,Payment,30
R00003118,C004080,2026-05-09,441.43,Renegotiation,60
R00003119,C004084,2026-03-11,5507.52,Collection,60
R00003120,C004085,2025-08-09,4447.83,Renegotiation,30
R00003121,C004085,2025-10-08,3335.87,Payment,90
R00003122,C004085,2025-11-07,2779.89,Settlement,120
R00003123,C004085,2026-07-05,1853.26,Payment,360
R00003124,C004088,2026-03-11,1238.99,Payment,60
R00003125,C004088,2026-04-10,1115.09,Payment,90
R00003126,C004090,2025-11-09,1481.84,Payment,30
R00003127,C004090,2026-01-08,1111.38,Payment,90
R00003128,C004090,2026-04-08,802.66,Collection,180
R00003129,C004094,2026-08-09,7592.83,Payment,30
R00003130,C004096,2025-08-08,5337.98,Collection,120
R00003131,C004096,2025-10-07,4626.25,Renegotiation,180
R00003132,C004096,2026-04-05,3558.66,Payment,360
R00003133,C004097,2026-08-09,3059.36,Payment,30
R00003134,C004099,2026-05-10,778.31,Settlement,30
R00003135,C004099,2026-06-09,648.59,Collection,60
R00003136,C004099,2026-08-08,486.44,Payment,120
R00003137,C004102,2026-01-09,4361.61,Payment,30
R00003138,C004102,2026-06-08,2362.54,Renegotiation,180
R00003139,C004104,2025-08-09,664.16,Collection,30
R00003140,C004104,2026-01-06,359.76,Collection,180
R00003141,C004104,2026-07-05,276.73,Renegotiation,360
R00003142,C004106,2026-04-09,1135.08,Payment,30
R00003143,C004106,2026-05-09,945.9,Renegotiation,60
R00003144,C004106,2026-07-08,709.43,Collection,120
R00003145,C004107,2025-10-09,18373.15,Payment,60
R00003146,C004107,2026-08-05,9186.57,Payment,360
R00003147,C004108,2026-01-09,13900.11,Collection,30
R00003148,C004108,2026-04-09,8687.57,Payment,120
R00003149,C004109,2025-11-09,3932.93,Settlement,30
R00003150,C004109,2025-12-09,3277.44,Payment,60
R00003151,C004109,2026-02-07,2458.08,Collection,120
R00003152,C004110,2026-08-08,6189.86,Payment,90
R00003153,C004112,2025-12-10,8907.05,Renegotiation,30
R00003154,C004112,2026-01-09,7422.54,Payment,60
R00003155,C004114,2026-03-12,583.42,Renegotiation,30
R00003156,C004114,2026-04-11,486.18,Payment,60
R00003157,C004114,2026-05-11,437.56,Collection,90
R00003158,C004114,2026-08-09,316.02,Collection,180
R00003159,C004117,2026-04-11,1086.69,Renegotiation,60
R00003160,C004117,2026-05-11,978.02,Settlement,90
R00003161,C004117,2026-06-10,815.02,Payment,120
R00003162,C004119,2025-08-09,5651.23,Renegotiation,30
R00003163,C004119,2025-09-08,4709.36,Payment,60
R00003164,C004119,2025-10-08,4238.42,Settlement,90
R00003165,C004119,2026-01-06,3061.08,Collection,180
R00003166,C004121,2025-11-09,758.63,Payment,30
R00003167,C004121,2026-02-07,474.14,Renegotiation,120
R00003168,C004122,2026-05-10,1462.46,Renegotiation,30
R00003169,C004122,2026-06-09,1218.72,Settlement,60
R00003170,C004122,2026-08-08,914.04,Renegotiation,120
R00003171,C004125,2025-12-10,578.05,Collection,30
R00003172,C004125,2026-02-08,433.54,Payment,90
R00003173,C004125,2026-03-10,361.28,Payment,120
R00003174,C004140,2026-02-09,1718.64,Renegotiation,30
R00003175,C004140,2026-05-10,1074.15,Payment,120
R00003176,C004140,2026-07-09,930.93,Renegotiation,180
R00003177,C004146,2025-10-08,1610.17,Payment,120
R00003178,C004146,2026-06-05,1073.45,Payment,360
R00003179,C004150,2025-12-10,928.63,Renegotiation,30
R00003180,C004150,2026-01-09,773.86,Collection,60
R00003181,C004152,2026-03-12,904.13,Renegotiation,30
R00003182,C004152,2026-04-11,753.44,Payment,60
R00003183,C004153,2025-04-09,3518.2,Collection,30
R00003184,C004153,2025-06-08,2638.65,Settlement,90
R00003185,C004155,2026-07-10,9632.21,Payment,30
R00003186,C004157,2026-08-09,6114.67,Renegotiation,60
R00003187,C004158,2026-06-08,382.73,Renegotiation,90
R00003188,C004158,2026-07-08,318.94,Renegotiation,120
R00003189,C004159,2025-06-09,4278.14,Payment,30
R00003190,C004159,2025-08-08,3208.61,Collection,90
R00003191,C004159,2025-11-06,2317.33,Payment,180
R00003192,C004161,2026-08-09,1162.87,Payment,30
R00003193,C004165,2026-07-10,13564.34,Collection,30
R00003194,C004167,2026-01-09,1005.2,Collection,30
R00003195,C004167,2026-03-10,753.9,Payment,90
R00003196,C004176,2026-05-09,1464.89,Collection,60
R00003197,C004176,2026-07-08,1098.67,Collection,120
R00003198,C004179,2026-07-09,2754.74,Payment,90
R00003199,C004183,2026-08-09,322.92,Renegotiation,60
R00003200,C004187,2026-04-11,14754.21,Renegotiation,60
R00003201,C004187,2026-05-11,13278.79,Payment,90
R00003202,C004187,2026-08-09,9590.24,Renegotiation,180
R00003203,C004189,2026-01-09,1796.73,Renegotiation,60
R00003204,C004189,2026-02-08,1617.06,Payment,90
R00003205,C004189,2026-03-10,1347.55,Collection,120
R00003206,C004191,2026-05-11,1598.24,Payment,90
R00003207,C004191,2026-06-10,1331.87,Payment,120
R00003208,C004194,2026-06-09,288.2,Payment,30
R00003209,C004194,2026-07-09,240.16,Payment,60
R00003210,C004194,2026-08-08,216.15,Settlement,90
R00003211,C004195,2026-08-09,2676.18,Payment,60
R00003212,C004200,2026-02-08,1196.53,Payment,60
R00003213,C004200,2026-03-10,1076.88,Collection,90
R00003214,C004202,2025-12-09,4444.98,Renegotiation,90
R00003215,C004202,2026-03-09,3210.26,Payment,180
R00003216,C004206,2026-03-11,3218.78,Payment,60
R00003217,C004207,2025-06-09,1187.73,Renegotiation,60
R00003218,C004207,2025-07-09,1068.96,Payment,90
R00003219,C004207,2025-08-08,890.8,Payment,120
R00003220,C004211,2026-07-10,6191.36,Renegotiation,30
R00003221,C004213,2026-03-10,6731.26,Payment,90
R00003222,C004213,2026-04-09,5609.38,Renegotiation,120
R00003223,C004213,2026-06-08,4861.47,Payment,180
R00003224,C004214,2025-10-10,3368.91,Collection,30
R00003225,C004214,2025-11-09,2807.43,Settlement,60
R00003226,C004214,2025-12-09,2526.69,Settlement,90
R00003227,C004216,2025-08-09,18748.91,Collection,30
R00003228,C004216,2025-10-08,14061.69,Settlement,90
R00003229,C004216,2026-01-06,10155.66,Settlement,180
R00003230,C004218,2026-01-08,2168.52,Payment,90
R00003231,C004219,2026-01-09,4040.04,Renegotiation,30
R00003232,C004219,2026-03-10,3030.03,Payment,90
R00003233,C004219,2026-06-08,2188.35,Settlement,180
R00003234,C004221,2026-04-09,694.84,Payment,120
R00003235,C004222,2025-11-09,1577.81,Payment,30
R00003236,C004222,2026-02-07,986.13,Collection,120
R00003237,C004222,2026-04-08,854.65,Payment,180
R00003238,C004226,2026-03-11,5516.1,Payment,60
R00003239,C004226,2026-04-10,4964.49,Settlement,90
R00003240,C004226,2026-07-09,3585.46,Collection,180
R00003241,C004229,2025-11-08,12006.43,Renegotiation,90
R00003242,C004229,2025-12-08,10005.36,Settlement,120
R00003243,C004231,2026-03-10,3857.77,Payment,90
R00003244,C004231,2026-06-08,2786.16,Collection,180
R00003245,C004236,2026-07-10,569.07,Renegotiation,30
R00003246,C004237,2026-05-10,866.77,Payment,30
R00003247,C004237,2026-07-09,650.08,Payment,90
R00003248,C004238,2026-02-09,993.01,Payment,30
R00003249,C004238,2026-04-10,744.76,Collection,90
R00003250,C004238,2026-07-09,537.88,Renegotiation,180
R00003251,C004239,2026-02-08,802.79,Payment,60
R00003252,C004239,2026-03-10,722.51,Collection,90
R00003253,C004239,2026-04-09,602.09,Payment,120
R00003254,C004239,2026-06-08,521.81,Payment,180
R00003255,C004247,2026-05-10,1313.7,Renegotiation,30
R00003256,C004247,2026-06-09,1094.75,Payment,60
R00003257,C004249,2025-10-10,641.66,Payment,30
R00003258,C004249,2025-11-09,534.71,Renegotiation,60
R00003259,C004249,2025-12-09,481.24,Collection,90
R00003260,C004252,2025-07-10,932.4,Settlement,30
R00003261,C004252,2025-09-08,699.3,Settlement,90
R00003262,C004252,2025-12-07,505.05,Renegotiation,180
R00003263,C004253,2026-06-09,784.63,Settlement,30
R00003264,C004258,2026-04-09,2536.69,Payment,30
R00003265,C004258,2026-05-09,2113.91,Payment,60
R00003266,C004260,2026-03-11,3935.57,Renegotiation,60
R00003267,C004260,2026-04-10,3542.01,Payment,90
R00003268,C004262,2026-07-09,11662.4,Collection,60
R00003269,C004262,2026-08-08,10496.16,Collection,90
R00003270,C004263,2025-11-09,614.26,Payment,30
R00003271,C004263,2025-12-09,511.89,Collection,60
R00003272,C004263,2026-02-07,383.92,Payment,120
R00003273,C004263,2026-04-08,332.73,Renegotiation,180
R00003274,C004265,2026-06-09,618.47,Payment,30
R00003275,C004265,2026-07-09,515.39,Payment,60
R00003276,C004265,2026-08-08,463.85,Payment,90
R00003277,C004266,2026-05-10,4954.61,Settlement,30
R00003278,C004266,2026-06-09,4128.84,Renegotiation,60
R00003279,C004266,2026-07-09,3715.96,Collection,90
R00003280,C004269,2025-07-10,2556.34,Settlement,30
R00003281,C004269,2025-10-08,1597.71,Renegotiation,120
R00003282,C004269,2025-12-07,1384.68,Payment,180
R00003283,C004269,2026-06-05,1065.14,Payment,360
R00003284,C004275,2025-12-10,631.73,Payment,30
R00003285,C004275,2026-02-08,473.8,Settlement,90
R00003286,C004275,2026-05-09,342.19,Payment,180
R00003287,C004278,2025-12-09,16311.72,Settlement,60
R00003288,C004278,2026-02-07,12233.79,Settlement,120
R00003289,C004278,2026-04-08,10602.62,Settlement,180
R00003290,C004283,2026-06-09,344.43,Renegotiation,30
R00003291,C004283,2026-08-08,258.32,Collection,90
R00003292,C004284,2026-03-12,838.52,Renegotiation,30
R00003293,C004284,2026-04-11,698.76,Renegotiation,60
R00003294,C004284,2026-05-11,628.89,Settlement,90
R00003295,C004284,2026-06-10,524.07,Renegotiation,120
R00003296,C004285,2026-01-09,1298.87,Collection,60
R00003297,C004285,2026-02-08,1168.98,Renegotiation,90
R00003298,C004285,2026-05-09,844.27,Payment,180
R00003299,C004287,2026-03-12,825.83,Payment,30
R00003300,C004287,2026-05-11,619.37,Payment,90
R00003301,C004287,2026-06-10,516.14,Payment,120
R00003302,C004288,2025-11-08,3774.3,Collection,90
R00003303,C004288,2026-02-06,2725.88,Renegotiation,180
R00003304,C004289,2025-12-09,273.42,Payment,60
R00003305,C004289,2026-01-08,246.08,Payment,90
R00003306,C004289,2026-02-07,205.07,Collection,120
R00003307,C004292,2026-06-09,884.97,Payment,30
R00003308,C004293,2026-02-08,1805.92,Payment,60
R00003309,C004293,2026-03-10,1625.33,Collection,90
R00003310,C004294,2026-07-10,1817.82,Payment,30
R00003311,C004294,2026-08-09,1514.85,Payment,60
R00003312,C004295,2026-08-09,550.67,Collection,60
R00003313,C004296,2026-04-09,2687.92,Collection,30
R00003314,C004297,2026-07-10,1004.85,Renegotiation,30
R00003315,C004297,2026-08-09,837.37,Collection,60
R00003316,C004298,2025-09-08,1867.18,Renegotiation,90
R00003317,C004298,2025-10-08,1555.98,Payment,120
R00003318,C004298,2025-12-07,1348.52,Payment,180
R00003319,C004298,2026-06-05,1037.32,Settlement,360
R00003320,C004301,2026-03-12,393.73,Payment,30
R00003321,C004301,2026-04-11,328.11,Settlement,60
R00003322,C004303,2025-10-10,2348.67,Renegotiation,30
R00003323,C004303,2026-01-08,1467.92,Settlement,120
R00003324,C004308,2025-12-10,4923.43,Collection,30
R00003325,C004308,2026-03-10,3077.14,Settlement,120
R00003326,C004308,2026-05-09,2666.86,Collection,180
R00003327,C004311,2026-06-09,1008.1,Settlement,30
R00003328,C004311,2026-07-09,840.08,Settlement,60
R00003329,C004314,2026-03-12,1443.41,Collection,30
R00003330,C004314,2026-04-11,1202.84,Renegotiation,60
R00003331,C004314,2026-08-09,781.85,Payment,180
R00003332,C004317,2026-07-09,2193.25,Collection,90
R00003333,C004317,2026-08-08,1827.71,Renegotiation,120
R00003334,C004327,2025-06-08,1526.31,Payment,90
R00003335,C004327,2025-07-08,1271.93,Payment,120
R00003336,C004327,2025-09-06,1102.34,Settlement,180
R00003337,C004327,2026-03-05,847.95,Collection,360
R00003338,C004328,2025-12-09,12242.38,Payment,90
R00003339,C004333,2025-08-09,510.28,Payment,30
R00003340,C004333,2025-11-07,318.93,Payment,120
R00003341,C004336,2026-01-08,46601.38,Collection,90
R00003342,C004337,2026-08-09,1159.64,Payment,60
R00003343,C004339,2025-05-10,10590.05,Collection,30
R00003344,C004339,2025-06-09,8825.04,Payment,60
R00003345,C004339,2025-07-09,7942.54,Collection,90
R00003346,C004339,2026-04-05,4412.52,Collection,360
R00003347,C004346,2025-12-09,19823.32,Payment,60
R00003348,C004346,2026-01-08,17840.99,Renegotiation,90
R00003349,C004346,2026-04-08,12885.16,Payment,180
R00003350,C004350,2026-06-10,2091.16,Renegotiation,120
R00003351,C004350,2026-08-09,1812.34,Payment,180
R00003352,C004353,2025-08-08,1515.47,Renegotiation,90
R00003353,C004353,2025-11-06,1094.5,Renegotiation,180
R00003354,C004358,2025-05-09,684.85,Payment,60
R00003355,C004358,2025-06-08,616.37,Payment,90
R00003356,C004358,2025-09-06,445.15,Renegotiation,180
R00003357,C004358,2026-03-05,342.43,Payment,360
R00003358,C004368,2025-07-09,3030.87,Settlement,60
R00003359,C004368,2026-05-05,1515.43,Renegotiation,360
R00003360,C004372,2026-06-09,865.75,Collection,60
R00003361,C004374,2026-08-09,5348.72,Payment,30
R00003362,C004376,2026-02-08,15923.1,Renegotiation,90
R00003363,C004377,2026-06-08,1923.42,Settlement,180
R00003364,C004380,2026-07-09,1489.64,Payment,90
R00003365,C004381,2026-05-10,2685.6,Payment,30
R00003366,C004383,2025-09-09,1898.05,Payment,30
R00003367,C004383,2025-10-09,1581.71,Collection,60
R00003368,C004383,2026-08-05,790.85,Settlement,360
R00003369,C004384,2025-05-09,1188.09,Collection,60
R00003370,C004384,2025-06-08,1069.28,Payment,90
R00003371,C004384,2025-09-06,772.26,Payment,180
R00003372,C004384,2026-03-05,594.05,Collection,360
R00003373,C004385,2026-02-08,779.78,Payment,60
R00003374,C004385,2026-04-09,584.83,Collection,120
R00003375,C004385,2026-06-08,506.86,Payment,180
R00003376,C004387,2026-07-09,1042.06,Payment,60
R00003377,C004387,2026-08-08,937.85,Payment,90
R00003378,C004391,2026-04-11,2014.27,Payment,60
R00003379,C004391,2026-05-11,1812.84,Collection,90
R00003380,C004392,2026-07-10,571.3,Collection,30
R00003381,C004394,2025-12-10,203.84,Payment,30
R00003382,C004394,2026-01-09,169.86,Collection,60
R00003383,C004398,2026-07-10,2578.58,Payment,30
R00003384,C004401,2026-05-11,3641.58,Renegotiation,90
R00003385,C004403,2026-01-09,1694.97,Payment,30
R00003386,C004403,2026-03-10,1271.23,Settlement,90
R00003387,C004403,2026-04-09,1059.36,Settlement,120
R00003388,C004408,2026-08-09,16060.26,Collection,60
R00003389,C004413,2026-04-09,35870.29,Payment,30
R00003390,C004414,2025-08-09,898.84,Collection,30
R00003391,C004414,2025-10-08,674.13,Payment,90
R00003392,C004414,2025-11-07,561.77,Collection,120
R00003393,C004414,2026-07-05,374.52,Payment,360
R00003394,C004415,2026-06-09,634.35,Settlement,60
R00003395,C004415,2026-07-09,570.92,Settlement,90
R00003396,C004415,2026-08-08,475.77,Payment,120
R00003397,C004419,2026-06-08,1599.01,Payment,90
R00003398,C004420,2026-02-09,872.94,Collection,30
R00003399,C004420,2026-05-10,545.58,Collection,120
R00003400,C004420,2026-07-09,472.84,Payment,180
R00003401,C004424,2026-07-10,1148.87,Collection,30
R00003402,C004424,2026-08-09,957.39,Settlement,60
R00003403,C004425,2025-11-09,18867.93,Collection,30
R00003404,C004425,2025-12-09,15723.28,Payment,60
R00003405,C004429,2026-07-10,6161.39,Payment,30
R00003406,C004429,2026-08-09,5134.49,Payment,60
R00003407,C004431,2026-05-10,3858.31,Payment,30
R00003408,C004431,2026-06-09,3215.26,Payment,60
R00003409,C004431,2026-07-09,2893.74,Collection,90
R00003410,C004431,2026-08-08,2411.45,Settlement,120
R00003411,C004432,2025-09-09,1378.2,Payment,30
R00003412,C004432,2025-11-08,1033.65,Collection,90
R00003413,C004432,2026-02-06,746.52,Settlement,180
R00003414,C004432,2026-08-05,574.25,Payment,360
R00003415,C004433,2026-06-09,399.41,Payment,30
R00003416,C004433,2026-07-09,332.84,Payment,60
R00003417,C004436,2025-07-09,874.98,Collection,60
R00003418,C004436,2025-08-08,787.48,Settlement,90
R00003419,C004436,2025-11-06,568.73,Settlement,180
R00003420,C004440,2025-09-08,1080.54,Payment,60
R00003421,C004440,2025-10-08,972.49,Payment,90
R00003422,C004441,2026-07-09,1913.37,Renegotiation,60
R00003423,C004457,2026-03-12,1669.24,Payment,30
R00003424,C004457,2026-05-11,1251.93,Renegotiation,90
R00003425,C004457,2026-08-09,904.17,Collection,180
R00003426,C004458,2026-05-09,10253.69,Collection,60
R00003427,C004460,2025-12-09,1745.95,Payment,60
R00003428,C004460,2026-01-08,1571.36,Payment,90
R00003429,C004460,2026-04-08,1134.87,Settlement,180
R00003430,C004465,2026-06-09,25659.7,Settlement,30
R00003431,C004470,2026-06-09,3418.52,Settlement,60
R00003432,C004473,2026-04-09,1609.27,Payment,120
R00003433,C004473,2026-06-08,1394.7,Collection,180
R00003434,C004479,2025-03-12,1543.9,Collection,30
R00003435,C004479,2025-04-11,1286.58,Renegotiation,60
R00003436,C004479,2025-05-11,1157.92,Collection,90
R00003437,C004479,2026-02-05,643.29,Renegotiation,360
R00003438,C004481,2025-08-09,576.49,Payment,30
R00003439,C004481,2025-09-08,480.41,Payment,60
R00003440,C004481,2025-11-07,360.31,Collection,120
R00003441,C004481,2026-01-06,312.27,Payment,180
R00003442,C004483,2026-05-09,4521.1,Payment,60
R00003443,C004483,2026-07-08,3390.82,Renegotiation,120
R00003444,C004484,2026-08-08,3948.98,Payment,90
R00003445,C004488,2026-08-09,828.46,Collection,60
R00003446,C004489,2026-03-10,656.05,Settlement,90
R00003447,C004491,2026-06-09,2077.26,Collection,60
R00003448,C004491,2026-07-09,1869.53,Settlement,90
R00003449,C004492,2026-08-09,5522.5,Payment,30
R00003450,C004496,2025-10-09,3650.42,Collection,60
R00003451,C004496,2025-11-08,3285.38,Payment,90
R00003452,C004501,2025-03-12,1208.46,Payment,30
R00003453,C004501,2025-04-11,1007.05,Collection,60
R00003454,C004501,2025-05-11,906.34,Renegotiation,90
R00003455,C004508,2025-08-09,8138.05,Collection,30
R00003456,C004508,2025-09-08,6781.71,Payment,60
R00003457,C004508,2025-11-07,5086.28,Settlement,120
R00003458,C004508,2026-07-05,3390.86,Payment,360
R00003459,C004511,2026-06-09,178.01,Payment,30
R00003460,C004511,2026-07-09,148.34,Payment,60
R00003461,C004513,2026-05-10,11682.93,Settlement,30
R00003462,C004513,2026-07-09,8762.2,Payment,90
R00003463,C004513,2026-08-08,7301.83,Collection,120
R00003464,C004515,2025-07-10,1430.64,Payment,30
R00003465,C004515,2025-09-08,1072.98,Payment,90
R00003466,C004515,2025-10-08,894.15,Renegotiation,120
R00003467,C004515,2026-06-05,596.1,Collection,360
R00003468,C004517,2026-03-10,1166.43,Collection,90
R00003469,C004517,2026-06-08,842.42,Collection,180
R00003470,C004523,2025-06-09,588.18,Renegotiation,30
R00003471,C004523,2025-09-07,367.61,Payment,120
R00003472,C004523,2025-11-06,318.6,Renegotiation,180
R00003473,C004523,2026-05-05,245.08,Collection,360
R00003474,C004527,2025-12-10,438.92,Payment,30
R00003475,C004527,2026-02-08,329.19,Payment,90
R00003476,C004527,2026-03-10,274.32,Collection,120
R00003477,C004527,2026-05-09,237.75,Settlement,180
R00003478,C004529,2026-06-09,1947.75,Settlement,30
R00003479,C004529,2026-07-09,1623.13,Renegotiation,60
R00003480,C004529,2026-08-08,1460.81,Renegotiation,90
R00003481,C004531,2025-11-09,3715.45,Renegotiation,30
R00003482,C004531,2026-02-07,2322.15,Payment,120
R00003483,C004533,2025-08-09,2709.8,Renegotiation,30
R00003484,C004533,2025-09-08,2258.16,Collection,60
R00003485,C004533,2025-11-07,1693.62,Payment,120
R00003486,C004533,2026-01-06,1467.81,Settlement,180
R00003487,C004534,2025-06-09,623.16,Renegotiation,30
R00003488,C004534,2025-08-08,467.37,Payment,90
R00003489,C004534,2025-09-07,389.47,Collection,120
R00003490,C004534,2025-11-06,337.54,Payment,180
R00003491,C004536,2025-10-10,833.45,Collection,30
R00003492,C004536,2026-01-08,520.91,Payment,120
R00003493,C004536,2026-03-09,451.45,Renegotiation,180
R00003494,C004538,2025-10-08,585.69,Settlement,90
R00003495,C004538,2025-11-07,488.08,Settlement,120
R00003496,C004538,2026-07-05,325.39,Payment,360
R00003497,C004541,2025-12-09,1685.19,Renegotiation,60
R00003498,C004541,2026-01-08,1516.67,Settlement,90
R00003499,C004541,2026-02-07,1263.89,Payment,120
R00003500,C004543,2025-07-10,2518.24,Payment,30
R00003501,C004543,2025-08-09,2098.53,Collection,60
R00003502,C004543,2025-09-08,1888.68,Payment,90
R00003503,C004543,2025-12-07,1364.05,Settlement,180
R00003504,C004545,2026-08-09,642.47,Payment,60
R00003505,C004546,2025-12-10,2447.33,Settlement,30
R00003506,C004546,2026-02-08,1835.5,Collection,90
R00003507,C004546,2026-03-10,1529.58,Payment,120
R00003508,C004548,2026-03-12,562.02,Payment,30
R00003509,C004548,2026-05-11,421.51,Payment,90
R00003510,C004548,2026-08-09,304.43,Collection,180
R00003511,C004551,2025-09-08,3190.73,Renegotiation,90
R00003512,C004551,2026-06-05,1772.63,Collection,360
R00003513,C004552,2026-03-12,1241.13,Payment,30
R00003514,C004557,2026-07-08,1404.2,Payment,120
R00003515,C004559,2026-07-10,1207.2,Settlement,30
R00003516,C004560,2026-06-09,6913.38,Payment,60
R00003517,C004560,2026-08-08,5185.04,Collection,120
R00003518,C004562,2025-11-08,2699.43,Payment,90
R00003519,C004562,2025-12-08,2249.52,Renegotiation,120
R00003520,C004562,2026-08-05,1499.68,Settlement,360
R00003521,C004565,2025-11-09,1516.91,Payment,60
R00003522,C004565,2025-12-09,1365.21,Payment,90
R00003523,C004565,2026-01-08,1137.68,Payment,120
R00003524,C004567,2026-05-09,1154.0,Payment,60
R00003525,C004571,2026-08-09,5396.06,Payment,60
R00003526,C004572,2026-01-08,1474.18,Payment,90
R00003527,C004576,2026-04-09,2208.66,Settlement,30
R00003528,C004581,2026-01-09,12114.66,Renegotiation,60
R00003529,C004581,2026-02-08,10903.19,Payment,90
R00003530,C004582,2025-04-09,1204.99,Renegotiation,30
R00003531,C004582,2025-05-09,1004.16,Payment,60
R00003532,C004582,2025-07-08,753.12,Payment,120
R00003533,C004582,2025-09-06,652.7,Payment,180
R00003534,C004583,2026-01-09,866.62,Payment,30
R00003535,C004583,2026-02-08,722.18,Payment,60
R00003536,C004583,2026-03-10,649.97,Payment,90
R00003537,C004583,2026-04-09,541.64,Payment,120
R00003538,C004590,2026-02-09,2831.2,Payment,30
R00003539,C004590,2026-07-09,1533.57,Settlement,180
R00003540,C004598,2026-03-12,16632.5,Payment,30
R00003541,C004598,2026-06-10,10395.31,Payment,120
R00003542,C004603,2026-07-10,11291.46,Renegotiation,30
R00003543,C004606,2026-04-09,3009.26,Collection,30
R00003544,C004606,2026-05-09,2507.72,Renegotiation,60
R00003545,C004606,2026-07-08,1880.79,Payment,120
R00003546,C004611,2026-01-09,3267.87,Payment,30
R00003547,C004611,2026-04-09,2042.42,Collection,120
R00003548,C004618,2026-02-09,3083.92,Payment,30
R00003549,C004618,2026-03-11,2569.93,Collection,60
R00003550,C004618,2026-04-10,2312.94,Payment,90
R00003551,C004619,2026-02-08,1609.08,Payment,90
R00003552,C004619,2026-03-10,1340.9,Payment,120
R00003553,C004624,2026-01-08,5731.93,Payment,120
R00003554,C004625,2026-08-09,6568.71,Renegotiation,60
R00003555,C004627,2026-05-10,5709.31,Payment,30
R00003556,C004627,2026-08-08,3568.32,Payment,120
R00003557,C004631,2026-08-09,6364.79,Payment,60
R00003558,C004636,2026-02-09,2842.67,Payment,30
R00003559,C004636,2026-04-10,2132.0,Collection,90
R00003560,C004638,2025-12-10,3862.45,Payment,30
R00003561,C004638,2026-01-09,3218.71,Collection,60
R00003562,C004639,2025-10-10,808.23,Collection,30
R00003563,C004639,2025-12-09,606.17,Renegotiation,90
R00003564,C004639,2026-01-08,505.14,Renegotiation,120
R00003565,C004640,2026-01-08,2377.44,Payment,90
R00003566,C004640,2026-02-07,1981.2,Settlement,120
R00003567,C004642,2025-11-09,1900.34,Collection,30
R00003568,C004642,2025-12-09,1583.61,Payment,60
R00003569,C004642,2026-01-08,1425.25,Settlement,90
R00003570,C004642,2026-02-07,1187.71,Renegotiation,120
R00003571,C004648,2025-11-09,10886.95,Payment,60
R00003572,C004648,2026-03-09,7076.52,Collection,180
R00003573,C004649,2026-03-11,1053.69,Payment,60
R00003574,C004649,2026-04-10,948.32,Settlement,90
R00003575,C004649,2026-07-09,684.9,Collection,180
R00003576,C004651,2026-01-09,5424.79,Settlement,60
R00003577,C004653,2025-11-09,1707.87,Payment,30
R00003578,C004653,2026-01-08,1280.9,Payment,90
R00003579,C004653,2026-04-08,925.1,Settlement,180
R00003580,C004656,2026-05-11,2973.32,Payment,90
R00003581,C004656,2026-08-09,2147.4,Collection,180
R00003582,C004662,2026-04-09,1896.35,Payment,30
R00003583,C004662,2026-05-09,1580.29,Renegotiation,60
R00003584,C004662,2026-07-08,1185.22,Payment,120
R00003585,C004667,2026-01-09,780.16,Payment,30
R00003586,C004667,2026-02-08,650.13,Renegotiation,60
R00003587,C004667,2026-03-10,585.12,Collection,90
R00003588,C004667,2026-04-09,487.6,Renegotiation,120
R00003589,C004668,2026-07-10,739.72,Payment,30
R00003590,C004668,2026-08-09,616.43,Renegotiation,60
R00003591,C004669,2026-07-09,10665.31,Payment,60
R00003592,C004669,2026-08-08,9598.78,Settlement,90
R00003593,C004671,2026-07-10,459.72,Collection,30
R00003594,C004671,2026-08-09,383.1,Payment,60
R00003595,C004672,2025-12-09,11497.65,Renegotiation,60
R00003596,C004672,2026-01-08,10347.89,Payment,90
R00003597,C004672,2026-02-07,8623.24,Settlement,120
R00003598,C004672,2026-04-08,7473.47,Renegotiation,180
R00003599,C004676,2025-12-10,5984.63,Collection,30
R00003600,C004676,2026-01-09,4987.19,Payment,60
R00003601,C004676,2026-02-08,4488.47,Collection,90
R00003602,C004676,2026-03-10,3740.39,Collection,120
R00003603,C004682,2026-06-09,501.6,Payment,30
R00003604,C004682,2026-07-09,418.0,Payment,60
R00003605,C004682,2026-08-08,376.2,Payment,90
R00003606,C004688,2026-06-09,2027.48,Collection,30
R00003607,C004688,2026-07-09,1689.56,Settlement,60
R00003608,C004688,2026-08-08,1520.61,Collection,90
R00003609,C004691,2026-03-10,1721.73,Payment,90
R00003610,C004691,2026-04-09,1434.77,Collection,120
R00003611,C004694,2025-06-09,2697.2,Renegotiation,30
R00003612,C004694,2025-07-09,2247.67,Payment,60
R00003613,C004694,2025-11-06,1460.98,Payment,180
R00003614,C004694,2026-05-05,1123.83,Renegotiation,360
R00003615,C004695,2026-01-09,593.44,Payment,60
R00003616,C004695,2026-05-09,385.74,Payment,180
R00003617,C004696,2025-12-09,2211.23,Payment,60
R00003618,C004696,2026-01-08,1990.11,Collection,90
R00003619,C004696,2026-04-08,1437.3,Renegotiation,180
R00003620,C004703,2025-07-10,4569.87,Payment,30
R00003621,C004703,2025-10-08,2856.17,Collection,120
R00003622,C004703,2026-06-05,1904.11,Collection,360
R00003623,C004705,2025-08-09,4004.66,Payment,30
R00003624,C004705,2025-09-08,3337.21,Renegotiation,60
R00003625,C004705,2026-01-06,2169.19,Collection,180
R00003626,C004710,2026-07-10,892.45,Settlement,30
R00003627,C004717,2025-09-09,207.02,Collection,30
R00003628,C004717,2025-10-09,172.52,Payment,60
R00003629,C004717,2025-12-08,129.39,Renegotiation,120
R00003630,C004717,2026-02-06,112.14,Renegotiation,180
R00003631,C004718,2025-09-09,4093.82,Renegotiation,30
R00003632,C004718,2025-11-08,3070.37,Payment,90
R00003633,C004718,2025-12-08,2558.64,Payment,120
R00003634,C004722,2026-07-09,841.32,Renegotiation,60
R00003635,C004723,2025-07-10,1013.19,Collection,30
R00003636,C004723,2025-09-08,759.89,Payment,90
R00003637,C004723,2025-10-08,633.25,Settlement,120
R00003638,C004723,2026-06-05,422.16,Collection,360
R00003639,C004724,2026-05-11,1426.02,Renegotiation,90
R00003640,C004724,2026-06-10,1188.35,Settlement,120
R00003641,C004725,2026-04-11,997.02,Collection,60
R00003642,C004725,2026-05-11,897.32,Payment,90
R00003643,C004725,2026-08-09,648.07,Payment,180
R00003644,C004726,2025-07-09,1821.52,Renegotiation,60
R00003645,C004726,2025-08-08,1639.37,Renegotiation,90
R00003646,C004727,2025-12-09,327.83,Renegotiation,60
R00003647,C004727,2026-01-08,295.04,Payment,90
R00003648,C004727,2026-02-07,245.87,Payment,120
R00003649,C004727,2026-04-08,213.09,Settlement,180
R00003650,C004733,2026-07-08,5138.3,Renegotiation,120
R00003651,C004736,2026-04-11,8949.56,Collection,60
R00003652,C004736,2026-05-11,8054.61,Settlement,90
R00003653,C004736,2026-06-10,6712.17,Payment,120
R00003654,C004736,2026-08-09,5817.22,Settlement,180
R00003655,C004738,2026-07-09,784.11,Payment,60
R00003656,C004738,2026-08-08,705.7,Payment,90
R00003657,C004739,2025-10-08,12049.11,Payment,90
R00003658,C004739,2026-07-05,6693.95,Collection,360
R00003659,C004741,2026-03-12,961.37,Payment,30
R00003660,C004741,2026-04-11,801.14,Renegotiation,60
R00003661,C004741,2026-06-10,600.85,Collection,120
R00003662,C004743,2026-05-10,629.1,Collection,30
R00003663,C004743,2026-08-08,393.19,Collection,120
R00003664,C004745,2026-04-09,781.14,Payment,30
R00003665,C004745,2026-07-08,488.21,Payment,120
R00003666,C004748,2026-06-09,797.38,Payment,60
R00003667,C004748,2026-07-09,717.64,Renegotiation,90
R00003668,C004750,2025-12-10,4185.54,Collection,30
R00003669,C004750,2026-03-10,2615.97,Collection,120
R00003670,C004759,2025-06-09,1450.81,Payment,60
R00003671,C004759,2025-07-09,1305.73,Collection,90
R00003672,C004763,2026-08-09,1631.16,Collection,30
R00003673,C004767,2025-10-08,328.72,Settlement,90
R00003674,C004767,2025-11-07,273.93,Collection,120
R00003675,C004767,2026-01-06,237.41,Payment,180
R00003676,C004767,2026-07-05,182.62,Settlement,360
R00003677,C004768,2026-07-08,1745.22,Collection,120
R00003678,C004772,2026-02-08,660.13,Payment,60
R00003679,C004772,2026-03-10,594.12,Payment,90
R00003680,C004772,2026-04-09,495.1,Renegotiation,120
R00003681,C004772,2026-06-08,429.09,Renegotiation,180
R00003682,C004774,2026-01-09,1557.18,Collection,30
R00003683,C004774,2026-02-08,1297.65,Renegotiation,60
R00003684,C004774,2026-03-10,1167.89,Collection,90
R00003685,C004775,2026-04-09,848.3,Collection,30
R00003686,C004775,2026-05-09,706.91,Settlement,60
R00003687,C004777,2026-07-10,1219.92,Renegotiation,30
R00003688,C004777,2026-08-09,1016.6,Collection,60
R00003689,C004779,2026-08-08,1273.11,Payment,90
R00003690,C004781,2025-09-08,19821.7,Payment,60
R00003691,C004781,2025-11-07,14866.27,Payment,120
R00003692,C004783,2026-08-09,3374.59,Payment,60
R00003693,C004786,2026-07-09,888.18,Settlement,60
R00003694,C004787,2026-06-09,1094.5,Payment,60
R00003695,C004787,2026-07-09,985.05,Payment,90
R00003696,C004789,2025-06-09,23003.5,Payment,60
R00003697,C004789,2025-10-07,14952.28,Settlement,180
R00003698,C004791,2025-12-10,7873.03,Collection,30
R00003699,C004791,2026-02-08,5904.77,Collection,90
R00003700,C004791,2026-03-10,4920.64,Payment,120
R00003701,C004796,2026-05-10,837.82,Collection,120
R00003702,C004796,2026-07-09,726.11,Renegotiation,180
R00003703,C004807,2026-04-11,425.77,Payment,60
R00003704,C004807,2026-06-10,319.33,Renegotiation,120
R00003705,C004807,2026-08-09,276.75,Settlement,180
R00003706,C004808,2026-08-08,331.16,Payment,120
R00003707,C004812,2026-07-09,2241.56,Settlement,60
R00003708,C004812,2026-08-08,2017.4,Settlement,90
R00003709,C004814,2026-05-09,817.49,Settlement,60
R00003710,C004814,2026-06-08,735.75,Collection,90
R00003711,C004815,2025-07-10,1946.65,Payment,30
R00003712,C004815,2025-09-08,1459.99,Payment,90
R00003713,C004815,2025-10-08,1216.66,Collection,120
R00003714,C004819,2026-05-11,3202.21,Collection,90
R00003715,C004819,2026-06-10,2668.5,Payment,120
R00003716,C004820,2026-07-10,15293.75,Renegotiation,30
R00003717,C004820,2026-08-09,12744.79,Payment,60
R00003718,C004821,2025-10-08,5885.5,Renegotiation,90
R00003719,C004821,2026-07-05,3269.72,Collection,360
R00003720,C004822,2025-07-08,3697.16,Collection,120
R00003721,C004822,2025-09-06,3204.2,Renegotiation,180
R00003722,C004822,2026-03-05,2464.77,Collection,360
R00003723,C004825,2026-08-09,6734.5,Renegotiation,30
R00003724,C004830,2026-02-09,2263.66,Renegotiation,30
R00003725,C004830,2026-03-11,1886.38,Payment,60
R00003726,C004830,2026-04-10,1697.75,Payment,90
R00003727,C004831,2026-03-12,2501.4,Settlement,30
R00003728,C004831,2026-04-11,2084.5,Renegotiation,60
R00003729,C004832,2026-04-11,2223.73,Renegotiation,60
R00003730,C004832,2026-05-11,2001.36,Payment,90
R00003731,C004832,2026-08-09,1445.43,Settlement,180
R00003732,C004834,2026-08-09,981.49,Renegotiation,60
R00003733,C004837,2026-02-09,482.45,Payment,30
R00003734,C004837,2026-03-11,402.04,Collection,60
R00003735,C004837,2026-05-10,301.53,Payment,120
R00003736,C004841,2025-07-10,3411.54,Payment,30
R00003737,C004841,2025-08-09,2842.95,Payment,60
R00003738,C004841,2025-09-08,2558.65,Settlement,90
R00003739,C004842,2025-08-09,1114.24,Payment,60
R00003740,C004842,2025-09-08,1002.81,Settlement,90
R00003741,C004842,2025-10-08,835.68,Payment,120
R00003742,C004843,2026-03-12,5633.82,Renegotiation,30
R00003743,C004843,2026-04-11,4694.85,Renegotiation,60
R00003744,C004843,2026-05-11,4225.36,Payment,90
R00003745,C004846,2026-06-09,3625.19,Collection,30
R00003746,C004846,2026-07-09,3020.99,Payment,60
R00003747,C004848,2026-05-09,767.93,Settlement,60
R00003748,C004848,2026-07-08,575.95,Payment,120
R00003749,C004852,2026-04-11,10289.05,Payment,60
R00003750,C004852,2026-05-11,9260.15,Renegotiation,90
R00003751,C004852,2026-08-09,6687.88,Payment,180
R00003752,C004855,2026-01-09,2271.24,Settlement,30
R00003753,C004855,2026-03-10,1703.43,Payment,90
R00003754,C004855,2026-04-09,1419.53,Settlement,120
R00003755,C004855,2026-06-08,1230.26,Renegotiation,180
R00003756,C004857,2026-02-09,12996.89,Payment,30
R00003757,C004857,2026-04-10,9747.67,Payment,90
R00003758,C004857,2026-07-09,7039.98,Payment,180
R00003759,C004860,2026-08-08,2986.4,Collection,90
R00003760,C004865,2026-04-11,3351.05,Collection,60
R00003761,C004867,2026-08-09,4236.74,Payment,30
R00003762,C004868,2026-08-09,3597.3,Renegotiation,60
R00003763,C004873,2026-06-10,2351.74,Settlement,120
R00003764,C004874,2025-06-09,1219.29,Settlement,60
R00003765,C004874,2025-07-09,1097.36,Settlement,90
R00003766,C004874,2025-08-08,914.47,Payment,120
R00003767,C004874,2026-04-05,609.64,Collection,360
R00003768,C004875,2025-12-10,3887.92,Payment,30
R00003769,C004875,2026-03-10,2429.95,Renegotiation,120
R00003770,C004877,2026-08-08,1050.55,Payment,90
R00003771,C004878,2025-09-09,8697.39,Payment,30
R00003772,C004878,2025-12-08,5435.87,Renegotiation,120
R00003773,C004878,2026-02-06,4711.08,Settlement,180
R00003774,C004878,2026-08-05,3623.91,Collection,360
R00003775,C004879,2026-02-09,2360.63,Renegotiation,30
R00003776,C004879,2026-04-10,1770.47,Payment,90
R00003777,C004879,2026-05-10,1475.39,Payment,120
R00003778,C004879,2026-07-09,1278.67,Payment,180
R00003779,C004881,2025-11-09,2785.35,Collection,60
R00003780,C004881,2026-01-08,2089.01,Collection,120
R00003781,C004881,2026-03-09,1810.48,Collection,180
R00003782,C004883,2025-09-09,464.54,Collection,30
R00003783,C004883,2025-10-09,387.11,Settlement,60
R00003784,C004883,2025-11-08,348.4,Payment,90
R00003785,C004883,2025-12-08,290.34,Renegotiation,120
R00003786,C004886,2025-08-09,469.85,Payment,60
R00003787,C004886,2025-10-08,352.39,Collection,120
R00003788,C004886,2025-12-07,305.4,Settlement,180
R00003789,C004887,2025-09-08,943.27,Payment,60
R00003790,C004887,2026-01-06,613.13,Settlement,180
R00003791,C004893,2025-07-10,8812.96,Renegotiation,30
R00003792,C004893,2025-08-09,7344.13,Payment,60
R00003793,C004893,2026-06-05,3672.07,Renegotiation,360
R00003794,C004894,2026-08-09,760.87,Payment,30
R00003795,C004900,2026-02-09,4033.03,Payment,30
R00003796,C004903,2026-06-08,428.81,Payment,180
R00003797,C004907,2026-03-11,1391.48,Payment,60
R00003798,C004907,2026-04-10,1252.33,Settlement,90
R00003799,C004907,2026-05-10,1043.61,Payment,120
R00003800,C004907,2026-07-09,904.46,Payment,180
R00003801,C004914,2026-08-09,293.02,Payment,60
R00003802,C004915,2025-10-08,8114.57,Renegotiation,120
R00003803,C004915,2025-12-07,7032.63,Settlement,180
R00003804,C004915,2026-06-05,5409.72,Renegotiation,360
R00003805,C004917,2026-06-09,4740.4,Payment,30
R00003806,C004917,2026-08-08,3555.3,Payment,90
R00003807,C004918,2025-09-09,15667.37,Collection,30
R00003808,C004918,2025-10-09,13056.14,Collection,60
R00003809,C004918,2026-02-06,8486.49,Payment,180
R00003810,C004919,2026-06-08,49587.07,Payment,90
R00003811,C004922,2026-01-09,13226.65,Payment,60
R00003812,C004925,2025-11-09,1345.08,Payment,30
R00003813,C004925,2025-12-09,1120.9,Collection,60
R00003814,C004925,2026-02-07,840.68,Renegotiation,120
R00003815,C004925,2026-04-08,728.59,Renegotiation,180
R00003816,C004927,2026-06-08,600.46,Renegotiation,90
R00003817,C004930,2026-02-08,471.89,Settlement,90
R00003818,C004930,2026-03-10,393.24,Settlement,120
R00003819,C004930,2026-05-09,340.81,Payment,180
R00003820,C004932,2026-03-12,15669.1,Collection,30
R00003821,C004932,2026-05-11,11751.82,Renegotiation,90
R00003822,C004932,2026-08-09,8487.43,Settlement,180
R00003823,C004934,2025-07-09,16108.13,Payment,90
R00003824,C004934,2025-08-08,13423.44,Payment,120
R00003825,C004934,2025-10-07,11633.65,Payment,180
R00003826,C004934,2026-04-05,8948.96,Renegotiation,360
R00003827,C004936,2026-05-10,1133.83,Collection,30
R00003828,C004936,2026-07-09,850.37,Renegotiation,90
R00003829,C004942,2025-09-08,928.85,Settlement,90
R00003830,C004942,2025-12-07,670.84,Collection,180
R00003831,C004942,2026-06-05,516.03,Payment,360
R00003832,C004943,2026-04-11,3990.66,Collection,60
R00003833,C004943,2026-05-11,3591.6,Collection,90
R00003834,C004944,2025-10-08,1291.92,Collection,90
R00003835,C004944,2025-11-07,1076.6,Collection,120
R00003836,C004944,2026-07-05,717.73,Settlement,360
R00003837,C004947,2026-04-09,141.23,Settlement,30
R00003838,C004947,2026-05-09,117.69,Renegotiation,60
R00003839,C004947,2026-06-08,105.92,Payment,90
R00003840,C004948,2026-06-09,15502.16,Payment,30
R00003841,C004948,2026-08-08,11626.62,Settlement,90
R00003842,C004950,2026-02-08,1868.98,Collection,60
R00003843,C004950,2026-04-09,1401.74,Renegotiation,120
R00003844,C004950,2026-06-08,1214.84,Payment,180
R00003845,C004952,2025-10-08,1330.38,Payment,90
R00003846,C004952,2025-11-07,1108.65,Collection,120
R00003847,C004952,2026-01-06,960.83,Payment,180
R00003848,C004954,2026-04-09,12889.4,Payment,30
R00003849,C004954,2026-05-09,10741.16,Payment,60
R00003850,C004954,2026-06-08,9667.05,Renegotiation,90
R00003851,C004954,2026-07-08,8055.87,Payment,120
R00003852,C004957,2026-05-09,1339.94,Payment,60
R00003853,C004957,2026-06-08,1205.95,Settlement,90
R00003854,C004959,2026-05-10,1210.83,Payment,30
R00003855,C004959,2026-07-09,908.12,Collection,90
R00003856,C004965,2025-12-10,887.35,Renegotiation,30
R00003857,C004965,2026-01-09,739.46,Payment,60
R00003858,C004965,2026-03-10,554.59,Payment,120
R00003859,C004966,2025-12-09,1460.9,Payment,60
R00003860,C004969,2025-09-09,16407.9,Settlement,30
R00003861,C004969,2025-10-09,13673.25,Settlement,60
R00003862,C004969,2026-02-06,8887.61,Payment,180
R00003863,C004974,2025-12-10,1180.87,Payment,30
R00003864,C004974,2026-01-09,984.06,Payment,60
R00003865,C004974,2026-05-09,639.64,Collection,180
R00003866,C004979,2025-10-10,796.65,Payment,30
R00003867,C004979,2025-11-09,663.88,Collection,60
R00003868,C004979,2025-12-09,597.49,Collection,90
R00003869,C004979,2026-01-08,497.91,Payment,120
R00003870,C004982,2025-09-09,19066.67,Settlement,30
R00003871,C004982,2025-12-08,11916.67,Settlement,120
R00003872,C004982,2026-02-06,10327.78,Collection,180
R00003873,C004982,2026-08-05,7944.45,Settlement,360
R00003874,C004985,2026-07-10,1453.41,Payment,30
R00003875,C004985,2026-08-09,1211.17,Payment,60
R00003876,C004986,2025-09-09,1613.45,Collection,30
R00003877,C004986,2025-10-09,1344.54,Collection,60
R00003878,C004986,2025-11-08,1210.09,Payment,90
R00003879,C004986,2026-02-06,873.95,Payment,180
R00003880,C004993,2025-06-09,15977.16,Payment,30
R00003881,C004993,2025-07-09,13314.3,Settlement,60
R00003882,C004993,2025-08-08,11982.87,Payment,90
R00003883,C004993,2025-09-07,9985.72,Payment,120
R00003884,C004996,2026-06-09,7209.24,Collection,30
R00003885,C004996,2026-08-08,5406.93,Settlement,90
R00003886,C004998,2026-08-08,525.1,Payment,90
R00003887,C005002,2026-07-10,419.51,Collection,30
R00003888,C005002,2026-08-09,349.59,Renegotiation,60
R00003889,C005005,2025-12-09,1338.26,Collection,60
R00003890,C005005,2026-02-07,1003.69,Settlement,120
R00003891,C005008,2026-06-08,690.03,Collection,90
R00003892,C005008,2026-07-08,575.02,Payment,120
R00003893,C005013,2026-03-11,300.92,Settlement,60
R00003894,C005013,2026-05-10,225.69,Renegotiation,120
R00003895,C005016,2026-02-09,1338.31,Settlement,30
R00003896,C005016,2026-05-10,836.44,Renegotiation,120
R00003897,C005016,2026-07-09,724.92,Payment,180
R00003898,C005018,2026-05-09,10042.16,Payment,60
R00003899,C005018,2026-06-08,9037.94,Settlement,90
R00003900,C005018,2026-07-08,7531.62,Collection,120
R00003901,C005019,2025-11-09,2147.94,Collection,30
R00003902,C005019,2025-12-09,1789.95,Renegotiation,60
R00003903,C005019,2026-01-08,1610.96,Collection,90
R00003904,C005019,2026-04-08,1163.47,Settlement,180
R00003905,C005025,2026-08-09,1654.27,Payment,60
R00003906,C005027,2026-03-11,504.3,Payment,60
R00003907,C005027,2026-04-10,453.87,Renegotiation,90
R00003908,C005027,2026-07-09,327.8,Renegotiation,180
R00003909,C005028,2026-04-11,1034.79,Renegotiation,60
R00003910,C005028,2026-05-11,931.31,Collection,90
R00003911,C005033,2025-11-09,8059.46,Payment,30
R00003912,C005033,2025-12-09,6716.22,Payment,60
R00003913,C005033,2026-02-07,5037.16,Collection,120
R00003914,C005036,2026-03-10,1201.25,Collection,90
R00003915,C005036,2026-04-09,1001.04,Payment,120
R00003916,C005036,2026-06-08,867.57,Payment,180
R00003917,C005040,2026-02-08,3212.04,Payment,90
R00003918,C005040,2026-03-10,2676.7,Settlement,120
R00003919,C005040,2026-05-09,2319.81,Collection,180
R00003920,C005042,2026-04-09,1545.92,Payment,30
R00003921,C005042,2026-05-09,1288.27,Renegotiation,60
R00003922,C005042,2026-06-08,1159.44,Payment,90
R00003923,C005042,2026-07-08,966.2,Payment,120
R00003924,C005043,2025-08-09,618.76,Payment,30
R00003925,C005043,2025-10-08,464.07,Renegotiation,90
R00003926,C005043,2025-11-07,386.72,Payment,120
R00003927,C005043,2026-01-06,335.16,Renegotiation,180
R00003928,C005045,2026-04-09,850.51,Settlement,30
R00003929,C005045,2026-05-09,708.76,Settlement,60
R00003930,C005045,2026-07-08,531.57,Renegotiation,120
R00003931,C005047,2026-05-09,3444.68,Renegotiation,60
R00003932,C005049,2026-04-09,311.22,Payment,30
R00003933,C005049,2026-06-08,233.42,Payment,90
R00003934,C005050,2026-01-09,225.47,Payment,30
R00003935,C005050,2026-03-10,169.11,Renegotiation,90
R00003936,C005050,2026-06-08,122.13,Renegotiation,180
R00003937,C005051,2026-03-12,1960.02,Settlement,30
R00003938,C005051,2026-04-11,1633.35,Renegotiation,60
R00003939,C005051,2026-05-11,1470.02,Collection,90
R00003940,C005051,2026-06-10,1225.01,Payment,120
R00003941,C005058,2026-02-09,687.15,Renegotiation,30
R00003942,C005058,2026-04-10,515.36,Payment,90
R00003943,C005058,2026-05-10,429.47,Settlement,120
R00003944,C005061,2025-09-08,627.38,Renegotiation,60
R00003945,C005061,2025-10-08,564.64,Collection,90
R00003946,C005061,2026-01-06,407.8,Collection,180
R00003947,C005061,2026-07-05,313.69,Renegotiation,360
R00003948,C005064,2026-07-10,748.29,Collection,30
R00003949,C005068,2025-10-08,16673.63,Renegotiation,120
R00003950,C005068,2025-12-07,14450.48,Payment,180
R00003951,C005069,2025-12-09,2723.77,Payment,60
R00003952,C005077,2026-02-09,2912.83,Payment,30
R00003953,C005077,2026-03-11,2427.36,Renegotiation,60
R00003954,C005081,2026-08-09,233.85,Payment,60
R00003955,C005083,2026-02-08,4621.08,Payment,60
R00003956,C005083,2026-06-08,3003.7,Renegotiation,180
R00003957,C005087,2026-04-10,339.41,Renegotiation,90
R00003958,C005087,2026-07-09,245.13,Renegotiation,180
R00003959,C005088,2025-05-09,1551.37,Payment,60
R00003960,C005088,2025-06-08,1396.23,Payment,90
R00003961,C005088,2025-09-06,1008.39,Payment,180
R00003962,C005088,2026-03-05,775.69,Renegotiation,360
R00003963,C005091,2025-10-10,1850.74,Collection,30
R00003964,C005091,2025-11-09,1542.28,Settlement,60
R00003965,C005091,2025-12-09,1388.05,Payment,90
R00003966,C005091,2026-01-08,1156.71,Payment,120
R00003967,C005094,2025-09-09,17750.55,Settlement,30
R00003968,C005094,2026-02-06,9614.88,Payment,180
R00003969,C005096,2025-09-08,1380.71,Payment,60
R00003970,C005096,2025-10-08,1242.64,Renegotiation,90
R00003971,C005096,2025-11-07,1035.53,Settlement,120
R00003972,C005096,2026-07-05,690.35,Renegotiation,360
R00003973,C005097,2026-08-08,532.66,Payment,90
R00003974,C005098,2026-07-09,572.74,Payment,60
R00003975,C005098,2026-08-08,515.47,Settlement,90
R00003976,C005100,2025-09-09,1060.92,Settlement,30
R00003977,C005100,2025-10-09,884.1,Renegotiation,60
R00003978,C005100,2025-11-08,795.69,Collection,90
R00003979,C005100,2025-12-08,663.08,Renegotiation,120
R00003980,C005105,2025-06-09,2067.04,Collection,30
R00003981,C005105,2025-07-09,1722.53,Payment,60
R00003982,C005105,2025-09-07,1291.9,Payment,120
R00003983,C005105,2025-11-06,1119.65,Collection,180
R00003984,C005107,2026-06-09,2704.91,Settlement,60
R00003985,C005107,2026-08-08,2028.68,Settlement,120
R00003986,C005109,2026-07-09,7580.49,Payment,90
R00003987,C005109,2026-08-08,6317.08,Collection,120
R00003988,C005113,2026-06-09,3040.49,Settlement,60
R00003989,C005116,2026-02-07,1319.37,Renegotiation,120
R00003990,C005116,2026-04-08,1143.45,Payment,180
R00003991,C005117,2026-06-09,1123.37,Payment,30
R00003992,C005117,2026-07-09,936.14,Payment,60
R00003993,C005120,2025-07-09,4987.55,Collection,60
R00003994,C005120,2025-11-06,3241.9,Payment,180
R00003995,C005128,2025-09-08,1672.41,Payment,90
R00003996,C005128,2025-10-08,1393.67,Payment,120
R00003997,C005128,2025-12-07,1207.85,Renegotiation,180
R00003998,C005128,2026-06-05,929.12,Collection,360
R00003999,C005129,2026-07-10,1163.36,Settlement,30
R00004000,C005129,2026-08-09,969.47,Payment,60
R00004001,C005131,2026-08-08,522.39,Collection,90
R00004002,C005133,2025-11-09,2740.92,Renegotiation,60
R00004003,C005133,2025-12-09,2466.83,Collection,90
R00004004,C005133,2026-03-09,1781.6,Renegotiation,180
R00004005,C005137,2026-04-09,559.52,Settlement,30
R00004006,C005137,2026-06-08,419.64,Settlement,90
R00004007,C005137,2026-07-08,349.7,Collection,120
R00004008,C005142,2026-06-09,2135.51,Payment,30
R00004009,C005142,2026-07-09,1779.59,Settlement,60
R00004010,C005148,2026-03-11,1044.15,Payment,60
R00004011,C005148,2026-07-09,678.7,Collection,180
R00004012,C005149,2026-03-11,8828.06,Renegotiation,60
R00004013,C005149,2026-04-10,7945.25,Renegotiation,90
R00004014,C005149,2026-07-09,5738.24,Payment,180
R00004015,C005150,2026-05-10,12034.36,Payment,30
R00004016,C005153,2026-03-11,7862.82,Renegotiation,60
R00004017,C005153,2026-05-10,5897.12,Collection,120
R00004018,C005156,2025-07-09,1925.33,Payment,90
R00004019,C005156,2025-08-08,1604.44,Payment,120
R00004020,C005160,2025-07-10,4349.13,Renegotiation,30
R00004021,C005160,2025-12-07,2355.78,Settlement,180
R00004022,C005161,2026-03-12,3047.19,Payment,30
R00004023,C005161,2026-04-11,2539.32,Settlement,60
R00004024,C005161,2026-05-11,2285.39,Settlement,90
R00004025,C005164,2025-12-10,474.1,Payment,30
R00004026,C005164,2026-01-09,395.09,Payment,60
R00004027,C005164,2026-02-08,355.58,Payment,90
R00004028,C005164,2026-05-09,256.81,Payment,180
R00004029,C005170,2026-04-08,8617.55,Payment,180
R00004030,C005172,2026-07-10,1024.3,Payment,30
R00004031,C005172,2026-08-09,853.58,Collection,60
R00004032,C005173,2025-09-09,2679.41,Collection,30
R00004033,C005173,2025-12-08,1674.63,Payment,120
R00004034,C005173,2026-08-05,1116.42,Settlement,360
R00004035,C005176,2026-07-10,2142.93,Collection,30
R00004036,C005177,2026-06-09,1305.54,Payment,30
R00004037,C005177,2026-08-08,979.16,Payment,90
R00004038,C005178,2025-11-09,1472.24,Renegotiation,30
R00004039,C005178,2025-12-09,1226.87,Renegotiation,60
R00004040,C005178,2026-01-08,1104.18,Collection,90
R00004041,C005180,2026-07-10,6787.62,Payment,30
R00004042,C005180,2026-08-09,5656.35,Payment,60
R00004043,C005187,2025-11-08,3299.21,Settlement,90
R00004044,C005187,2026-08-05,1832.89,Renegotiation,360
R00004045,C005189,2026-08-09,1970.69,Payment,30
R00004046,C005193,2025-08-08,4508.59,Collection,120
R00004047,C005193,2025-10-07,3907.45,Payment,180
R00004048,C005197,2026-08-09,782.19,Settlement,60
R00004049,C005200,2026-05-10,5566.3,Renegotiation,30
R00004050,C005200,2026-07-09,4174.73,Payment,90
R00004051,C005200,2026-08-08,3478.94,Collection,120
R00004052,C005203,2025-11-09,1219.46,Settlement,30
R00004053,C005203,2025-12-09,1016.21,Renegotiation,60
R00004054,C005203,2026-01-08,914.59,Payment,90
R00004055,C005204,2026-01-09,5873.38,Renegotiation,30
R00004056,C005204,2026-04-09,3670.86,Payment,120
R00004057,C005210,2025-06-09,1223.61,Payment,30
R00004058,C005210,2025-07-09,1019.68,Collection,60
R00004059,C005210,2026-05-05,509.84,Settlement,360
R00004060,C005211,2026-01-09,931.87,Collection,60
R00004061,C005211,2026-02-08,838.69,Renegotiation,90
R00004062,C005211,2026-03-10,698.9,Renegotiation,120
R00004063,C005212,2026-03-12,10274.77,Payment,30
R00004064,C005212,2026-04-11,8562.3,Payment,60
R00004065,C005212,2026-08-09,5565.5,Payment,180
R00004066,C005214,2026-06-09,1061.62,Settlement,60
R00004067,C005218,2025-08-09,1243.84,Settlement,30
R00004068,C005218,2025-09-08,1036.53,Renegotiation,60
R00004069,C005219,2026-06-08,9206.34,Renegotiation,90
R00004070,C005219,2026-07-08,7671.95,Payment,120
R00004071,C005222,2025-05-10,898.16,Payment,30
R00004072,C005222,2025-07-09,673.62,Collection,90
R00004073,C005222,2025-10-07,486.5,Renegotiation,180
R00004074,C005222,2026-04-05,374.23,Payment,360
R00004075,C005229,2025-10-09,3684.37,Collection,60
R00004076,C005229,2025-11-08,3315.93,Settlement,90
R00004077,C005229,2026-08-05,1842.18,Payment,360
R00004078,C005231,2025-06-09,1272.18,Renegotiation,60
R00004079,C005231,2025-07-09,1144.97,Collection,90
R00004080,C005231,2025-08-08,954.14,Collection,120
R00004081,C005232,2026-04-09,488.81,Payment,30
R00004082,C005232,2026-06-08,366.61,Renegotiation,90
R00004083,C005235,2025-12-10,1203.9,Payment,30
R00004084,C005235,2026-02-08,902.93,Payment,90
R00004085,C005235,2026-03-10,752.44,Settlement,120
R00004086,C005236,2025-08-09,1571.64,Payment,60
R00004087,C005236,2025-10-08,1178.73,Renegotiation,120
R00004088,C005236,2025-12-07,1021.57,Collection,180
R00004089,C005238,2026-05-09,785.03,Collection,60
R00004090,C005244,2025-09-09,2642.8,Payment,30
R00004091,C005244,2026-02-06,1431.52,Settlement,180
R00004092,C005244,2026-08-05,1101.17,Renegotiation,360
R00004093,C005248,2026-03-10,8827.62,Renegotiation,90
R00004094,C005248,2026-04-09,7356.35,Collection,120
R00004095,C005249,2025-12-09,1307.63,Renegotiation,90
R00004096,C005251,2026-07-09,23094.04,Payment,60
R00004097,C005251,2026-08-08,20784.64,Renegotiation,90
R00004098,C005254,2025-08-09,781.01,Payment,30
R00004099,C005254,2025-09-08,650.84,Collection,60
R00004100,C005254,2025-10-08,585.76,Payment,90
R00004101,C005254,2026-07-05,325.42,Collection,360
R00004102,C005255,2025-06-09,1422.57,Payment,30
R00004103,C005255,2025-08-08,1066.92,Collection,90
R00004104,C005256,2025-06-09,5229.96,Payment,60
R00004105,C005256,2025-08-08,3922.47,Renegotiation,120
R00004106,C005261,2026-01-09,409.62,Payment,30
R00004107,C005261,2026-03-10,307.21,Payment,90
R00004108,C005261,2026-04-09,256.01,Collection,120
R00004109,C005263,2025-11-09,4599.68,Settlement,60
R00004110,C005263,2026-03-09,2989.79,Settlement,180
R00004111,C005264,2025-04-11,5362.07,Renegotiation,60
R00004112,C005264,2025-05-11,4825.86,Payment,90
R00004113,C005265,2026-07-10,1132.67,Settlement,30
R00004114,C005272,2026-03-12,504.06,Payment,30
R00004115,C005272,2026-08-09,273.03,Renegotiation,180
R00004116,C005277,2026-06-09,3178.26,Payment,60
R00004117,C005277,2026-07-09,2860.43,Renegotiation,90
R00004118,C005278,2025-08-09,1793.23,Renegotiation,60
R00004119,C005278,2025-09-08,1613.91,Renegotiation,90
R00004120,C005278,2025-10-08,1344.92,Renegotiation,120
R00004121,C005278,2025-12-07,1165.6,Renegotiation,180
R00004122,C005283,2026-07-09,863.0,Settlement,60
R00004123,C005288,2026-07-10,1948.67,Payment,30
R00004124,C005289,2026-01-09,1331.9,Collection,30
R00004125,C005289,2026-03-10,998.93,Settlement,90
R00004126,C005289,2026-04-09,832.44,Settlement,120
R00004127,C005290,2026-07-09,1288.36,Payment,60
R00004128,C005292,2026-06-09,542.81,Payment,30
R00004129,C005292,2026-07-09,452.34,Settlement,60
R00004130,C005294,2025-11-09,1392.28,Payment,30
R00004131,C005294,2025-12-09,1160.24,Collection,60
R00004132,C005296,2026-02-07,2666.56,Collection,120
R00004133,C005296,2026-04-08,2311.02,Collection,180
R00004134,C005302,2026-07-09,717.8,Collection,60
R00004135,C005302,2026-08-08,646.02,Payment,90
R00004136,C005303,2025-11-09,2997.94,Payment,30
R00004137,C005303,2026-01-08,2248.46,Payment,90
R00004138,C005304,2026-01-09,4730.06,Renegotiation,30
R00004139,C005304,2026-03-10,3547.54,Payment,90
R00004140,C005304,2026-06-08,2562.11,Payment,180
R00004141,C005316,2026-06-09,1409.54,Payment,30
R00004142,C005322,2026-03-11,3514.85,Collection,60
R00004143,C005322,2026-04-10,3163.37,Collection,90
R00004144,C005322,2026-07-09,2284.65,Collection,180
R00004145,C005323,2025-07-10,5169.31,Renegotiation,30
R00004146,C005323,2025-09-08,3876.98,Collection,90
R00004147,C005323,2025-12-07,2800.04,Collection,180
R00004148,C005325,2026-04-10,3031.95,Collection,90
R00004149,C005325,2026-05-10,2526.62,Renegotiation,120
R00004150,C005325,2026-07-09,2189.74,Payment,180
R00004151,C005326,2026-05-10,4013.0,Payment,30
R00004152,C005326,2026-08-08,2508.13,Payment,120
R00004153,C005328,2026-02-09,791.72,Collection,30
R00004154,C005328,2026-03-11,659.77,Payment,60
R00004155,C005328,2026-05-10,494.83,Payment,120
R00004156,C005328,2026-07-09,428.85,Renegotiation,180
R00004157,C005342,2026-08-08,11697.96,Renegotiation,90
R00004158,C005343,2026-02-09,425.13,Collection,30
R00004159,C005343,2026-07-09,230.28,Collection,180
R00004160,C005346,2025-10-08,1425.03,Payment,90
R00004161,C005346,2025-11-07,1187.53,Payment,120
R00004162,C005346,2026-01-06,1029.19,Collection,180
R00004163,C005346,2026-07-05,791.68,Payment,360
R00004164,C005348,2025-09-08,3353.74,Settlement,90
R00004165,C005348,2025-10-08,2794.78,Payment,120
R00004166,C005349,2026-06-09,2559.94,Payment,30
R00004167,C005349,2026-07-09,2133.28,Settlement,60
R00004168,C005350,2026-07-09,12880.98,Settlement,60
R00004169,C005350,2026-08-08,11592.88,Collection,90
R00004170,C005352,2026-06-09,2185.59,Payment,30
R00004171,C005352,2026-07-09,1821.33,Payment,60
R00004172,C005352,2026-08-08,1639.2,Collection,90
R00004173,C005353,2026-08-08,1773.99,Renegotiation,90
R00004174,C005356,2026-06-09,1108.54,Payment,30
R00004175,C005356,2026-07-09,923.79,Renegotiation,60
R00004176,C005356,2026-08-08,831.41,Renegotiation,90
R00004177,C005357,2025-09-09,1089.26,Collection,30
R00004178,C005357,2025-10-09,907.72,Settlement,60
R00004179,C005357,2025-11-08,816.94,Payment,90
R00004180,C005357,2026-02-06,590.02,Collection,180
R00004181,C005361,2025-08-09,947.2,Payment,30
R00004182,C005361,2025-09-08,789.33,Payment,60
R00004183,C005361,2025-11-07,592.0,Payment,120
R00004184,C005361,2026-01-06,513.07,Settlement,180
R00004185,C005362,2025-10-09,6133.7,Payment,60
R00004186,C005362,2026-02-06,3986.91,Settlement,180
R00004187,C005363,2026-07-09,1820.48,Settlement,60
R00004188,C005364,2026-01-09,5387.17,Renegotiation,30
R00004189,C005364,2026-06-08,2918.05,Settlement,180
R00004190,C005366,2026-07-10,182.68,Renegotiation,30
R00004191,C005366,2026-08-09,152.23,Settlement,60
R00004192,C005368,2026-05-10,472.51,Payment,30
R00004193,C005368,2026-06-09,393.76,Payment,60
R00004194,C005368,2026-07-09,354.38,Collection,90
R00004195,C005373,2025-10-10,1773.96,Settlement,30
R00004196,C005373,2025-12-09,1330.47,Payment,90
R00004197,C005383,2025-09-09,1022.48,Payment,30
R00004198,C005383,2025-12-08,639.05,Payment,120
R00004199,C005383,2026-02-06,553.84,Renegotiation,180
R00004200,C005384,2026-02-08,3023.58,Renegotiation,60
R00004201,C005386,2025-06-08,2907.57,Renegotiation,90
R00004202,C005386,2026-03-05,1615.32,Collection,360
R00004203,C005388,2026-04-11,3880.16,Payment,60
R00004204,C005393,2026-01-09,2588.55,Settlement,30
R00004205,C005393,2026-06-08,1402.13,Collection,180
R00004206,C005397,2026-05-10,507.77,Payment,30
R00004207,C005397,2026-08-08,317.36,Settlement,120
R00004208,C005398,2025-03-12,3743.68,Payment,30
R00004209,C005398,2025-04-11,3119.73,Payment,60
R00004210,C005398,2025-05-11,2807.76,Collection,90
R00004211,C005398,2025-06-10,2339.8,Collection,120
R00004212,C005403,2026-07-10,2073.6,Payment,30
R00004213,C005404,2026-08-09,2926.84,Payment,30
R00004214,C005405,2026-04-11,464.45,Renegotiation,60
R00004215,C005405,2026-05-11,418.0,Payment,90
R00004216,C005405,2026-06-10,348.34,Payment,120
R00004217,C005405,2026-08-09,301.89,Payment,180
R00004218,C005407,2026-08-09,2220.15,Collection,30
R00004219,C005412,2026-06-09,1417.01,Payment,30
R00004220,C005412,2026-08-08,1062.76,Payment,90
R00004221,C005413,2025-04-09,1532.48,Payment,30
R00004222,C005413,2025-07-08,957.8,Payment,120
R00004223,C005413,2025-09-06,830.09,Payment,180
R00004224,C005413,2026-03-05,638.53,Payment,360
R00004225,C005421,2025-08-09,7750.62,Renegotiation,30
R00004226,C005421,2025-11-07,4844.14,Settlement,120
R00004227,C005422,2026-06-09,2441.99,Settlement,60
R00004228,C005422,2026-07-09,2197.79,Settlement,90
R00004229,C005430,2026-01-08,9866.43,Payment,90
R00004230,C005430,2026-04-08,7125.75,Payment,180
R00004231,C005432,2026-07-09,1983.75,Renegotiation,90
R00004232,C005432,2026-08-08,1653.12,Payment,120
R00004233,C005434,2026-05-11,3214.68,Renegotiation,90
R00004234,C005434,2026-08-09,2321.71,Payment,180
R00004235,C005439,2025-11-09,3677.12,Payment,30
R00004236,C005439,2025-12-09,3064.27,Collection,60
R00004237,C005439,2026-04-08,1991.77,Payment,180
R00004238,C005442,2026-03-12,1813.7,Payment,30
R00004239,C005442,2026-04-11,1511.42,Collection,60
R00004240,C005442,2026-08-09,982.42,Payment,180
R00004241,C005445,2025-12-10,264.26,Collection,30
R00004242,C005445,2026-02-08,198.2,Settlement,90
R00004243,C005445,2026-03-10,165.16,Payment,120
R00004244,C005445,2026-05-09,143.14,Collection,180
R00004245,C005446,2026-02-09,1652.73,Settlement,30
R00004246,C005446,2026-07-09,895.23,Collection,180
R00004247,C005448,2026-02-09,12988.07,Collection,30
R00004248,C005448,2026-07-09,7035.2,Collection,180
R00004249,C005450,2026-06-08,349.21,Collection,90
R00004250,C005450,2026-07-08,291.01,Renegotiation,120
R00004251,C005456,2026-02-09,1329.42,Payment,30
R00004252,C005456,2026-03-11,1107.85,Collection,60
R00004253,C005456,2026-04-10,997.06,Settlement,90
R00004254,C005457,2026-05-11,2887.46,Collection,90
R00004255,C005457,2026-08-09,2085.39,Renegotiation,180
R00004256,C005461,2026-01-09,3939.15,Payment,30
R00004257,C005461,2026-03-10,2954.36,Payment,90
R00004258,C005462,2025-05-10,828.4,Collection,30
R00004259,C005462,2025-07-09,621.3,Payment,90
R00004260,C005462,2025-08-08,517.75,Settlement,120
R00004261,C005462,2025-10-07,448.72,Renegotiation,180
R00004262,C005463,2026-02-09,930.85,Collection,30
R00004263,C005463,2026-03-11,775.71,Settlement,60
R00004264,C005466,2026-08-09,1511.49,Payment,30
R00004265,C005469,2026-06-08,3724.69,Payment,90
R00004266,C005472,2025-07-10,2007.18,Renegotiation,30
R00004267,C005472,2026-06-05,836.33,Renegotiation,360
R00004268,C005475,2025-06-09,1287.17,Payment,30
R00004269,C005475,2025-07-09,1072.64,Collection,60
R00004270,C005475,2025-09-07,804.48,Payment,120
R00004271,C005475,2025-11-06,697.22,Payment,180
R00004272,C005481,2025-11-07,2755.13,Renegotiation,120
R00004273,C005481,2026-01-06,2387.78,Renegotiation,180
R00004274,C005483,2026-03-12,10434.94,Settlement,30
R00004275,C005483,2026-04-11,8695.78,Renegotiation,60
R00004276,C005486,2025-06-09,700.82,Payment,30
R00004277,C005486,2025-07-09,584.02,Collection,60
R00004278,C005486,2025-08-08,525.61,Payment,90
R00004279,C005486,2025-09-07,438.01,Renegotiation,120
R00004280,C005487,2026-04-11,2967.17,Collection,60
R00004281,C005495,2025-08-08,743.84,Renegotiation,90
R00004282,C005495,2025-11-06,537.22,Payment,180
R00004283,C005495,2026-05-05,413.24,Settlement,360
R00004284,C005496,2025-08-09,288.9,Collection,30
R00004285,C005496,2025-09-08,240.75,Settlement,60
R00004286,C005496,2026-01-06,156.49,Collection,180
R00004287,C005496,2026-07-05,120.37,Collection,360
R00004288,C005501,2025-11-09,4121.37,Payment,30
R00004289,C005501,2026-02-07,2575.85,Payment,120
R00004290,C005504,2026-01-09,1320.76,Settlement,30
R00004291,C005504,2026-03-10,990.57,Payment,90
R00004292,C005504,2026-04-09,825.47,Payment,120
R00004293,C005506,2026-05-10,271.43,Settlement,30
R00004294,C005506,2026-06-09,226.19,Payment,60
R00004295,C005506,2026-07-09,203.57,Renegotiation,90
R00004296,C005506,2026-08-08,169.64,Payment,120
R00004297,C005510,2026-04-11,31652.17,Payment,60
R00004298,C005512,2026-04-09,2201.88,Settlement,30
R00004299,C005512,2026-06-08,1651.41,Payment,90
R00004300,C005514,2026-07-09,288.91,Payment,60
R00004301,C005520,2025-11-09,523.21,Settlement,60
R00004302,C005520,2025-12-09,470.89,Payment,90
R00004303,C005520,2026-01-08,392.41,Renegotiation,120
R00004304,C005520,2026-03-09,340.09,Renegotiation,180
R00004305,C005521,2026-01-09,16026.41,Renegotiation,60
R00004306,C005521,2026-05-09,10417.17,Renegotiation,180
R00004307,C005522,2026-06-09,3858.69,Payment,30
R00004308,C005524,2026-08-09,820.78,Renegotiation,30
R00004309,C005525,2025-10-10,196.69,Payment,30
R00004310,C005525,2025-11-09,163.91,Payment,60
R00004311,C005525,2026-01-08,122.93,Payment,120
R00004312,C005526,2026-01-08,2992.04,Renegotiation,90
R00004313,C005526,2026-02-07,2493.36,Payment,120
R00004314,C005527,2026-03-12,476.47,Collection,30
R00004315,C005527,2026-04-11,397.05,Collection,60
R00004316,C005527,2026-06-10,297.79,Payment,120
R00004317,C005527,2026-08-09,258.09,Renegotiation,180
R00004318,C005531,2025-10-08,2425.6,Payment,90
R00004319,C005531,2025-11-07,2021.33,Payment,120
R00004320,C005531,2026-01-06,1751.82,Settlement,180
R00004321,C005533,2026-08-08,7416.45,Payment,90
R00004322,C005534,2025-09-09,1120.53,Payment,30
R00004323,C005534,2025-11-08,840.4,Payment,90
R00004324,C005534,2026-02-06,606.95,Payment,180
R00004325,C005537,2025-09-08,3649.17,Payment,60
R00004326,C005537,2025-11-07,2736.87,Payment,120
R00004327,C005537,2026-01-06,2371.96,Payment,180
R00004328,C005537,2026-07-05,1824.58,Collection,360
R00004329,C005538,2025-07-10,458.08,Renegotiation,30
R00004330,C005538,2025-09-08,343.56,Settlement,90
R00004331,C005538,2026-06-05,190.87,Payment,360
R00004332,C005539,2026-08-09,1212.42,Settlement,60
R00004333,C005542,2026-08-09,935.96,Payment,60
R00004334,C005545,2025-12-10,2218.68,Renegotiation,30
R00004335,C005545,2026-01-09,1848.9,Payment,60
R00004336,C005546,2025-09-09,1369.56,Payment,30
R00004337,C005546,2025-12-08,855.97,Collection,120
R00004338,C005556,2025-06-09,34190.26,Renegotiation,60
R00004339,C005556,2025-07-09,30771.23,Collection,90
R00004340,C005557,2026-06-08,3255.69,Settlement,90
R00004341,C005557,2026-07-08,2713.07,Settlement,120
R00004342,C005560,2026-07-10,3011.68,Collection,30
R00004343,C005560,2026-08-09,2509.74,Payment,60
R00004344,C005561,2026-04-09,700.43,Payment,30
R00004345,C005561,2026-07-08,437.77,Payment,120
R00004346,C005564,2025-12-10,3302.88,Payment,30
R00004347,C005564,2026-02-08,2477.16,Payment,90
R00004348,C005564,2026-05-09,1789.06,Renegotiation,180
R00004349,C005565,2025-04-09,815.69,Payment,30
R00004350,C005565,2025-05-09,679.74,Settlement,60
R00004351,C005565,2025-09-06,441.83,Settlement,180
R00004352,C005565,2026-03-05,339.87,Renegotiation,360
R00004353,C005566,2026-05-11,3387.13,Payment,90
R00004354,C005566,2026-06-10,2822.61,Renegotiation,120
R00004355,C005566,2026-08-09,2446.26,Payment,180
R00004356,C005567,2025-12-09,1040.33,Payment,60
R00004357,C005567,2026-02-07,780.25,Payment,120
R00004358,C005567,2026-04-08,676.21,Payment,180
R00004359,C005569,2026-05-10,11676.29,Payment,30
R00004360,C005569,2026-08-08,7297.68,Payment,120
R00004361,C005573,2026-08-08,5586.01,Payment,90
R00004362,C005575,2026-06-09,1296.4,Payment,30
R00004363,C005575,2026-07-09,1080.33,Renegotiation,60
R00004364,C005575,2026-08-08,972.3,Payment,90
R00004365,C005577,2025-08-08,1548.38,Collection,120
R00004366,C005577,2025-10-07,1341.93,Collection,180
R00004367,C005579,2026-06-10,638.92,Collection,120
R00004368,C005579,2026-08-09,553.73,Settlement,180
R00004369,C005583,2026-02-09,196.43,Payment,30
R00004370,C005583,2026-04-10,147.33,Renegotiation,90
R00004371,C005583,2026-05-10,122.77,Payment,120
R00004372,C005588,2026-05-10,791.59,Collection,30
R00004373,C005588,2026-08-08,494.75,Payment,120
R00004374,C005590,2026-07-10,1943.25,Payment,30
R00004375,C005590,2026-08-09,1619.38,Renegotiation,60
R00004376,C005594,2026-07-09,1052.16,Renegotiation,90
R00004377,C005595,2026-03-12,2676.4,Renegotiation,30
R00004378,C005595,2026-06-10,1672.75,Collection,120
R00004379,C005599,2025-06-09,1809.53,Payment,30
R00004380,C005599,2025-07-09,1507.94,Payment,60
R00004381,C005599,2025-11-06,980.16,Payment,180
R00004382,C005599,2026-05-05,753.97,Payment,360
R00004383,C005601,2025-11-09,1345.9,Payment,30
R00004384,C005601,2026-01-08,1009.42,Payment,90
R00004385,C005604,2025-12-10,620.06,Settlement,30
R00004386,C005604,2026-01-09,516.72,Settlement,60
R00004387,C005604,2026-05-09,335.87,Settlement,180
R00004388,C005606,2026-01-09,393.74,Payment,60
R00004389,C005606,2026-02-08,354.37,Payment,90
R00004390,C005606,2026-03-10,295.31,Renegotiation,120
R00004391,C005609,2026-02-09,1844.35,Renegotiation,30
R00004392,C005609,2026-04-10,1383.26,Collection,90
R00004393,C005609,2026-05-10,1152.72,Payment,120
R00004394,C005615,2026-03-11,170.5,Settlement,60
R00004395,C005615,2026-07-09,110.82,Renegotiation,180
R00004396,C005621,2026-07-09,11035.84,Payment,90
R00004397,C005621,2026-08-08,9196.53,Payment,120
R00004398,C005624,2026-08-09,801.16,Payment,30
R00004399,C005625,2026-05-11,603.12,Collection,90
R00004400,C005625,2026-08-09,435.59,Renegotiation,180
R00004401,C005629,2026-06-09,4290.97,Renegotiation,60
R00004402,C005629,2026-07-09,3861.88,Renegotiation,90
R00004403,C005630,2026-08-09,2361.57,Collection,60
R00004404,C005631,2025-09-08,1165.06,Payment,90
R00004405,C005631,2025-10-08,970.88,Renegotiation,120
R00004406,C005631,2025-12-07,841.43,Payment,180
R00004407,C005631,2026-06-05,647.26,Renegotiation,360
R00004408,C005636,2025-04-11,1310.09,Settlement,60
R00004409,C005636,2025-05-11,1179.08,Payment,90
R00004410,C005636,2025-08-09,851.56,Settlement,180
R00004411,C005636,2026-02-05,655.05,Collection,360
R00004412,C005637,2025-10-08,1897.59,Settlement,120
R00004413,C005637,2026-06-05,1265.06,Renegotiation,360
R00004414,C005642,2026-01-09,2354.37,Settlement,60
R00004415,C005642,2026-03-10,1765.78,Payment,120
R00004416,C005643,2026-07-10,571.15,Collection,30
R00004417,C005643,2026-08-09,475.96,Renegotiation,60
R00004418,C005646,2026-04-09,720.02,Renegotiation,30
R00004419,C005646,2026-05-09,600.02,Payment,60
R00004420,C005646,2026-07-08,450.01,Payment,120
R00004421,C005648,2026-08-09,4454.36,Payment,60
R00004422,C005651,2026-06-09,2439.59,Settlement,30
R00004423,C005656,2026-03-12,1475.32,Payment,30
R00004424,C005656,2026-04-11,1229.44,Collection,60
R00004425,C005656,2026-08-09,799.13,Renegotiation,180
R00004426,C005659,2026-01-09,10035.36,Payment,60
R00004427,C005659,2026-03-10,7526.52,Payment,120
R00004428,C005659,2026-05-09,6522.98,Payment,180
R00004429,C005660,2026-02-09,3602.31,Payment,30
R00004430,C005660,2026-04-10,2701.73,Settlement,90
R00004431,C005660,2026-07-09,1951.25,Payment,180
R00004432,C005664,2025-12-09,10263.83,Collection,60
R00004433,C005664,2026-02-07,7697.87,Payment,120
R00004434,C005664,2026-04-08,6671.49,Renegotiation,180
R00004435,C005666,2026-02-09,3400.85,Renegotiation,30
R00004436,C005666,2026-03-11,2834.04,Renegotiation,60
R00004437,C005666,2026-04-10,2550.63,Renegotiation,90
R00004438,C005666,2026-07-09,1842.13,Payment,180
R00004439,C005667,2026-03-11,1703.62,Payment,60
R00004440,C005667,2026-07-09,1107.35,Payment,180
R00004441,C005669,2026-05-10,8637.37,Payment,30
R00004442,C005669,2026-06-09,7197.81,Collection,60
R00004443,C005669,2026-08-08,5398.35,Payment,120
R00004444,C005670,2026-08-09,828.58,Collection,30
R00004445,C005675,2025-10-08,6464.11,Payment,90
R00004446,C005675,2025-11-07,5386.75,Payment,120
R00004447,C005675,2026-01-06,4668.52,Renegotiation,180
R00004448,C005675,2026-07-05,3591.17,Payment,360
R00004449,C005676,2025-08-09,433.62,Settlement,30
R00004450,C005676,2025-09-08,361.35,Collection,60
R00004451,C005676,2025-10-08,325.22,Payment,90
R00004452,C005676,2025-11-07,271.01,Renegotiation,120
R00004453,C005677,2026-06-09,1806.05,Payment,60
R00004454,C005678,2026-07-08,1985.17,Payment,120
R00004455,C005680,2025-11-09,2684.01,Renegotiation,60
R00004456,C005680,2025-12-09,2415.61,Settlement,90
R00004457,C005680,2026-03-09,1744.61,Payment,180
R00004458,C005684,2026-01-08,1367.61,Settlement,90
R00004459,C005684,2026-02-07,1139.68,Payment,120
R00004460,C005684,2026-04-08,987.72,Payment,180
R00004461,C005686,2026-03-12,1245.65,Settlement,30
R00004462,C005686,2026-04-11,1038.04,Renegotiation,60
R00004463,C005686,2026-06-10,778.53,Payment,120
R00004464,C005687,2025-12-09,3472.79,Payment,60
R00004465,C005687,2026-01-08,3125.51,Payment,90
R00004466,C005687,2026-02-07,2604.59,Collection,120
R00004467,C005692,2026-02-09,927.77,Payment,30
R00004468,C005692,2026-03-11,773.14,Collection,60
R00004469,C005692,2026-04-10,695.83,Collection,90
R00004470,C005695,2026-07-10,2954.98,Renegotiation,30
R00004471,C005698,2025-08-08,1028.84,Payment,120
R00004472,C005698,2026-04-05,685.9,Payment,360
R00004473,C005699,2025-10-10,20301.76,Payment,30
R00004474,C005699,2026-01-08,12688.6,Renegotiation,120
R00004475,C005699,2026-03-09,10996.79,Payment,180
R00004476,C005703,2026-02-08,2647.41,Collection,60
R00004477,C005703,2026-03-10,2382.67,Collection,90
R00004478,C005704,2025-09-09,401.8,Settlement,30
R00004479,C005704,2025-10-09,334.83,Renegotiation,60
R00004480,C005704,2025-11-08,301.35,Collection,90
R00004481,C005704,2025-12-08,251.12,Payment,120
R00004482,C005705,2026-07-09,8159.87,Collection,60
R00004483,C005705,2026-08-08,7343.89,Settlement,90
R00004484,C005713,2025-10-09,330.79,Settlement,60
R00004485,C005713,2025-11-08,297.71,Payment,90
R00004486,C005713,2025-12-08,248.09,Renegotiation,120
R00004487,C005713,2026-02-06,215.01,Renegotiation,180
R00004488,C005714,2026-08-09,539.86,Collection,30
R00004489,C005721,2026-07-09,1083.98,Renegotiation,90
R00004490,C005721,2026-08-08,903.31,Renegotiation,120
R00004491,C005727,2026-07-10,930.5,Payment,30
R00004492,C005727,2026-08-09,775.42,Payment,60
R00004493,C005730,2025-12-09,304.24,Collection,60
R00004494,C005730,2026-01-08,273.82,Payment,90
R00004495,C005730,2026-02-07,228.18,Renegotiation,120
R00004496,C005731,2026-04-09,22936.82,Renegotiation,30
R00004497,C005732,2026-02-08,942.88,Payment,90
R00004498,C005732,2026-03-10,785.74,Payment,120
R00004499,C005737,2026-07-10,705.69,Payment,30
R00004500,C005739,2025-10-08,260.37,Payment,90
R00004501,C005739,2025-11-07,216.97,Collection,120
R00004502,C005739,2026-01-06,188.04,Collection,180
R00004503,C005739,2026-07-05,144.65,Payment,360
R00004504,C005742,2025-11-09,1000.38,Payment,60
R00004505,C005742,2026-01-08,750.28,Settlement,120
R00004506,C005742,2026-03-09,650.25,Renegotiation,180
R00004507,C005745,2026-04-09,751.52,Collection,30
R00004508,C005745,2026-06-08,563.64,Payment,90
R00004509,C005748,2026-03-12,112.76,Payment,30
R00004510,C005748,2026-05-11,84.57,Renegotiation,90
R00004511,C005748,2026-06-10,70.48,Collection,120
R00004512,C005750,2026-07-09,214.74,Renegotiation,60
R00004513,C005750,2026-08-08,193.26,Payment,90
R00004514,C005751,2026-03-12,2247.68,Payment,30
R00004515,C005751,2026-06-10,1404.8,Collection,120
R00004516,C005751,2026-08-09,1217.49,Collection,180
R00004517,C005755,2026-01-08,1529.13,Collection,120
R00004518,C005755,2026-03-09,1325.24,Collection,180
R00004519,C005757,2026-03-10,14072.57,Renegotiation,90
R00004520,C005757,2026-06-08,10163.52,Collection,180
R00004521,C005758,2026-06-09,8885.99,Collection,30
R00004522,C005759,2025-08-09,10051.44,Payment,30
R00004523,C005759,2026-01-06,5444.53,Renegotiation,180
R00004524,C005762,2025-12-10,702.34,Settlement,30
R00004525,C005762,2026-03-10,438.96,Settlement,120
R00004526,C005762,2026-05-09,380.43,Payment,180
R00004527,C005764,2026-07-10,814.35,Payment,30
R00004528,C005764,2026-08-09,678.63,Collection,60
R00004529,C005768,2026-04-09,9084.82,Payment,30
R00004530,C005768,2026-05-09,7570.69,Settlement,60
R00004531,C005770,2026-06-09,287.2,Payment,30
R00004532,C005777,2026-03-10,10291.5,Payment,120
R00004533,C005778,2026-01-09,288.9,Collection,30
R00004534,C005778,2026-03-10,216.67,Payment,90
R00004535,C005778,2026-06-08,156.49,Collection,180
R00004536,C005780,2026-03-11,3065.2,Payment,60
R00004537,C005780,2026-04-10,2758.68,Settlement,90
R00004538,C005780,2026-07-09,1992.38,Payment,180
R00004539,C005782,2025-12-10,3169.35,Renegotiation,30
R00004540,C005782,2026-01-09,2641.13,Payment,60
R00004541,C005782,2026-03-10,1980.84,Payment,120
R00004542,C005782,2026-05-09,1716.73,Settlement,180
R00004543,C005783,2026-04-11,16564.6,Payment,60
R00004544,C005783,2026-05-11,14908.14,Renegotiation,90
R00004545,C005783,2026-08-09,10766.99,Payment,180
R00004546,C005784,2026-06-09,13265.8,Collection,60
R00004547,C005789,2025-11-09,1818.68,Renegotiation,30
R00004548,C005789,2026-01-08,1364.01,Collection,90
R00004549,C005789,2026-04-08,985.12,Collection,180
R00004550,C005792,2026-06-09,232.77,Payment,30
R00004551,C005792,2026-07-09,193.97,Renegotiation,60
R00004552,C005792,2026-08-08,174.58,Renegotiation,90
R00004553,C005793,2025-06-09,12619.62,Payment,60
R00004554,C005793,2025-08-08,9464.72,Payment,120
R00004555,C005793,2025-10-07,8202.75,Collection,180
R00004556,C005795,2025-10-10,1671.96,Collection,30
R00004557,C005795,2025-11-09,1393.3,Renegotiation,60
R00004558,C005795,2026-03-09,905.64,Settlement,180
R00004559,C005797,2026-06-09,526.88,Renegotiation,60
R00004560,C005797,2026-08-08,395.16,Payment,120
R00004561,C005799,2026-07-09,2929.2,Renegotiation,90
R00004562,C005799,2026-08-08,2441.0,Renegotiation,120
R00004563,C005800,2026-04-09,1065.59,Renegotiation,30
R00004564,C005800,2026-05-09,887.99,Payment,60
R00004565,C005800,2026-06-08,799.19,Payment,90
R00004566,C005803,2026-06-09,587.93,Settlement,60
R00004567,C005803,2026-08-08,440.94,Collection,120
R00004568,C005807,2026-08-08,1085.33,Payment,90
R00004569,C005808,2026-07-10,6587.68,Renegotiation,30
R00004570,C005812,2025-11-09,1416.98,Payment,30
R00004571,C005812,2025-12-09,1180.81,Payment,60
R00004572,C005812,2026-02-07,885.61,Collection,120
R00004573,C005813,2026-03-10,4062.56,Settlement,90
R00004574,C005813,2026-04-09,3385.47,Renegotiation,120
R00004575,C005813,2026-06-08,2934.07,Payment,180
R00004576,C005820,2026-07-10,3378.76,Renegotiation,30
R00004577,C005820,2026-08-09,2815.63,Renegotiation,60
R00004578,C005822,2026-07-10,706.42,Payment,30
R00004579,C005822,2026-08-09,588.68,Settlement,60
R00004580,C005824,2026-08-09,1342.31,Payment,30
R00004581,C005831,2025-12-09,15214.35,Payment,90
R00004582,C005834,2026-08-09,2606.52,Collection,30
R00004583,C005836,2026-01-09,3166.88,Payment,30
R00004584,C005836,2026-06-08,1715.39,Payment,180
R00004585,C005839,2026-04-11,1077.07,Collection,60
R00004586,C005839,2026-08-09,700.09,Collection,180
R00004587,C005841,2026-04-11,2812.49,Renegotiation,60
R00004588,C005841,2026-06-10,2109.37,Payment,120
R00004589,C005842,2026-03-11,947.39,Renegotiation,60
R00004590,C005842,2026-04-10,852.65,Renegotiation,90
R00004591,C005842,2026-05-10,710.54,Settlement,120
R00004592,C005843,2026-07-09,1696.55,Renegotiation,60
R00004593,C005843,2026-08-08,1526.89,Collection,90
R00004594,C005844,2026-08-09,31361.8,Payment,30
R00004595,C005846,2025-07-09,3968.05,Payment,60
R00004596,C005846,2025-08-08,3571.24,Payment,90
R00004597,C005846,2025-09-07,2976.04,Collection,120
R00004598,C005846,2026-05-05,1984.02,Payment,360
R00004599,C005848,2026-02-07,3872.49,Settlement,120
R00004600,C005848,2026-04-08,3356.16,Collection,180
R00004601,C005850,2026-08-08,595.4,Settlement,90
R00004602,C005852,2026-04-11,2988.21,Payment,60
R00004603,C005852,2026-08-09,1942.34,Renegotiation,180
R00004604,C005854,2026-04-09,2855.14,Payment,30
R00004605,C005854,2026-05-09,2379.28,Settlement,60
R00004606,C005854,2026-06-08,2141.35,Payment,90
R00004607,C005857,2026-02-08,330.9,Collection,60
R00004608,C005857,2026-03-10,297.81,Settlement,90
R00004609,C005858,2025-04-11,3813.36,Collection,60
R00004610,C005858,2025-05-11,3432.02,Collection,90
R00004611,C005858,2025-06-10,2860.02,Payment,120
R00004612,C005860,2025-10-10,3258.25,Renegotiation,30
R00004613,C005860,2025-11-09,2715.21,Settlement,60
R00004614,C005860,2026-03-09,1764.88,Payment,180
R00004615,C005863,2026-08-08,254.68,Collection,90
R00004616,C005865,2025-11-08,11114.58,Settlement,90
R00004617,C005865,2025-12-08,9262.15,Payment,120
R00004618,C005865,2026-02-06,8027.2,Renegotiation,180
R00004619,C005865,2026-08-05,6174.77,Collection,360
R00004620,C005866,2025-10-08,421.23,Renegotiation,90
R00004621,C005866,2025-11-07,351.02,Settlement,120
R00004622,C005866,2026-01-06,304.22,Settlement,180
R00004623,C005866,2026-07-05,234.02,Collection,360
R00004624,C005873,2025-11-09,809.56,Collection,30
R00004625,C005873,2026-01-08,607.17,Renegotiation,90
R00004626,C005875,2026-07-10,6354.55,Renegotiation,30
R00004627,C005879,2026-05-09,4187.59,Payment,60
R00004628,C005879,2026-07-08,3140.69,Payment,120
R00004629,C005881,2026-05-09,5042.6,Settlement,60
R00004630,C005881,2026-07-08,3781.95,Payment,120
R00004631,C005884,2026-06-09,13291.87,Collection,30
R00004632,C005886,2025-09-08,1528.83,Renegotiation,60
R00004633,C005886,2026-01-06,993.74,Collection,180
R00004634,C005888,2026-08-09,1631.98,Renegotiation,60
R00004635,C005890,2025-10-09,82.03,Settlement,60
R00004636,C005890,2025-11-08,73.83,Payment,90
R00004637,C005890,2025-12-08,61.52,Collection,120
R00004638,C005890,2026-02-06,53.32,Settlement,180
R00004639,C005893,2026-06-09,2005.69,Payment,30
R00004640,C005894,2026-06-09,1116.29,Settlement,30
R00004641,C005907,2026-03-12,1807.42,Payment,30
R00004642,C005907,2026-04-11,1506.18,Payment,60
R00004643,C005907,2026-05-11,1355.56,Payment,90
R00004644,C005911,2026-06-09,2092.23,Payment,30
R00004645,C005913,2025-07-09,5580.72,Collection,90
R00004646,C005913,2025-08-08,4650.6,Payment,120
R00004647,C005913,2026-04-05,3100.4,Payment,360
R00004648,C005914,2026-08-09,19376.39,Collection,30
R00004649,C005923,2026-02-09,5122.92,Collection,30
R00004650,C005923,2026-03-11,4269.1,Settlement,60
R00004651,C005923,2026-04-10,3842.19,Collection,90
R00004652,C005925,2026-06-09,8158.22,Settlement,30
R00004653,C005925,2026-07-09,6798.52,Collection,60
R00004654,C005926,2025-07-10,1360.57,Renegotiation,30
R00004655,C005926,2025-10-08,850.36,Settlement,120
R00004656,C005929,2026-06-10,2805.1,Collection,120
R00004657,C005934,2025-11-09,3448.61,Settlement,30
R00004658,C005934,2026-01-08,2586.45,Renegotiation,90
R00004659,C005934,2026-04-08,1867.99,Payment,180
R00004660,C005947,2026-04-09,559.11,Collection,30
R00004661,C005947,2026-05-09,465.92,Collection,60
R00004662,C005947,2026-07-08,349.44,Renegotiation,120
R00004663,C005952,2025-08-09,3768.87,Collection,30
R00004664,C005952,2025-11-07,2355.54,Payment,120
R00004665,C005952,2026-01-06,2041.47,Renegotiation,180
R00004666,C005958,2026-05-10,14914.67,Renegotiation,30
R00004667,C005963,2025-04-09,10834.87,Collection,30
R00004668,C005963,2025-07-08,6771.79,Payment,120
R00004669,C005963,2025-09-06,5868.89,Payment,180
R00004670,C005967,2026-02-08,2208.54,Settlement,60
R00004671,C005967,2026-06-08,1435.55,Payment,180
R00004672,C005968,2025-10-09,2704.67,Renegotiation,60
R00004673,C005968,2026-02-06,1758.04,Payment,180
R00004674,C005968,2026-08-05,1352.33,Renegotiation,360
R00004675,C005973,2026-01-09,1711.23,Settlement,30
R00004676,C005973,2026-03-10,1283.42,Payment,90
R00004677,C005978,2025-10-10,939.97,Payment,30
R00004678,C005978,2025-12-09,704.97,Payment,90
R00004679,C005978,2026-01-08,587.48,Renegotiation,120
R00004680,C005979,2026-08-09,4713.32,Renegotiation,30
R00004681,C005982,2026-06-09,999.07,Payment,60
R00004682,C005982,2026-07-09,899.16,Payment,90
R00004683,C005983,2026-02-09,10090.0,Renegotiation,30
R00004684,C005983,2026-05-10,6306.25,Collection,120
R00004685,C005983,2026-07-09,5465.42,Collection,180
R00004686,C005984,2026-02-09,19496.68,Payment,30
R00004687,C005984,2026-03-11,16247.24,Renegotiation,60
R00004688,C005984,2026-07-09,10560.7,Payment,180
R00004689,C005985,2026-07-09,801.41,Payment,60
R00004690,C005985,2026-08-08,721.26,Settlement,90
R00004691,C005989,2025-07-10,667.28,Collection,30
R00004692,C005989,2025-09-08,500.46,Renegotiation,90
R00004693,C005989,2025-10-08,417.05,Payment,120
R00004694,C005990,2026-08-09,437.54,Renegotiation,60
R00004695,C005993,2026-07-09,3105.9,Payment,60
R00004696,C005995,2026-06-09,2886.1,Collection,60
R00004697,C005995,2026-07-09,2597.49,Collection,90
R00004698,C006000,2026-04-09,9275.94,Collection,30
R00004699,C006000,2026-06-08,6956.95,Renegotiation,90
R00004700,C006000,2026-07-08,5797.46,Collection,120
R00004701,C006003,2026-02-08,7768.78,Collection,60
R00004702,C006003,2026-06-08,5049.71,Renegotiation,180
R00004703,C006009,2026-07-09,8004.62,Settlement,60
R00004704,C006009,2026-08-08,7204.16,Payment,90
R00004705,C006012,2026-02-09,638.55,Payment,30
R00004706,C006012,2026-05-10,399.1,Renegotiation,120
R00004707,C006012,2026-07-09,345.88,Payment,180
R00004708,C006014,2025-09-08,1068.33,Renegotiation,90
R00004709,C006014,2025-10-08,890.27,Collection,120
R00004710,C006014,2025-12-07,771.57,Settlement,180
R00004711,C006016,2026-03-12,373.16,Payment,30
R00004712,C006016,2026-04-11,310.97,Settlement,60
R00004713,C006016,2026-05-11,279.87,Payment,90
R00004714,C006017,2026-01-09,3668.26,Collection,30
R00004715,C006017,2026-02-08,3056.88,Payment,60
R00004716,C006017,2026-03-10,2751.2,Payment,90
R00004717,C006017,2026-06-08,1986.97,Payment,180
R00004718,C006020,2026-06-08,1850.15,Renegotiation,180
R00004719,C006021,2026-05-09,21028.1,Renegotiation,60
R00004720,C006025,2026-03-12,1916.32,Renegotiation,30
R00004721,C006025,2026-04-11,1596.93,Renegotiation,60
R00004722,C006025,2026-08-09,1038.0,Collection,180
R00004723,C006027,2026-03-11,5850.62,Settlement,60
R00004724,C006027,2026-04-10,5265.56,Collection,90
R00004725,C006028,2026-04-11,5773.78,Payment,60
R00004726,C006028,2026-08-09,3752.96,Payment,180
R00004727,C006029,2026-07-10,470.46,Settlement,30
R00004728,C006043,2026-08-08,1825.14,Payment,120
R00004729,C006047,2026-04-09,94.34,Renegotiation,30
R00004730,C006047,2026-07-08,58.97,Collection,120
R00004731,C006050,2025-11-09,615.29,Payment,30
R00004732,C006050,2026-01-08,461.47,Collection,90
R00004733,C006052,2025-10-10,6625.3,Payment,30
R00004734,C006052,2025-11-09,5521.08,Renegotiation,60
R00004735,C006052,2026-01-08,4140.81,Collection,120
R00004736,C006052,2026-03-09,3588.7,Settlement,180
R00004737,C006053,2026-06-09,11897.72,Payment,30
R00004738,C006053,2026-07-09,9914.76,Renegotiation,60
R00004739,C006056,2026-08-08,1112.85,Payment,90
R00004740,C006060,2025-09-09,1240.17,Renegotiation,30
R00004741,C006060,2025-11-08,930.13,Payment,90
R00004742,C006060,2025-12-08,775.11,Renegotiation,120
R00004743,C006060,2026-08-05,516.74,Collection,360
R00004744,C006065,2025-11-09,563.36,Payment,30
R00004745,C006065,2026-01-08,422.52,Payment,90
R00004746,C006065,2026-04-08,305.15,Settlement,180
R00004747,C006066,2026-05-09,1970.02,Renegotiation,60
R00004748,C006066,2026-06-08,1773.01,Payment,90
R00004749,C006066,2026-07-08,1477.51,Settlement,120
R00004750,C006070,2026-05-10,741.74,Collection,30
R00004751,C006070,2026-08-08,463.58,Collection,120
R00004752,C006071,2025-12-10,1343.53,Collection,30
R00004753,C006071,2026-03-10,839.71,Payment,120
R00004754,C006073,2026-08-08,7818.16,Payment,90
R00004755,C006074,2026-06-09,897.8,Settlement,60
R00004756,C006074,2026-07-09,808.02,Renegotiation,90
R00004757,C006075,2025-11-07,1892.51,Payment,120
R00004758,C006075,2026-01-06,1640.17,Settlement,180
R00004759,C006076,2025-07-08,3174.68,Renegotiation,120
R00004760,C006076,2025-09-06,2751.39,Settlement,180
R00004761,C006076,2026-03-05,2116.46,Collection,360
R00004762,C006082,2025-08-09,1913.88,Settlement,30
R00004763,C006082,2025-09-08,1594.9,Payment,60
R00004764,C006082,2025-11-07,1196.17,Payment,120
R00004765,C006082,2026-07-05,797.45,Renegotiation,360
R00004766,C006085,2025-11-08,1688.15,Renegotiation,90
R00004767,C006085,2026-08-05,937.86,Payment,360
R00004768,C006086,2026-02-09,13469.68,Settlement,30
R00004769,C006086,2026-04-10,10102.26,Renegotiation,90
R00004770,C006086,2026-05-10,8418.55,Payment,120
R00004771,C006086,2026-07-09,7296.08,Collection,180
R00004772,C006096,2025-08-09,8693.89,Collection,60
R00004773,C006096,2025-09-08,7824.5,Collection,90
R00004774,C006096,2025-12-07,5651.03,Payment,180
R00004775,C006096,2026-06-05,4346.95,Payment,360
R00004776,C006100,2025-10-09,1028.14,Settlement,60
R00004777,C006100,2025-12-08,771.1,Settlement,120
R00004778,C006100,2026-02-06,668.29,Renegotiation,180
R00004779,C006100,2026-08-05,514.07,Collection,360
R00004780,C006103,2026-08-09,843.91,Renegotiation,60
R00004781,C006106,2025-12-09,2455.03,Payment,60
R00004782,C006106,2026-04-08,1595.77,Payment,180
R00004783,C006108,2026-06-09,2387.93,Payment,30
R00004784,C006110,2025-08-09,3254.18,Renegotiation,30
R00004785,C006110,2025-09-08,2711.82,Payment,60
R00004786,C006110,2026-01-06,1762.68,Payment,180
R00004787,C006110,2026-07-05,1355.91,Settlement,360
R00004788,C006113,2025-12-09,2658.94,Collection,90
R00004789,C006113,2026-03-09,1920.35,Payment,180
R00004790,C006114,2026-03-12,3432.76,Settlement,30
R00004791,C006114,2026-04-11,2860.63,Renegotiation,60
R00004792,C006114,2026-06-10,2145.47,Payment,120
R00004793,C006115,2026-01-09,387.62,Collection,30
R00004794,C006115,2026-02-08,323.02,Payment,60
R00004795,C006115,2026-04-09,242.26,Payment,120
R00004796,C006120,2025-06-09,5842.63,Collection,60
R00004797,C006120,2025-07-09,5258.36,Renegotiation,90
R00004798,C006121,2026-08-09,2223.84,Settlement,30
R00004799,C006125,2026-07-10,3439.08,Payment,30
R00004800,C006128,2026-04-08,1028.81,Payment,180
R00004801,C006129,2026-03-12,4214.82,Payment,30
R00004802,C006129,2026-04-11,3512.35,Payment,60
R00004803,C006129,2026-06-10,2634.26,Payment,120
R00004804,C006131,2026-01-09,662.3,Renegotiation,30
R00004805,C006131,2026-02-08,551.92,Settlement,60
R00004806,C006131,2026-03-10,496.72,Collection,90
R00004807,C006131,2026-04-09,413.94,Payment,120
R00004808,C006133,2026-03-11,452.25,Payment,60
R00004809,C006133,2026-05-10,339.19,Collection,120
R00004810,C006133,2026-07-09,293.96,Payment,180
R00004811,C006135,2026-08-08,7870.39,Payment,90
R00004812,C006140,2026-06-09,901.61,Renegotiation,30
R00004813,C006140,2026-07-09,751.34,Payment,60
R00004814,C006141,2025-11-09,1182.34,Settlement,60
R00004815,C006141,2025-12-09,1064.11,Payment,90
R00004816,C006141,2026-01-08,886.75,Renegotiation,120
R00004817,C006141,2026-03-09,768.52,Settlement,180
R00004818,C006146,2026-07-10,7125.9,Payment,30
R00004819,C006152,2026-02-07,5987.15,Renegotiation,120
R00004820,C006154,2026-03-12,1606.72,Renegotiation,30
R00004821,C006154,2026-04-11,1338.93,Payment,60
R00004822,C006154,2026-05-11,1205.04,Payment,90
R00004823,C006156,2025-09-09,7282.64,Settlement,30
R00004824,C006156,2025-11-08,5461.98,Renegotiation,90
R00004825,C006159,2025-12-08,1062.3,Renegotiation,120
R00004826,C006159,2026-08-05,708.2,Settlement,360
R00004827,C006160,2026-08-09,686.83,Payment,60
R00004828,C006163,2026-06-08,241.91,Renegotiation,90
R00004829,C006163,2026-07-08,201.59,Payment,120
R00004830,C006164,2025-07-10,4285.4,Payment,30
R00004831,C006164,2025-09-08,3214.05,Collection,90
R00004832,C006164,2025-10-08,2678.38,Payment,120
R00004833,C006168,2026-01-08,1603.85,Renegotiation,90
R00004834,C006168,2026-02-07,1336.54,Payment,120
R00004835,C006168,2026-04-08,1158.34,Payment,180
R00004836,C006170,2026-02-09,10300.56,Payment,30
R00004837,C006170,2026-03-11,8583.8,Payment,60
R00004838,C006170,2026-04-10,7725.42,Payment,90
R00004839,C006170,2026-05-10,6437.85,Payment,120
R00004840,C006171,2026-06-09,807.83,Renegotiation,30
R00004841,C006174,2026-01-08,3211.65,Settlement,90
R00004842,C006174,2026-02-07,2676.38,Renegotiation,120
R00004843,C006174,2026-04-08,2319.53,Payment,180
R00004844,C006175,2026-06-09,947.18,Renegotiation,30
R00004845,C006176,2025-05-09,547.38,Payment,60
R00004846,C006176,2025-07-08,410.53,Collection,120
R00004847,C006176,2026-03-05,273.69,Payment,360
R00004848,C006177,2025-08-09,1991.72,Renegotiation,30
R00004849,C006177,2025-10-08,1493.79,Settlement,90
R00004850,C006178,2026-01-09,20946.77,Payment,30
R00004851,C006178,2026-04-09,13091.73,Settlement,120
R00004852,C006179,2026-03-10,1969.21,Payment,90
R00004853,C006179,2026-04-09,1641.01,Payment,120
R00004854,C006182,2026-06-09,18705.05,Payment,30
R00004855,C006189,2026-05-10,1060.07,Payment,30
R00004856,C006189,2026-06-09,883.39,Payment,60
R00004857,C006189,2026-08-08,662.54,Collection,120
R00004858,C006190,2025-10-08,2615.17,Settlement,120
R00004859,C006190,2025-12-07,2266.48,Payment,180
R00004860,C006191,2026-08-08,1212.24,Renegotiation,120
R00004861,C006195,2026-01-09,2384.54,Payment,30
R00004862,C006195,2026-03-10,1788.4,Payment,90
R00004863,C006196,2025-05-10,2158.07,Collection,30
R00004864,C006196,2025-08-08,1348.79,Payment,120
R00004865,C006196,2026-04-05,899.19,Payment,360
R00004866,C006206,2025-06-08,673.03,Payment,90
R00004867,C006206,2025-09-06,486.08,Renegotiation,180
R00004868,C006206,2026-03-05,373.9,Payment,360
R00004869,C006208,2026-06-09,854.79,Payment,60
R00004870,C006210,2026-01-09,3144.72,Renegotiation,30
R00004871,C006210,2026-06-08,1703.39,Collection,180
R00004872,C006214,2026-06-09,1353.73,Collection,30
R00004873,C006216,2025-06-09,2146.02,Payment,30
R00004874,C006216,2025-07-09,1788.35,Settlement,60
R00004875,C006216,2025-08-08,1609.51,Settlement,90
R00004876,C006219,2025-06-09,8923.09,Payment,30
R00004877,C006219,2025-09-07,5576.93,Settlement,120
R00004878,C006219,2025-11-06,4833.34,Settlement,180
R00004879,C006219,2026-05-05,3717.96,Renegotiation,360
R00004880,C006227,2026-08-09,839.66,Renegotiation,30
R00004881,C006231,2026-06-09,8663.17,Payment,30
R00004882,C006233,2025-08-09,1663.9,Collection,60
R00004883,C006233,2025-10-08,1247.93,Payment,120
R00004884,C006233,2025-12-07,1081.54,Payment,180
R00004885,C006233,2026-06-05,831.95,Renegotiation,360
R00004886,C006238,2025-09-08,29191.78,Payment,60
R00004887,C006238,2026-07-05,14595.89,Collection,360
R00004888,C006242,2026-06-08,8328.74,Settlement,90
R00004889,C006242,2026-07-08,6940.61,Renegotiation,120
R00004890,C006243,2025-05-09,2122.83,Payment,60
R00004891,C006243,2025-07-08,1592.12,Collection,120
R00004892,C006243,2025-09-06,1379.84,Payment,180
R00004893,C006243,2026-03-05,1061.41,Renegotiation,360
R00004894,C006248,2025-06-09,2335.09,Renegotiation,30
R00004895,C006248,2025-09-07,1459.43,Payment,120
R00004896,C006249,2026-07-09,33331.4,Settlement,90
R00004897,C006251,2025-06-09,12906.42,Renegotiation,30
R00004898,C006251,2025-07-09,10755.35,Settlement,60
R00004899,C006251,2026-05-05,5377.68,Payment,360
R00004900,C006253,2026-06-09,308.69,Payment,30
R00004901,C006253,2026-08-08,231.52,Settlement,90
R00004902,C006255,2026-06-09,1582.64,Payment,60
R00004903,C006255,2026-07-09,1424.37,Payment,90
R00004904,C006255,2026-08-08,1186.98,Payment,120
R00004905,C006263,2025-12-10,1173.54,Payment,30
R00004906,C006263,2026-02-08,880.15,Settlement,90
R00004907,C006263,2026-03-10,733.46,Payment,120
R00004908,C006263,2026-05-09,635.67,Payment,180
R00004909,C006268,2026-07-09,1628.34,Payment,60
R00004910,C006268,2026-08-08,1465.51,Renegotiation,90
R00004911,C006269,2026-08-09,1312.89,Payment,60
R00004912,C006275,2026-07-09,1878.95,Payment,60
R00004913,C006276,2025-09-09,5504.22,Payment,30
R00004914,C006276,2025-11-08,4128.17,Collection,90
R00004915,C006276,2025-12-08,3440.14,Payment,120
R00004916,C006280,2025-06-09,672.0,Payment,30
R00004917,C006280,2025-08-08,504.0,Payment,90
R00004918,C006280,2025-09-07,420.0,Payment,120
R00004919,C006280,2025-11-06,364.0,Settlement,180
R00004920,C006281,2026-06-09,621.54,Payment,30
R00004921,C006281,2026-08-08,466.16,Payment,90
R00004922,C006288,2025-06-09,1670.79,Payment,60
R00004923,C006288,2025-07-09,1503.71,Payment,90
R00004924,C006288,2025-08-08,1253.09,Renegotiation,120
R00004925,C006288,2025-10-07,1086.01,Renegotiation,180
R00004926,C006290,2026-08-09,161.43,Renegotiation,60
R00004927,C006291,2026-02-08,12236.44,Payment,60
R00004928,C006291,2026-06-08,7953.69,Collection,180
R00004929,C006292,2026-06-09,22553.6,Payment,30
R00004930,C006292,2026-07-09,18794.67,Payment,60
R00004931,C006297,2025-06-09,2918.97,Renegotiation,30
R00004932,C006297,2025-08-08,2189.23,Settlement,90
R00004933,C006297,2025-09-07,1824.36,Renegotiation,120
R00004934,C006298,2026-04-09,6968.47,Payment,120
R00004935,C006301,2026-04-11,19461.94,Renegotiation,60
R00004936,C006301,2026-05-11,17515.75,Payment,90
R00004937,C006306,2026-04-09,233.13,Payment,30
R00004938,C006306,2026-05-09,194.28,Settlement,60
R00004939,C006306,2026-06-08,174.85,Renegotiation,90
R00004940,C006306,2026-07-08,145.71,Payment,120
R00004941,C006307,2026-05-09,1370.64,Payment,60
R00004942,C006307,2026-06-08,1233.57,Renegotiation,90
R00004943,C006311,2026-01-09,4212.92,Renegotiation,60
R00004944,C006311,2026-02-08,3791.63,Payment,90
R00004945,C006315,2026-06-09,8708.25,Payment,60
R00004946,C006319,2026-02-07,8266.73,Payment,120
R00004947,C006320,2026-06-09,566.07,Payment,30
R00004948,C006320,2026-07-09,471.72,Renegotiation,60
R00004949,C006322,2025-12-09,767.11,Payment,60
R00004950,C006322,2026-01-08,690.4,Settlement,90
R00004951,C006322,2026-02-07,575.33,Payment,120
R00004952,C006323,2025-12-10,269.95,Settlement,30
R00004953,C006323,2026-01-09,224.96,Collection,60
R00004954,C006324,2026-06-09,587.58,Payment,30
R00004955,C006324,2026-08-08,440.68,Collection,90
R00004956,C006325,2026-06-09,329.78,Renegotiation,30
R00004957,C006340,2025-08-09,2497.8,Payment,30
R00004958,C006340,2025-11-07,1561.13,Payment,120
R00004959,C006340,2026-01-06,1352.98,Payment,180
R00004960,C006340,2026-07-05,1040.75,Collection,360
R00004961,C006342,2026-03-11,496.73,Settlement,60
R00004962,C006342,2026-04-10,447.06,Payment,90
R00004963,C006342,2026-05-10,372.55,Renegotiation,120
R00004964,C006351,2026-07-10,2898.02,Payment,30
R00004965,C006351,2026-08-09,2415.01,Payment,60
R00004966,C006353,2025-12-10,2879.07,Payment,30
R00004967,C006353,2026-01-09,2399.22,Renegotiation,60
R00004968,C006353,2026-05-09,1559.5,Renegotiation,180
R00004969,C006355,2025-09-08,2003.35,Settlement,60
R00004970,C006355,2026-01-06,1302.17,Settlement,180
R00004971,C006356,2026-06-09,10921.23,Renegotiation,60
R00004972,C006356,2026-07-09,9829.11,Renegotiation,90
R00004973,C006357,2026-03-12,512.75,Settlement,30
R00004974,C006357,2026-06-10,320.47,Payment,120
R00004975,C006357,2026-08-09,277.74,Renegotiation,180
R00004976,C006358,2026-04-09,696.77,Payment,120
R00004977,C006358,2026-06-08,603.87,Payment,180
R00004978,C006359,2026-07-10,2121.47,Renegotiation,30
R00004979,C006364,2025-06-09,3787.97,Payment,30
R00004980,C006364,2025-07-09,3156.64,Collection,60
R00004981,C006364,2025-08-08,2840.97,Renegotiation,90
R00004982,C006368,2025-07-10,834.14,Renegotiation,30
R00004983,C006368,2025-08-09,695.11,Payment,60
R00004984,C006368,2025-10-08,521.33,Payment,120
R00004985,C006368,2025-12-07,451.82,Payment,180
R00004986,C006369,2026-05-09,1302.26,Payment,60
R00004987,C006369,2026-07-08,976.69,Payment,120
R00004988,C006373,2026-02-09,525.95,Payment,30
R00004989,C006373,2026-04-10,394.46,Settlement,90
R00004990,C006373,2026-07-09,284.89,Payment,180
R00004991,C006375,2026-05-10,718.12,Collection,30
R00004992,C006375,2026-08-08,448.83,Collection,120
R00004993,C006376,2026-08-09,1542.46,Settlement,60
R00004994,C006377,2026-06-09,5583.89,Collection,30
R00004995,C006377,2026-07-09,4653.24,Settlement,60
R00004996,C006378,2026-07-10,499.6,Collection,30
R00004997,C006383,2025-10-10,4934.12,Settlement,30
R00004998,C006383,2025-11-09,4111.76,Payment,60
R00004999,C006383,2026-01-08,3083.82,Collection,120
R00005000,C006383,2026-03-09,2672.65,Payment,180
R00005001,C006384,2025-12-10,5365.06,Renegotiation,30
R00005002,C006384,2026-05-09,2906.07,Payment,180
R00005003,C006385,2026-05-10,169.77,Settlement,30
R00005004,C006385,2026-07-09,127.33,Renegotiation,90
R00005005,C006385,2026-08-08,106.11,Payment,120
R00005006,C006387,2026-03-12,1194.63,Collection,30
R00005007,C006387,2026-05-11,895.97,Renegotiation,90
R00005008,C006387,2026-08-09,647.09,Payment,180
R00005009,C006391,2025-03-12,2262.5,Collection,30
R00005010,C006391,2025-04-11,1885.42,Payment,60
R00005011,C006391,2025-05-11,1696.88,Payment,90
R00005012,C006391,2025-08-09,1225.52,Payment,180
R00005013,C006394,2026-07-10,13001.56,Payment,30
R00005014,C006394,2026-08-09,10834.63,Payment,60
R00005015,C006395,2026-05-10,629.56,Collection,30
R00005016,C006395,2026-06-09,524.63,Payment,60
R00005017,C006396,2026-02-08,4482.88,Payment,90
R00005018,C006398,2026-04-10,3147.69,Renegotiation,90
R00005019,C006398,2026-07-09,2273.33,Renegotiation,180
R00005020,C006400,2025-07-08,3538.91,Payment,120
R00005021,C006400,2025-09-06,3067.06,Payment,180
R00005022,C006400,2026-03-05,2359.27,Payment,360
R00005023,C006402,2026-06-09,497.37,Payment,30
R00005024,C006402,2026-08-08,373.03,Payment,90
R00005025,C006408,2025-10-10,799.91,Collection,30
R00005026,C006408,2025-12-09,599.93,Payment,90
R00005027,C006408,2026-01-08,499.94,Payment,120
R00005028,C006408,2026-03-09,433.28,Collection,180
R00005029,C006409,2026-06-08,5902.73,Payment,90
R00005030,C006410,2025-07-09,3700.33,Collection,90
R00005031,C006410,2025-08-08,3083.61,Renegotiation,120
R00005032,C006410,2026-04-05,2055.74,Payment,360
R00005033,C006416,2025-10-08,4798.97,Payment,90
R00005034,C006416,2025-11-07,3999.14,Collection,120
R00005035,C006417,2026-07-10,1053.31,Renegotiation,30
R00005036,C006418,2025-12-10,426.32,Payment,30
R00005037,C006418,2026-01-09,355.26,Renegotiation,60
R00005038,C006418,2026-02-08,319.74,Settlement,90
R00005039,C006420,2026-08-08,13082.92,Renegotiation,90
R00005040,C006421,2026-03-11,15548.15,Payment,60
R00005041,C006421,2026-04-10,13993.34,Settlement,90
R00005042,C006421,2026-07-09,10106.3,Settlement,180
R00005043,C006423,2026-03-12,509.69,Collection,30
R00005044,C006423,2026-04-11,424.74,Payment,60
R00005045,C006423,2026-05-11,382.26,Payment,90
R00005046,C006423,2026-06-10,318.55,Collection,120
R00005047,C006424,2026-06-09,988.52,Renegotiation,30
R00005048,C006425,2026-02-08,479.93,Settlement,60
R00005049,C006425,2026-04-09,359.94,Payment,120
R00005050,C006425,2026-06-08,311.95,Payment,180
R00005051,C006428,2026-03-09,23844.96,Renegotiation,180
R00005052,C006430,2025-11-09,1311.34,Settlement,60
R00005053,C006430,2025-12-09,1180.21,Payment,90
R00005054,C006431,2025-11-09,1460.46,Payment,30
R00005055,C006431,2026-02-07,912.79,Renegotiation,120
R00005056,C006431,2026-04-08,791.08,Payment,180
R00005057,C006432,2025-04-09,2038.22,Payment,30
R00005058,C006432,2025-09-06,1104.04,Settlement,180
R00005059,C006434,2025-11-08,907.99,Payment,90
R00005060,C006434,2025-12-08,756.66,Collection,120
R00005061,C006434,2026-08-05,504.44,Payment,360
R00005062,C006438,2026-03-12,3061.97,Collection,30
R00005063,C006438,2026-04-11,2551.64,Collection,60
R00005064,C006439,2026-05-10,1324.21,Collection,30
R00005065,C006439,2026-06-09,1103.5,Renegotiation,60
R00005066,C006439,2026-07-09,993.15,Payment,90
R00005067,C006440,2026-02-07,23515.04,Payment,120
R00005068,C006440,2026-04-08,20379.7,Payment,180
R00005069,C006443,2026-03-12,2382.91,Settlement,30
R00005070,C006446,2026-06-09,12899.37,Collection,30
R00005071,C006455,2026-01-09,1455.26,Renegotiation,30
R00005072,C006455,2026-04-09,909.54,Payment,120
R00005073,C006456,2026-07-10,3654.26,Payment,30
R00005074,C006456,2026-08-09,3045.22,Payment,60
R00005075,C006457,2026-07-10,3329.05,Payment,30
R00005076,C006457,2026-08-09,2774.21,Payment,60
R00005077,C006458,2025-09-07,25202.5,Payment,120
R00005078,C006458,2026-05-05,16801.67,Settlement,360
R00005079,C006459,2026-06-09,566.79,Payment,60
R00005080,C006459,2026-07-09,510.11,Renegotiation,90
R00005081,C006459,2026-08-08,425.09,Payment,120
R00005082,C006461,2025-11-08,1237.91,Renegotiation,90
R00005083,C006461,2025-12-08,1031.59,Payment,120
R00005084,C006461,2026-02-06,894.05,Payment,180
R00005085,C006461,2026-08-05,687.73,Payment,360
R00005086,C006463,2026-05-10,1823.89,Settlement,30
R00005087,C006463,2026-06-09,1519.91,Collection,60
R00005088,C006465,2026-06-09,13333.76,Settlement,60
R00005089,C006465,2026-08-08,10000.32,Payment,120
R00005090,C006472,2025-10-09,1255.3,Renegotiation,60
R00005091,C006472,2025-11-08,1129.77,Collection,90
R00005092,C006472,2025-12-08,941.47,Renegotiation,120
R00005093,C006472,2026-02-06,815.94,Settlement,180
R00005094,C006479,2026-02-09,253.87,Renegotiation,30
R00005095,C006479,2026-03-11,211.56,Payment,60
R00005096,C006479,2026-05-10,158.67,Payment,120
R00005097,C006479,2026-07-09,137.51,Collection,180
R00005098,C006481,2026-08-09,3221.77,Payment,30
R00005099,C006485,2025-12-09,6687.51,Renegotiation,60
R00005100,C006485,2026-04-08,4346.88,Payment,180
R00005101,C006487,2026-05-10,3120.47,Payment,30
R00005102,C006487,2026-06-09,2600.39,Collection,60
R00005103,C006487,2026-07-09,2340.35,Settlement,90
R00005104,C006488,2026-03-11,11407.15,Renegotiation,60
R00005105,C006489,2026-06-08,2207.93,Payment,90
R00005106,C006490,2026-04-09,1718.37,Collection,30
R00005107,C006490,2026-06-08,1288.78,Collection,90
R00005108,C006491,2026-04-11,829.29,Payment,60
R00005109,C006491,2026-06-10,621.97,Renegotiation,120
R00005110,C006492,2026-08-09,3308.41,Payment,30
R00005111,C006493,2026-07-10,524.09,Renegotiation,30
R00005112,C006494,2026-07-10,1448.72,Payment,30
R00005113,C006498,2026-07-09,2575.28,Payment,60
R00005114,C006501,2026-05-10,485.99,Collection,30
R00005115,C006501,2026-06-09,405.0,Payment,60
R00005116,C006501,2026-08-08,303.75,Payment,120
R00005117,C006502,2025-06-09,769.6,Payment,30
R00005118,C006502,2025-07-09,641.33,Settlement,60
R00005119,C006502,2025-09-07,481.0,Renegotiation,120
R00005120,C006502,2025-11-06,416.87,Payment,180
R00005121,C006505,2025-05-10,850.24,Renegotiation,30
R00005122,C006505,2025-08-08,531.4,Payment,120
R00005123,C006505,2025-10-07,460.55,Collection,180
R00005124,C006505,2026-04-05,354.27,Payment,360
R00005125,C006506,2026-01-08,895.16,Settlement,90
R00005126,C006506,2026-02-07,745.96,Settlement,120
R00005127,C006507,2026-04-09,1635.32,Payment,30
R00005128,C006507,2026-07-08,1022.08,Settlement,120
R00005129,C006510,2025-12-09,549.28,Payment,90
R00005130,C006510,2026-01-08,457.73,Collection,120
R00005131,C006510,2026-03-09,396.7,Renegotiation,180
R00005132,C006519,2025-12-10,2206.94,Collection,30
R00005133,C006519,2026-02-08,1655.2,Renegotiation,90
R00005134,C006521,2025-12-10,870.14,Payment,30
R00005135,C006521,2026-01-09,725.12,Collection,60
R00005136,C006521,2026-03-10,543.84,Settlement,120
R00005137,C006521,2026-05-09,471.33,Payment,180
R00005138,C006523,2025-07-10,1215.97,Payment,30
R00005139,C006523,2025-08-09,1013.31,Renegotiation,60
R00005140,C006523,2025-09-08,911.98,Payment,90
R00005141,C006523,2026-06-05,506.66,Payment,360
R00005142,C006525,2025-09-09,1832.75,Payment,30
R00005143,C006525,2025-11-08,1374.56,Payment,90
R00005144,C006525,2025-12-08,1145.47,Payment,120
R00005145,C006525,2026-02-06,992.74,Collection,180
R00005146,C006527,2026-04-09,687.66,Payment,120
R00005147,C006530,2026-06-09,2068.59,Payment,60
R00005148,C006531,2025-07-09,2578.74,Payment,60
R00005149,C006531,2025-08-08,2320.86,Collection,90
R00005150,C006532,2026-07-08,2660.72,Renegotiation,120
R00005151,C006541,2025-06-09,1593.53,Settlement,30
R00005152,C006541,2025-09-07,995.96,Payment,120
R00005153,C006541,2026-05-05,663.97,Payment,360
R00005154,C006542,2026-03-11,2995.7,Renegotiation,60
R00005155,C006542,2026-05-10,2246.78,Payment,120
R00005156,C006542,2026-07-09,1947.21,Payment,180
R00005157,C006543,2026-06-09,5972.76,Payment,30
R00005158,C006544,2026-01-09,3513.18,Payment,30
R00005159,C006544,2026-03-10,2634.89,Collection,90
R00005160,C006544,2026-04-09,2195.74,Collection,120
R00005161,C006546,2026-04-09,2119.5,Collection,30
R00005162,C006546,2026-05-09,1766.25,Settlement,60
R00005163,C006548,2026-08-09,1749.56,Renegotiation,30
R00005164,C006550,2026-06-09,689.59,Settlement,30
R00005165,C006550,2026-07-09,574.66,Payment,60
R00005166,C006550,2026-08-08,517.19,Payment,90
R00005167,C006552,2025-09-09,2076.3,Payment,30
R00005168,C006552,2025-10-09,1730.25,Payment,60
R00005169,C006552,2025-12-08,1297.69,Payment,120
R00005170,C006553,2025-10-09,1200.82,Collection,60
R00005171,C006553,2025-11-08,1080.74,Collection,90
R00005172,C006553,2026-02-06,780.53,Payment,180
R00005173,C006553,2026-08-05,600.41,Collection,360
R00005174,C006554,2026-03-11,149.73,Payment,60
R00005175,C006554,2026-05-10,112.3,Payment,120
R00005176,C006554,2026-07-09,97.33,Payment,180
R00005177,C006559,2025-11-09,4433.32,Collection,30
R00005178,C006559,2025-12-09,3694.43,Payment,60
R00005179,C006559,2026-01-08,3324.99,Payment,90
R00005180,C006559,2026-04-08,2401.38,Renegotiation,180
R00005181,C006563,2025-10-10,34765.74,Payment,30
R00005182,C006563,2026-03-09,18831.44,Collection,180
R00005183,C006567,2026-05-11,2830.93,Renegotiation,90
R00005184,C006568,2026-07-09,566.83,Settlement,60
R00005185,C006568,2026-08-08,510.14,Collection,90
R00005186,C006569,2026-08-09,284.62,Renegotiation,60
R00005187,C006573,2026-05-10,3652.19,Payment,30
R00005188,C006580,2025-08-09,1061.53,Renegotiation,30
R00005189,C006580,2025-09-08,884.61,Settlement,60
R00005190,C006580,2025-11-07,663.46,Renegotiation,120
R00005191,C006580,2026-07-05,442.31,Settlement,360
R00005192,C006585,2025-08-08,1362.71,Payment,90
R00005193,C006585,2025-09-07,1135.59,Collection,120
R00005194,C006585,2025-11-06,984.18,Payment,180
R00005195,C006588,2026-08-09,1543.66,Settlement,60
R00005196,C006593,2026-04-10,1615.34,Collection,90
R00005197,C006593,2026-05-10,1346.12,Collection,120
R00005198,C006598,2026-01-09,1866.87,Collection,60
R00005199,C006598,2026-02-08,1680.18,Collection,90
R00005200,C006598,2026-03-10,1400.15,Payment,120
R00005201,C006602,2025-05-10,1679.61,Renegotiation,30
R00005202,C006602,2025-06-09,1399.68,Settlement,60
R00005203,C006602,2025-10-07,909.79,Payment,180
R00005204,C006602,2026-04-05,699.84,Payment,360
R00005205,C006607,2026-07-10,679.69,Collection,30
R00005206,C006607,2026-08-09,566.41,Renegotiation,60
R00005207,C006610,2026-03-12,713.36,Renegotiation,30
R00005208,C006610,2026-05-11,535.02,Settlement,90
R00005209,C006613,2025-05-10,2615.57,Settlement,30
R00005210,C006613,2025-10-07,1416.77,Payment,180
R00005211,C006613,2026-04-05,1089.82,Renegotiation,360
R00005212,C006620,2026-04-11,780.47,Payment,60
R00005213,C006620,2026-06-10,585.36,Renegotiation,120
R00005214,C006620,2026-08-09,507.31,Payment,180
R00005215,C006621,2026-01-06,3979.86,Payment,180
R00005216,C006621,2026-07-05,3061.43,Renegotiation,360
R00005217,C006622,2026-05-09,964.79,Settlement,60
R00005218,C006622,2026-06-08,868.31,Settlement,90
R00005219,C006626,2026-07-10,1670.51,Payment,30
R00005220,C006627,2025-08-09,1352.22,Renegotiation,60
R00005221,C006627,2025-09-08,1217.0,Settlement,90
R00005222,C006627,2026-06-05,676.11,Payment,360
R00005223,C006630,2025-11-08,4681.59,Settlement,90
R00005224,C006630,2026-02-06,3381.15,Payment,180
R00005225,C006631,2025-12-09,49.4,Renegotiation,90
R00005226,C006631,2026-01-08,41.17,Collection,120
R00005227,C006631,2026-03-09,35.68,Payment,180
R00005228,C006633,2026-03-11,1161.41,Collection,60
R00005229,C006633,2026-07-09,754.91,Payment,180
R00005230,C006636,2025-06-09,1028.31,Renegotiation,60
R00005231,C006636,2025-08-08,771.23,Settlement,120
R00005232,C006636,2025-10-07,668.4,Payment,180
R00005233,C006636,2026-04-05,514.16,Settlement,360
R00005234,C006647,2026-07-09,441.02,Collection,60
R00005235,C006647,2026-08-08,396.92,Collection,90
R00005236,C006648,2026-07-10,1291.35,Renegotiation,30
R00005237,C006649,2026-07-09,2522.57,Payment,60
R00005238,C006652,2026-06-09,2133.85,Settlement,60
R00005239,C006652,2026-07-09,1920.46,Settlement,90
R00005240,C006652,2026-08-08,1600.38,Settlement,120
R00005241,C006653,2026-05-10,2259.16,Renegotiation,30
R00005242,C006661,2026-04-09,902.03,Renegotiation,30
R00005243,C006661,2026-06-08,676.52,Collection,90
R00005244,C006663,2026-02-08,939.55,Collection,60
R00005245,C006663,2026-04-09,704.66,Payment,120
R00005246,C006663,2026-06-08,610.71,Settlement,180
R00005247,C006664,2026-08-09,1489.09,Payment,60
R00005248,C006669,2025-12-10,3801.91,Payment,30
R00005249,C006669,2026-01-09,3168.26,Payment,60
R00005250,C006670,2026-05-10,2165.08,Payment,30
R00005251,C006670,2026-06-09,1804.24,Collection,60
R00005252,C006672,2025-11-09,1790.97,Payment,30
R00005253,C006672,2025-12-09,1492.48,Collection,60
R00005254,C006672,2026-02-07,1119.36,Payment,120
R00005255,C006673,2026-02-08,6771.22,Settlement,60
R00005256,C006673,2026-03-10,6094.1,Collection,90
R00005257,C006673,2026-04-09,5078.42,Renegotiation,120
R00005258,C006673,2026-06-08,4401.29,Payment,180
R00005259,C006674,2026-07-09,4877.18,Renegotiation,60
R00005260,C006676,2025-10-10,499.12,Payment,30
R00005261,C006676,2025-11-09,415.94,Payment,60
R00005262,C006683,2026-08-09,1363.17,Renegotiation,30
R00005263,C006684,2026-03-12,3938.58,Collection,30
R00005264,C006684,2026-04-11,3282.15,Payment,60
R00005265,C006688,2026-07-10,1018.18,Settlement,30
R00005266,C006688,2026-08-09,848.48,Renegotiation,60
R00005267,C006689,2026-07-10,1801.04,Payment,30
R00005268,C006689,2026-08-09,1500.87,Collection,60
R00005269,C006695,2026-07-10,32720.43,Collection,30
R00005270,C006695,2026-08-09,27267.02,Payment,60
R00005271,C006696,2026-02-08,1999.49,Renegotiation,60
R00005272,C006696,2026-03-10,1799.54,Payment,90
R00005273,C006696,2026-04-09,1499.62,Payment,120
R00005274,C006700,2026-06-09,8304.86,Payment,30
R00005275,C006700,2026-08-08,6228.65,Payment,90
R00005276,C006702,2025-08-08,1145.49,Renegotiation,90
R00005277,C006702,2025-11-06,827.3,Payment,180
R00005278,C006702,2026-05-05,636.39,Payment,360
R00005279,C006704,2026-01-08,3841.34,Payment,120
R00005280,C006704,2026-03-09,3329.16,Payment,180
R00005281,C006715,2026-07-08,3004.3,Collection,120
R00005282,C006719,2026-06-09,3975.79,Collection,30
R00005283,C006719,2026-07-09,3313.16,Collection,60
R00005284,C006721,2026-08-09,278.06,Renegotiation,60
R00005285,C006727,2026-01-09,1047.28,Payment,30
R00005286,C006727,2026-02-08,872.74,Payment,60
R00005287,C006727,2026-03-10,785.46,Collection,90
R00005288,C006732,2026-08-08,9501.47,Settlement,90
R00005289,C006733,2025-07-09,2704.39,Payment,90
R00005290,C006733,2025-08-08,2253.66,Renegotiation,120
R00005291,C006733,2025-10-07,1953.17,Settlement,180
R00005292,C006733,2026-04-05,1502.44,Collection,360
R00005293,C006735,2026-04-09,1234.11,Settlement,30
R00005294,C006735,2026-05-09,1028.42,Payment,60
R00005295,C006740,2026-03-11,10824.39,Payment,60
R00005296,C006740,2026-07-09,7035.85,Collection,180
R00005297,C006742,2025-12-10,850.33,Payment,30
R00005298,C006742,2026-01-09,708.61,Renegotiation,60
R00005299,C006742,2026-02-08,637.74,Payment,90
R00005300,C006742,2026-05-09,460.59,Payment,180
R00005301,C006747,2026-02-09,1842.52,Renegotiation,30
R00005302,C006747,2026-04-10,1381.89,Collection,90
R00005303,C006752,2026-01-09,994.02,Settlement,60
R00005304,C006752,2026-03-10,745.51,Settlement,120
R00005305,C006754,2026-03-11,2189.09,Payment,60
R00005306,C006754,2026-04-10,1970.18,Payment,90
R00005307,C006754,2026-05-10,1641.82,Collection,120
R00005308,C006755,2026-04-11,765.44,Renegotiation,60
R00005309,C006755,2026-05-11,688.9,Settlement,90
R00005310,C006755,2026-06-10,574.08,Collection,120
R00005311,C006757,2026-05-09,526.33,Payment,60
R00005312,C006757,2026-06-08,473.69,Payment,90
R00005313,C006759,2025-09-09,4408.71,Collection,30
R00005314,C006759,2025-11-08,3306.53,Payment,90
R00005315,C006759,2026-08-05,1836.96,Payment,360
R00005316,C006762,2025-11-09,670.06,Payment,60
R00005317,C006762,2026-01-08,502.55,Payment,120
R00005318,C006763,2025-12-10,418.57,Settlement,30
R00005319,C006763,2026-01-09,348.81,Collection,60
R00005320,C006763,2026-02-08,313.92,Payment,90
R00005321,C006767,2026-07-10,5019.58,Settlement,30
R00005322,C006770,2025-09-09,489.76,Settlement,30
R00005323,C006770,2025-11-08,367.32,Payment,90
R00005324,C006770,2025-12-08,306.1,Renegotiation,120
R00005325,C006770,2026-02-06,265.29,Payment,180
R00005326,C006773,2025-12-10,2644.85,Settlement,30
R00005327,C006773,2026-01-09,2204.04,Payment,60
R00005328,C006773,2026-03-10,1653.03,Renegotiation,120
R00005329,C006773,2026-05-09,1432.63,Payment,180
R00005330,C006777,2025-10-10,9039.69,Payment,30
R00005331,C006777,2025-11-09,7533.07,Settlement,60
R00005332,C006777,2026-03-09,4896.5,Renegotiation,180
R00005333,C006779,2025-09-08,9220.03,Settlement,60
R00005334,C006779,2025-10-08,8298.03,Renegotiation,90
R00005335,C006779,2026-07-05,4610.02,Collection,360
R00005336,C006781,2025-11-09,8069.06,Payment,30
R00005337,C006781,2025-12-09,6724.22,Payment,60
R00005338,C006781,2026-01-08,6051.8,Collection,90
R00005339,C006782,2025-10-10,513.72,Renegotiation,30
R00005340,C006782,2025-11-09,428.1,Payment,60
R00005341,C006782,2025-12-09,385.29,Payment,90
R00005342,C006784,2026-01-09,899.88,Collection,30
R00005343,C006784,2026-02-08,749.9,Payment,60
R00005344,C006784,2026-03-10,674.91,Payment,90
R00005345,C006784,2026-04-09,562.43,Collection,120
R00005346,C006787,2026-06-09,14111.64,Payment,60
R00005347,C006787,2026-07-09,12700.48,Collection,90
R00005348,C006788,2026-06-09,4315.73,Payment,30
R00005349,C006788,2026-08-08,3236.8,Payment,90
R00005350,C006790,2026-04-09,474.79,Payment,30
R00005351,C006790,2026-05-09,395.65,Collection,60
R00005352,C006790,2026-07-08,296.74,Payment,120
R00005353,C006797,2026-01-09,2530.3,Payment,30
R00005354,C006797,2026-03-10,1897.72,Payment,90
R00005355,C006797,2026-06-08,1370.58,Collection,180
R00005356,C006798,2025-09-09,2330.04,Collection,30
R00005357,C006798,2025-11-08,1747.53,Payment,90
R00005358,C006798,2026-08-05,970.85,Payment,360
R00005359,C006802,2026-07-10,4561.32,Renegotiation,30
R00005360,C006802,2026-08-09,3801.1,Payment,60
R00005361,C006803,2026-08-08,2193.14,Payment,120
R00005362,C006804,2026-08-09,475.37,Payment,30
R00005363,C006806,2026-02-08,1251.77,Settlement,60
R00005364,C006806,2026-03-10,1126.59,Renegotiation,90
R00005365,C006806,2026-04-09,938.83,Payment,120
R00005366,C006807,2026-07-10,2477.26,Settlement,30
R00005367,C006809,2026-06-09,4540.62,Renegotiation,30
R00005368,C006810,2026-06-09,12153.94,Payment,30
R00005369,C006814,2025-10-10,4570.56,Payment,30
R00005370,C006814,2025-11-09,3808.8,Settlement,60
R00005371,C006817,2026-08-09,2864.44,Payment,30
R00005372,C006819,2026-05-10,26647.75,Payment,30
R00005373,C006819,2026-06-09,22206.46,Payment,60
R00005374,C006826,2026-02-09,1432.84,Renegotiation,30
R00005375,C006826,2026-03-11,1194.03,Collection,60
R00005376,C006827,2026-05-10,997.75,Settlement,30
R00005377,C006827,2026-06-09,831.45,Collection,60
R00005378,C006827,2026-07-09,748.31,Payment,90
R00005379,C006837,2025-06-09,2924.19,Payment,30
R00005380,C006837,2025-07-09,2436.82,Collection,60
R00005381,C006837,2026-05-05,1218.41,Payment,360
R00005382,C006838,2026-07-10,1526.81,Renegotiation,30
R00005383,C006838,2026-08-09,1272.34,Renegotiation,60
R00005384,C006839,2026-03-11,1646.05,Settlement,60
R00005385,C006839,2026-04-10,1481.45,Collection,90
R00005386,C006839,2026-05-10,1234.54,Renegotiation,120
R00005387,C006839,2026-07-09,1069.93,Payment,180
R00005388,C006845,2025-11-09,453.33,Settlement,30
R00005389,C006845,2025-12-09,377.78,Collection,60
R00005390,C006845,2026-04-08,245.56,Collection,180
R00005391,C006847,2025-12-10,1635.62,Settlement,30
R00005392,C006847,2026-01-09,1363.01,Payment,60
R00005393,C006847,2026-05-09,885.96,Payment,180
R00005394,C006848,2025-10-09,1152.05,Payment,60
R00005395,C006848,2025-11-08,1036.84,Settlement,90
R00005396,C006848,2026-08-05,576.02,Renegotiation,360
R00005397,C006850,2026-08-09,1474.15,Settlement,60
R00005398,C006853,2025-07-10,2188.7,Settlement,30
R00005399,C006853,2025-08-09,1823.92,Payment,60
R00005400,C006853,2025-10-08,1367.94,Payment,120
R00005401,C006853,2026-06-05,911.96,Settlement,360
R00005402,C006855,2026-03-10,7100.26,Payment,90
R00005403,C006855,2026-04-09,5916.88,Payment,120
R00005404,C006855,2026-06-08,5127.96,Payment,180
R00005405,C006858,2026-03-12,2014.0,Renegotiation,30
R00005406,C006858,2026-04-11,1678.33,Payment,60
R00005407,C006860,2026-01-09,2365.8,Renegotiation,30
R00005408,C006860,2026-03-10,1774.35,Payment,90
R00005409,C006862,2026-08-09,286.05,Collection,60
R00005410,C006864,2026-06-09,1325.76,Collection,60
R00005411,C006864,2026-07-09,1193.18,Payment,90
R00005412,C006865,2026-01-09,8953.92,Collection,30
R00005413,C006865,2026-03-10,6715.44,Payment,90
R00005414,C006865,2026-06-08,4850.04,Payment,180
R00005415,C006866,2025-12-09,9397.84,Renegotiation,60
R00005416,C006866,2026-04-08,6108.6,Renegotiation,180
R00005417,C006869,2025-08-09,1177.59,Collection,60
R00005418,C006869,2025-10-08,883.19,Payment,120
R00005419,C006869,2026-06-05,588.79,Payment,360
R00005420,C006873,2025-11-09,2039.76,Settlement,30
R00005421,C006873,2026-01-08,1529.82,Collection,90
R00005422,C006874,2025-10-10,1128.6,Renegotiation,30
R00005423,C006874,2025-12-09,846.45,Payment,90
R00005424,C006874,2026-01-08,705.37,Settlement,120
R00005425,C006879,2026-03-12,23798.88,Payment,30
R00005426,C006879,2026-04-11,19832.4,Payment,60
R00005427,C006880,2026-06-09,1498.9,Renegotiation,30
R00005428,C006880,2026-08-08,1124.17,Renegotiation,90
R00005429,C006891,2026-07-10,1412.16,Collection,30
R00005430,C006898,2026-02-09,1223.07,Payment,30
R00005431,C006898,2026-03-11,1019.22,Payment,60
R00005432,C006900,2026-05-10,1561.74,Collection,30
R00005433,C006900,2026-06-09,1301.45,Payment,60
R00005434,C006902,2026-02-08,15176.22,Payment,60
R00005435,C006904,2026-07-10,654.65,Renegotiation,30
R00005436,C006904,2026-08-09,545.55,Collection,60
R00005437,C006905,2026-01-09,633.79,Renegotiation,30
R00005438,C006905,2026-04-09,396.12,Payment,120
R00005439,C006908,2026-08-09,2537.54,Collection,30
R00005440,C006909,2026-06-09,1422.28,Payment,30
R00005441,C006909,2026-07-09,1185.23,Settlement,60
R00005442,C006912,2026-05-10,9115.78,Payment,30
R00005443,C006913,2026-04-09,3280.96,Payment,30
R00005444,C006913,2026-05-09,2734.14,Renegotiation,60
R00005445,C006918,2025-09-09,5581.28,Payment,30
R00005446,C006918,2025-10-09,4651.07,Payment,60
R00005447,C006918,2025-11-08,4185.96,Renegotiation,90
R00005448,C006918,2026-02-06,3023.19,Payment,180
R00005449,C006921,2026-06-09,10107.76,Settlement,60
R00005450,C006921,2026-08-08,7580.82,Renegotiation,120
R00005451,C006927,2026-04-11,8041.78,Payment,60
R00005452,C006927,2026-05-11,7237.6,Settlement,90
R00005453,C006927,2026-06-10,6031.33,Payment,120
R00005454,C006927,2026-08-09,5227.16,Renegotiation,180
R00005455,C006929,2025-09-09,1559.43,Payment,30
R00005456,C006929,2026-08-05,649.76,Collection,360
R00005457,C006932,2026-06-09,16004.46,Settlement,60
R00005458,C006932,2026-08-08,12003.35,Payment,120
R00005459,C006933,2025-07-09,2156.71,Payment,90
R00005460,C006933,2026-04-05,1198.17,Payment,360
R00005461,C006941,2026-07-08,384.05,Collection,120
R00005462,C006942,2026-03-10,830.36,Payment,90
R00005463,C006942,2026-04-09,691.97,Collection,120
R00005464,C006942,2026-06-08,599.71,Payment,180
R00005465,C006946,2026-03-12,3619.39,Payment,30
R00005466,C006946,2026-08-09,1960.5,Payment,180
R00005467,C006953,2026-03-11,501.2,Settlement,60
R00005468,C006954,2026-08-09,1093.74,Renegotiation,30
R00005469,C006956,2025-09-09,1189.03,Collection,30
R00005470,C006956,2026-02-06,644.06,Renegotiation,180
R00005471,C006961,2025-11-09,411.1,Payment,30
R00005472,C006961,2026-02-07,256.94,Settlement,120
R00005473,C006961,2026-04-08,222.68,Collection,180
R00005474,C006969,2025-10-10,704.03,Payment,30
R00005475,C006969,2025-12-09,528.02,Collection,90
R00005476,C006969,2026-01-08,440.02,Payment,120
R00005477,C006969,2026-03-09,381.35,Settlement,180
R00005478,C006971,2026-04-09,3709.53,Collection,30
R00005479,C006973,2025-07-10,2082.78,Collection,30
R00005480,C006973,2025-09-08,1562.08,Settlement,90
R00005481,C006973,2025-12-07,1128.17,Payment,180
R00005482,C006973,2026-06-05,867.82,Renegotiation,360
R00005483,C006977,2026-06-09,29062.67,Payment,30
R00005484,C006982,2026-07-10,10375.78,Collection,30
R00005485,C006983,2026-04-09,8371.24,Renegotiation,120
R00005486,C006983,2026-06-08,7255.08,Payment,180
R00005487,C006984,2026-06-09,1716.42,Renegotiation,30
R00005488,C006984,2026-08-08,1287.31,Collection,90
R00005489,C006985,2025-07-09,15255.21,Collection,60
R00005490,C006985,2025-08-08,13729.69,Renegotiation,90
R00005491,C006985,2025-11-06,9915.88,Settlement,180
R00005492,C006986,2026-06-09,21042.65,Payment,30
R00005493,C006986,2026-07-09,17535.54,Payment,60
R00005494,C006986,2026-08-08,15781.99,Collection,90
R00005495,C006987,2026-01-09,2466.8,Payment,60
R00005496,C006987,2026-05-09,1603.42,Payment,180
R00005497,C006988,2026-01-09,369.83,Settlement,30
R00005498,C006988,2026-03-10,277.38,Renegotiation,90
R00005499,C006988,2026-06-08,200.33,Renegotiation,180
R00005500,C006991,2026-08-09,374.82,Payment,30
R00005501,C006997,2026-07-10,17557.36,Renegotiation,30
R00005502,C006997,2026-08-09,14631.13,Payment,60
R00005503,C007000,2026-08-09,3381.67,Collection,60
R00005504,C007006,2025-11-09,416.13,Collection,30
R00005505,C007006,2025-12-09,346.78,Collection,60
R00005506,C007006,2026-02-07,260.08,Payment,120
R00005507,C007007,2026-03-12,7340.7,Collection,30
R00005508,C007007,2026-04-11,6117.25,Collection,60
R00005509,C007011,2026-04-09,5909.54,Payment,30
R00005510,C007011,2026-05-09,4924.61,Payment,60
R00005511,C007011,2026-07-08,3693.46,Collection,120
R00005512,C007015,2026-07-10,1967.63,Payment,30
R00005513,C007015,2026-08-09,1639.69,Renegotiation,60
R00005514,C007020,2026-01-09,645.63,Renegotiation,30
R00005515,C007020,2026-04-09,403.52,Payment,120
R00005516,C007023,2026-05-10,3026.38,Collection,30
R00005517,C007023,2026-07-09,2269.78,Renegotiation,90
R00005518,C007024,2026-05-10,560.37,Payment,30
R00005519,C007024,2026-06-09,466.97,Renegotiation,60
R00005520,C007024,2026-07-09,420.28,Payment,90
R00005521,C007033,2026-07-09,544.55,Settlement,90
R00005522,C007033,2026-08-08,453.79,Renegotiation,120
R00005523,C007034,2025-06-09,1211.48,Renegotiation,60
R00005524,C007034,2025-07-09,1090.33,Payment,90
R00005525,C007034,2025-08-08,908.61,Payment,120
R00005526,C007034,2025-10-07,787.46,Collection,180
R00005527,C007035,2026-08-08,2727.7,Settlement,90
R00005528,C007037,2026-03-12,620.75,Settlement,30
R00005529,C007037,2026-05-11,465.56,Payment,90
R00005530,C007037,2026-06-10,387.97,Payment,120
R00005531,C007041,2026-01-09,263.15,Payment,30
R00005532,C007041,2026-02-08,219.29,Settlement,60
R00005533,C007041,2026-03-10,197.36,Renegotiation,90
R00005534,C007044,2026-02-08,1134.84,Collection,60
R00005535,C007044,2026-03-10,1021.35,Settlement,90
R00005536,C007044,2026-04-09,851.13,Settlement,120
R00005537,C007044,2026-06-08,737.64,Settlement,180
R00005538,C007046,2026-07-10,2648.06,Payment,30
R00005539,C007049,2026-07-09,1078.75,Payment,90
R00005540,C007049,2026-08-08,898.96,Collection,120
R00005541,C007051,2026-08-09,2342.84,Payment,30
R00005542,C007052,2026-03-10,17257.33,Settlement,90
R00005543,C007052,2026-04-09,14381.11,Payment,120
R00005544,C007052,2026-06-08,12463.63,Renegotiation,180
R00005545,C007053,2026-07-10,564.63,Payment,30
R00005546,C007057,2026-02-09,1010.75,Payment,30
R00005547,C007057,2026-05-10,631.72,Payment,120
R00005548,C007057,2026-07-09,547.49,Payment,180
R00005549,C007058,2026-05-09,1566.29,Collection,180
R00005550,C007059,2025-11-09,2005.07,Collection,30
R00005551,C007059,2026-02-07,1253.17,Settlement,120
R00005552,C007063,2026-07-10,4727.43,Payment,30
R00005553,C007063,2026-08-09,3939.53,Collection,60
R00005554,C007065,2026-02-08,2963.5,Payment,90
R00005555,C007065,2026-05-09,2140.31,Settlement,180
R00005556,C007066,2025-10-09,24409.93,Payment,60
R00005557,C007066,2026-08-05,12204.96,Collection,360
R00005558,C007067,2025-09-08,1365.35,Payment,60
R00005559,C007067,2025-10-08,1228.82,Payment,90
R00005560,C007067,2025-11-07,1024.02,Settlement,120
R00005561,C007067,2026-07-05,682.68,Payment,360
R00005562,C007072,2026-08-09,5151.9,Collection,30
R00005563,C007077,2025-10-09,1973.05,Settlement,60
R00005564,C007077,2026-02-06,1282.48,Payment,180
R00005565,C007077,2026-08-05,986.52,Payment,360
R00005566,C007078,2026-06-09,745.76,Payment,30
R00005567,C007078,2026-07-09,621.47,Payment,60
R00005568,C007078,2026-08-08,559.32,Collection,90
R00005569,C007080,2025-10-09,5497.23,Renegotiation,60
R00005570,C007080,2026-08-05,2748.61,Renegotiation,360
R00005571,C007084,2025-09-09,1117.11,Renegotiation,30
R00005572,C007084,2025-12-08,698.2,Renegotiation,120
R00005573,C007084,2026-08-05,465.46,Payment,360
R00005574,C007085,2025-12-09,6838.82,Payment,60
R00005575,C007085,2026-01-08,6154.93,Renegotiation,90
R00005576,C007088,2026-05-10,1584.76,Collection,30
R00005577,C007090,2026-06-09,733.61,Payment,30
R00005578,C007090,2026-07-09,611.34,Payment,60
R00005579,C007091,2026-06-09,1474.24,Renegotiation,60
R00005580,C007091,2026-08-08,1105.68,Settlement,120
R00005581,C007096,2026-04-11,5066.24,Payment,60
R00005582,C007096,2026-05-11,4559.61,Settlement,90
R00005583,C007097,2026-08-09,6349.44,Payment,60
R00005584,C007098,2025-05-10,5224.1,Renegotiation,30
R00005585,C007098,2025-07-09,3918.07,Settlement,90
R00005586,C007098,2025-08-08,3265.06,Payment,120
R00005587,C007098,2026-04-05,2176.71,Renegotiation,360
R00005588,C007099,2026-04-09,5021.36,Collection,30
R00005589,C007099,2026-06-08,3766.02,Settlement,90
R00005590,C007099,2026-07-08,3138.35,Collection,120
R00005591,C007101,2025-05-09,8050.99,Payment,60
R00005592,C007101,2025-06-08,7245.89,Renegotiation,90
R00005593,C007101,2025-07-08,6038.24,Payment,120
R00005594,C007101,2026-03-05,4025.49,Payment,360
R00005595,C007103,2026-06-09,603.37,Collection,30
R00005596,C007103,2026-08-08,452.52,Payment,90
R00005597,C007104,2026-02-08,1932.9,Collection,60
R00005598,C007104,2026-04-09,1449.67,Collection,120
R00005599,C007104,2026-06-08,1256.38,Settlement,180
R00005600,C007107,2026-08-09,2509.33,Renegotiation,30
R00005601,C007108,2026-02-09,1246.53,Payment,30
R00005602,C007108,2026-05-10,779.08,Payment,120
R00005603,C007109,2026-08-09,8947.72,Settlement,60
R00005604,C007112,2026-01-08,2165.93,Payment,90
R00005605,C007112,2026-02-07,1804.94,Collection,120
R00005606,C007112,2026-04-08,1564.28,Collection,180
R00005607,C007113,2025-11-06,2733.8,Payment,180
R00005608,C007113,2026-05-05,2102.92,Collection,360
R00005609,C007114,2026-03-10,16161.55,Payment,120
R00005610,C007114,2026-05-09,14006.68,Settlement,180
R00005611,C007117,2026-04-10,1085.62,Collection,90
R00005612,C007117,2026-07-09,784.06,Payment,180
R00005613,C007118,2026-06-09,1989.82,Renegotiation,30
R00005614,C007119,2026-07-10,1186.11,Payment,30
R00005615,C007120,2026-08-08,867.37,Payment,90
R00005616,C007126,2025-12-10,1356.99,Payment,30
R00005617,C007126,2026-01-09,1130.83,Renegotiation,60
R00005618,C007127,2026-02-09,1637.22,Renegotiation,30
R00005619,C007127,2026-03-11,1364.35,Settlement,60
R00005620,C007127,2026-07-09,886.83,Collection,180
R00005621,C007128,2026-04-09,1412.59,Payment,30
R00005622,C007128,2026-06-08,1059.44,Collection,90
R00005623,C007128,2026-07-08,882.87,Collection,120
R00005624,C007130,2026-07-10,555.92,Renegotiation,30
R00005625,C007130,2026-08-09,463.27,Payment,60
R00005626,C007135,2025-08-09,7239.62,Payment,30
R00005627,C007135,2025-10-08,5429.72,Renegotiation,90
R00005628,C007137,2025-11-09,3078.1,Payment,60
R00005629,C007137,2026-01-08,2308.58,Renegotiation,120
R00005630,C007139,2026-06-09,8342.61,Renegotiation,30
R00005631,C007139,2026-08-08,6256.96,Payment,90
R00005632,C007140,2025-12-09,2274.91,Settlement,60
R00005633,C007140,2026-02-07,1706.18,Collection,120
R00005634,C007144,2026-03-11,983.24,Payment,60
R00005635,C007144,2026-05-10,737.43,Collection,120
R00005636,C007144,2026-07-09,639.1,Payment,180
R00005637,C007145,2026-05-11,848.62,Payment,90
R00005638,C007145,2026-06-10,707.18,Collection,120
R00005639,C007145,2026-08-09,612.89,Payment,180
R00005640,C007146,2026-06-09,10411.78,Renegotiation,30
R00005641,C007146,2026-07-09,8676.49,Settlement,60
R00005642,C007146,2026-08-08,7808.84,Payment,90
R00005643,C007155,2025-08-09,3086.79,Renegotiation,60
R00005644,C007155,2025-12-07,2006.41,Payment,180
R00005645,C007162,2025-12-10,5164.24,Collection,30
R00005646,C007162,2026-01-09,4303.53,Payment,60
R00005647,C007162,2026-03-10,3227.65,Payment,120
R00005648,C007162,2026-05-09,2797.3,Renegotiation,180
R00005649,C007163,2025-12-09,1159.13,Collection,60
R00005650,C007163,2026-02-07,869.35,Renegotiation,120
R00005651,C007165,2026-06-09,1789.81,Collection,30
R00005652,C007172,2026-07-08,1660.05,Settlement,120
R00005653,C007176,2026-02-08,2477.41,Renegotiation,60
R00005654,C007176,2026-03-10,2229.67,Settlement,90
R00005655,C007176,2026-06-08,1610.32,Payment,180
R00005656,C007183,2025-11-09,745.22,Settlement,30
R00005657,C007183,2026-02-07,465.76,Renegotiation,120
R00005658,C007183,2026-04-08,403.66,Payment,180
R00005659,C007184,2026-07-10,1992.38,Collection,30
R00005660,C007184,2026-08-09,1660.32,Payment,60
R00005661,C007185,2026-07-10,6446.25,Renegotiation,30
R00005662,C007186,2026-02-08,4377.07,Settlement,60
R00005663,C007186,2026-03-10,3939.36,Payment,90
R00005664,C007188,2025-10-10,619.2,Payment,30
R00005665,C007188,2025-11-09,516.0,Payment,60
R00005666,C007188,2025-12-09,464.4,Payment,90
R00005667,C007188,2026-01-08,387.0,Payment,120
R00005668,C007189,2026-07-09,1961.0,Payment,90
R00005669,C007189,2026-08-08,1634.16,Payment,120
R00005670,C007190,2026-03-12,3903.92,Settlement,30
R00005671,C007190,2026-04-11,3253.27,Collection,60
R00005672,C007192,2026-04-09,862.74,Renegotiation,30
R00005673,C007192,2026-05-09,718.95,Payment,60
R00005674,C007192,2026-06-08,647.06,Payment,90
R00005675,C007198,2026-04-10,564.43,Collection,90
R00005676,C007198,2026-07-09,407.65,Payment,180
R00005677,C007201,2026-05-10,1421.77,Collection,30
R00005678,C007201,2026-08-08,888.61,Settlement,120
R00005679,C007205,2026-05-10,1226.15,Payment,120
R00005680,C007205,2026-07-09,1062.67,Payment,180
R00005681,C007206,2026-02-09,458.35,Renegotiation,30
R00005682,C007206,2026-04-10,343.77,Payment,90
R00005683,C007206,2026-05-10,286.47,Payment,120
R00005684,C007207,2025-12-10,540.02,Payment,30
R00005685,C007207,2026-01-09,450.02,Payment,60
R00005686,C007207,2026-02-08,405.02,Payment,90
R00005687,C007207,2026-05-09,292.51,Payment,180
R00005688,C007208,2026-07-10,4533.79,Payment,30
R00005689,C007211,2025-05-10,1665.9,Payment,30
R00005690,C007211,2025-06-09,1388.25,Payment,60
R00005691,C007211,2025-07-09,1249.42,Renegotiation,90
R00005692,C007211,2026-04-05,694.12,Renegotiation,360
R00005693,C007214,2025-10-10,3376.35,Payment,30
R00005694,C007214,2025-12-09,2532.26,Payment,90
R00005695,C007214,2026-01-08,2110.22,Renegotiation,120
R00005696,C007217,2026-02-08,2163.19,Payment,90
R00005697,C007217,2026-03-10,1802.66,Collection,120
R00005698,C007217,2026-05-09,1562.3,Renegotiation,180
R00005699,C007218,2026-04-09,6562.68,Payment,30
R00005700,C007218,2026-05-09,5468.9,Payment,60
R00005701,C007220,2025-09-09,796.17,Renegotiation,30
R00005702,C007220,2025-10-09,663.48,Payment,60
R00005703,C007220,2025-12-08,497.61,Renegotiation,120
R00005704,C007220,2026-08-05,331.74,Payment,360
R00005705,C007221,2025-12-10,871.72,Collection,30
R00005706,C007221,2026-02-08,653.79,Collection,90
R00005707,C007221,2026-03-10,544.82,Payment,120
R00005708,C007222,2026-07-09,1257.43,Payment,60
R00005709,C007222,2026-08-08,1131.69,Payment,90
R00005710,C007224,2026-02-08,4192.65,Renegotiation,60
R00005711,C007224,2026-03-10,3773.39,Renegotiation,90
R00005712,C007224,2026-04-09,3144.49,Payment,120
R00005713,C007224,2026-06-08,2725.22,Payment,180
R00005714,C007227,2026-06-09,2540.23,Renegotiation,60
R00005715,C007228,2025-04-09,866.93,Payment,30
R00005716,C007228,2025-09-06,469.59,Renegotiation,180
R00005717,C007228,2026-03-05,361.22,Collection,360
R00005718,C007231,2026-01-09,395.14,Payment,30
R00005719,C007231,2026-06-08,214.03,Collection,180
R00005720,C007233,2026-08-09,3565.42,Settlement,30
R00005721,C007234,2026-02-09,3080.82,Collection,30
R00005722,C007234,2026-03-11,2567.35,Payment,60
R00005723,C007234,2026-04-10,2310.62,Renegotiation,90
R00005724,C007235,2025-07-10,1066.26,Renegotiation,30
R00005725,C007235,2025-08-09,888.55,Renegotiation,60
R00005726,C007235,2025-10-08,666.41,Renegotiation,120
R00005727,C007235,2025-12-07,577.56,Payment,180
R00005728,C007240,2025-12-09,1064.49,Renegotiation,60
R00005729,C007240,2026-02-07,798.37,Payment,120
R00005730,C007241,2026-08-08,4266.95,Collection,120
R00005731,C007242,2026-01-09,312.84,Collection,30
R00005732,C007242,2026-04-09,195.53,Payment,120
R00005733,C007242,2026-06-08,169.46,Collection,180
R00005734,C007246,2025-07-10,1581.27,Collection,30
R00005735,C007246,2025-08-09,1317.72,Collection,60
R00005736,C007246,2025-09-08,1185.95,Settlement,90
R00005737,C007246,2025-12-07,856.52,Collection,180
R00005738,C007248,2025-10-10,3727.55,Collection,30
R00005739,C007248,2025-12-09,2795.66,Payment,90
R00005740,C007248,2026-03-09,2019.09,Collection,180
R00005741,C007251,2026-06-08,2232.83,Collection,90
R00005742,C007251,2026-07-08,1860.69,Renegotiation,120
R00005743,C007259,2025-07-09,877.68,Payment,90
R00005744,C007259,2025-08-08,731.4,Settlement,120
R00005745,C007259,2025-10-07,633.88,Payment,180
R00005746,C007260,2025-07-09,1501.19,Renegotiation,60
R00005747,C007260,2025-08-08,1351.07,Renegotiation,90
R00005748,C007261,2026-06-08,2289.69,Payment,90
R00005749,C007261,2026-07-08,1908.07,Renegotiation,120
R00005750,C007264,2026-07-10,777.76,Payment,30
R00005751,C007266,2026-02-09,1859.31,Payment,30
R00005752,C007266,2026-04-10,1394.49,Payment,90
R00005753,C007266,2026-05-10,1162.07,Payment,120
R00005754,C007268,2026-06-09,2430.59,Payment,60
R00005755,C007268,2026-08-08,1822.94,Payment,120
R00005756,C007277,2026-06-09,937.6,Payment,60
R00005757,C007277,2026-08-08,703.2,Settlement,120
R00005758,C007278,2026-01-08,4140.3,Renegotiation,120
R00005759,C007278,2026-03-09,3588.26,Payment,180
R00005760,C007287,2026-07-10,1497.16,Settlement,30
R00005761,C007288,2025-03-12,1792.31,Collection,30
R00005762,C007288,2025-04-11,1493.59,Payment,60
R00005763,C007288,2025-08-09,970.84,Collection,180
R00005764,C007291,2026-05-10,10334.75,Collection,30
R00005765,C007291,2026-07-09,7751.06,Payment,90
R00005766,C007291,2026-08-08,6459.22,Payment,120
R00005767,C007295,2026-05-09,551.04,Payment,60
R00005768,C007295,2026-07-08,413.28,Renegotiation,120
R00005769,C007300,2026-07-09,1188.36,Payment,90
R00005770,C007305,2025-08-09,11262.61,Settlement,30
R00005771,C007305,2025-10-08,8446.96,Collection,90
R00005772,C007305,2026-01-06,6100.58,Renegotiation,180
R00005773,C007305,2026-07-05,4692.75,Settlement,360
R00005774,C007307,2026-05-10,1328.19,Payment,30
R00005775,C007307,2026-07-09,996.14,Renegotiation,90
R00005776,C007312,2026-03-10,1310.27,Renegotiation,90
R00005777,C007323,2026-08-09,1116.29,Settlement,30
R00005778,C007324,2025-10-09,860.42,Payment,60
R00005779,C007324,2025-12-08,645.32,Renegotiation,120
R00005780,C007325,2025-10-10,1451.41,Settlement,30
R00005781,C007325,2025-12-09,1088.56,Collection,90
R00005782,C007327,2026-07-10,2341.31,Renegotiation,30
R00005783,C007330,2026-07-10,1652.83,Payment,30
R00005784,C007331,2025-10-10,1436.31,Renegotiation,30
R00005785,C007331,2025-11-09,1196.92,Renegotiation,60
R00005786,C007331,2026-01-08,897.69,Renegotiation,120
R00005787,C007331,2026-03-09,778.0,Collection,180
R00005788,C007332,2026-01-09,1925.78,Collection,30
R00005789,C007332,2026-02-08,1604.82,Settlement,60
R00005790,C007342,2026-06-09,7731.03,Collection,30
R00005791,C007342,2026-08-08,5798.27,Payment,90
R00005792,C007347,2025-11-09,3280.61,Payment,60
R00005793,C007347,2025-12-09,2952.55,Collection,90
R00005794,C007347,2026-01-08,2460.46,Payment,120
R00005795,C007348,2026-08-09,2342.29,Payment,60
R00005796,C007351,2025-09-07,936.93,Collection,120
R00005797,C007351,2026-05-05,624.62,Settlement,360
R00005798,C007352,2025-10-10,2600.93,Payment,30
R00005799,C007352,2026-01-08,1625.58,Payment,120
R00005800,C007352,2026-03-09,1408.84,Collection,180
R00005801,C007356,2026-06-09,1025.78,Settlement,30
R00005802,C007356,2026-07-09,854.82,Renegotiation,60
R00005803,C007356,2026-08-08,769.34,Payment,90
R00005804,C007357,2025-07-09,15351.61,Payment,60
R00005805,C007357,2025-08-08,13816.45,Payment,90
R00005806,C007357,2025-11-06,9978.55,Payment,180
R00005807,C007357,2026-05-05,7675.81,Collection,360
R00005808,C007358,2025-11-09,1477.33,Settlement,30
R00005809,C007358,2025-12-09,1231.11,Renegotiation,60
R00005810,C007358,2026-01-08,1108.0,Settlement,90
R00005811,C007358,2026-04-08,800.22,Payment,180
R00005812,C007359,2025-08-08,1800.54,Settlement,90
R00005813,C007359,2025-09-07,1500.45,Payment,120
R00005814,C007359,2025-11-06,1300.39,Collection,180
R00005815,C007359,2026-05-05,1000.3,Payment,360
R00005816,C007360,2026-02-08,1028.63,Renegotiation,60
R00005817,C007360,2026-04-09,771.47,Collection,120
R00005818,C007362,2025-12-10,2276.05,Renegotiation,30
R00005819,C007362,2026-02-08,1707.04,Settlement,90
R00005820,C007362,2026-03-10,1422.53,Renegotiation,120
R00005821,C007363,2026-01-08,461.35,Settlement,90
R00005822,C007363,2026-04-08,333.2,Payment,180
R00005823,C007365,2026-03-10,552.47,Payment,90
R00005824,C007365,2026-04-09,460.39,Settlement,120
R00005825,C007367,2026-07-10,568.51,Payment,30
R00005826,C007367,2026-08-09,473.76,Renegotiation,60
R00005827,C007371,2025-10-08,2691.95,Payment,90
R00005828,C007371,2025-11-07,2243.3,Renegotiation,120
R00005829,C007371,2026-01-06,1944.19,Payment,180
R00005830,C007372,2025-07-10,1689.41,Payment,30
R00005831,C007372,2025-09-08,1267.06,Renegotiation,90
R00005832,C007372,2026-06-05,703.92,Payment,360
R00005833,C007373,2026-06-09,1357.64,Payment,60
R00005834,C007373,2026-07-09,1221.87,Payment,90
R00005835,C007382,2025-09-08,2595.32,Payment,60
R00005836,C007382,2025-11-07,1946.49,Payment,120
R00005837,C007382,2026-01-06,1686.96,Payment,180
R00005838,C007382,2026-07-05,1297.66,Payment,360
R00005839,C007396,2026-06-09,428.66,Payment,30
R00005840,C007396,2026-08-08,321.49,Payment,90
R00005841,C007398,2026-07-10,1920.84,Renegotiation,30
R00005842,C007400,2026-01-09,1328.56,Renegotiation,30
R00005843,C007400,2026-03-10,996.42,Settlement,90
R00005844,C007400,2026-04-09,830.35,Payment,120
R00005845,C007411,2025-12-10,3514.82,Collection,30
R00005846,C007411,2026-01-09,2929.02,Collection,60
R00005847,C007411,2026-02-08,2636.11,Payment,90
R00005848,C007411,2026-05-09,1903.86,Settlement,180
R00005849,C007417,2026-06-09,922.41,Payment,30
R00005850,C007417,2026-07-09,768.68,Payment,60
R00005851,C007423,2026-03-12,270.53,Settlement,30
R00005852,C007423,2026-05-11,202.9,Settlement,90
R00005853,C007423,2026-06-10,169.08,Payment,120
R00005854,C007425,2025-11-09,546.24,Renegotiation,60
R00005855,C007425,2025-12-09,491.61,Payment,90
R00005856,C007425,2026-01-08,409.68,Renegotiation,120
R00005857,C007425,2026-03-09,355.05,Payment,180
R00005858,C007427,2026-08-09,5320.04,Renegotiation,60
R00005859,C007428,2026-07-09,20531.21,Settlement,60
R00005860,C007428,2026-08-08,18478.09,Renegotiation,90
R00005861,C007430,2026-06-09,516.39,Payment,30
R00005862,C007430,2026-08-08,387.29,Payment,90
R00005863,C007431,2026-05-10,872.42,Payment,30
R00005864,C007431,2026-07-09,654.31,Payment,90
R00005865,C007432,2026-01-09,934.67,Payment,30
R00005866,C007432,2026-02-08,778.89,Renegotiation,60
R00005867,C007432,2026-04-09,584.17,Payment,120
R00005868,C007434,2026-05-10,1727.46,Collection,30
R00005869,C007434,2026-06-09,1439.55,Renegotiation,60
R00005870,C007439,2025-12-10,1742.69,Payment,30
R00005871,C007439,2026-01-09,1452.24,Collection,60
R00005872,C007439,2026-05-09,943.95,Payment,180
R00005873,C007450,2025-08-09,2474.28,Collection,30
R00005874,C007450,2025-09-08,2061.9,Payment,60
R00005875,C007453,2026-03-11,21389.39,Renegotiation,60
R00005876,C007453,2026-04-10,19250.45,Payment,90
R00005877,C007453,2026-07-09,13903.1,Payment,180
R00005878,C007455,2025-12-10,726.16,Payment,30
R00005879,C007455,2026-01-09,605.13,Payment,60
R00005880,C007455,2026-02-08,544.62,Payment,90
R00005881,C007455,2026-05-09,393.34,Payment,180
R00005882,C007458,2026-08-08,1695.84,Settlement,120
R00005883,C007459,2026-07-10,1539.0,Renegotiation,30
R00005884,C007459,2026-08-09,1282.5,Payment,60
R00005885,C007465,2026-06-08,3301.05,Payment,90
R00005886,C007465,2026-07-08,2750.87,Collection,120
R00005887,C007466,2025-11-09,2263.5,Collection,30
R00005888,C007466,2026-01-08,1697.62,Payment,90
R00005889,C007466,2026-02-07,1414.69,Payment,120
R00005890,C007468,2026-06-10,1169.66,Renegotiation,120
R00005891,C007468,2026-08-09,1013.71,Collection,180
R00005892,C007470,2026-06-08,14799.35,Renegotiation,90
R00005893,C007472,2026-05-11,473.42,Payment,90
R00005894,C007474,2026-04-11,3571.18,Payment,60
R00005895,C007474,2026-06-10,2678.39,Payment,120
R00005896,C007475,2025-11-09,10849.52,Renegotiation,30
R00005897,C007475,2025-12-09,9041.27,Collection,60
R00005898,C007475,2026-02-07,6780.95,Payment,120
R00005899,C007476,2026-08-09,15264.87,Payment,60
R00005900,C007478,2026-01-09,483.73,Renegotiation,30
R00005901,C007478,2026-04-09,302.33,Payment,120
R00005902,C007478,2026-06-08,262.02,Payment,180
R00005903,C007480,2025-11-09,2367.31,Payment,30
R00005904,C007480,2025-12-09,1972.75,Payment,60
R00005905,C007481,2025-09-08,2710.82,Renegotiation,60
R00005906,C007481,2026-07-05,1355.41,Collection,360
R00005907,C007492,2026-01-09,1397.41,Payment,30
R00005908,C007492,2026-02-08,1164.51,Payment,60
R00005909,C007493,2026-05-11,8431.8,Settlement,90
R00005910,C007493,2026-06-10,7026.5,Renegotiation,120
R00005911,C007493,2026-08-09,6089.63,Renegotiation,180
R00005912,C007494,2025-08-08,2659.47,Payment,90
R00005913,C007494,2025-09-07,2216.23,Settlement,120
R00005914,C007496,2026-05-10,1062.55,Payment,30
R00005915,C007496,2026-06-09,885.46,Renegotiation,60
R00005916,C007499,2026-07-09,143.09,Payment,60
R00005917,C007499,2026-08-08,128.78,Settlement,90
R00005918,C007500,2025-09-08,2069.18,Payment,60
R00005919,C007500,2025-10-08,1862.26,Renegotiation,90
R00005920,C007500,2025-11-07,1551.88,Settlement,120
R00005921,C007500,2026-01-06,1344.97,Renegotiation,180
R00005922,C007504,2026-07-10,1397.33,Collection,30
R00005923,C007505,2025-09-08,15611.45,Payment,90
R00005924,C007505,2025-12-07,11274.94,Payment,180
R00005925,C007506,2025-10-10,8316.49,Renegotiation,30
R00005926,C007506,2025-12-09,6237.37,Payment,90
R00005927,C007506,2026-03-09,4504.77,Renegotiation,180
R00005928,C007507,2026-03-12,393.23,Collection,30
R00005929,C007507,2026-06-10,245.77,Payment,120
R00005930,C007507,2026-08-09,213.0,Collection,180
R00005931,C007508,2026-05-10,854.25,Collection,30
R00005932,C007508,2026-08-08,533.91,Renegotiation,120
R00005933,C007510,2026-03-12,319.47,Payment,30
R00005934,C007510,2026-04-11,266.22,Payment,60
R00005935,C007510,2026-08-09,173.04,Payment,180
R00005936,C007520,2026-04-10,1542.88,Payment,90
R00005937,C007520,2026-05-10,1285.73,Payment,120
R00005938,C007524,2025-12-09,1428.98,Payment,60
R00005939,C007524,2026-01-08,1286.09,Settlement,90
R00005940,C007529,2025-09-08,1102.84,Payment,60
R00005941,C007529,2026-01-06,716.84,Settlement,180
R00005942,C007530,2026-01-08,1122.58,Renegotiation,90
R00005943,C007530,2026-04-08,810.75,Payment,180
R00005944,C007533,2026-02-08,1067.27,Renegotiation,60
R00005945,C007533,2026-03-10,960.55,Renegotiation,90
R00005946,C007533,2026-06-08,693.73,Payment,180
R00005947,C007542,2026-07-09,147.26,Renegotiation,90
R00005948,C007542,2026-08-08,122.71,Collection,120
R00005949,C007544,2026-02-08,1747.9,Collection,60
R00005950,C007544,2026-03-10,1573.11,Settlement,90
R00005951,C007545,2026-03-12,1901.38,Settlement,30
R00005952,C007545,2026-04-11,1584.48,Renegotiation,60
R00005953,C007545,2026-05-11,1426.03,Collection,90
R00005954,C007554,2026-08-08,910.46,Renegotiation,90
R00005955,C007558,2025-03-12,1164.24,Payment,30
R00005956,C007558,2025-04-11,970.2,Payment,60
R00005957,C007558,2025-05-11,873.18,Settlement,90
R00005958,C007558,2025-06-10,727.65,Renegotiation,120
R00005959,C007560,2026-08-09,2560.47,Payment,60
R00005960,C007561,2026-08-09,4595.91,Collection,30
R00005961,C007563,2026-08-08,2941.2,Payment,90
R00005962,C007567,2026-07-10,417.54,Payment,30
R00005963,C007568,2026-05-09,4130.61,Payment,60
R00005964,C007568,2026-07-08,3097.96,Payment,120
R00005965,C007570,2026-01-09,1307.32,Settlement,60
R00005966,C007570,2026-02-08,1176.59,Payment,90
R00005967,C007570,2026-05-09,849.76,Collection,180
R00005968,C007574,2025-12-09,6575.3,Renegotiation,90
R00005969,C007574,2026-03-09,4748.83,Settlement,180
R00005970,C007579,2025-07-09,8887.43,Renegotiation,60
R00005971,C007579,2025-11-06,5776.83,Renegotiation,180
R00005972,C007584,2026-01-08,2762.43,Renegotiation,90
R00005973,C007584,2026-04-08,1995.09,Payment,180
R00005974,C007588,2025-05-10,1760.83,Payment,30
R00005975,C007588,2025-06-09,1467.36,Collection,60
R00005976,C007588,2025-07-09,1320.62,Payment,90
R00005977,C007588,2025-10-07,953.78,Collection,180
R00005978,C007593,2026-05-09,1296.01,Renegotiation,60
R00005979,C007593,2026-06-08,1166.41,Renegotiation,90
R00005980,C007593,2026-07-08,972.01,Payment,120
R00005981,C007594,2026-06-10,14260.5,Payment,120
R00005982,C007595,2026-06-09,629.65,Settlement,30
R00005983,C007595,2026-07-09,524.71,Payment,60
R00005984,C007596,2026-08-08,4367.07,Payment,90
R00005985,C007597,2025-04-09,302.86,Collection,30
R00005986,C007597,2025-05-09,252.38,Renegotiation,60
R00005987,C007597,2025-06-08,227.15,Payment,90
R00005988,C007597,2025-09-06,164.05,Payment,180
R00005989,C007598,2025-07-09,2056.64,Payment,60
R00005990,C007598,2025-08-08,1850.98,Collection,90
R00005991,C007598,2025-09-07,1542.48,Renegotiation,120
R00005992,C007598,2025-11-06,1336.82,Payment,180
R00005993,C007602,2026-03-11,7700.36,Payment,60
R00005994,C007602,2026-04-10,6930.33,Settlement,90
R00005995,C007606,2026-06-09,1602.77,Collection,30
R00005996,C007611,2026-03-12,475.54,Payment,30
R00005997,C007611,2026-06-10,297.22,Settlement,120
R00005998,C007611,2026-08-09,257.59,Payment,180
R00005999,C007612,2026-02-08,1095.03,Collection,60
R00006000,C007612,2026-03-10,985.53,Renegotiation,90
R00006001,C007612,2026-04-09,821.28,Payment,120
R00006002,C007612,2026-06-08,711.77,Payment,180
R00006003,C007613,2026-01-09,10892.41,Renegotiation,60
R00006004,C007613,2026-02-08,9803.16,Payment,90
R00006005,C007617,2025-07-10,13591.21,Renegotiation,30
R00006006,C007617,2025-10-08,8494.51,Settlement,120
R00006007,C007621,2025-12-07,989.16,Payment,180
R00006008,C007621,2026-06-05,760.89,Payment,360
R00006009,C007622,2026-08-09,2423.35,Settlement,30
R00006010,C007627,2026-03-11,2350.67,Payment,60
R00006011,C007627,2026-04-10,2115.6,Renegotiation,90
R00006012,C007627,2026-05-10,1763.0,Payment,120
R00006013,C007628,2026-07-09,2892.53,Payment,90
R00006014,C007632,2026-02-08,702.63,Settlement,60
R00006015,C007632,2026-03-10,632.37,Settlement,90
R00006016,C007632,2026-04-09,526.97,Settlement,120
R00006017,C007633,2026-01-09,10206.16,Payment,60
R00006018,C007633,2026-02-08,9185.55,Renegotiation,90
R00006019,C007633,2026-03-10,7654.62,Renegotiation,120
R00006020,C007634,2025-12-09,135.54,Collection,60
R00006021,C007640,2026-04-09,656.93,Collection,30
R00006022,C007640,2026-05-09,547.45,Payment,60
R00006023,C007642,2026-08-09,7474.6,Collection,30
R00006024,C007645,2025-08-09,7773.25,Payment,30
R00006025,C007645,2025-10-08,5829.94,Payment,90
R00006026,C007645,2025-11-07,4858.28,Renegotiation,120
R00006027,C007645,2026-01-06,4210.51,Payment,180
R00006028,C007646,2026-01-09,1353.6,Renegotiation,30
R00006029,C007646,2026-02-08,1128.0,Collection,60
R00006030,C007646,2026-03-10,1015.2,Payment,90
R00006031,C007647,2026-01-09,3319.23,Payment,30
R00006032,C007647,2026-04-09,2074.52,Payment,120
R00006033,C007648,2026-03-11,1087.46,Payment,60
R00006034,C007648,2026-04-10,978.72,Settlement,90
R00006035,C007648,2026-07-09,706.85,Payment,180
R00006036,C007650,2026-05-09,826.92,Payment,60
R00006037,C007650,2026-06-08,744.23,Settlement,90
R00006038,C007651,2026-06-09,15336.81,Collection,60
R00006039,C007651,2026-07-09,13803.13,Payment,90
R00006040,C007653,2025-11-09,10071.92,Collection,60
R00006041,C007653,2026-01-08,7553.94,Payment,120
R00006042,C007653,2026-03-09,6546.75,Renegotiation,180
R00006043,C007656,2026-04-09,2942.26,Collection,30
R00006044,C007656,2026-07-08,1838.91,Renegotiation,120
R00006045,C007658,2026-04-09,3738.53,Renegotiation,30
R00006046,C007659,2026-06-09,696.48,Payment,30
R00006047,C007659,2026-08-08,522.36,Payment,90
R00006048,C007661,2025-12-10,4138.68,Payment,30
R00006049,C007661,2026-03-10,2586.67,Payment,120
R00006050,C007662,2025-11-09,5559.26,Collection,30
R00006051,C007662,2026-04-08,3011.27,Payment,180
R00006052,C007663,2025-12-09,2026.66,Payment,90
R00006053,C007663,2026-01-08,1688.88,Settlement,120
R00006054,C007664,2026-06-09,669.51,Collection,30
R00006055,C007664,2026-07-09,557.92,Renegotiation,60
R00006056,C007665,2025-12-10,5701.54,Payment,30
R00006057,C007665,2026-02-08,4276.16,Settlement,90
R00006058,C007667,2026-06-09,16733.46,Collection,60
R00006059,C007678,2026-07-08,503.92,Renegotiation,120
R00006060,C007679,2026-07-09,753.09,Payment,60
R00006061,C007679,2026-08-08,677.78,Payment,90
R00006062,C007682,2026-07-09,517.43,Collection,60
R00006063,C007683,2026-01-09,4253.71,Collection,30
R00006064,C007683,2026-03-10,3190.28,Payment,90
R00006065,C007685,2026-05-10,2416.35,Collection,30
R00006066,C007685,2026-06-09,2013.62,Payment,60
R00006067,C007685,2026-07-09,1812.26,Payment,90
R00006068,C007690,2025-05-09,2932.37,Payment,60
R00006069,C007690,2025-06-08,2639.14,Collection,90
R00006070,C007690,2025-09-06,1906.04,Renegotiation,180
R00006071,C007690,2026-03-05,1466.19,Payment,360
R00006072,C007694,2026-04-09,14773.28,Payment,30
R00006073,C007694,2026-07-08,9233.3,Payment,120
R00006074,C007697,2026-04-11,3751.98,Renegotiation,60
R00006075,C007697,2026-05-11,3376.78,Payment,90
R00006076,C007697,2026-06-10,2813.98,Collection,120
R00006077,C007699,2026-06-09,3052.74,Settlement,30
R00006078,C007699,2026-08-08,2289.56,Settlement,90
R00006079,C007701,2026-07-09,718.75,Collection,60
R00006080,C007701,2026-08-08,646.87,Payment,90
R00006081,C007702,2026-02-09,2425.62,Renegotiation,30
R00006082,C007702,2026-03-11,2021.35,Settlement,60
R00006083,C007702,2026-07-09,1313.88,Payment,180
R00006084,C007704,2026-04-11,709.28,Payment,60
R00006085,C007704,2026-05-11,638.35,Payment,90
R00006086,C007704,2026-08-09,461.03,Renegotiation,180
R00006087,C007712,2026-06-09,1715.3,Payment,30
R00006088,C007712,2026-07-09,1429.42,Settlement,60
R00006089,C007713,2026-03-12,2905.46,Payment,30
R00006090,C007713,2026-08-09,1573.79,Payment,180
R00006091,C007716,2026-03-12,1684.83,Settlement,30
R00006092,C007716,2026-04-11,1404.02,Payment,60
R00006093,C007716,2026-06-10,1053.02,Payment,120
R00006094,C007716,2026-08-09,912.61,Payment,180
R00006095,C007717,2026-03-11,862.84,Payment,60
R00006096,C007717,2026-04-10,776.55,Renegotiation,90
R00006097,C007717,2026-05-10,647.13,Payment,120
R00006098,C007717,2026-07-09,560.84,Settlement,180
R00006099,C007718,2026-05-10,5176.14,Renegotiation,30
R00006100,C007718,2026-06-09,4313.45,Renegotiation,60
R00006101,C007718,2026-08-08,3235.09,Settlement,120
R00006102,C007725,2026-05-10,12207.19,Collection,120
R00006103,C007725,2026-07-09,10579.57,Settlement,180
R00006104,C007727,2025-10-10,2947.27,Renegotiation,30
R00006105,C007727,2026-01-08,1842.04,Collection,120
R00006106,C007734,2026-07-09,534.82,Settlement,60
R00006107,C007734,2026-08-08,481.34,Payment,90
R00006108,C007737,2025-12-09,18475.02,Collection,60
R00006109,C007737,2026-04-08,12008.76,Collection,180
R00006110,C007741,2026-08-08,6032.62,Payment,90
R00006111,C007743,2026-05-09,919.42,Payment,60
R00006112,C007750,2026-04-09,3473.84,Payment,30
R00006113,C007750,2026-05-09,2894.87,Renegotiation,60
R00006114,C007750,2026-06-08,2605.38,Payment,90
R00006115,C007753,2026-08-09,3544.3,Payment,60
R00006116,C007756,2026-06-09,1162.4,Renegotiation,30
R00006117,C007756,2026-07-09,968.67,Payment,60
R00006118,C007756,2026-08-08,871.8,Payment,90
R00006119,C007757,2026-06-09,1197.0,Payment,60
R00006120,C007757,2026-07-09,1077.3,Payment,90
R00006121,C007760,2026-05-10,1763.97,Payment,120
R00006122,C007760,2026-07-09,1528.78,Payment,180
R00006123,C007769,2026-08-09,552.16,Renegotiation,60
R00006124,C007771,2026-06-09,1336.82,Renegotiation,30
R00006125,C007782,2026-07-10,1730.61,Collection,30
R00006126,C007788,2026-01-09,429.49,Payment,30
R00006127,C007788,2026-02-08,357.91,Settlement,60
R00006128,C007792,2026-05-11,21557.43,Payment,90
R00006129,C007792,2026-08-09,15569.26,Renegotiation,180
R00006130,C007797,2025-12-10,547.28,Settlement,30
R00006131,C007797,2026-01-09,456.07,Collection,60
R00006132,C007797,2026-02-08,410.46,Payment,90
R00006133,C007797,2026-05-09,296.44,Renegotiation,180
R00006134,C007801,2025-11-08,1530.09,Payment,90
R00006135,C007801,2026-02-06,1105.07,Renegotiation,180
R00006136,C007803,2026-07-09,344.47,Collection,60
R00006137,C007805,2025-11-09,525.81,Payment,30
R00006138,C007805,2025-12-09,438.18,Renegotiation,60
R00006139,C007805,2026-04-08,284.82,Payment,180
R00006140,C007808,2025-08-09,534.81,Renegotiation,60
R00006141,C007808,2025-09-08,481.33,Renegotiation,90
R00006142,C007808,2025-10-08,401.11,Renegotiation,120
R00006143,C007808,2025-12-07,347.63,Collection,180
R00006144,C007810,2026-07-08,15025.36,Payment,120
R00006145,C007814,2025-11-09,997.85,Renegotiation,30
R00006146,C007814,2026-04-08,540.5,Settlement,180
R00006147,C007825,2026-04-11,3126.83,Renegotiation,60
R00006148,C007825,2026-05-11,2814.14,Payment,90
R00006149,C007825,2026-06-10,2345.12,Payment,120
R00006150,C007831,2026-03-12,259.68,Payment,30
R00006151,C007831,2026-04-11,216.4,Renegotiation,60
R00006152,C007831,2026-05-11,194.76,Settlement,90
R00006153,C007833,2026-08-09,8412.28,Renegotiation,60
R00006154,C007834,2025-11-09,1088.41,Settlement,30
R00006155,C007834,2026-04-08,589.55,Payment,180
R00006156,C007835,2026-05-10,22212.01,Settlement,120
R00006157,C007842,2025-07-09,1546.97,Collection,60
R00006158,C007842,2025-08-08,1392.27,Settlement,90
R00006159,C007842,2026-05-05,773.48,Payment,360
R00006160,C007846,2025-06-09,4562.48,Payment,60
R00006161,C007846,2025-07-09,4106.23,Payment,90
R00006162,C007846,2025-08-08,3421.86,Payment,120
R00006163,C007846,2025-10-07,2965.61,Renegotiation,180
R00006164,C007849,2026-07-10,879.26,Collection,30
R00006165,C007850,2026-07-10,274.22,Collection,30
R00006166,C007850,2026-08-09,228.51,Payment,60
R00006167,C007858,2026-07-10,1467.89,Renegotiation,30
R00006168,C007858,2026-08-09,1223.24,Renegotiation,60
R00006169,C007864,2026-02-08,1932.92,Renegotiation,60
R00006170,C007864,2026-03-10,1739.63,Payment,90
R00006171,C007868,2025-09-09,838.7,Renegotiation,30
R00006172,C007868,2025-10-09,698.91,Payment,60
R00006173,C007868,2025-12-08,524.19,Settlement,120
R00006174,C007868,2026-02-06,454.29,Settlement,180
R00006175,C007874,2026-01-09,616.23,Payment,60
R00006176,C007874,2026-02-08,554.61,Payment,90
R00006177,C007874,2026-03-10,462.17,Payment,120
R00006178,C007876,2026-04-09,10563.59,Payment,30
R00006179,C007876,2026-06-08,7922.7,Collection,90
R00006180,C007876,2026-07-08,6602.25,Payment,120
R00006181,C007883,2026-07-08,712.38,Settlement,120
R00006182,C007889,2026-06-09,491.72,Settlement,30
R00006183,C007889,2026-07-09,409.77,Payment,60
R00006184,C007889,2026-08-08,368.79,Collection,90
R00006185,C007891,2026-06-09,968.94,Settlement,60
R00006186,C007895,2026-02-09,1963.36,Collection,30
R00006187,C007895,2026-04-10,1472.52,Payment,90
R00006188,C007895,2026-05-10,1227.1,Settlement,120
R00006189,C007895,2026-07-09,1063.49,Payment,180
R00006190,C007898,2026-07-10,2226.54,Collection,30
R00006191,C007898,2026-08-09,1855.45,Payment,60
R00006192,C007903,2026-02-09,2151.59,Renegotiation,30
R00006193,C007903,2026-04-10,1613.69,Payment,90
R00006194,C007905,2025-12-10,2888.51,Payment,30
R00006195,C007905,2026-03-10,1805.32,Renegotiation,120
R00006196,C007905,2026-05-09,1564.61,Collection,180
R00006197,C007907,2026-08-09,512.24,Payment,30
R00006198,C007908,2025-11-09,2324.19,Collection,30
R00006199,C007913,2026-01-09,727.49,Collection,30
R00006200,C007913,2026-04-09,454.68,Collection,120
R00006201,C007917,2026-04-09,19102.67,Collection,120
R00006202,C007917,2026-06-08,16555.65,Renegotiation,180
R00006203,C007918,2025-08-09,13030.72,Settlement,30
R00006204,C007918,2025-11-07,8144.2,Payment,120
R00006205,C007919,2026-02-09,751.49,Renegotiation,30
R00006206,C007919,2026-04-10,563.62,Payment,90
R00006207,C007919,2026-05-10,469.68,Renegotiation,120
R00006208,C007921,2026-05-10,1900.67,Payment,30
R00006209,C007921,2026-06-09,1583.89,Settlement,60
R00006210,C007923,2025-11-09,2029.87,Renegotiation,30
R00006211,C007923,2025-12-09,1691.56,Payment,60
R00006212,C007923,2026-02-07,1268.67,Payment,120
R00006213,C007927,2025-10-09,4054.0,Renegotiation,60
R00006214,C007927,2025-11-08,3648.6,Settlement,90
R00006215,C007927,2025-12-08,3040.5,Collection,120
R00006216,C007931,2026-02-09,3483.43,Renegotiation,30
R00006217,C007931,2026-04-10,2612.57,Renegotiation,90
R00006218,C007931,2026-05-10,2177.15,Settlement,120
R00006219,C007931,2026-07-09,1886.86,Payment,180
R00006220,C007933,2026-04-10,1218.13,Settlement,90
R00006221,C007933,2026-05-10,1015.11,Renegotiation,120
R00006222,C007935,2026-06-08,1659.42,Renegotiation,90
R00006223,C007944,2026-08-09,2151.37,Renegotiation,60
R00006224,C007945,2025-07-10,4391.14,Settlement,30
R00006225,C007945,2025-08-09,3659.29,Payment,60
R00006226,C007945,2025-10-08,2744.47,Collection,120
R00006227,C007945,2025-12-07,2378.54,Renegotiation,180
R00006228,C007947,2026-01-08,417.58,Payment,90
R00006229,C007947,2026-02-07,347.98,Renegotiation,120
R00006230,C007947,2026-04-08,301.59,Payment,180
R00006231,C007948,2025-12-10,6834.28,Payment,30
R00006232,C007948,2026-01-09,5695.23,Settlement,60
R00006233,C007948,2026-05-09,3701.9,Renegotiation,180
R00006234,C007952,2026-04-11,300.64,Settlement,60
R00006235,C007952,2026-05-11,270.58,Settlement,90
R00006236,C007952,2026-08-09,195.42,Collection,180
R00006237,C007957,2026-02-09,867.57,Collection,30
R00006238,C007958,2026-02-09,3264.93,Payment,30
R00006239,C007958,2026-04-10,2448.7,Settlement,90
R00006240,C007958,2026-07-09,1768.5,Payment,180
R00006241,C007969,2025-06-09,2421.06,Payment,30
R00006242,C007969,2025-08-08,1815.8,Renegotiation,90
R00006243,C007969,2025-09-07,1513.16,Payment,120
R00006244,C007969,2025-11-06,1311.41,Payment,180
R00006245,C007974,2025-10-08,14183.77,Payment,90
R00006246,C007974,2025-11-07,11819.81,Settlement,120
R00006247,C007974,2026-01-06,10243.84,Collection,180
R00006248,C007975,2026-04-09,885.42,Payment,30
R00006249,C007976,2025-12-10,834.35,Renegotiation,30
R00006250,C007976,2026-01-09,695.29,Settlement,60
R00006251,C007976,2026-05-09,451.94,Payment,180
R00006252,C007978,2026-07-09,1785.1,Collection,60
R00006253,C007981,2025-12-09,219.06,Settlement,60
R00006254,C007981,2026-01-08,197.16,Collection,90
R00006255,C007981,2026-02-07,164.3,Renegotiation,120
R00006256,C007983,2026-05-10,8080.87,Collection,30
R00006257,C007983,2026-06-09,6734.06,Renegotiation,60
R00006258,C007983,2026-08-08,5050.54,Collection,120
R00006259,C007986,2025-03-12,10461.34,Payment,30
R00006260,C007986,2025-06-10,6538.34,Renegotiation,120
R00006261,C007987,2026-08-09,17939.6,Payment,60
R00006262,C007989,2026-05-10,2065.45,Renegotiation,30
R00006263,C007989,2026-06-09,1721.21,Collection,60
R00006264,C007989,2026-07-09,1549.09,Renegotiation,90
R00006265,C007995,2025-12-10,9139.4,Collection,30
R00006266,C007995,2026-02-08,6854.55,Payment,90
R00006267,C007995,2026-05-09,4950.51,Payment,180
R00006268,C007999,2026-06-09,3520.59,Renegotiation,30
R00006269,C008001,2026-08-09,23661.77,Renegotiation,60
R00006270,C008002,2026-07-10,1794.44,Payment,30
R00006271,C008002,2026-08-09,1495.36,Renegotiation,60
R00006272,C008004,2025-08-08,1197.44,Payment,90
R00006273,C008004,2025-11-06,864.82,Renegotiation,180
R00006274,C008006,2026-05-09,21156.19,Collection,60
R00006275,C008006,2026-07-08,15867.14,Payment,120
R00006276,C008010,2026-07-10,792.62,Payment,30
R00006277,C008015,2025-06-09,678.63,Renegotiation,30
R00006278,C008015,2025-07-09,565.52,Payment,60
R00006279,C008015,2025-11-06,367.59,Payment,180
R00006280,C008015,2026-05-05,282.76,Payment,360
R00006281,C008017,2026-04-09,436.03,Payment,30
R00006282,C008017,2026-05-09,363.36,Payment,60
R00006283,C008018,2026-01-09,3790.61,Collection,60
R00006284,C008018,2026-03-10,2842.96,Payment,120
R00006285,C008020,2025-10-10,1595.84,Settlement,30
R00006286,C008020,2025-11-09,1329.87,Payment,60
R00006287,C008020,2026-03-09,864.41,Payment,180
R00006288,C008022,2025-11-09,1548.31,Collection,30
R00006289,C008022,2025-12-09,1290.26,Payment,60
R00006290,C008022,2026-02-07,967.69,Settlement,120
R00006291,C008024,2026-04-09,14222.25,Collection,30
R00006292,C008024,2026-05-09,11851.88,Renegotiation,60
R00006293,C008025,2026-04-09,1472.3,Collection,30
R00006294,C008025,2026-06-08,1104.23,Payment,90
R00006295,C008025,2026-07-08,920.19,Payment,120
R00006296,C008026,2025-12-09,1346.55,Payment,90
R00006297,C008026,2026-01-08,1122.13,Payment,120
R00006298,C008026,2026-03-09,972.51,Renegotiation,180
R00006299,C008028,2026-04-09,346.68,Collection,30
R00006300,C008028,2026-05-09,288.9,Renegotiation,60
R00006301,C008028,2026-07-08,216.67,Renegotiation,120
R00006302,C008030,2026-06-09,15839.23,Payment,60
R00006303,C008030,2026-08-08,11879.42,Collection,120
R00006304,C008031,2026-08-09,1181.83,Payment,30
R00006305,C008037,2026-01-09,1077.31,Payment,60
R00006306,C008037,2026-02-08,969.58,Renegotiation,90
R00006307,C008037,2026-03-10,807.98,Settlement,120
R00006308,C008043,2025-09-09,4370.69,Payment,30
R00006309,C008043,2025-10-09,3642.24,Payment,60
R00006310,C008043,2025-11-08,3278.01,Settlement,90
R00006311,C008043,2026-02-06,2367.45,Payment,180
R00006312,C008046,2026-04-09,502.55,Collection,30
R00006313,C008046,2026-05-09,418.79,Payment,60
R00006314,C008047,2026-07-09,7742.53,Payment,60
R00006315,C008047,2026-08-08,6968.28,Payment,90
R00006316,C008049,2025-06-09,7814.27,Payment,30
R00006317,C008049,2025-09-07,4883.92,Settlement,120
R00006318,C008051,2026-04-09,1324.66,Payment,30
R00006319,C008051,2026-05-09,1103.89,Payment,60
R00006320,C008055,2026-08-08,1470.03,Payment,120
R00006321,C008056,2026-03-11,1929.33,Settlement,60
R00006322,C008057,2025-11-08,150.44,Payment,90
R00006323,C008057,2025-12-08,125.37,Collection,120
R00006324,C008057,2026-02-06,108.65,Renegotiation,180
R00006325,C008058,2026-04-08,2303.51,Payment,180
R00006326,C008059,2026-03-11,2443.59,Collection,60
R00006327,C008059,2026-04-10,2199.23,Collection,90
R00006328,C008060,2026-07-10,1016.1,Collection,30
R00006329,C008060,2026-08-09,846.75,Payment,60
R00006330,C008064,2026-06-08,727.34,Payment,90
R00006331,C008065,2025-06-09,3570.84,Renegotiation,30
R00006332,C008065,2025-07-09,2975.7,Renegotiation,60
R00006333,C008065,2026-05-05,1487.85,Collection,360
R00006334,C008066,2025-12-09,1256.98,Collection,60
R00006335,C008066,2026-04-08,817.04,Collection,180
R00006336,C008067,2026-01-09,835.72,Collection,60
R00006337,C008067,2026-03-10,626.79,Settlement,120
R00006338,C008067,2026-05-09,543.22,Payment,180
R00006339,C008068,2026-07-10,2422.75,Collection,30
R00006340,C008071,2026-06-09,1103.91,Collection,30
R00006341,C008071,2026-07-09,919.93,Collection,60
R00006342,C008071,2026-08-08,827.93,Renegotiation,90
R00006343,C008073,2026-07-09,371.51,Settlement,90
R00006344,C008073,2026-08-08,309.6,Payment,120
R00006345,C008074,2026-06-09,795.93,Collection,30
R00006346,C008074,2026-07-09,663.28,Payment,60
R00006347,C008074,2026-08-08,596.95,Payment,90
R00006348,C008079,2026-03-11,2516.06,Collection,60
R00006349,C008079,2026-05-10,1887.05,Payment,120
R00006350,C008080,2026-03-12,51.93,Settlement,30
R00006351,C008080,2026-04-11,43.27,Settlement,60
R00006352,C008080,2026-05-11,38.95,Settlement,90
R00006353,C008080,2026-06-10,32.45,Renegotiation,120
R00006354,C008082,2026-03-12,920.55,Collection,30
R00006355,C008082,2026-04-11,767.13,Settlement,60
R00006356,C008082,2026-05-11,690.42,Renegotiation,90
R00006357,C008086,2026-02-08,1793.47,Payment,60
R00006358,C008086,2026-04-09,1345.11,Collection,120
R00006359,C008087,2026-08-09,767.54,Payment,30
R00006360,C008088,2026-06-10,330.17,Renegotiation,120
R00006361,C008088,2026-08-09,286.14,Payment,180
R00006362,C008097,2025-10-09,2703.18,Payment,60
R00006363,C008097,2025-11-08,2432.87,Renegotiation,90
R00006364,C008101,2025-12-09,5156.17,Collection,60
R00006365,C008101,2026-04-08,3351.51,Payment,180
R00006366,C008104,2026-03-12,8503.63,Payment,30
R00006367,C008104,2026-05-11,6377.72,Payment,90
R00006368,C008104,2026-06-10,5314.77,Payment,120
R00006369,C008105,2026-02-09,1092.72,Payment,30
R00006370,C008105,2026-05-10,682.95,Settlement,120
R00006371,C008105,2026-07-09,591.89,Settlement,180
R00006372,C008106,2026-07-09,794.97,Payment,90
R00006373,C008110,2026-01-09,2808.3,Renegotiation,30
R00006374,C008110,2026-02-08,2340.25,Renegotiation,60
R00006375,C008111,2026-05-11,636.15,Settlement,90
R00006376,C008111,2026-08-09,459.44,Payment,180
R00006377,C008120,2026-05-10,7560.61,Payment,30
R00006378,C008120,2026-06-09,6300.5,Payment,60
R00006379,C008123,2026-03-12,2308.38,Payment,30
R00006380,C008123,2026-06-10,1442.74,Payment,120
R00006381,C008124,2026-01-08,1432.65,Renegotiation,90
R00006382,C008124,2026-02-07,1193.87,Payment,120
R00006383,C008129,2026-07-10,1237.02,Collection,30
R00006384,C008130,2026-04-11,747.63,Renegotiation,60
R00006385,C008130,2026-06-10,560.72,Payment,120
R00006386,C008130,2026-08-09,485.96,Renegotiation,180
R00006387,C008131,2025-10-10,9113.42,Payment,30
R00006388,C008131,2026-03-09,4936.44,Collection,180
R00006389,C008132,2026-02-08,1929.78,Settlement,90
R00006390,C008132,2026-03-10,1608.15,Collection,120
R00006391,C008132,2026-05-09,1393.73,Settlement,180
R00006392,C008134,2026-01-09,846.62,Renegotiation,30
R00006393,C008134,2026-02-08,705.51,Collection,60
R00006394,C008134,2026-03-10,634.96,Payment,90
R00006395,C008134,2026-04-09,529.13,Payment,120
R00006396,C008135,2026-02-08,2493.7,Payment,60
R00006397,C008135,2026-03-10,2244.33,Payment,90
R00006398,C008135,2026-04-09,1870.28,Payment,120
R00006399,C008139,2026-03-11,3264.22,Renegotiation,60
R00006400,C008143,2026-06-10,701.12,Payment,120
R00006401,C008145,2026-03-12,8174.97,Renegotiation,30
R00006402,C008145,2026-05-11,6131.23,Collection,90
R00006403,C008145,2026-08-09,4428.11,Payment,180
R00006404,C008156,2026-08-09,1344.19,Settlement,60
R00006405,C008157,2025-10-10,5168.65,Settlement,30
R00006406,C008157,2026-01-08,3230.41,Payment,120
R00006407,C008159,2026-02-08,1344.16,Payment,60
R00006408,C008159,2026-03-10,1209.74,Collection,90
R00006409,C008165,2026-06-09,859.77,Payment,60
R00006410,C008165,2026-07-09,773.79,Payment,90
R00006411,C008167,2026-06-09,660.23,Collection,30
R00006412,C008167,2026-08-08,495.17,Collection,90
R00006413,C008170,2025-11-09,9333.35,Payment,60
R00006414,C008170,2026-01-08,7000.01,Settlement,120
R00006415,C008171,2026-04-11,12136.86,Payment,60
R00006416,C008171,2026-08-09,7888.96,Settlement,180
R00006417,C008173,2026-01-09,1476.13,Payment,30
R00006418,C008173,2026-02-08,1230.11,Collection,60
R00006419,C008173,2026-06-08,799.57,Payment,180
R00006420,C008174,2025-08-08,1179.39,Collection,90
R00006421,C008174,2025-09-07,982.82,Collection,120
R00006422,C008176,2026-07-10,3877.0,Settlement,30
R00006423,C008177,2026-03-10,743.05,Payment,90
R00006424,C008177,2026-06-08,536.65,Payment,180
R00006425,C008184,2025-12-09,798.25,Payment,60
R00006426,C008184,2026-01-08,718.43,Collection,90
R00006427,C008186,2025-05-10,494.35,Payment,30
R00006428,C008186,2025-06-09,411.96,Payment,60
R00006429,C008186,2025-07-09,370.76,Renegotiation,90
R00006430,C008186,2025-08-08,308.97,Collection,120
R00006431,C008187,2026-08-09,846.73,Renegotiation,60
R00006432,C008189,2026-06-08,1891.49,Payment,90
R00006433,C008189,2026-07-08,1576.25,Settlement,120
R00006434,C008192,2025-07-10,1580.15,Renegotiation,30
R00006435,C008192,2025-09-08,1185.11,Collection,90
R00006436,C008192,2025-10-08,987.59,Payment,120
R00006437,C008192,2025-12-07,855.91,Payment,180
R00006438,C008194,2025-06-09,1689.16,Payment,30
R00006439,C008194,2026-05-05,703.82,Renegotiation,360
R00006440,C008197,2025-05-10,3988.92,Payment,30
R00006441,C008197,2025-08-08,2493.08,Settlement,120
R00006442,C008198,2026-03-12,177.07,Payment,30
R00006443,C008198,2026-06-10,110.67,Payment,120
R00006444,C008198,2026-08-09,95.92,Renegotiation,180
R00006445,C008199,2026-02-08,11203.8,Collection,60
R00006446,C008199,2026-03-10,10083.42,Payment,90
R00006447,C008199,2026-04-09,8402.85,Settlement,120
R00006448,C008199,2026-06-08,7282.47,Renegotiation,180
R00006449,C008202,2026-06-09,3773.04,Collection,60
R00006450,C008202,2026-07-09,3395.73,Payment,90
R00006451,C008202,2026-08-08,2829.78,Settlement,120
R00006452,C008204,2026-01-09,4250.65,Payment,30
R00006453,C008204,2026-03-10,3187.99,Settlement,90
R00006454,C008204,2026-04-09,2656.66,Settlement,120
R00006455,C008204,2026-06-08,2302.44,Payment,180
R00006456,C008205,2026-06-09,2657.28,Payment,60
R00006457,C008207,2026-05-10,5630.74,Payment,30
R00006458,C008207,2026-08-08,3519.21,Collection,120
R00006459,C008208,2025-11-09,2505.21,Collection,30
R00006460,C008208,2025-12-09,2087.68,Collection,60
R00006461,C008208,2026-04-08,1356.99,Settlement,180
R00006462,C008223,2026-07-09,3213.06,Collection,90
R00006463,C008238,2026-03-12,466.7,Collection,30
R00006464,C008238,2026-04-11,388.92,Payment,60
R00006465,C008238,2026-05-11,350.03,Payment,90
R00006466,C008240,2025-09-09,2958.71,Payment,30
R00006467,C008240,2025-10-09,2465.59,Payment,60
R00006468,C008240,2025-12-08,1849.2,Payment,120
R00006469,C008240,2026-02-06,1602.64,Renegotiation,180
R00006470,C008242,2026-04-09,653.4,Payment,30
R00006471,C008242,2026-07-08,408.37,Payment,120
R00006472,C008243,2025-08-09,666.75,Settlement,60
R00006473,C008243,2025-09-08,600.08,Renegotiation,90
R00006474,C008243,2025-12-07,433.39,Payment,180
R00006475,C008243,2026-06-05,333.38,Payment,360
R00006476,C008244,2026-07-10,5380.03,Payment,30
R00006477,C008246,2026-01-09,1520.84,Payment,60
R00006478,C008246,2026-02-08,1368.76,Collection,90
R00006479,C008246,2026-03-10,1140.63,Payment,120
R00006480,C008247,2026-06-09,1237.11,Renegotiation,30
R00006481,C008248,2025-08-09,408.17,Settlement,30
R00006482,C008248,2025-10-08,306.13,Payment,90
R00006483,C008248,2026-01-06,221.09,Payment,180
R00006484,C008248,2026-07-05,170.07,Payment,360
R00006485,C008254,2025-11-09,1315.6,Payment,60
R00006486,C008254,2025-12-09,1184.04,Payment,90
R00006487,C008256,2026-08-09,844.31,Collection,30
R00006488,C008260,2025-09-09,697.53,Payment,30
R00006489,C008260,2025-10-09,581.28,Payment,60
R00006490,C008261,2026-01-09,1411.59,Payment,30
R00006491,C008261,2026-03-10,1058.69,Settlement,90
R00006492,C008263,2026-06-09,1469.29,Collection,30
R00006493,C008263,2026-07-09,1224.41,Collection,60
R00006494,C008263,2026-08-08,1101.97,Renegotiation,90
R00006495,C008265,2025-09-07,7986.17,Payment,120
R00006496,C008265,2025-11-06,6921.34,Collection,180
R00006497,C008267,2026-03-10,508.55,Collection,90
R00006498,C008267,2026-04-09,423.79,Renegotiation,120
R00006499,C008271,2026-02-09,2919.42,Payment,30
R00006500,C008271,2026-03-11,2432.85,Payment,60
R00006501,C008287,2026-07-10,19133.64,Payment,30
R00006502,C008290,2026-08-08,9993.9,Collection,90
R00006503,C008292,2026-08-09,2624.08,Collection,30
R00006504,C008293,2025-06-09,2399.93,Settlement,60
R00006505,C008293,2025-10-07,1559.96,Collection,180
R00006506,C008294,2026-02-09,2821.33,Payment,30
R00006507,C008294,2026-04-10,2116.0,Settlement,90
R00006508,C008302,2025-12-10,1074.73,Payment,30
R00006509,C008302,2026-03-10,671.71,Collection,120
R00006510,C008302,2026-05-09,582.15,Payment,180
R00006511,C008306,2026-04-09,9794.3,Payment,30
R00006512,C008308,2025-12-10,5455.66,Collection,30
R00006513,C008308,2026-01-09,4546.38,Renegotiation,60
R00006514,C008308,2026-03-10,3409.79,Payment,120
R00006515,C008308,2026-05-09,2955.15,Renegotiation,180
R00006516,C008310,2026-07-10,472.7,Renegotiation,30
R00006517,C008310,2026-08-09,393.91,Payment,60
R00006518,C008313,2026-08-09,2393.54,Collection,30
R00006519,C008315,2025-09-08,5063.28,Renegotiation,60
R00006520,C008315,2025-10-08,4556.95,Renegotiation,90
R00006521,C008315,2025-11-07,3797.46,Payment,120
R00006522,C008315,2026-01-06,3291.13,Settlement,180
R00006523,C008317,2025-09-09,803.53,Payment,30
R00006524,C008317,2025-10-09,669.61,Payment,60
R00006525,C008317,2025-11-08,602.65,Collection,90
R00006526,C008317,2026-08-05,334.81,Payment,360
R00006527,C008322,2025-09-09,1917.68,Payment,30
R00006528,C008322,2025-10-09,1598.07,Collection,60
R00006529,C008322,2025-12-08,1198.55,Payment,120
R00006530,C008322,2026-02-06,1038.74,Collection,180
R00006531,C008327,2026-04-09,482.34,Renegotiation,30
R00006532,C008327,2026-05-09,401.95,Payment,60
R00006533,C008327,2026-06-08,361.75,Renegotiation,90
R00006534,C008327,2026-07-08,301.46,Collection,120
R00006535,C008328,2025-12-10,969.24,Collection,30
R00006536,C008328,2026-01-09,807.7,Payment,60
R00006537,C008328,2026-05-09,525.01,Payment,180
R00006538,C008331,2025-08-09,1091.5,Collection,60
R00006539,C008331,2025-09-08,982.35,Collection,90
R00006540,C008331,2025-10-08,818.63,Renegotiation,120
R00006541,C008331,2025-12-07,709.48,Payment,180
R00006542,C008333,2025-03-12,3087.12,Settlement,30
R00006543,C008333,2025-05-11,2315.34,Collection,90
R00006544,C008333,2025-08-09,1672.19,Collection,180
R00006545,C008339,2025-05-10,2698.55,Renegotiation,30
R00006546,C008339,2025-07-09,2023.92,Settlement,90
R00006547,C008339,2025-10-07,1461.72,Payment,180
R00006548,C008340,2026-04-11,187.0,Payment,60
R00006549,C008340,2026-05-11,168.3,Payment,90
R00006550,C008340,2026-06-10,140.25,Payment,120
R00006551,C008344,2025-12-10,6295.74,Payment,30
R00006552,C008344,2026-01-09,5246.45,Renegotiation,60
R00006553,C008344,2026-02-08,4721.8,Payment,90
R00006554,C008344,2026-05-09,3410.19,Payment,180
R00006555,C008346,2026-06-09,1185.23,Payment,30
R00006556,C008346,2026-07-09,987.69,Collection,60
R00006557,C008346,2026-08-08,888.92,Collection,90
R00006558,C008347,2026-06-09,624.47,Collection,30
R00006559,C008347,2026-07-09,520.39,Payment,60
R00006560,C008347,2026-08-08,468.35,Payment,90
R00006561,C008349,2026-06-10,738.82,Collection,120
R00006562,C008349,2026-08-09,640.31,Settlement,180
R00006563,C008352,2025-08-08,6023.22,Payment,90
R00006564,C008352,2025-09-07,5019.35,Renegotiation,120
R00006565,C008360,2026-05-10,1382.92,Payment,30
R00006566,C008360,2026-06-09,1152.43,Payment,60
R00006567,C008360,2026-08-08,864.32,Payment,120
R00006568,C008362,2026-03-11,1012.71,Collection,60
R00006569,C008362,2026-04-10,911.44,Payment,90
R00006570,C008362,2026-07-09,658.26,Payment,180
R00006571,C008364,2025-04-09,1183.89,Renegotiation,30
R00006572,C008364,2025-06-08,887.92,Payment,90
R00006573,C008364,2025-09-06,641.27,Payment,180
R00006574,C008365,2025-12-10,1495.21,Renegotiation,30
R00006575,C008365,2026-05-09,809.9,Payment,180
R00006576,C008377,2026-05-11,1187.93,Collection,90
R00006577,C008381,2026-07-10,2037.25,Renegotiation,30
R00006578,C008383,2026-08-09,4775.39,Payment,30
R00006579,C008385,2026-02-09,507.24,Payment,30
R00006580,C008385,2026-03-11,422.7,Payment,60
R00006581,C008387,2026-06-09,694.24,Settlement,60
R00006582,C008387,2026-07-09,624.82,Payment,90
R00006583,C008387,2026-08-08,520.68,Renegotiation,120
R00006584,C008388,2026-05-10,1484.54,Collection,30
R00006585,C008388,2026-08-08,927.84,Payment,120
R00006586,C008394,2026-03-12,1428.62,Payment,30
R00006587,C008394,2026-06-10,892.89,Payment,120
R00006588,C008394,2026-08-09,773.84,Settlement,180
R00006589,C008409,2026-02-09,1704.9,Payment,30
R00006590,C008409,2026-03-11,1420.75,Collection,60
R00006591,C008409,2026-07-09,923.49,Payment,180
R00006592,C008413,2026-01-09,537.01,Settlement,30
R00006593,C008413,2026-04-09,335.63,Payment,120
R00006594,C008420,2026-07-10,1204.97,Settlement,30
R00006595,C008422,2026-08-09,18235.32,Collection,30
R00006596,C008425,2026-07-09,566.71,Payment,60
R00006597,C008426,2026-05-09,1183.91,Payment,60
R00006598,C008426,2026-07-08,887.94,Renegotiation,120
R00006599,C008427,2026-05-10,3641.72,Renegotiation,30
R00006600,C008427,2026-07-09,2731.29,Collection,90
R00006601,C008428,2026-01-09,3985.72,Payment,30
R00006602,C008428,2026-02-08,3321.43,Payment,60
R00006603,C008428,2026-04-09,2491.08,Payment,120
R00006604,C008430,2026-05-10,7957.44,Collection,30
R00006605,C008443,2026-08-08,12840.97,Renegotiation,90
R00006606,C008452,2026-08-09,1391.08,Collection,60
R00006607,C008459,2026-07-10,2775.8,Payment,30
R00006608,C008459,2026-08-09,2313.16,Collection,60
R00006609,C008460,2025-11-09,624.82,Collection,60
R00006610,C008460,2025-12-09,562.33,Renegotiation,90
R00006611,C008460,2026-03-09,406.13,Collection,180
R00006612,C008470,2026-04-08,1056.46,Payment,180
R00006613,C008472,2025-10-10,1127.33,Renegotiation,30
R00006614,C008472,2025-11-09,939.44,Collection,60
R00006615,C008472,2026-01-08,704.58,Renegotiation,120
R00006616,C008474,2026-05-10,2193.58,Payment,30
R00006617,C008474,2026-08-08,1370.99,Payment,120
R00006618,C008475,2026-02-09,1319.94,Payment,30
R00006619,C008475,2026-03-11,1099.95,Payment,60
R00006620,C008475,2026-04-10,989.95,Collection,90
R00006621,C008476,2026-01-09,1595.24,Renegotiation,30
R00006622,C008476,2026-02-08,1329.37,Collection,60
R00006623,C008476,2026-03-10,1196.43,Payment,90
R00006624,C008476,2026-04-09,997.03,Collection,120
R00006625,C008480,2025-08-09,1907.56,Payment,60
R00006626,C008480,2025-09-08,1716.81,Payment,90
R00006627,C008480,2025-10-08,1430.67,Settlement,120
R00006628,C008480,2025-12-07,1239.92,Payment,180
R00006629,C008482,2026-02-08,21859.31,Settlement,60
R00006630,C008482,2026-03-10,19673.38,Renegotiation,90
R00006631,C008487,2026-01-08,1157.41,Renegotiation,90
R00006632,C008487,2026-02-07,964.51,Renegotiation,120
R00006633,C008489,2026-02-09,11669.02,Settlement,30
R00006634,C008489,2026-05-10,7293.14,Collection,120
R00006635,C008490,2026-02-09,884.91,Settlement,30
R00006636,C008490,2026-04-10,663.69,Payment,90
R00006637,C008490,2026-05-10,553.07,Payment,120
R00006638,C008495,2026-08-08,2429.6,Payment,90
R00006639,C008496,2026-07-09,1865.01,Collection,60
R00006640,C008500,2026-02-08,6235.86,Settlement,90
R00006641,C008500,2026-05-09,4503.68,Payment,180
R00006642,C008511,2026-07-09,1565.72,Collection,180
R00006643,C008512,2026-07-10,2639.63,Payment,30
R00006644,C008512,2026-08-09,2199.69,Renegotiation,60
R00006645,C008513,2026-08-09,1812.0,Settlement,60
R00006646,C008522,2025-11-09,454.09,Payment,60
R00006647,C008522,2025-12-09,408.68,Renegotiation,90
R00006648,C008522,2026-01-08,340.56,Collection,120
R00006649,C008524,2026-08-09,219.89,Payment,60
R00006650,C008526,2026-01-09,6589.6,Collection,30
R00006651,C008526,2026-04-09,4118.5,Collection,120
R00006652,C008526,2026-06-08,3569.37,Renegotiation,180
R00006653,C008529,2026-03-12,29856.76,Renegotiation,30
R00006654,C008529,2026-05-11,22392.57,Payment,90
R00006655,C008529,2026-06-10,18660.47,Settlement,120
R00006656,C008532,2026-07-10,419.06,Settlement,30
R00006657,C008535,2025-08-09,2375.99,Renegotiation,60
R00006658,C008535,2026-06-05,1188.0,Renegotiation,360
R00006659,C008537,2026-05-10,1236.04,Payment,30
R00006660,C008537,2026-07-09,927.03,Collection,90
R00006661,C008537,2026-08-08,772.52,Payment,120
R00006662,C008539,2025-10-08,1223.69,Payment,120
R00006663,C008539,2025-12-07,1060.53,Renegotiation,180
R00006664,C008543,2026-06-08,16280.64,Payment,90
R00006665,C008550,2026-03-12,1471.05,Collection,30
R00006666,C008550,2026-06-10,919.41,Payment,120
R00006667,C008550,2026-08-09,796.82,Collection,180
R00006668,C008556,2025-12-10,1851.36,Renegotiation,30
R00006669,C008556,2026-03-10,1157.1,Payment,120
R00006670,C008557,2025-11-09,1659.3,Payment,30
R00006671,C008557,2026-04-08,898.79,Renegotiation,180
R00006672,C008559,2026-08-09,306.03,Collection,60
R00006673,C008560,2026-08-09,1269.9,Payment,60
R00006674,C008563,2026-05-10,90.75,Collection,30
R00006675,C008563,2026-06-09,75.63,Renegotiation,60
R00006676,C008563,2026-08-08,56.72,Collection,120
R00006677,C008564,2026-01-09,10209.64,Collection,30
R00006678,C008564,2026-03-10,7657.23,Payment,90
R00006679,C008564,2026-06-08,5530.22,Payment,180
R00006680,C008565,2026-02-08,6096.34,Renegotiation,60
R00006681,C008569,2026-07-10,2963.57,Settlement,30
R00006682,C008571,2026-05-09,4183.77,Renegotiation,60
R00006683,C008571,2026-06-08,3765.4,Collection,90
R00006684,C008571,2026-07-08,3137.83,Payment,120
R00006685,C008574,2026-07-10,402.38,Collection,30
R00006686,C008574,2026-08-09,335.31,Collection,60
R00006687,C008579,2025-11-08,511.05,Renegotiation,90
R00006688,C008579,2025-12-08,425.87,Payment,120
R00006689,C008579,2026-08-05,283.92,Settlement,360
R00006690,C008581,2026-07-10,844.08,Payment,30
R00006691,C008587,2025-11-09,1868.08,Renegotiation,30
R00006692,C008587,2025-12-09,1556.73,Renegotiation,60
R00006693,C008587,2026-04-08,1011.88,Settlement,180
R00006694,C008590,2026-06-09,1380.96,Renegotiation,30
R00006695,C008594,2026-07-10,2627.84,Payment,30
R00006696,C008594,2026-08-09,2189.87,Collection,60
R00006697,C008595,2025-05-10,1867.31,Renegotiation,30
R00006698,C008595,2025-07-09,1400.49,Payment,90
R00006699,C008595,2025-08-08,1167.07,Renegotiation,120
R00006700,C008597,2025-11-09,2434.27,Payment,30
R00006701,C008597,2026-04-08,1318.57,Renegotiation,180
R00006702,C008605,2026-06-09,749.9,Collection,60
R00006703,C008605,2026-07-09,674.91,Renegotiation,90
R00006704,C008606,2026-07-10,435.65,Collection,30
R00006705,C008610,2026-01-09,3050.87,Payment,60
R00006706,C008610,2026-03-10,2288.15,Payment,120
R00006707,C008610,2026-05-09,1983.07,Renegotiation,180
R00006708,C008618,2025-11-09,12751.46,Payment,30
R00006709,C008618,2025-12-09,10626.21,Settlement,60
R00006710,C008618,2026-01-08,9563.59,Payment,90
R00006711,C008619,2026-03-12,3768.17,Renegotiation,30
R00006712,C008619,2026-08-09,2041.09,Collection,180
R00006713,C008621,2025-04-09,1092.85,Collection,30
R00006714,C008621,2025-07-08,683.03,Settlement,120
R00006715,C008622,2026-08-09,6219.75,Payment,180
R00006716,C008625,2026-01-09,6622.03,Settlement,60
R00006717,C008625,2026-03-10,4966.52,Renegotiation,120
R00006718,C008629,2026-05-10,1603.47,Collection,30
R00006719,C008629,2026-07-09,1202.6,Collection,90
R00006720,C008629,2026-08-08,1002.17,Payment,120
R00006721,C008630,2026-07-10,428.56,Collection,30
R00006722,C008630,2026-08-09,357.13,Payment,60
R00006723,C008631,2026-05-10,38571.49,Payment,120
R00006724,C008631,2026-07-09,33428.62,Collection,180
R00006725,C008633,2026-08-09,1958.87,Payment,30
R00006726,C008644,2026-03-10,2898.22,Renegotiation,90
R00006727,C008644,2026-04-09,2415.18,Settlement,120
R00006728,C008647,2026-06-09,687.67,Payment,60
R00006729,C008651,2025-10-10,16127.99,Payment,30
R00006730,C008651,2025-12-09,12095.99,Collection,90
R00006731,C008653,2026-07-09,8457.86,Payment,90
R00006732,C008653,2026-08-08,7048.21,Renegotiation,120
R00006733,C008657,2026-03-12,15446.34,Renegotiation,30
R00006734,C008657,2026-08-09,8366.77,Payment,180
R00006735,C008658,2025-07-10,10166.9,Payment,30
R00006736,C008658,2026-06-05,4236.21,Collection,360
R00006737,C008659,2026-02-08,1093.08,Payment,60
R00006738,C008659,2026-06-08,710.5,Settlement,180
R00006739,C008661,2025-09-09,795.63,Settlement,30
R00006740,C008661,2025-10-09,663.03,Payment,60
R00006741,C008661,2025-11-08,596.72,Payment,90
R00006742,C008661,2026-02-06,430.97,Renegotiation,180
R00006743,C008665,2026-08-08,1187.13,Settlement,90
R00006744,C008666,2026-02-09,1476.56,Payment,30
R00006745,C008666,2026-03-11,1230.47,Collection,60
R00006746,C008666,2026-04-10,1107.42,Payment,90
R00006747,C008672,2026-06-09,10503.7,Settlement,60
R00006748,C008672,2026-07-09,9453.33,Settlement,90
R00006749,C008675,2026-01-09,2793.31,Payment,30
R00006750,C008675,2026-02-08,2327.76,Renegotiation,60
R00006751,C008675,2026-04-09,1745.82,Settlement,120
R00006752,C008676,2025-11-08,4057.62,Settlement,90
R00006753,C008676,2025-12-08,3381.35,Renegotiation,120
R00006754,C008678,2026-03-10,15762.28,Renegotiation,120
R00006755,C008682,2025-08-09,8430.07,Payment,60
R00006756,C008682,2025-12-07,5479.54,Renegotiation,180
R00006757,C008687,2026-01-09,4601.24,Payment,60
R00006758,C008687,2026-02-08,4141.12,Collection,90
R00006759,C008687,2026-03-10,3450.93,Settlement,120
R00006760,C008697,2026-07-10,955.28,Payment,30
R00006761,C008699,2026-08-09,747.96,Payment,30
R00006762,C008701,2026-04-09,392.04,Settlement,30
R00006763,C008701,2026-06-08,294.03,Renegotiation,90
R00006764,C008701,2026-07-08,245.03,Collection,120
R00006765,C008704,2026-06-09,635.53,Payment,60
R00006766,C008704,2026-07-09,571.97,Payment,90
R00006767,C008704,2026-08-08,476.64,Collection,120
R00006768,C008706,2026-06-09,585.46,Payment,30
R00006769,C008706,2026-07-09,487.88,Renegotiation,60
R00006770,C008706,2026-08-08,439.1,Settlement,90
R00006771,C008714,2025-12-09,8200.33,Payment,60
R00006772,C008714,2026-01-08,7380.3,Renegotiation,90
R00006773,C008714,2026-02-07,6150.25,Payment,120
R00006774,C008715,2026-04-09,447.82,Payment,30
R00006775,C008715,2026-05-09,373.19,Payment,60
R00006776,C008715,2026-07-08,279.89,Renegotiation,120
R00006777,C008721,2026-05-10,21477.99,Renegotiation,30
R00006778,C008721,2026-06-09,17898.33,Settlement,60
R00006779,C008722,2025-04-09,1065.76,Renegotiation,30
R00006780,C008722,2026-03-05,444.07,Renegotiation,360
R00006781,C008728,2026-02-09,4642.42,Collection,30
R00006782,C008728,2026-03-11,3868.68,Collection,60
R00006783,C008728,2026-05-10,2901.51,Payment,120
R00006784,C008728,2026-07-09,2514.64,Payment,180
R00006785,C008733,2025-11-09,624.04,Payment,30
R00006786,C008733,2025-12-09,520.03,Renegotiation,60
R00006787,C008734,2025-09-08,1547.33,Renegotiation,60
R00006788,C008734,2025-11-07,1160.5,Payment,120
R00006789,C008734,2026-01-06,1005.77,Payment,180
R00006790,C008738,2026-08-09,805.17,Collection,30
R00006791,C008743,2026-08-09,1102.19,Collection,30
R00006792,C008745,2026-03-11,2854.62,Collection,60
R00006793,C008745,2026-07-09,1855.51,Renegotiation,180
R00006794,C008752,2026-08-09,585.8,Payment,60
R00006795,C008755,2025-11-09,1986.02,Renegotiation,60
R00006796,C008755,2025-12-09,1787.42,Payment,90
R00006797,C008755,2026-01-08,1489.52,Settlement,120
R00006798,C008756,2026-06-09,552.09,Payment,30
R00006799,C008760,2026-03-11,1487.0,Settlement,60
R00006800,C008760,2026-07-09,966.55,Collection,180
R00006801,C008762,2026-01-09,451.73,Renegotiation,30
R00006802,C008762,2026-03-10,338.8,Renegotiation,90
R00006803,C008762,2026-04-09,282.33,Payment,120
R00006804,C008764,2025-07-10,2412.31,Payment,30
R00006805,C008764,2025-08-09,2010.26,Settlement,60
R00006806,C008764,2025-09-08,1809.23,Settlement,90
R00006807,C008764,2025-10-08,1507.69,Payment,120
R00006808,C008775,2026-02-09,7644.87,Renegotiation,30
R00006809,C008779,2026-07-10,573.69,Payment,30
R00006810,C008781,2025-10-10,1314.87,Renegotiation,30
R00006811,C008781,2025-12-09,986.15,Settlement,90
R00006812,C008781,2026-01-08,821.79,Settlement,120
R00006813,C008785,2026-06-10,1144.93,Collection,120
R00006814,C008785,2026-08-09,992.27,Settlement,180
R00006815,C008786,2025-07-09,3816.84,Settlement,60
R00006816,C008786,2025-08-08,3435.15,Payment,90
R00006817,C008786,2025-09-07,2862.63,Payment,120
R00006818,C008786,2025-11-06,2480.94,Payment,180
R00006819,C008787,2026-06-09,2533.4,Payment,30
R00006820,C008787,2026-08-08,1900.05,Payment,90
R00006821,C008788,2026-05-10,2729.16,Collection,30
R00006822,C008796,2026-08-09,702.87,Payment,30
R00006823,C008798,2026-05-09,3135.39,Renegotiation,60
R00006824,C008800,2025-11-09,5447.58,Settlement,30
R00006825,C008800,2026-04-08,2950.77,Payment,180
R00006826,C008801,2026-07-09,2727.95,Payment,60
R00006827,C008801,2026-08-08,2455.15,Collection,90
R00006828,C008802,2025-10-09,1079.25,Payment,60
R00006829,C008802,2025-11-08,971.32,Collection,90
R00006830,C008802,2026-02-06,701.51,Renegotiation,180
R00006831,C008802,2026-08-05,539.62,Settlement,360
R00006832,C008803,2025-12-09,10325.33,Renegotiation,60
R00006833,C008803,2026-01-08,9292.79,Collection,90
R00006834,C008805,2026-06-09,150.99,Settlement,60
R00006835,C008805,2026-07-09,135.89,Collection,90
R00006836,C008805,2026-08-08,113.24,Payment,120
R00006837,C008807,2026-03-12,3127.04,Settlement,30
R00006838,C008807,2026-04-11,2605.87,Payment,60
R00006839,C008807,2026-05-11,2345.28,Payment,90
R00006840,C008808,2025-04-09,6143.99,Payment,30
R00006841,C008808,2025-06-08,4607.99,Payment,90
R00006842,C008808,2025-07-08,3839.99,Payment,120
R00006843,C008808,2025-09-06,3327.99,Settlement,180
R00006844,C008812,2025-02-09,1705.17,Settlement,30
R00006845,C008812,2025-04-10,1278.88,Payment,90
R00006846,C008813,2026-04-10,3224.26,Settlement,90
R00006847,C008813,2026-05-10,2686.89,Collection,120
R00006848,C008814,2026-03-10,17969.13,Renegotiation,120
R00006849,C008815,2026-02-09,1119.75,Payment,30
R00006850,C008815,2026-03-11,933.12,Payment,60
R00006851,C008815,2026-05-10,699.84,Collection,120
R00006852,C008817,2026-02-09,798.31,Payment,30
R00006853,C008817,2026-03-11,665.26,Payment,60
R00006854,C008817,2026-05-10,498.95,Settlement,120
R00006855,C008821,2026-06-09,677.29,Payment,30
R00006856,C008822,2026-05-10,764.8,Payment,30
R00006857,C008822,2026-06-09,637.33,Settlement,60
R00006858,C008822,2026-07-09,573.6,Payment,90
R00006859,C008825,2026-03-11,1214.55,Renegotiation,60
R00006860,C008825,2026-07-09,789.46,Settlement,180
R00006861,C008828,2026-02-09,1521.19,Renegotiation,30
R00006862,C008828,2026-03-11,1267.66,Payment,60
R00006863,C008828,2026-04-10,1140.89,Settlement,90
R00006864,C008828,2026-07-09,823.98,Payment,180
R00006865,C008831,2025-07-10,4819.07,Renegotiation,30
R00006866,C008831,2025-08-09,4015.89,Payment,60
R00006867,C008831,2025-10-08,3011.92,Renegotiation,120
R00006868,C008831,2026-06-05,2007.95,Payment,360
R00006869,C008832,2026-07-10,10877.31,Payment,30
R00006870,C008832,2026-08-09,9064.42,Renegotiation,60
R00006871,C008836,2025-07-09,2103.67,Renegotiation,90
R00006872,C008836,2025-08-08,1753.06,Payment,120
R00006873,C008836,2025-10-07,1519.32,Payment,180
R00006874,C008837,2026-07-09,3543.73,Payment,60
R00006875,C008837,2026-08-08,3189.36,Settlement,90
R00006876,C008839,2025-07-10,2163.04,Payment,30
R00006877,C008839,2025-08-09,1802.54,Payment,60
R00006878,C008839,2025-12-07,1171.65,Collection,180
R00006879,C008839,2026-06-05,901.27,Collection,360
R00006880,C008841,2026-04-09,1693.86,Payment,30
R00006881,C008841,2026-06-08,1270.39,Collection,90
R00006882,C008844,2025-08-09,12922.21,Settlement,60
R00006883,C008844,2026-06-05,6461.11,Payment,360
R00006884,C008847,2026-04-08,1800.56,Payment,180
R00006885,C008850,2026-07-09,2750.34,Settlement,90
R00006886,C008850,2026-08-08,2291.95,Payment,120
R00006887,C008851,2025-12-10,890.15,Settlement,30
R00006888,C008851,2026-01-09,741.79,Settlement,60
R00006889,C008851,2026-03-10,556.35,Settlement,120
R00006890,C008851,2026-05-09,482.17,Payment,180
R00006891,C008854,2026-05-09,458.51,Collection,60
R00006892,C008854,2026-07-08,343.88,Payment,120
R00006893,C008855,2026-06-09,310.19,Payment,60
R00006894,C008856,2026-08-09,876.3,Payment,30
R00006895,C008857,2026-07-08,2718.55,Settlement,120
R00006896,C008858,2025-10-09,10712.95,Settlement,60
R00006897,C008858,2026-08-05,5356.48,Payment,360
R00006898,C008859,2026-06-09,2477.72,Settlement,30
R00006899,C008860,2025-09-09,1319.5,Payment,30
R00006900,C008860,2025-10-09,1099.59,Payment,60
R00006901,C008860,2025-11-08,989.63,Renegotiation,90
R00006902,C008863,2025-07-10,2399.93,Collection,30
R00006903,C008863,2026-06-05,999.97,Collection,360
R00006904,C008868,2026-08-09,15475.21,Renegotiation,30
R00006905,C008870,2026-07-10,2467.22,Payment,30
R00006906,C008872,2026-07-10,1582.12,Payment,30
R00006907,C008875,2025-09-09,1342.54,Payment,30
R00006908,C008875,2025-12-08,839.09,Payment,120
R00006909,C008875,2026-08-05,559.39,Payment,360
R00006910,C008878,2026-07-10,1043.2,Collection,30
R00006911,C008882,2026-04-11,121.64,Settlement,60
R00006912,C008882,2026-08-09,79.07,Collection,180
R00006913,C008886,2025-07-09,9176.33,Payment,60
R00006914,C008886,2025-09-07,6882.25,Payment,120
R00006915,C008886,2026-05-05,4588.17,Renegotiation,360
R00006916,C008888,2026-01-09,8442.08,Payment,30
R00006917,C008889,2026-03-11,66.13,Payment,60
R00006918,C008889,2026-04-10,59.51,Renegotiation,90
R00006919,C008889,2026-05-10,49.59,Payment,120
R00006920,C008893,2026-01-09,997.17,Renegotiation,30
R00006921,C008893,2026-02-08,830.97,Renegotiation,60
R00006922,C008893,2026-03-10,747.88,Settlement,90
R00006923,C008893,2026-06-08,540.13,Payment,180
R00006924,C008894,2026-03-10,12212.91,Payment,90
R00006925,C008894,2026-04-09,10177.43,Payment,120
R00006926,C008900,2026-01-09,739.97,Collection,60
R00006927,C008900,2026-02-08,665.97,Payment,90
R00006928,C008900,2026-05-09,480.98,Payment,180
R00006929,C008902,2026-06-09,989.77,Payment,30
R00006930,C008902,2026-08-08,742.33,Payment,90
R00006931,C008904,2026-07-09,1703.95,Settlement,90
R00006932,C008904,2026-08-08,1419.96,Payment,120
R00006933,C008907,2026-07-10,1550.43,Payment,30
R00006934,C008908,2026-04-10,1321.2,Renegotiation,90
R00006935,C008908,2026-05-10,1101.0,Payment,120
R00006936,C008908,2026-07-09,954.2,Renegotiation,180
R00006937,C008909,2026-06-09,2132.41,Renegotiation,30
R00006938,C008910,2026-01-09,1102.55,Renegotiation,30
R00006939,C008910,2026-03-10,826.91,Collection,90
R00006940,C008911,2026-02-09,1091.89,Collection,30
R00006941,C008911,2026-04-10,818.91,Renegotiation,90
R00006942,C008911,2026-05-10,682.43,Renegotiation,120
R00006943,C008911,2026-07-09,591.44,Payment,180
R00006944,C008912,2026-02-08,664.83,Settlement,90
R00006945,C008912,2026-03-10,554.02,Settlement,120
R00006946,C008916,2025-10-10,304.41,Payment,30
R00006947,C008916,2025-12-09,228.3,Renegotiation,90
R00006948,C008916,2026-01-08,190.25,Payment,120
R00006949,C008921,2026-03-12,1141.71,Collection,30
R00006950,C008921,2026-04-11,951.43,Payment,60
R00006951,C008921,2026-05-11,856.28,Collection,90
R00006952,C008927,2026-08-09,5870.76,Payment,30
R00006953,C008928,2026-01-09,2217.03,Renegotiation,60
R00006954,C008928,2026-03-10,1662.77,Renegotiation,120
R00006955,C008935,2025-11-09,2333.38,Collection,30
R00006956,C008935,2025-12-09,1944.48,Payment,60
R00006957,C008935,2026-04-08,1263.91,Payment,180
R00006958,C008942,2026-07-09,1759.04,Collection,60
R00006959,C008942,2026-08-08,1583.14,Settlement,90
R00006960,C008945,2025-05-11,710.74,Renegotiation,90
R00006961,C008945,2025-06-10,592.28,Payment,120
R00006962,C008945,2025-08-09,513.31,Payment,180
R00006963,C008951,2026-08-09,2367.94,Settlement,30
R00006964,C008953,2026-08-08,2335.71,Payment,90
R00006965,C008958,2025-05-10,1744.75,Renegotiation,30
R00006966,C008958,2025-06-09,1453.96,Payment,60
R00006967,C008961,2026-06-09,691.18,Settlement,60
R00006968,C008961,2026-08-08,518.39,Settlement,120
R00006969,C008963,2026-06-09,788.1,Collection,30
R00006970,C008963,2026-07-09,656.75,Collection,60
R00006971,C008965,2025-12-08,6758.59,Payment,120
R00006972,C008965,2026-02-06,5857.44,Payment,180
R00006973,C008970,2025-12-10,1249.08,Collection,30
R00006974,C008970,2026-01-09,1040.9,Renegotiation,60
R00006975,C008972,2026-02-09,13420.88,Payment,30
R00006976,C008972,2026-03-11,11184.07,Renegotiation,60
R00006977,C008972,2026-05-10,8388.05,Payment,120
R00006978,C008972,2026-07-09,7269.64,Settlement,180
R00006979,C008976,2026-01-09,16573.8,Renegotiation,30
R00006980,C008976,2026-02-08,13811.5,Settlement,60
R00006981,C008976,2026-06-08,8977.48,Payment,180
R00006982,C008977,2026-05-10,8932.79,Payment,120
R00006983,C008977,2026-07-09,7741.75,Payment,180
R00006984,C008980,2025-08-09,3358.73,Renegotiation,30
R00006985,C008980,2025-10-08,2519.05,Payment,90
R00006986,C008980,2025-11-07,2099.21,Renegotiation,120
R00006987,C008980,2026-01-06,1819.31,Collection,180
R00006988,C008981,2025-07-10,4536.42,Renegotiation,30
R00006989,C008981,2025-10-08,2835.26,Collection,120
R00006990,C008982,2026-07-08,1437.55,Payment,120
R00006991,C008983,2026-07-09,2120.83,Collection,90
R00006992,C008986,2026-01-09,8404.85,Collection,60
R00006993,C008986,2026-03-10,6303.64,Settlement,120
R00006994,C008986,2026-05-09,5463.15,Collection,180
R00006995,C008987,2026-06-09,14680.56,Renegotiation,60
R00006996,C008987,2026-08-08,11010.42,Payment,120
R00006997,C008991,2026-04-09,2099.36,Payment,30
R00006998,C008991,2026-06-08,1574.52,Collection,90
R00006999,C008991,2026-07-08,1312.1,Payment,120
R00007000,C009003,2025-09-08,1467.38,Payment,90
R00007001,C009003,2025-10-08,1222.82,Payment,120
R00007002,C009003,2025-12-07,1059.77,Settlement,180
R00007003,C009009,2026-05-11,970.88,Settlement,90
R00007004,C009009,2026-06-10,809.06,Renegotiation,120
R00007005,C009009,2026-08-09,701.19,Renegotiation,180
R00007006,C009010,2026-05-11,3570.65,Payment,90
R00007007,C009010,2026-08-09,2578.8,Payment,180
R00007008,C009012,2025-12-07,1053.5,Payment,180
R00007009,C009012,2026-06-05,810.39,Payment,360
R00007010,C009016,2026-05-10,404.55,Settlement,30
R00007011,C009016,2026-07-09,303.41,Collection,90
R00007012,C009016,2026-08-08,252.84,Collection,120
R00007013,C009019,2026-06-09,1215.37,Payment,30
R00007014,C009024,2025-10-08,926.26,Payment,90
R00007015,C009024,2025-11-07,771.89,Payment,120
R00007016,C009026,2026-08-08,141.48,Renegotiation,90
R00007017,C009027,2025-12-10,2913.93,Collection,30
R00007018,C009027,2026-01-09,2428.28,Settlement,60
R00007019,C009027,2026-05-09,1578.38,Collection,180
R00007020,C009029,2025-10-10,471.63,Settlement,30
R00007021,C009029,2026-03-09,255.46,Payment,180
R00007022,C009037,2026-04-11,1216.09,Collection,60
R00007023,C009037,2026-05-11,1094.48,Payment,90
R00007024,C009037,2026-06-10,912.07,Renegotiation,120
R00007025,C009037,2026-08-09,790.46,Payment,180
R00007026,C009038,2025-10-08,1360.33,Collection,90
R00007027,C009038,2026-07-05,755.74,Payment,360
R00007028,C009040,2025-10-09,3075.1,Payment,60
R00007029,C009040,2025-12-08,2306.33,Settlement,120
R00007030,C009041,2025-12-09,1016.59,Renegotiation,60
R00007031,C009041,2026-02-07,762.44,Renegotiation,120
R00007032,C009041,2026-04-08,660.78,Payment,180
R00007033,C009045,2026-06-09,826.36,Collection,60
R00007034,C009045,2026-07-09,743.72,Payment,90
R00007035,C009046,2026-07-09,745.07,Payment,60
R00007036,C009046,2026-08-08,670.56,Payment,90
R00007037,C009051,2026-04-08,2467.68,Payment,180
R00007038,C009052,2026-07-09,2142.5,Collection,60
R00007039,C009053,2026-06-09,2288.89,Settlement,30
R00007040,C009053,2026-07-09,1907.4,Collection,60
R00007041,C009053,2026-08-08,1716.66,Renegotiation,90
R00007042,C009055,2025-09-09,1239.67,Settlement,30
R00007043,C009055,2025-12-08,774.8,Collection,120
R00007044,C009056,2026-07-10,581.83,Payment,30
R00007045,C009056,2026-08-09,484.86,Settlement,60
R00007046,C009058,2025-10-10,2205.16,Collection,30
R00007047,C009058,2025-11-09,1837.64,Settlement,60
R00007048,C009059,2025-05-09,1559.91,Renegotiation,60
R00007049,C009059,2025-07-08,1169.93,Renegotiation,120
R00007050,C009059,2025-09-06,1013.94,Renegotiation,180
R00007051,C009059,2026-03-05,779.95,Payment,360
R00007052,C009060,2026-07-09,827.68,Renegotiation,60
R00007053,C009062,2026-05-10,2436.71,Collection,30
R00007054,C009062,2026-07-09,1827.53,Payment,90
R00007055,C009063,2026-04-09,1254.9,Renegotiation,30
R00007056,C009063,2026-06-08,941.17,Payment,90
R00007057,C009063,2026-07-08,784.31,Renegotiation,120
R00007058,C009068,2026-06-09,2706.96,Payment,30
R00007059,C009068,2026-08-08,2030.22,Payment,90
R00007060,C009071,2026-05-09,2542.6,Payment,60
R00007061,C009071,2026-07-08,1906.95,Collection,120
R00007062,C009072,2026-04-09,385.79,Payment,30
R00007063,C009072,2026-05-09,321.49,Payment,60
R00007064,C009072,2026-06-08,289.34,Settlement,90
R00007065,C009076,2025-09-09,599.28,Settlement,30
R00007066,C009076,2025-10-09,499.4,Payment,60
R00007067,C009076,2025-12-08,374.55,Settlement,120
R00007068,C009076,2026-02-06,324.61,Renegotiation,180
R00007069,C009084,2026-08-09,4621.59,Collection,30
R00007070,C009088,2026-06-09,2050.92,Collection,30
R00007071,C009089,2026-06-08,297.63,Payment,90
R00007072,C009089,2026-07-08,248.02,Collection,120
R00007073,C009092,2026-06-09,1116.22,Settlement,30
R00007074,C009092,2026-08-08,837.16,Payment,90
R00007075,C009093,2025-09-08,1188.26,Collection,90
R00007076,C009093,2025-12-07,858.19,Payment,180
R00007077,C009093,2026-06-05,660.14,Payment,360
R00007078,C009094,2025-12-09,2348.52,Payment,60
R00007079,C009094,2026-02-07,1761.39,Payment,120
R00007080,C009094,2026-04-08,1526.53,Payment,180
R00007081,C009098,2025-10-10,17959.45,Payment,30
R00007082,C009098,2026-01-08,11224.66,Payment,120
R00007083,C009098,2026-03-09,9728.03,Renegotiation,180
R00007084,C009106,2025-12-09,2225.28,Renegotiation,60
R00007085,C009106,2026-02-07,1668.96,Payment,120
R00007086,C009106,2026-04-08,1446.43,Payment,180
R00007087,C009110,2026-01-09,259.19,Collection,60
R00007088,C009110,2026-03-10,194.39,Payment,120
R00007089,C009113,2026-08-09,2346.56,Settlement,30
R00007090,C009115,2026-06-09,6070.7,Payment,60
R00007091,C009117,2025-10-09,1056.14,Payment,60
R00007092,C009117,2025-11-08,950.53,Collection,90
R00007093,C009117,2025-12-08,792.11,Payment,120
R00007094,C009117,2026-02-06,686.49,Settlement,180
R00007095,C009120,2025-11-09,1629.59,Collection,30
R00007096,C009120,2025-12-09,1357.99,Collection,60
R00007097,C009120,2026-01-08,1222.19,Payment,90
R00007098,C009120,2026-02-07,1018.49,Payment,120
R00007099,C009121,2026-04-09,878.16,Payment,30
R00007100,C009121,2026-06-08,658.62,Collection,90
R00007101,C009121,2026-07-08,548.85,Collection,120
R00007102,C009124,2026-05-10,892.41,Payment,30
R00007103,C009124,2026-06-09,743.68,Collection,60
R00007104,C009124,2026-07-09,669.31,Payment,90
R00007105,C009125,2026-07-09,9367.99,Payment,60
R00007106,C009131,2026-02-09,992.49,Settlement,30
R00007107,C009131,2026-04-10,744.36,Payment,90
R00007108,C009134,2025-12-10,630.52,Payment,30
R00007109,C009134,2026-02-08,472.89,Payment,90
R00007110,C009134,2026-03-10,394.08,Payment,120
R00007111,C009136,2026-06-09,2886.89,Collection,60
R00007112,C009136,2026-08-08,2165.17,Renegotiation,120
R00007113,C009138,2026-07-10,9419.28,Settlement,30
R00007114,C009141,2026-01-09,2195.14,Payment,30
R00007115,C009141,2026-02-08,1829.28,Renegotiation,60
R00007116,C009147,2026-02-09,409.12,Renegotiation,30
R00007117,C009147,2026-03-11,340.93,Renegotiation,60
R00007118,C009148,2026-07-10,3783.98,Settlement,30
R00007119,C009148,2026-08-09,3153.31,Collection,60
R00007120,C009150,2025-12-09,3583.61,Collection,60
R00007121,C009150,2026-01-08,3225.25,Collection,90
R00007122,C009150,2026-04-08,2329.35,Renegotiation,180
R00007123,C009153,2025-12-10,1962.59,Settlement,30
R00007124,C009153,2026-02-08,1471.95,Settlement,90
R00007125,C009153,2026-03-10,1226.62,Payment,120
R00007126,C009153,2026-05-09,1063.07,Collection,180
R00007127,C009156,2026-05-10,1656.75,Settlement,30
R00007128,C009156,2026-07-09,1242.57,Renegotiation,90
R00007129,C009156,2026-08-08,1035.47,Payment,120
R00007130,C009158,2025-12-09,24184.12,Settlement,60
R00007131,C009158,2026-02-07,18138.09,Collection,120
R00007132,C009158,2026-04-08,15719.68,Collection,180
R00007133,C009159,2026-04-09,1566.27,Renegotiation,30
R00007134,C009159,2026-06-08,1174.71,Renegotiation,90
R00007135,C009160,2026-03-12,18192.04,Collection,30
R00007136,C009168,2026-07-10,975.79,Payment,30
R00007137,C009170,2026-07-09,619.58,Renegotiation,60
R00007138,C009172,2025-11-09,2736.21,Collection,60
R00007139,C009174,2026-05-10,1951.39,Collection,30
R00007140,C009174,2026-07-09,1463.54,Collection,90
R00007141,C009174,2026-08-08,1219.62,Settlement,120
R00007142,C009175,2025-12-09,2947.34,Collection,90
R00007143,C009175,2026-03-09,2128.63,Collection,180
R00007144,C009176,2026-06-09,2809.26,Payment,60
R00007145,C009186,2026-06-09,14428.86,Payment,60
R00007146,C009186,2026-08-08,10821.65,Payment,120
R00007147,C009190,2026-04-09,686.64,Payment,30
R00007148,C009190,2026-05-09,572.2,Collection,60
R00007149,C009190,2026-06-08,514.98,Payment,90
R00007150,C009190,2026-07-08,429.15,Renegotiation,120
R00007151,C009192,2026-04-11,1100.42,Payment,60
R00007152,C009192,2026-05-11,990.38,Settlement,90
R00007153,C009192,2026-08-09,715.28,Collection,180
R00007154,C009193,2026-02-08,5398.97,Settlement,60
R00007155,C009193,2026-03-10,4859.07,Renegotiation,90
R00007156,C009194,2026-08-09,456.49,Settlement,60
R00007157,C009198,2026-04-09,418.23,Renegotiation,30
R00007158,C009198,2026-07-08,261.4,Payment,120
R00007159,C009199,2026-08-09,1753.81,Payment,30
R00007160,C009201,2026-07-09,2459.31,Payment,180
R00007161,C009203,2025-08-08,789.4,Payment,90
R00007162,C009203,2025-09-07,657.83,Payment,120
R00007163,C009203,2025-11-06,570.12,Collection,180
R00007164,C009206,2025-08-09,34076.34,Payment,30
R00007165,C009206,2025-11-07,21297.71,Settlement,120
R00007166,C009207,2026-07-10,2342.04,Settlement,30
R00007167,C009209,2026-06-09,10123.37,Payment,30
R00007168,C009210,2026-06-09,7419.53,Collection,30
R00007169,C009210,2026-07-09,6182.94,Payment,60
R00007170,C009210,2026-08-08,5564.65,Settlement,90
R00007171,C009213,2026-03-10,8187.33,Payment,120
R00007172,C009213,2026-05-09,7095.69,Settlement,180
R00007173,C009214,2026-03-10,468.82,Renegotiation,90
R00007174,C009214,2026-04-09,390.69,Collection,120
R00007175,C009214,2026-06-08,338.59,Settlement,180
R00007176,C009216,2026-03-11,2033.05,Payment,60
R00007177,C009216,2026-04-10,1829.74,Settlement,90
R00007178,C009216,2026-07-09,1321.48,Settlement,180
R00007179,C009217,2026-04-11,19984.22,Payment,60
R00007180,C009217,2026-06-10,14988.17,Renegotiation,120
R00007181,C009218,2026-04-09,353.72,Payment,30
R00007182,C009218,2026-05-09,294.77,Payment,60
R00007183,C009219,2026-05-09,12157.17,Settlement,180
R00007184,C009224,2026-08-08,632.09,Payment,90
R00007185,C009227,2026-02-09,1757.11,Payment,30
R00007186,C009227,2026-05-10,1098.19,Collection,120
R00007187,C009232,2026-02-08,3095.53,Payment,90
R00007188,C009232,2026-03-10,2579.61,Payment,120
R00007189,C009236,2026-06-09,20561.8,Settlement,30
R00007190,C009238,2025-06-09,1281.93,Settlement,60
R00007191,C009238,2025-07-09,1153.74,Payment,90
R00007192,C009238,2025-08-08,961.45,Payment,120
R00007193,C009241,2026-07-09,375.28,Renegotiation,60
R00007194,C009241,2026-08-08,337.75,Payment,90
R00007195,C009243,2025-11-09,2587.31,Settlement,30
R00007196,C009243,2026-01-08,1940.48,Collection,90
R00007197,C009243,2026-02-07,1617.07,Payment,120
R00007198,C009244,2026-05-09,15406.96,Renegotiation,60
R00007199,C009244,2026-07-08,11555.22,Collection,120
R00007200,C009247,2026-04-11,9042.71,Payment,60
R00007201,C009247,2026-06-10,6782.03,Payment,120
R00007202,C009247,2026-08-09,5877.76,Collection,180
R00007203,C009248,2026-05-10,1641.44,Renegotiation,30
R00007204,C009248,2026-06-09,1367.87,Payment,60
R00007205,C009248,2026-07-09,1231.08,Payment,90
R00007206,C009252,2025-07-10,2785.68,Payment,30
R00007207,C009252,2025-08-09,2321.4,Renegotiation,60
R00007208,C009252,2025-12-07,1508.91,Settlement,180
R00007209,C009255,2026-07-09,1747.09,Payment,90
R00007210,C009256,2026-05-10,557.77,Payment,30
R00007211,C009256,2026-08-08,348.61,Renegotiation,120
R00007212,C009257,2026-04-09,394.2,Settlement,30
R00007213,C009257,2026-05-09,328.5,Payment,60
R00007214,C009257,2026-06-08,295.65,Payment,90
R00007215,C009258,2026-08-09,17911.65,Collection,60
R00007216,C009260,2026-06-09,2208.33,Payment,30
R00007217,C009260,2026-08-08,1656.24,Renegotiation,90
R00007218,C009261,2026-04-09,3444.77,Payment,30
R00007219,C009261,2026-05-09,2870.64,Collection,60
R00007220,C009261,2026-07-08,2152.98,Collection,120
R00007221,C009263,2026-08-09,2258.82,Collection,60
R00007222,C009269,2025-10-10,1260.58,Payment,30
R00007223,C009269,2026-01-08,787.86,Payment,120
R00007224,C009272,2026-08-09,1966.96,Settlement,60
R00007225,C009274,2026-06-09,2982.98,Payment,30
R00007226,C009274,2026-08-08,2237.23,Payment,90
R00007227,C009276,2026-04-09,2770.85,Renegotiation,30
R00007228,C009279,2026-08-09,2813.9,Payment,60
R00007229,C009281,2025-05-10,1465.75,Collection,30
R00007230,C009281,2025-06-09,1221.46,Settlement,60
R00007231,C009281,2025-08-08,916.1,Payment,120
R00007232,C009282,2026-06-09,20968.69,Settlement,30
R00007233,C009289,2026-01-09,2117.24,Payment,60
R00007234,C009289,2026-02-08,1905.52,Payment,90
R00007235,C009289,2026-03-10,1587.93,Payment,120
R00007236,C009291,2026-02-08,2227.81,Payment,60
R00007237,C009291,2026-06-08,1448.08,Payment,180
R00007238,C009292,2026-04-11,2378.98,Settlement,60
R00007239,C009293,2025-11-09,2782.74,Payment,30
R00007240,C009293,2025-12-09,2318.95,Payment,60
R00007241,C009293,2026-01-08,2087.06,Collection,90
R00007242,C009295,2026-06-08,2932.95,Settlement,90
R00007243,C009295,2026-07-08,2444.12,Settlement,120
R00007244,C009298,2026-06-09,346.88,Payment,30
R00007245,C009298,2026-07-09,289.07,Settlement,60
R00007246,C009313,2026-06-09,770.26,Payment,60
R00007247,C009313,2026-07-09,693.24,Settlement,90
R00007248,C009313,2026-08-08,577.7,Payment,120
R00007249,C009318,2026-03-12,2904.28,Renegotiation,30
R00007250,C009318,2026-04-11,2420.24,Payment,60
R00007251,C009322,2026-03-12,247.47,Payment,30
R00007252,C009322,2026-04-11,206.23,Payment,60
R00007253,C009322,2026-05-11,185.6,Payment,90
R00007254,C009322,2026-08-09,134.05,Settlement,180
R00007255,C009325,2025-08-09,3684.15,Payment,60
R00007256,C009325,2025-10-08,2763.11,Payment,120
R00007257,C009325,2025-12-07,2394.7,Collection,180
R00007258,C009330,2025-06-09,5878.38,Collection,60
R00007259,C009330,2025-08-08,4408.78,Payment,120
R00007260,C009330,2025-10-07,3820.95,Renegotiation,180
R00007261,C009332,2026-02-09,2939.43,Settlement,30
R00007262,C009332,2026-07-09,1592.19,Collection,180
R00007263,C009335,2025-11-09,3958.27,Payment,30
R00007264,C009335,2026-01-08,2968.7,Collection,90
R00007265,C009340,2026-07-09,310.08,Renegotiation,60
R00007266,C009340,2026-08-08,279.07,Renegotiation,90
R00007267,C009345,2025-12-10,749.32,Payment,30
R00007268,C009345,2026-01-09,624.43,Payment,60
R00007269,C009345,2026-02-08,561.99,Payment,90
R00007270,C009345,2026-05-09,405.88,Payment,180
R00007271,C009348,2026-04-11,20868.03,Renegotiation,60
R00007272,C009348,2026-05-11,18781.23,Payment,90
R00007273,C009349,2026-07-10,575.14,Payment,30
R00007274,C009350,2026-03-10,2300.14,Collection,90
R00007275,C009350,2026-06-08,1661.22,Payment,180
R00007276,C009352,2025-07-10,1222.72,Settlement,30
R00007277,C009352,2025-08-09,1018.93,Payment,60
R00007278,C009355,2025-04-09,6520.71,Payment,30
R00007279,C009355,2025-05-09,5433.93,Collection,60
R00007280,C009355,2025-07-08,4075.45,Settlement,120
R00007281,C009355,2026-03-05,2716.96,Settlement,360
R00007282,C009356,2026-01-09,1146.83,Payment,30
R00007283,C009356,2026-02-08,955.69,Payment,60
R00007284,C009358,2026-04-09,632.3,Payment,30
R00007285,C009358,2026-05-09,526.92,Renegotiation,60
R00007286,C009358,2026-06-08,474.23,Collection,90
R00007287,C009358,2026-07-08,395.19,Renegotiation,120
R00007288,C009361,2026-05-11,2225.04,Payment,90
R00007289,C009361,2026-06-10,1854.2,Renegotiation,120
R00007290,C009361,2026-08-09,1606.98,Settlement,180
R00007291,C009364,2026-02-09,10213.37,Renegotiation,30
R00007292,C009364,2026-03-11,8511.14,Payment,60
R00007293,C009364,2026-04-10,7660.03,Payment,90
R00007294,C009366,2025-11-09,658.09,Payment,60
R00007295,C009366,2025-12-09,592.28,Payment,90
R00007296,C009369,2026-02-09,224.34,Renegotiation,30
R00007297,C009369,2026-03-11,186.95,Renegotiation,60
R00007298,C009369,2026-04-10,168.25,Settlement,90
R00007299,C009369,2026-07-09,121.52,Renegotiation,180
R00007300,C009372,2026-08-09,634.71,Renegotiation,60
R00007301,C009381,2026-06-09,12163.45,Settlement,60
R00007302,C009385,2025-11-08,1373.97,Payment,90
R00007303,C009385,2026-02-06,992.31,Payment,180
R00007304,C009387,2026-01-09,963.41,Payment,60
R00007305,C009387,2026-03-10,722.56,Payment,120
R00007306,C009387,2026-05-09,626.22,Payment,180
R00007307,C009388,2026-07-10,2211.6,Collection,30
R00007308,C009391,2026-07-09,66.74,Collection,60
R00007309,C009397,2026-08-09,11650.99,Payment,30
R00007310,C009399,2025-07-10,6430.31,Payment,30
R00007311,C009399,2025-08-09,5358.6,Settlement,60
R00007312,C009399,2025-12-07,3483.09,Renegotiation,180
R00007313,C009400,2026-02-09,19893.56,Collection,30
R00007314,C009400,2026-03-11,16577.97,Payment,60
R00007315,C009400,2026-07-09,10775.68,Payment,180
R00007316,C009403,2025-09-08,1324.38,Renegotiation,60
R00007317,C009403,2025-11-07,993.29,Settlement,120
R00007318,C009403,2026-01-06,860.85,Renegotiation,180
R00007319,C009403,2026-07-05,662.19,Renegotiation,360
R00007320,C009404,2026-05-10,665.31,Collection,30
R00007321,C009404,2026-06-09,554.42,Settlement,60
R00007322,C009404,2026-08-08,415.82,Payment,120
R00007323,C009411,2026-06-08,1533.11,Settlement,90
R00007324,C009412,2025-12-09,381.0,Payment,60
R00007325,C009412,2026-01-08,342.9,Collection,90
R00007326,C009417,2026-01-08,535.43,Payment,90
R00007327,C009417,2026-02-07,446.19,Collection,120
R00007328,C009417,2026-04-08,386.7,Payment,180
R00007329,C009418,2026-04-11,1537.13,Renegotiation,60
R00007330,C009418,2026-05-11,1383.42,Collection,90
R00007331,C009422,2026-05-10,9695.79,Payment,30
R00007332,C009422,2026-07-09,7271.84,Collection,90
R00007333,C009424,2026-08-09,87.63,Payment,30
R00007334,C009425,2025-10-10,3331.68,Renegotiation,30
R00007335,C009425,2026-03-09,1804.66,Renegotiation,180
R00007336,C009426,2026-05-11,2980.91,Settlement,90
R00007337,C009426,2026-08-09,2152.88,Renegotiation,180
R00007338,C009428,2026-01-09,2334.74,Payment,30
R00007339,C009428,2026-03-10,1751.05,Collection,90
R00007340,C009428,2026-04-09,1459.21,Settlement,120
R00007341,C009428,2026-06-08,1264.65,Renegotiation,180
R00007342,C009429,2026-05-10,2934.52,Collection,30
R00007343,C009429,2026-07-09,2200.89,Payment,90
R00007344,C009430,2026-07-09,1255.0,Collection,90
R00007345,C009436,2026-07-08,2299.93,Collection,120
R00007346,C009439,2026-07-10,1602.1,Payment,30
R00007347,C009441,2026-07-10,528.37,Payment,30
R00007348,C009441,2026-08-09,440.3,Settlement,60
R00007349,C009444,2026-03-11,1723.27,Renegotiation,60
R00007350,C009445,2025-05-10,998.42,Payment,30
R00007351,C009445,2025-06-09,832.01,Payment,60
R00007352,C009445,2025-08-08,624.01,Renegotiation,120
R00007353,C009445,2025-10-07,540.81,Renegotiation,180
R00007354,C009447,2025-12-09,5607.58,Renegotiation,60
R00007355,C009447,2026-01-08,5046.82,Payment,90
R00007356,C009448,2025-06-09,1503.67,Payment,30
R00007357,C009448,2025-07-09,1253.06,Payment,60
R00007358,C009448,2025-09-07,939.8,Payment,120
R00007359,C009448,2025-11-06,814.49,Settlement,180
R00007360,C009449,2026-05-09,800.01,Payment,60
R00007361,C009449,2026-06-08,720.01,Payment,90
R00007362,C009449,2026-07-08,600.01,Payment,120
R00007363,C009452,2026-05-09,1796.94,Renegotiation,60
R00007364,C009452,2026-07-08,1347.71,Settlement,120
R00007365,C009454,2026-07-10,914.2,Payment,30
R00007366,C009454,2026-08-09,761.83,Payment,60
R00007367,C009455,2026-02-08,2284.06,Payment,60
R00007368,C009455,2026-06-08,1484.64,Payment,180
R00007369,C009458,2026-01-09,3036.84,Payment,30
R00007370,C009458,2026-03-10,2277.63,Settlement,90
R00007371,C009458,2026-04-09,1898.03,Payment,120
R00007372,C009460,2025-07-10,845.08,Collection,30
R00007373,C009460,2025-09-08,633.81,Payment,90
R00007374,C009460,2025-10-08,528.18,Renegotiation,120
R00007375,C009460,2026-06-05,352.12,Payment,360
R00007376,C009461,2025-07-09,16409.51,Settlement,90
R00007377,C009461,2025-08-08,13674.59,Collection,120
R00007378,C009461,2026-04-05,9116.39,Payment,360
R00007379,C009464,2026-04-09,1345.98,Renegotiation,30
R00007380,C009464,2026-05-09,1121.65,Payment,60
R00007381,C009464,2026-07-08,841.24,Renegotiation,120
R00007382,C009467,2026-06-10,7327.61,Payment,120
R00007383,C009471,2026-08-09,3494.58,Collection,30
R00007384,C009472,2026-08-09,12254.79,Collection,60
R00007385,C009480,2026-04-09,1083.09,Collection,30
R00007386,C009480,2026-05-09,902.58,Payment,60
R00007387,C009480,2026-06-08,812.32,Settlement,90
R00007388,C009484,2025-08-08,1669.1,Payment,90
R00007389,C009484,2025-09-07,1390.91,Settlement,120
R00007390,C009484,2025-11-06,1205.46,Renegotiation,180
R00007391,C009484,2026-05-05,927.28,Renegotiation,360
R00007392,C009485,2025-08-09,1556.24,Renegotiation,30
R00007393,C009485,2025-10-08,1167.18,Renegotiation,90
R00007394,C009485,2025-11-07,972.65,Payment,120
R00007395,C009485,2026-07-05,648.43,Payment,360
R00007396,C009487,2026-06-09,131.51,Collection,30
R00007397,C009487,2026-07-09,109.59,Renegotiation,60
R00007398,C009487,2026-08-08,98.63,Payment,90
R00007399,C009490,2026-02-09,1369.32,Renegotiation,30
R00007400,C009490,2026-05-10,855.82,Collection,120
R00007401,C009490,2026-07-09,741.71,Payment,180
R00007402,C009492,2026-03-12,902.06,Renegotiation,30
R00007403,C009492,2026-05-11,676.55,Collection,90
R00007404,C009497,2025-06-09,4744.99,Payment,30
R00007405,C009497,2026-05-05,1977.08,Payment,360
R00007406,C009499,2026-05-11,2041.09,Payment,90
R00007407,C009499,2026-06-10,1700.91,Renegotiation,120
R00007408,C009505,2026-01-09,1820.53,Payment,30
R00007409,C009505,2026-02-08,1517.11,Collection,60
R00007410,C009505,2026-04-09,1137.83,Renegotiation,120
R00007411,C009505,2026-06-08,986.12,Payment,180
R00007412,C009507,2025-05-10,410.56,Settlement,30
R00007413,C009507,2025-06-09,342.14,Payment,60
R00007414,C009507,2025-07-09,307.92,Settlement,90
R00007415,C009507,2025-08-08,256.6,Payment,120
R00007416,C009509,2025-08-08,6208.24,Settlement,120
R00007417,C009509,2026-04-05,4138.82,Payment,360
R00007418,C009511,2025-08-09,22119.11,Renegotiation,30
R00007419,C009511,2025-09-08,18432.59,Payment,60
R00007420,C009511,2026-07-05,9216.3,Payment,360
R00007421,C009515,2026-02-09,242.51,Payment,30
R00007422,C009515,2026-04-10,181.89,Renegotiation,90
R00007423,C009515,2026-05-10,151.57,Settlement,120
R00007424,C009515,2026-07-09,131.36,Payment,180
R00007425,C009518,2026-07-10,861.27,Payment,30
R00007426,C009518,2026-08-09,717.72,Payment,60
R00007427,C009519,2026-07-10,751.18,Settlement,30
R00007428,C009520,2026-05-10,296.11,Renegotiation,30
R00007429,C009520,2026-06-09,246.76,Collection,60
R00007430,C009520,2026-07-09,222.08,Payment,90
R00007431,C009527,2025-11-09,1350.91,Renegotiation,60
R00007432,C009527,2025-12-09,1215.82,Payment,90
R00007433,C009529,2026-02-08,1855.77,Settlement,60
R00007434,C009529,2026-03-10,1670.2,Settlement,90
R00007435,C009531,2025-10-09,1277.89,Payment,60
R00007436,C009531,2026-02-06,830.63,Payment,180
R00007437,C009531,2026-08-05,638.94,Payment,360
R00007438,C009536,2025-11-09,741.53,Renegotiation,30
R00007439,C009536,2026-01-08,556.15,Renegotiation,90
R00007440,C009536,2026-02-07,463.46,Renegotiation,120
R00007441,C009536,2026-04-08,401.66,Payment,180
R00007442,C009537,2025-07-09,1519.95,Collection,60
R00007443,C009537,2025-11-06,987.97,Payment,180
R00007444,C009537,2026-05-05,759.97,Payment,360
R00007445,C009538,2026-05-11,1774.52,Payment,90
R00007446,C009550,2026-03-12,1271.6,Renegotiation,30
R00007447,C009550,2026-06-10,794.75,Renegotiation,120
R00007448,C009550,2026-08-09,688.78,Payment,180
R00007449,C009555,2026-03-10,2807.19,Payment,120
R00007450,C009555,2026-05-09,2432.9,Collection,180
R00007451,C009563,2026-08-09,28378.27,Payment,30
R00007452,C009565,2026-07-09,9002.77,Payment,60
R00007453,C009565,2026-08-08,8102.49,Settlement,90
R00007454,C009570,2025-04-09,3130.54,Payment,30
R00007455,C009570,2025-07-08,1956.59,Payment,120
R00007456,C009571,2026-02-08,797.95,Settlement,90
R00007457,C009572,2025-09-08,7320.4,Payment,90
R00007458,C009572,2025-12-07,5286.96,Collection,180
R00007459,C009572,2026-06-05,4066.89,Collection,360
R00007460,C009577,2026-03-12,2738.88,Renegotiation,30
R00007461,C009577,2026-04-11,2282.4,Settlement,60
R00007462,C009577,2026-05-11,2054.16,Settlement,90
R00007463,C009579,2026-08-08,2778.57,Payment,90
R00007464,C009580,2025-07-10,3831.37,Payment,30
R00007465,C009580,2025-10-08,2394.61,Renegotiation,120
R00007466,C009580,2026-06-05,1596.4,Renegotiation,360
R00007467,C009583,2026-05-09,3329.64,Renegotiation,60
R00007468,C009583,2026-06-08,2996.67,Payment,90
R00007469,C009583,2026-07-08,2497.23,Renegotiation,120
R00007470,C009589,2025-12-09,731.59,Payment,60
R00007471,C009589,2026-01-08,658.43,Collection,90
R00007472,C009589,2026-02-07,548.69,Payment,120
R00007473,C009589,2026-04-08,475.53,Payment,180
R00007474,C009591,2026-07-09,2058.83,Payment,60
R00007475,C009593,2026-01-09,2289.66,Payment,60
R00007476,C009593,2026-03-10,1717.24,Payment,120
R00007477,C009599,2026-07-08,14115.61,Payment,120
R00007478,C009604,2026-06-09,1984.47,Settlement,60
R00007479,C009605,2026-07-10,6343.82,Payment,30
R00007480,C009606,2026-05-10,3350.14,Payment,30
R00007481,C009606,2026-07-09,2512.6,Payment,90
R00007482,C009606,2026-08-08,2093.83,Payment,120
R00007483,C009609,2026-01-09,2347.05,Payment,30
R00007484,C009609,2026-04-09,1466.91,Collection,120
R00007485,C009609,2026-06-08,1271.32,Payment,180
R00007486,C009612,2026-08-09,730.69,Payment,60
R00007487,C009617,2026-01-09,858.92,Settlement,30
R00007488,C009617,2026-02-08,715.77,Settlement,60
R00007489,C009617,2026-03-10,644.19,Payment,90
R00007490,C009617,2026-06-08,465.25,Collection,180
R00007491,C009620,2026-07-08,1030.26,Settlement,120
R00007492,C009622,2026-01-09,691.04,Collection,60
R00007493,C009622,2026-02-08,621.94,Renegotiation,90
R00007494,C009622,2026-03-10,518.28,Settlement,120
R00007495,C009622,2026-05-09,449.18,Renegotiation,180
R00007496,C009626,2026-01-09,863.73,Settlement,60
R00007497,C009626,2026-03-10,647.8,Collection,120
R00007498,C009626,2026-05-09,561.43,Payment,180
R00007499,C009627,2026-05-10,1217.94,Payment,120
R00007500,C009627,2026-07-09,1055.55,Payment,180
R00007501,C009633,2026-04-10,1790.74,Settlement,90
R00007502,C009641,2025-11-09,20895.87,Payment,30
R00007503,C009641,2026-01-08,15671.9,Settlement,90
R00007504,C009641,2026-02-07,13059.92,Payment,120
R00007505,C009645,2026-04-10,2973.38,Renegotiation,90
R00007506,C009645,2026-07-09,2147.44,Renegotiation,180
R00007507,C009649,2026-03-11,684.11,Collection,60
R00007508,C009649,2026-07-09,444.67,Renegotiation,180
R00007509,C009650,2026-05-09,415.37,Payment,60
R00007510,C009650,2026-06-08,373.83,Settlement,90
R00007511,C009650,2026-07-08,311.52,Settlement,120
R00007512,C009651,2026-06-09,49096.22,Collection,30
R00007513,C009653,2026-01-06,2797.06,Collection,180
R00007514,C009653,2026-07-05,2151.59,Renegotiation,360
R00007515,C009654,2025-05-10,981.01,Settlement,30
R00007516,C009654,2025-07-09,735.76,Payment,90
R00007517,C009654,2025-10-07,531.38,Payment,180
R00007518,C009654,2026-04-05,408.76,Payment,360
R00007519,C009657,2026-08-08,1195.9,Payment,120
R00007520,C009659,2026-04-09,2794.86,Collection,30
R00007521,C009659,2026-05-09,2329.05,Payment,60
R00007522,C009659,2026-06-08,2096.15,Renegotiation,90
R00007523,C009659,2026-07-08,1746.79,Payment,120
R00007524,C009660,2026-06-09,4100.79,Settlement,30
R00007525,C009665,2026-05-10,9595.48,Payment,30
R00007526,C009665,2026-06-09,7996.23,Renegotiation,60
R00007527,C009665,2026-08-08,5997.17,Payment,120
R00007528,C009666,2025-05-09,1497.74,Renegotiation,60
R00007529,C009666,2025-06-08,1347.97,Collection,90
R00007530,C009666,2026-03-05,748.87,Payment,360
R00007531,C009671,2026-04-09,1127.85,Payment,30
R00007532,C009671,2026-05-09,939.87,Payment,60
R00007533,C009674,2026-03-09,9973.92,Payment,180
R00007534,C009676,2025-06-09,1597.01,Settlement,30
R00007535,C009676,2025-07-09,1330.84,Payment,60
R00007536,C009676,2025-08-08,1197.76,Settlement,90
R00007537,C009676,2025-11-06,865.05,Payment,180
R00007538,C009678,2026-05-10,8454.32,Settlement,30
R00007539,C009678,2026-06-09,7045.27,Renegotiation,60
R00007540,C009678,2026-07-09,6340.74,Collection,90
R00007541,C009680,2025-10-10,1074.21,Settlement,30
R00007542,C009680,2026-01-08,671.38,Payment,120
R00007543,C009680,2026-03-09,581.87,Renegotiation,180
R00007544,C009684,2026-06-09,1164.94,Renegotiation,30
R00007545,C009684,2026-08-08,873.7,Payment,90
R00007546,C009687,2026-01-08,1300.96,Settlement,120
R00007547,C009690,2026-01-09,1259.82,Payment,30
R00007548,C009690,2026-02-08,1049.85,Collection,60
R00007549,C009690,2026-03-10,944.86,Renegotiation,90
R00007550,C009690,2026-04-09,787.39,Renegotiation,120
R00007551,C009691,2025-10-09,9425.71,Collection,60
R00007552,C009691,2025-11-08,8483.14,Renegotiation,90
R00007553,C009692,2026-04-10,924.37,Collection,90
R00007554,C009692,2026-05-10,770.31,Renegotiation,120
R00007555,C009692,2026-07-09,667.6,Renegotiation,180
R00007556,C009695,2026-02-09,1924.59,Payment,30
R00007557,C009699,2026-08-09,50308.04,Payment,30
R00007558,C009700,2025-11-09,2736.43,Settlement,30
R00007559,C009700,2026-01-08,2052.32,Payment,90
R00007560,C009703,2025-12-09,1043.47,Renegotiation,60
R00007561,C009703,2026-01-08,939.13,Settlement,90
R00007562,C009703,2026-02-07,782.61,Payment,120
R00007563,C009703,2026-04-08,678.26,Renegotiation,180
R00007564,C009704,2026-02-09,662.44,Collection,30
R00007565,C009704,2026-03-11,552.04,Renegotiation,60
R00007566,C009707,2026-08-09,1271.17,Renegotiation,30
R00007567,C009708,2026-08-09,23982.27,Payment,30
R00007568,C009710,2026-07-10,1198.23,Payment,30
R00007569,C009710,2026-08-09,998.52,Collection,60
R00007570,C009712,2026-03-12,1385.2,Payment,30
R00007571,C009712,2026-06-10,865.75,Payment,120
R00007572,C009713,2026-06-09,4296.2,Payment,60
R00007573,C009713,2026-07-09,3866.58,Payment,90
R00007574,C009713,2026-08-08,3222.15,Settlement,120
R00007575,C009714,2026-01-08,1737.15,Payment,90
R00007576,C009717,2026-04-10,1034.36,Collection,90
R00007577,C009717,2026-07-09,747.03,Payment,180
R00007578,C009721,2025-11-09,556.86,Settlement,30
R00007579,C009721,2026-02-07,348.03,Renegotiation,120
R00007580,C009722,2025-08-09,1578.38,Settlement,60
R00007581,C009722,2025-10-08,1183.79,Collection,120
R00007582,C009728,2025-10-10,2027.51,Collection,30
R00007583,C009728,2025-12-09,1520.63,Renegotiation,90
R00007584,C009730,2026-08-09,1170.02,Payment,60
R00007585,C009736,2025-08-09,7865.81,Payment,60
R00007586,C009736,2025-09-08,7079.23,Settlement,90
R00007587,C009738,2026-02-09,1423.0,Payment,30
R00007588,C009738,2026-03-11,1185.83,Collection,60
R00007589,C009738,2026-05-10,889.37,Payment,120
R00007590,C009740,2025-03-12,1771.12,Payment,30
R00007591,C009740,2025-05-11,1328.34,Settlement,90
R00007592,C009740,2025-06-10,1106.95,Settlement,120
R00007593,C009740,2025-08-09,959.36,Payment,180
R00007594,C009742,2026-06-09,32419.24,Settlement,30
R00007595,C009742,2026-07-09,27016.04,Renegotiation,60
R00007596,C009743,2026-01-09,696.2,Payment,30
R00007597,C009743,2026-04-09,435.13,Payment,120
R00007598,C009744,2026-03-11,797.22,Payment,60
R00007599,C009744,2026-05-10,597.92,Settlement,120
R00007600,C009744,2026-07-09,518.19,Payment,180
R00007601,C009745,2026-08-08,1252.6,Renegotiation,120
R00007602,C009762,2026-03-11,430.56,Renegotiation,60
R00007603,C009762,2026-04-10,387.5,Payment,90
R00007604,C009762,2026-05-10,322.92,Collection,120
R00007605,C009762,2026-07-09,279.86,Payment,180
R00007606,C009763,2025-05-10,1344.33,Payment,30
R00007607,C009763,2025-07-09,1008.25,Payment,90
R00007608,C009763,2025-10-07,728.18,Payment,180
R00007609,C009763,2026-04-05,560.14,Payment,360
R00007610,C009765,2025-08-08,3773.14,Collection,90
R00007611,C009765,2026-05-05,2096.19,Settlement,360
R00007612,C009767,2026-02-09,6401.36,Renegotiation,30
R00007613,C009767,2026-03-11,5334.47,Settlement,60
R00007614,C009767,2026-05-10,4000.85,Payment,120
R00007615,C009769,2025-08-09,425.98,Collection,30
R00007616,C009769,2025-11-07,266.24,Payment,120
R00007617,C009769,2026-01-06,230.74,Payment,180
R00007618,C009769,2026-07-05,177.49,Renegotiation,360
R00007619,C009770,2026-01-08,10673.18,Payment,90
R00007620,C009770,2026-02-07,8894.32,Payment,120
R00007621,C009770,2026-04-08,7708.41,Settlement,180
R00007622,C009771,2025-12-10,7862.83,Renegotiation,30
R00007623,C009771,2026-01-09,6552.36,Renegotiation,60
R00007624,C009771,2026-03-10,4914.27,Payment,120
R00007625,C009771,2026-05-09,4259.03,Payment,180
R00007626,C009774,2025-12-09,804.42,Payment,90
R00007627,C009774,2026-03-09,580.97,Payment,180
R00007628,C009775,2026-03-12,709.59,Renegotiation,30
R00007629,C009775,2026-05-11,532.19,Collection,90
R00007630,C009775,2026-06-10,443.49,Collection,120
R00007631,C009778,2026-03-12,614.18,Payment,30
R00007632,C009778,2026-04-11,511.82,Settlement,60
R00007633,C009778,2026-05-11,460.63,Collection,90
R00007634,C009778,2026-08-09,332.68,Payment,180
R00007635,C009780,2025-11-08,12758.7,Renegotiation,90
R00007636,C009780,2025-12-08,10632.25,Payment,120
R00007637,C009780,2026-02-06,9214.62,Payment,180
R00007638,C009781,2025-06-09,452.47,Payment,30
R00007639,C009781,2025-09-07,282.79,Renegotiation,120
R00007640,C009781,2025-11-06,245.09,Collection,180
R00007641,C009782,2026-02-08,3620.7,Payment,60
R00007642,C009782,2026-03-10,3258.63,Payment,90
R00007643,C009783,2026-04-09,1727.41,Settlement,30
R00007644,C009786,2025-09-09,7627.76,Collection,30
R00007645,C009786,2026-08-05,3178.23,Settlement,360
R00007646,C009788,2026-03-12,3132.42,Payment,30
R00007647,C009788,2026-04-11,2610.35,Payment,60
R00007648,C009788,2026-06-10,1957.76,Renegotiation,120
R00007649,C009792,2026-08-09,1666.96,Payment,30
R00007650,C009793,2025-05-09,3774.73,Collection,60
R00007651,C009793,2025-09-06,2453.58,Collection,180
R00007652,C009793,2026-03-05,1887.37,Payment,360
R00007653,C009798,2026-06-09,11222.55,Collection,30
R00007654,C009798,2026-07-09,9352.12,Collection,60
R00007655,C009800,2026-03-10,2067.0,Settlement,120
R00007656,C009800,2026-05-09,1791.4,Renegotiation,180
R00007657,C009809,2026-06-09,1105.73,Payment,30
R00007658,C009813,2025-10-08,1163.71,Settlement,90
R00007659,C009813,2026-07-05,646.5,Renegotiation,360
R00007660,C009816,2025-06-09,28397.87,Collection,30
R00007661,C009816,2025-09-07,17748.67,Payment,120
R00007662,C009816,2025-11-06,15382.18,Renegotiation,180
R00007663,C009818,2026-03-11,728.39,Payment,60
R00007664,C009818,2026-04-10,655.55,Payment,90
R00007665,C009820,2026-07-09,1403.11,Settlement,60
R00007666,C009822,2026-04-09,350.9,Collection,30
R00007667,C009822,2026-07-08,219.31,Renegotiation,120
R00007668,C009825,2025-06-09,2103.86,Payment,30
R00007669,C009825,2025-07-09,1753.22,Payment,60
R00007670,C009825,2026-05-05,876.61,Payment,360
R00007671,C009826,2025-11-07,2329.05,Settlement,120
R00007672,C009826,2026-01-06,2018.51,Renegotiation,180
R00007673,C009827,2026-04-09,32486.31,Renegotiation,30
R00007674,C009827,2026-06-08,24364.73,Payment,90
R00007675,C009831,2025-10-09,919.37,Settlement,60
R00007676,C009831,2025-11-08,827.44,Settlement,90
R00007677,C009831,2025-12-08,689.53,Settlement,120
R00007678,C009831,2026-08-05,459.69,Renegotiation,360
R00007679,C009834,2026-06-08,3465.43,Settlement,90
R00007680,C009842,2026-02-09,1683.3,Renegotiation,30
R00007681,C009842,2026-04-10,1262.47,Renegotiation,90
R00007682,C009846,2026-06-09,2658.74,Settlement,30
R00007683,C009849,2026-05-09,8265.4,Renegotiation,60
R00007684,C009858,2025-10-08,2076.58,Payment,90
R00007685,C009858,2025-11-07,1730.49,Collection,120
R00007686,C009858,2026-07-05,1153.66,Settlement,360
R00007687,C009859,2026-05-09,1008.87,Collection,60
R00007688,C009859,2026-06-08,907.99,Payment,90
R00007689,C009859,2026-07-08,756.65,Renegotiation,120
R00007690,C009863,2026-07-10,618.42,Settlement,30
R00007691,C009863,2026-08-09,515.35,Payment,60
R00007692,C009866,2026-08-09,494.38,Payment,30
R00007693,C009868,2026-04-09,3267.66,Settlement,30
R00007694,C009869,2025-08-09,3668.94,Payment,60
R00007695,C009869,2025-10-08,2751.7,Payment,120
R00007696,C009872,2026-06-09,553.14,Collection,30
R00007697,C009875,2026-06-10,445.03,Payment,120
R00007698,C009875,2026-08-09,385.7,Payment,180
R00007699,C009876,2026-06-09,1036.99,Payment,30
R00007700,C009878,2026-08-09,10292.58,Renegotiation,180
R00007701,C009884,2025-11-09,2547.99,Payment,60
R00007702,C009884,2025-12-09,2293.19,Payment,90
R00007703,C009884,2026-01-08,1910.99,Collection,120
R00007704,C009886,2026-06-09,821.21,Settlement,30
R00007705,C009886,2026-08-08,615.91,Payment,90
R00007706,C009888,2025-07-09,6552.39,Payment,90
R00007707,C009888,2026-04-05,3640.22,Settlement,360
R00007708,C009891,2026-02-09,761.57,Renegotiation,30
R00007709,C009891,2026-04-10,571.18,Payment,90
R00007710,C009893,2025-11-09,1133.68,Payment,30
R00007711,C009893,2026-04-08,614.08,Payment,180
R00007712,C009894,2026-01-09,4937.34,Renegotiation,30
R00007713,C009894,2026-04-09,3085.84,Renegotiation,120
R00007714,C009894,2026-06-08,2674.39,Payment,180
R00007715,C009897,2026-06-10,20012.13,Payment,120
R00007716,C009897,2026-08-09,17343.84,Collection,180
R00007717,C009898,2025-07-10,769.58,Renegotiation,30
R00007718,C009898,2025-09-08,577.18,Settlement,90
R00007719,C009898,2025-12-07,416.86,Renegotiation,180
R00007720,C009899,2026-07-09,4233.53,Payment,90
R00007721,C009900,2025-10-10,6616.75,Renegotiation,30
R00007722,C009900,2025-12-09,4962.57,Payment,90
R00007723,C009900,2026-01-08,4135.47,Collection,120
R00007724,C009905,2025-12-09,3524.97,Renegotiation,90
R00007725,C009905,2026-01-08,2937.47,Payment,120
R00007726,C009909,2026-06-09,736.09,Renegotiation,30
R00007727,C009910,2026-01-09,586.75,Payment,30
R00007728,C009910,2026-03-10,440.06,Settlement,90
R00007729,C009910,2026-04-09,366.72,Payment,120
R00007730,C009911,2025-09-08,9198.16,Payment,90
R00007731,C009911,2025-10-08,7665.14,Payment,120
R00007732,C009912,2026-07-09,932.89,Settlement,60
R00007733,C009912,2026-08-08,839.6,Settlement,90
R00007734,C009915,2026-05-10,2572.22,Payment,30
R00007735,C009915,2026-06-09,2143.52,Payment,60
R00007736,C009915,2026-07-09,1929.17,Collection,90
R00007737,C009918,2025-10-08,5815.57,Payment,90
R00007738,C009918,2025-11-07,4846.31,Collection,120
R00007739,C009918,2026-01-06,4200.13,Renegotiation,180
R00007740,C009918,2026-07-05,3230.87,Renegotiation,360
R00007741,C009921,2026-07-09,9753.85,Payment,60
R00007742,C009924,2026-04-11,1178.64,Settlement,60
R00007743,C009924,2026-05-11,1060.78,Payment,90
R00007744,C009928,2026-07-10,4572.57,Payment,30
R00007745,C009928,2026-08-09,3810.48,Settlement,60
R00007746,C009933,2025-11-09,11989.69,Payment,30
R00007747,C009935,2026-06-09,769.29,Payment,30
R00007748,C009935,2026-07-09,641.08,Payment,60
R00007749,C009936,2026-02-09,8123.0,Settlement,30
R00007750,C009936,2026-03-11,6769.16,Settlement,60
R00007751,C009936,2026-05-10,5076.87,Renegotiation,120
R00007752,C009937,2026-07-10,9733.89,Collection,30
R00007753,C009938,2026-05-11,575.1,Collection,90
R00007754,C009941,2026-05-09,643.18,Settlement,60
R00007755,C009941,2026-07-08,482.38,Payment,120
R00007756,C009943,2026-05-10,554.95,Collection,30
R00007757,C009943,2026-08-08,346.84,Collection,120
R00007758,C009947,2025-11-09,696.27,Settlement,30
R00007759,C009947,2025-12-09,580.22,Collection,60
R00007760,C009947,2026-02-07,435.17,Payment,120
R00007761,C009947,2026-04-08,377.15,Settlement,180
R00007762,C009951,2026-03-12,3767.18,Settlement,30
R00007763,C009951,2026-05-11,2825.39,Settlement,90
R00007764,C009951,2026-08-09,2040.56,Payment,180
R00007765,C009952,2026-03-12,6253.36,Payment,30
R00007766,C009952,2026-05-11,4690.02,Settlement,90
R00007767,C009952,2026-06-10,3908.35,Settlement,120
R00007768,C009952,2026-08-09,3387.24,Payment,180
R00007769,C009953,2026-07-09,4075.17,Settlement,60
R00007770,C009959,2026-05-10,2977.26,Payment,30
R00007771,C009961,2026-03-11,382.52,Renegotiation,60
R00007772,C009961,2026-04-10,344.27,Settlement,90
R00007773,C009961,2026-07-09,248.64,Settlement,180
R00007774,C009963,2025-10-10,8290.64,Settlement,30
R00007775,C009963,2025-11-09,6908.87,Collection,60
R00007776,C009963,2026-01-08,5181.65,Renegotiation,120
R00007777,C009963,2026-03-09,4490.76,Payment,180
R00007778,C009964,2025-11-09,1238.86,Settlement,60
R00007779,C009964,2026-01-08,929.14,Collection,120
R00007780,C009966,2026-02-09,2309.9,Renegotiation,30
R00007781,C009966,2026-05-10,1443.69,Payment,120
R00007782,C009966,2026-07-09,1251.2,Settlement,180
R00007783,C009967,2026-08-09,3546.47,Payment,60
R00007784,C009970,2026-07-10,30291.8,Collection,30
R00007785,C009970,2026-08-09,25243.17,Renegotiation,60
R00007786,C009971,2025-06-10,5602.49,Renegotiation,120
R00007787,C009971,2026-02-05,3734.99,Payment,360
R00007788,C009975,2025-11-09,77.5,Payment,60
R00007789,C009975,2026-03-09,50.37,Payment,180
R00007790,C009976,2026-05-10,681.22,Settlement,30
R00007791,C009976,2026-07-09,510.91,Collection,90
R00007792,C009976,2026-08-08,425.76,Renegotiation,120
R00007793,C009980,2026-07-08,870.67,Collection,120
R00007794,C009981,2025-06-09,6852.66,Payment,30
R00007795,C009981,2025-07-09,5710.55,Collection,60
R00007796,C009981,2025-11-06,3711.86,Collection,180
R00007797,C009981,2026-05-05,2855.27,Payment,360
R00007798,C009982,2025-11-09,7688.1,Collection,60
R00007799,C009982,2026-01-08,5766.07,Collection,120
R00007800,C009982,2026-03-09,4997.26,Payment,180
R00007801,C009985,2026-07-10,1506.93,Collection,30
R00007802,C009985,2026-08-09,1255.77,Payment,60
R00007803,C009988,2026-01-09,6734.67,Settlement,60
R00007804,C009988,2026-03-10,5051.0,Settlement,120
R00007805,C009988,2026-05-09,4377.54,Collection,180
R00007806,C009989,2026-06-10,1191.75,Renegotiation,120
R00007807,C009994,2025-12-09,2781.59,Renegotiation,60
R00007808,C009994,2026-04-08,1808.03,Payment,180
R00007809,C009995,2025-10-09,223.86,Settlement,60
R00007810,C009995,2025-11-08,201.48,Renegotiation,90
R00007811,C009995,2026-02-06,145.51,Collection,180
R00007812,C009995,2026-08-05,111.93,Renegotiation,360
R00007813,C009997,2025-05-09,464.14,Payment,60
R00007814,C009997,2025-06-08,417.73,Payment,90
R00007815,C009997,2025-07-08,348.11,Payment,120
R00007816,C009997,2025-09-06,301.69,Settlement,180
R00007817,C009998,2026-07-09,6819.4,Payment,60
R00007818,C009999,2026-03-11,2033.89,Payment,60
R00007819,C009999,2026-04-10,1830.5,Collection,90
R00007820,C009999,2026-05-10,1525.41,Collection,120
R00007821,C010004,2026-06-09,2260.08,Payment,30
R00007822,C010005,2026-07-09,2819.92,Payment,60
R00007823,C010005,2026-08-08,2537.92,Collection,90
R00007824,C010006,2025-11-09,3379.18,Payment,30
R00007825,C010006,2025-12-09,2815.98,Payment,60
R00007826,C010008,2025-09-09,1891.64,Settlement,30
R00007827,C010008,2025-11-08,1418.73,Settlement,90
R00007828,C010008,2025-12-08,1182.27,Payment,120
R00007829,C010008,2026-02-06,1024.64,Renegotiation,180
R00007830,C010009,2026-07-10,296.15,Settlement,30
R00007831,C010012,2025-05-10,3307.8,Collection,30
R00007832,C010012,2025-06-09,2756.5,Payment,60
R00007833,C010012,2025-07-09,2480.85,Renegotiation,90
R00007834,C010012,2025-08-08,2067.38,Collection,120
R00007835,C010014,2025-09-08,410.71,Settlement,60
R00007836,C010014,2025-10-08,369.64,Settlement,90
R00007837,C010014,2026-07-05,205.35,Payment,360
R00007838,C010022,2026-06-10,1382.22,Settlement,120
R00007839,C010022,2026-08-09,1197.92,Renegotiation,180
R00007840,C010023,2025-11-09,15016.18,Payment,30
R00007841,C010023,2025-12-09,12513.49,Payment,60
R00007842,C010023,2026-01-08,11262.14,Payment,90
R00007843,C010023,2026-04-08,8133.77,Payment,180
R00007844,C010030,2026-05-11,870.99,Collection,90
R00007845,C010030,2026-06-10,725.83,Payment,120
R00007846,C010033,2026-07-10,8198.1,Payment,30
R00007847,C010033,2026-08-09,6831.75,Collection,60
R00007848,C010039,2025-10-10,1762.92,Payment,30
R00007849,C010039,2025-12-09,1322.19,Renegotiation,90
R00007850,C010039,2026-03-09,954.92,Collection,180
R00007851,C010040,2026-02-09,11015.89,Settlement,30
R00007852,C010040,2026-04-10,8261.92,Renegotiation,90
R00007853,C010040,2026-05-10,6884.93,Payment,120
R00007854,C010040,2026-07-09,5966.94,Payment,180
R00007855,C010041,2026-03-10,1018.76,Collection,90
R00007856,C010041,2026-06-08,735.77,Collection,180
R00007857,C010044,2026-08-08,5881.01,Payment,90
R00007858,C010046,2026-07-09,1408.45,Payment,90
R00007859,C010046,2026-08-08,1173.71,Settlement,120
R00007860,C010047,2026-03-11,490.01,Settlement,60
R00007861,C010047,2026-04-10,441.01,Settlement,90
R00007862,C010047,2026-05-10,367.51,Settlement,120
R00007863,C010053,2026-07-09,996.64,Collection,60
R00007864,C010053,2026-08-08,896.97,Payment,90
R00007865,C010055,2025-04-09,14757.34,Payment,30
R00007866,C010055,2025-06-08,11068.0,Collection,90
R00007867,C010055,2025-07-08,9223.34,Payment,120
R00007868,C010055,2026-03-05,6148.89,Settlement,360
R00007869,C010056,2026-05-10,1560.21,Collection,30
R00007870,C010056,2026-08-08,975.13,Collection,120
R00007871,C010058,2025-07-09,20893.17,Renegotiation,60
R00007872,C010058,2025-08-08,18803.85,Settlement,90
R00007873,C010058,2025-09-07,15669.87,Settlement,120
R00007874,C010058,2025-11-06,13580.56,Renegotiation,180
R00007875,C010060,2026-02-09,1432.38,Payment,30
R00007876,C010060,2026-03-11,1193.65,Payment,60
R00007877,C010060,2026-05-10,895.24,Renegotiation,120
R00007878,C010063,2026-06-09,1701.18,Renegotiation,30
R00007879,C010063,2026-07-09,1417.65,Renegotiation,60
R00007880,C010063,2026-08-08,1275.89,Settlement,90
R00007881,C010066,2026-04-09,3887.63,Payment,30
R00007882,C010066,2026-05-09,3239.7,Payment,60
R00007883,C010067,2026-02-08,2040.59,Payment,90
R00007884,C010067,2026-03-10,1700.49,Renegotiation,120
R00007885,C010067,2026-05-09,1473.76,Payment,180
R00007886,C010068,2025-10-10,18769.13,Payment,30
R00007887,C010068,2025-12-09,14076.85,Payment,90
R00007888,C010071,2026-03-12,1469.85,Payment,30
R00007889,C010071,2026-06-10,918.65,Payment,120
R00007890,C010072,2026-08-08,1707.16,Payment,90
R00007891,C010073,2026-07-10,245.28,Settlement,30
R00007892,C010077,2026-05-09,1045.95,Collection,60
R00007893,C010077,2026-07-08,784.46,Payment,120
R00007894,C010083,2026-02-09,3984.39,Payment,30
R00007895,C010083,2026-07-09,2158.21,Renegotiation,180
R00007896,C010085,2026-04-09,6597.98,Payment,30
R00007897,C010085,2026-05-09,5498.31,Payment,60
R00007898,C010085,2026-06-08,4948.48,Renegotiation,90
R00007899,C010086,2026-04-09,9036.09,Settlement,30
R00007900,C010087,2026-06-09,4886.01,Payment,30
R00007901,C010087,2026-07-09,4071.68,Payment,60
R00007902,C010087,2026-08-08,3664.51,Payment,90
R00007903,C010090,2025-08-08,3261.01,Settlement,90
R00007904,C010090,2025-09-07,2717.51,Settlement,120
R00007905,C010092,2025-10-08,1676.22,Renegotiation,90
R00007906,C010092,2026-01-06,1210.6,Payment,180
R00007907,C010092,2026-07-05,931.23,Renegotiation,360
R00007908,C010094,2026-03-12,3282.25,Payment,30
R00007909,C010096,2026-08-09,9516.21,Payment,30
R00007910,C010099,2026-03-12,946.92,Payment,30
R00007911,C010099,2026-05-11,710.19,Settlement,90
R00007912,C010099,2026-08-09,512.92,Collection,180
R00007913,C010105,2025-11-09,1460.79,Collection,30
R00007914,C010105,2026-02-07,912.99,Renegotiation,120
R00007915,C010106,2026-04-09,7941.07,Payment,30
R00007916,C010106,2026-07-08,4963.17,Collection,120
R00007917,C010107,2026-08-09,1175.27,Renegotiation,30
R00007918,C010110,2025-12-10,10069.09,Collection,30
R00007919,C010110,2026-01-09,8390.91,Payment,60
R00007920,C010110,2026-02-08,7551.82,Settlement,90
R00007921,C010110,2026-03-10,6293.18,Collection,120
R00007922,C010111,2025-11-09,584.44,Collection,30
R00007923,C010111,2025-12-09,487.03,Payment,60
R00007924,C010111,2026-01-08,438.33,Payment,90
R00007925,C010111,2026-04-08,316.57,Settlement,180
R00007926,C010118,2026-01-09,3378.03,Payment,30
R00007927,C010118,2026-02-08,2815.03,Payment,60
R00007928,C010118,2026-06-08,1829.77,Payment,180
R00007929,C010120,2025-11-09,12863.65,Collection,30
R00007930,C010120,2025-12-09,10719.71,Payment,60
R00007931,C010120,2026-02-07,8039.78,Payment,120
R00007932,C010121,2026-01-09,777.21,Collection,30
R00007933,C010121,2026-02-08,647.68,Payment,60
R00007934,C010121,2026-04-09,485.76,Payment,120
R00007935,C010121,2026-06-08,420.99,Renegotiation,180
R00007936,C010122,2026-01-09,1801.09,Payment,30
R00007937,C010122,2026-02-08,1500.91,Payment,60
R00007938,C010122,2026-04-09,1125.68,Collection,120
R00007939,C010126,2026-08-09,1544.56,Payment,60
R00007940,C010130,2026-01-08,11034.77,Collection,90
R00007941,C010130,2026-04-08,7969.56,Payment,180
R00007942,C010132,2025-10-10,1260.43,Payment,30
R00007943,C010132,2025-12-09,945.32,Renegotiation,90
R00007944,C010132,2026-01-08,787.77,Payment,120
R00007945,C010132,2026-03-09,682.73,Payment,180
R00007946,C010133,2026-01-09,1584.35,Renegotiation,30
R00007947,C010133,2026-02-08,1320.3,Settlement,60
R00007948,C010140,2026-07-09,2382.81,Settlement,90
R00007949,C010141,2025-09-09,15305.61,Payment,30
R00007950,C010141,2025-10-09,12754.68,Payment,60
R00007951,C010141,2025-12-08,9566.01,Payment,120
R00007952,C010141,2026-02-06,8290.54,Renegotiation,180
R00007953,C010143,2025-11-09,14298.64,Settlement,30
R00007954,C010143,2026-02-07,8936.65,Renegotiation,120
R00007955,C010151,2026-06-09,370.55,Settlement,60
R00007956,C010151,2026-08-08,277.91,Settlement,120
R00007957,C010154,2026-04-11,1473.94,Payment,60
R00007958,C010154,2026-05-11,1326.55,Settlement,90
R00007959,C010158,2025-07-09,2290.48,Payment,60
R00007960,C010158,2025-08-08,2061.43,Renegotiation,90
R00007961,C010158,2025-09-07,1717.86,Payment,120
R00007962,C010158,2025-11-06,1488.81,Settlement,180
R00007963,C010160,2025-12-10,344.91,Payment,30
R00007964,C010160,2026-02-08,258.68,Collection,90
R00007965,C010160,2026-03-10,215.57,Payment,120
R00007966,C010160,2026-05-09,186.82,Payment,180
R00007967,C010164,2026-07-09,1263.74,Payment,60
R00007968,C010164,2026-08-08,1137.37,Renegotiation,90
R00007969,C010168,2025-11-09,1060.56,Collection,30
R00007970,C010168,2026-01-08,795.42,Renegotiation,90
R00007971,C010168,2026-02-07,662.85,Renegotiation,120
R00007972,C010168,2026-04-08,574.47,Payment,180
R00007973,C010172,2025-11-09,388.99,Payment,30
R00007974,C010172,2025-12-09,324.15,Renegotiation,60
R00007975,C010172,2026-04-08,210.7,Payment,180
R00007976,C010174,2026-08-08,3747.67,Collection,90
R00007977,C010176,2026-07-10,877.32,Payment,30
R00007978,C010176,2026-08-09,731.1,Payment,60
R00007979,C010177,2025-11-08,3215.35,Settlement,90
R00007980,C010177,2025-12-08,2679.46,Payment,120
R00007981,C010177,2026-02-06,2322.19,Payment,180
R00007982,C010180,2025-12-10,1225.21,Collection,30
R00007983,C010180,2026-02-08,918.91,Collection,90
R00007984,C010180,2026-05-09,663.65,Payment,180
R00007985,C010181,2026-07-09,7342.69,Payment,60
R00007986,C010182,2026-06-09,5264.55,Settlement,30
R00007987,C010182,2026-08-08,3948.41,Renegotiation,90
R00007988,C010191,2025-10-10,5521.03,Renegotiation,30
R00007989,C010191,2025-12-09,4140.77,Renegotiation,90
R00007990,C010191,2026-03-09,2990.56,Payment,180
R00007991,C010192,2026-08-09,666.43,Renegotiation,30
R00007992,C010195,2025-11-09,753.8,Payment,30
R00007993,C010197,2025-11-07,391.5,Settlement,120
R00007994,C010197,2026-01-06,339.3,Payment,180
R00007995,C010200,2026-03-10,25463.2,Payment,120
R00007996,C010200,2026-05-09,22068.11,Collection,180
R00007997,C010204,2025-12-09,910.31,Collection,90
R00007998,C010204,2026-03-09,657.45,Settlement,180
R00007999,C010209,2025-08-09,4890.0,Payment,30
R00008000,C010209,2025-10-08,3667.5,Settlement,90
R00008001,C010209,2025-11-07,3056.25,Renegotiation,120
R00008002,C010210,2026-05-09,1658.62,Payment,60
R00008003,C010210,2026-06-08,1492.76,Payment,90
R00008004,C010211,2026-04-09,833.88,Collection,30
R00008005,C010211,2026-06-08,625.41,Renegotiation,90
R00008006,C010211,2026-07-08,521.17,Payment,120
R00008007,C010212,2025-06-09,8269.21,Collection,60
R00008008,C010212,2025-08-08,6201.91,Payment,120
R00008009,C010212,2025-10-07,5374.99,Renegotiation,180
R00008010,C010212,2026-04-05,4134.61,Payment,360
R00008011,C010215,2025-10-10,1667.32,Renegotiation,30
R00008012,C010215,2025-12-09,1250.49,Payment,90
R00008013,C010215,2026-03-09,903.13,Payment,180
R00008014,C010218,2026-08-08,1444.09,Renegotiation,90
R00008015,C010219,2026-06-09,18008.52,Payment,30
R00008016,C010219,2026-07-09,15007.1,Payment,60
R00008017,C010219,2026-08-08,13506.39,Renegotiation,90
R00008018,C010225,2026-01-09,576.54,Renegotiation,60
R00008019,C010225,2026-02-08,518.88,Renegotiation,90
R00008020,C010225,2026-03-10,432.4,Collection,120
R00008021,C010227,2025-05-10,17948.0,Renegotiation,30
R00008022,C010227,2025-10-07,9721.84,Renegotiation,180
R00008023,C010228,2026-08-09,18698.47,Settlement,30
R00008024,C010231,2025-11-09,1608.22,Payment,30
R00008025,C010231,2026-04-08,871.12,Collection,180
R00008026,C010232,2025-10-09,507.8,Payment,60
R00008027,C010232,2025-11-08,457.02,Payment,90
R00008028,C010232,2025-12-08,380.85,Payment,120
R00008029,C010234,2025-06-09,1973.56,Renegotiation,30
R00008030,C010234,2025-07-09,1644.64,Settlement,60
R00008031,C010234,2025-09-07,1233.48,Renegotiation,120
R00008032,C010234,2025-11-06,1069.01,Renegotiation,180
R00008033,C010235,2026-02-08,22162.81,Payment,60
R00008034,C010235,2026-03-10,19946.53,Payment,90
R00008035,C010235,2026-04-09,16622.11,Renegotiation,120
R00008036,C010238,2026-08-09,30723.83,Payment,30
R00008037,C010240,2025-10-10,849.11,Renegotiation,30
R00008038,C010240,2026-01-08,530.7,Payment,120
R00008039,C010240,2026-03-09,459.94,Payment,180
R00008040,C010241,2025-11-09,1281.98,Settlement,60
R00008041,C010241,2026-01-08,961.48,Payment,120
R00008042,C010244,2025-09-08,1180.38,Renegotiation,60
R00008043,C010244,2025-10-08,1062.34,Renegotiation,90
R00008044,C010244,2025-11-07,885.28,Collection,120
R00008045,C010244,2026-07-05,590.19,Payment,360
R00008046,C010249,2026-07-10,3622.6,Payment,30
R00008047,C010253,2026-01-09,2492.58,Payment,30
R00008048,C010253,2026-03-10,1869.44,Settlement,90
R00008049,C010253,2026-04-09,1557.87,Collection,120
R00008050,C010254,2025-07-09,3039.98,Renegotiation,60
R00008051,C010254,2025-09-07,2279.98,Payment,120
R00008052,C010254,2025-11-06,1975.99,Payment,180
R00008053,C010255,2025-12-10,1539.37,Renegotiation,30
R00008054,C010255,2026-02-08,1154.53,Payment,90
R00008055,C010262,2026-07-10,685.27,Renegotiation,30
R00008056,C010266,2026-06-09,2030.72,Settlement,30
R00008057,C010271,2026-08-09,15609.84,Collection,30
R00008058,C010281,2026-08-08,867.47,Payment,90
R00008059,C010283,2026-08-09,3061.48,Settlement,30
R00008060,C010289,2026-01-09,1759.85,Renegotiation,60
R00008061,C010289,2026-02-08,1583.86,Payment,90
R00008062,C010289,2026-05-09,1143.9,Renegotiation,180
R00008063,C010290,2025-12-09,3246.23,Settlement,90
R00008064,C010290,2026-01-08,2705.19,Payment,120
R00008065,C010290,2026-03-09,2344.5,Renegotiation,180
R00008066,C010294,2025-10-10,1096.73,Settlement,30
R00008067,C010294,2025-11-09,913.94,Payment,60
R00008068,C010294,2026-01-08,685.45,Payment,120
R00008069,C010295,2026-01-09,195.35,Payment,30
R00008070,C010295,2026-03-10,146.51,Collection,90
R00008071,C010295,2026-04-09,122.09,Payment,120
R00008072,C010298,2026-08-09,6290.44,Collection,30
R00008073,C010299,2025-07-10,3960.11,Renegotiation,30
R00008074,C010299,2025-08-09,3300.09,Settlement,60
R00008075,C010299,2025-12-07,2145.06,Collection,180
R00008076,C010311,2026-02-08,4469.37,Payment,60
R00008077,C010311,2026-06-08,2905.09,Payment,180
R00008078,C010316,2025-10-08,2041.56,Collection,90
R00008079,C010316,2025-11-07,1701.3,Collection,120
R00008080,C010316,2026-01-06,1474.46,Collection,180
R00008081,C010319,2026-04-09,4160.5,Renegotiation,30
R00008082,C010319,2026-07-08,2600.31,Payment,120
R00008083,C010321,2025-12-09,5359.06,Renegotiation,60
R00008084,C010321,2026-01-08,4823.15,Collection,90
R00008085,C010328,2025-03-12,1948.12,Settlement,30
R00008086,C010328,2025-04-11,1623.43,Payment,60
R00008087,C010328,2025-08-09,1055.23,Payment,180
R00008088,C010328,2026-02-05,811.72,Renegotiation,360
R00008089,C010329,2026-05-09,3622.61,Settlement,60
R00008090,C010329,2026-06-08,3260.35,Payment,90
R00008091,C010330,2026-01-09,2822.51,Payment,60
R00008092,C010334,2026-06-09,21547.63,Collection,60
R00008093,C010338,2025-10-10,452.56,Renegotiation,30
R00008094,C010338,2026-03-09,245.14,Payment,180
R00008095,C010342,2025-11-09,3685.82,Renegotiation,30
R00008096,C010342,2025-12-09,3071.52,Payment,60
R00008097,C010342,2026-01-08,2764.36,Renegotiation,90
R00008098,C010342,2026-04-08,1996.49,Collection,180
R00008099,C010343,2026-04-09,605.36,Renegotiation,30
R00008100,C010343,2026-06-08,454.02,Renegotiation,90
R00008101,C010346,2025-08-09,605.61,Payment,30
R00008102,C010346,2025-11-07,378.51,Payment,120
R00008103,C010346,2026-07-05,252.34,Collection,360
R00008104,C010347,2025-12-09,12180.15,Settlement,60
R00008105,C010347,2026-02-07,9135.11,Collection,120
R00008106,C010349,2025-10-08,3469.31,Renegotiation,90
R00008107,C010349,2026-07-05,1927.39,Payment,360
R00008108,C010350,2026-03-12,1746.95,Payment,30
R00008109,C010350,2026-06-10,1091.84,Payment,120
R00008110,C010353,2026-06-09,600.31,Payment,30
R00008111,C010353,2026-08-08,450.23,Collection,90
R00008112,C010354,2026-01-08,6687.32,Payment,120
R00008113,C010354,2026-03-09,5795.68,Renegotiation,180
R00008114,C010356,2026-03-10,835.91,Payment,90
R00008115,C010356,2026-06-08,603.72,Collection,180
R00008116,C010363,2026-02-09,18604.52,Collection,30
R00008117,C010363,2026-03-11,15503.77,Payment,60
R00008118,C010363,2026-05-10,11627.82,Settlement,120
R00008119,C010371,2026-03-12,6007.72,Payment,30
R00008120,C010371,2026-04-11,5006.43,Settlement,60
R00008121,C010371,2026-06-10,3754.82,Renegotiation,120
R00008122,C010372,2026-04-09,4269.31,Payment,30
R00008123,C010372,2026-05-09,3557.76,Renegotiation,60
R00008124,C010379,2026-08-09,545.86,Payment,60
R00008125,C010380,2026-01-09,259.89,Payment,30
R00008126,C010380,2026-02-08,216.58,Renegotiation,60
R00008127,C010380,2026-03-10,194.92,Payment,90
R00008128,C010380,2026-04-09,162.43,Renegotiation,120
R00008129,C010384,2026-02-08,617.07,Collection,90
R00008130,C010384,2026-05-09,445.66,Payment,180
R00008131,C010385,2026-03-12,952.96,Payment,30
R00008132,C010385,2026-05-11,714.72,Collection,90
R00008133,C010385,2026-06-10,595.6,Payment,120
R00008134,C010385,2026-08-09,516.19,Settlement,180
R00008135,C010386,2025-09-08,12418.79,Settlement,60
R00008136,C010386,2025-10-08,11176.91,Payment,90
R00008137,C010386,2026-01-06,8072.21,Settlement,180
R00008138,C010390,2025-08-09,5163.57,Settlement,30
R00008139,C010390,2025-10-08,3872.67,Collection,90
R00008140,C010390,2025-11-07,3227.23,Renegotiation,120
R00008141,C010390,2026-01-06,2796.93,Collection,180
R00008142,C010394,2025-08-08,815.25,Payment,120
R00008143,C010394,2025-10-07,706.55,Payment,180
R00008144,C010394,2026-04-05,543.5,Payment,360
R00008145,C010395,2026-08-09,3676.74,Payment,60
R00008146,C010396,2025-09-09,1652.94,Payment,30
R00008147,C010396,2025-11-08,1239.71,Payment,90
R00008148,C010396,2026-02-06,895.34,Payment,180
R00008149,C010396,2026-08-05,688.73,Settlement,360
R00008150,C010398,2025-11-09,7255.88,Renegotiation,30
R00008151,C010398,2026-02-07,4534.92,Collection,120
R00008152,C010402,2026-03-12,1405.0,Collection,30
R00008153,C010402,2026-05-11,1053.75,Collection,90
R00008154,C010402,2026-08-09,761.04,Payment,180
R00008155,C010403,2025-11-09,2234.23,Payment,60
R00008156,C010403,2026-01-08,1675.67,Renegotiation,120
R00008157,C010403,2026-03-09,1452.25,Renegotiation,180
R00008158,C010409,2025-05-09,3472.47,Renegotiation,60
R00008159,C010409,2025-07-08,2604.35,Renegotiation,120
R00008160,C010409,2025-09-06,2257.11,Payment,180
R00008161,C010409,2026-03-05,1736.24,Payment,360
R00008162,C010410,2025-07-10,4218.16,Payment,30
R00008163,C010410,2025-09-08,3163.62,Collection,90
R00008164,C010410,2026-06-05,1757.57,Collection,360
R00008165,C010411,2026-08-09,2287.93,Payment,60
R00008166,C010414,2026-01-09,2374.92,Payment,60
R00008167,C010414,2026-02-08,2137.43,Renegotiation,90
R00008168,C010417,2026-05-09,2910.65,Collection,60
R00008169,C010417,2026-06-08,2619.58,Settlement,90
R00008170,C010419,2026-07-10,204.62,Renegotiation,30
R00008171,C010420,2025-07-10,2704.72,Payment,30
R00008172,C010420,2025-10-08,1690.45,Payment,120
R00008173,C010420,2026-06-05,1126.97,Payment,360
R00008174,C010423,2025-09-07,20679.07,Payment,120
R00008175,C010423,2026-05-05,13786.05,Collection,360
R00008176,C010424,2025-08-09,2417.3,Collection,30
R00008177,C010424,2025-09-08,2014.42,Payment,60
R00008178,C010424,2025-10-08,1812.98,Settlement,90
R00008179,C010424,2026-01-06,1309.37,Renegotiation,180
R00008180,C010426,2026-06-08,281.33,Payment,90
R00008181,C010426,2026-07-08,234.45,Payment,120
R00008182,C010429,2026-06-09,863.7,Renegotiation,60
R00008183,C010432,2025-11-07,1192.16,Payment,120
R00008184,C010432,2026-01-06,1033.21,Payment,180
R00008185,C010439,2026-06-09,5204.62,Payment,60
R00008186,C010439,2026-07-09,4684.16,Payment,90
R00008187,C010439,2026-08-08,3903.47,Settlement,120
R00008188,C010440,2026-07-09,926.28,Collection,60
R00008189,C010440,2026-08-08,833.65,Payment,90
R00008190,C010446,2026-04-11,405.51,Settlement,60
R00008191,C010446,2026-05-11,364.96,Collection,90
R00008192,C010446,2026-06-10,304.13,Payment,120
R00008193,C010446,2026-08-09,263.58,Payment,180
R00008194,C010447,2026-07-09,8072.45,Settlement,60
R00008195,C010448,2026-07-10,784.3,Payment,30
R00008196,C010449,2026-07-10,1937.67,Renegotiation,30
R00008197,C010449,2026-08-09,1614.72,Payment,60
R00008198,C010451,2025-10-09,960.07,Payment,60
R00008199,C010451,2025-11-08,864.07,Settlement,90
R00008200,C010451,2025-12-08,720.06,Payment,120
R00008201,C010451,2026-02-06,624.05,Payment,180
R00008202,C010452,2025-10-10,1024.86,Payment,30
R00008203,C010452,2025-11-09,854.05,Renegotiation,60
R00008204,C010452,2026-01-08,640.54,Renegotiation,120
R00008205,C010455,2025-12-09,2112.84,Renegotiation,90
R00008206,C010455,2026-01-08,1760.7,Renegotiation,120
R00008207,C010455,2026-03-09,1525.94,Payment,180
R00008208,C010457,2026-05-09,154.03,Collection,60
R00008209,C010457,2026-06-08,138.63,Renegotiation,90
R00008210,C010457,2026-07-08,115.52,Payment,120
R00008211,C010465,2026-02-08,921.13,Payment,60
R00008212,C010465,2026-04-09,690.85,Payment,120
R00008213,C010465,2026-06-08,598.73,Payment,180
R00008214,C010471,2025-12-10,2073.95,Settlement,30
R00008215,C010471,2026-03-10,1296.22,Payment,120
R00008216,C010471,2026-05-09,1123.39,Payment,180
R00008217,C010472,2026-07-10,1332.31,Collection,30
R00008218,C010472,2026-08-09,1110.26,Collection,60
R00008219,C010473,2026-05-11,5720.27,Settlement,90
R00008220,C010473,2026-08-09,4131.3,Settlement,180
R00008221,C010475,2025-11-09,5137.9,Collection,60
R00008222,C010475,2026-01-08,3853.43,Settlement,120
R00008223,C010475,2026-03-09,3339.64,Settlement,180
R00008224,C010485,2025-09-08,1180.39,Payment,60
R00008225,C010485,2026-01-06,767.25,Renegotiation,180
R00008226,C010485,2026-07-05,590.19,Renegotiation,360
R00008227,C010488,2026-08-08,287.32,Payment,120
R00008228,C010490,2026-04-09,2185.23,Collection,30
R00008229,C010490,2026-07-08,1365.77,Collection,120
R00008230,C010492,2025-08-08,26776.45,Renegotiation,90
R00008231,C010492,2025-09-07,22313.71,Settlement,120
R00008232,C010492,2025-11-06,19338.55,Renegotiation,180
R00008233,C010498,2026-01-09,2001.38,Payment,60
R00008234,C010498,2026-03-10,1501.04,Payment,120
R00008235,C010500,2026-04-09,430.32,Settlement,30
R00008236,C010500,2026-06-08,322.74,Collection,90
R00008237,C010500,2026-07-08,268.95,Payment,120
R00008238,C010504,2025-03-12,28763.6,Collection,30
R00008239,C010504,2026-02-05,11984.83,Renegotiation,360
R00008240,C010507,2025-12-10,630.38,Payment,30
R00008241,C010507,2026-01-09,525.32,Payment,60
R00008242,C010507,2026-05-09,341.46,Payment,180
R00008243,C010508,2025-11-08,1625.04,Renegotiation,90
R00008244,C010508,2025-12-08,1354.2,Payment,120
R00008245,C010508,2026-08-05,902.8,Collection,360
R00008246,C010514,2026-01-08,5305.36,Payment,90
R00008247,C010514,2026-02-07,4421.13,Payment,120
R00008248,C010520,2026-08-09,1361.11,Payment,30
R00008249,C010521,2026-07-09,10964.02,Payment,90
R00008250,C010521,2026-08-08,9136.68,Payment,120
R00008251,C010526,2025-12-09,928.71,Payment,60
R00008252,C010526,2026-02-07,696.54,Renegotiation,120
R00008253,C010527,2026-07-10,2551.97,Settlement,30
R00008254,C010531,2026-04-09,2284.57,Payment,120
R00008255,C010531,2026-06-08,1979.96,Payment,180
R00008256,C010533,2025-08-09,938.25,Settlement,30
R00008257,C010533,2025-09-08,781.88,Collection,60
R00008258,C010533,2026-01-06,508.22,Payment,180
R00008259,C010533,2026-07-05,390.94,Collection,360
R00008260,C010540,2026-07-08,1616.35,Payment,120
R00008261,C010541,2025-11-09,1178.69,Payment,30
R00008262,C010541,2026-01-08,884.02,Renegotiation,90
R00008263,C010545,2025-12-10,2987.44,Payment,30
R00008264,C010545,2026-02-08,2240.58,Settlement,90
R00008265,C010545,2026-03-10,1867.15,Payment,120
R00008266,C010549,2026-06-09,1103.69,Renegotiation,30
R00008267,C010550,2026-01-09,834.66,Renegotiation,60
R00008268,C010550,2026-02-08,751.19,Collection,90
R00008269,C010550,2026-03-10,626.0,Collection,120
R00008270,C010550,2026-05-09,542.53,Payment,180
R00008271,C010551,2026-05-10,641.79,Settlement,30
R00008272,C010551,2026-07-09,481.34,Renegotiation,90
R00008273,C010552,2025-07-09,6205.32,Renegotiation,60
R00008274,C010552,2025-09-07,4653.99,Collection,120
R00008275,C010552,2025-11-06,4033.46,Settlement,180
R00008276,C010558,2026-06-09,618.85,Collection,30
R00008277,C010558,2026-08-08,464.14,Payment,90
R00008278,C010564,2026-03-10,1128.12,Payment,90
R00008279,C010565,2026-07-10,2523.84,Settlement,30
R00008280,C010565,2026-08-09,2103.2,Renegotiation,60
R00008281,C010568,2026-05-10,1339.25,Payment,30
R00008282,C010570,2026-08-09,500.17,Payment,30
R00008283,C010575,2026-07-09,1660.78,Renegotiation,60
R00008284,C010575,2026-08-08,1494.7,Settlement,90
R00008285,C010580,2026-04-09,1272.33,Payment,30
R00008286,C010580,2026-06-08,954.25,Payment,90
R00008287,C010581,2025-08-09,2401.98,Collection,30
R00008288,C010581,2025-09-08,2001.65,Collection,60
R00008289,C010581,2026-01-06,1301.08,Payment,180
R00008290,C010581,2026-07-05,1000.83,Settlement,360
R00008291,C010588,2026-01-09,2442.26,Settlement,30
R00008292,C010588,2026-06-08,1322.89,Renegotiation,180
R00008293,C010593,2025-12-10,1412.58,Renegotiation,30
R00008294,C010593,2026-02-08,1059.43,Payment,90
R00008295,C010593,2026-03-10,882.86,Collection,120
R00008296,C010593,2026-05-09,765.15,Settlement,180
R00008297,C010600,2026-08-09,1037.11,Payment,30
R00008298,C010603,2025-12-07,3162.66,Payment,180
R00008299,C010603,2026-06-05,2432.82,Payment,360
R00008300,C010605,2026-08-09,6127.0,Payment,30
R00008301,C010606,2026-03-11,999.82,Renegotiation,60
R00008302,C010606,2026-04-10,899.84,Payment,90
R00008303,C010606,2026-07-09,649.88,Settlement,180
R00008304,C010609,2026-02-08,578.59,Settlement,60
R00008305,C010609,2026-04-09,433.94,Renegotiation,120
R00008306,C010609,2026-06-08,376.08,Settlement,180
R00008307,C010610,2025-08-09,1601.08,Payment,30
R00008308,C010610,2026-07-05,667.12,Settlement,360
R00008309,C010612,2026-02-08,10398.33,Renegotiation,60
R00008310,C010612,2026-03-10,9358.5,Collection,90
R00008311,C010612,2026-04-09,7798.75,Settlement,120
R00008312,C010612,2026-06-08,6758.92,Payment,180
R00008313,C010614,2026-05-10,1674.17,Payment,30
R00008314,C010614,2026-06-09,1395.14,Renegotiation,60
R00008315,C010614,2026-08-08,1046.35,Payment,120
R00008316,C010615,2025-10-10,1930.61,Payment,30
R00008317,C010615,2025-11-09,1608.84,Renegotiation,60
R00008318,C010615,2026-03-09,1045.75,Payment,180
R00008319,C010617,2026-07-10,3203.61,Renegotiation,30
R00008320,C010618,2026-02-08,10779.7,Payment,60
R00008321,C010618,2026-06-08,7006.8,Payment,180
R00008322,C010620,2025-06-09,687.87,Payment,60
R00008323,C010620,2025-08-08,515.9,Payment,120
R00008324,C010620,2026-04-05,343.93,Renegotiation,360
R00008325,C010621,2026-05-10,9124.79,Renegotiation,30
R00008326,C010621,2026-06-09,7603.99,Collection,60
R00008327,C010622,2026-08-09,7896.98,Renegotiation,30
R00008328,C010623,2026-01-09,477.77,Payment,30
R00008329,C010623,2026-02-08,398.14,Collection,60
R00008330,C010623,2026-04-09,298.61,Payment,120
R00008331,C010623,2026-06-08,258.79,Settlement,180
R00008332,C010624,2026-05-09,1602.47,Collection,180
R00008333,C010627,2025-03-12,1105.68,Payment,30
R00008334,C010627,2025-04-11,921.4,Payment,60
R00008335,C010627,2025-05-11,829.26,Collection,90
R00008336,C010627,2025-06-10,691.05,Renegotiation,120
R00008337,C010630,2026-04-09,494.67,Payment,30
R00008338,C010630,2026-06-08,371.0,Settlement,90
R00008339,C010630,2026-07-08,309.17,Collection,120
R00008340,C010635,2026-08-09,440.18,Settlement,60
R00008341,C010636,2026-03-12,973.4,Collection,30
R00008342,C010636,2026-04-11,811.16,Settlement,60
R00008343,C010636,2026-05-11,730.05,Payment,90
R00008344,C010636,2026-08-09,527.26,Payment,180
R00008345,C010639,2026-08-09,3992.32,Renegotiation,30
R00008346,C010642,2025-03-12,1502.78,Renegotiation,30
R00008347,C010642,2025-08-09,814.01,Renegotiation,180
R00008348,C010644,2025-11-09,3244.99,Payment,60
R00008349,C010644,2026-01-08,2433.74,Payment,120
R00008350,C010644,2026-03-09,2109.24,Collection,180
R00008351,C010645,2025-09-08,1791.15,Renegotiation,60
R00008352,C010645,2025-10-08,1612.04,Payment,90
R00008353,C010645,2025-11-07,1343.37,Payment,120
R00008354,C010645,2026-07-05,895.58,Payment,360
R00008355,C010647,2026-01-09,2565.57,Renegotiation,30
R00008356,C010647,2026-04-09,1603.48,Settlement,120
R00008357,C010648,2025-07-09,3423.12,Renegotiation,90
R00008358,C010648,2026-04-05,1901.73,Payment,360
R00008359,C010650,2026-06-09,782.82,Payment,60
R00008360,C010650,2026-07-09,704.54,Payment,90
R00008361,C010650,2026-08-08,587.12,Payment,120
R00008362,C010651,2026-05-10,4303.38,Payment,30
R00008363,C010651,2026-08-08,2689.61,Renegotiation,120
R00008364,C010654,2026-05-10,6071.89,Settlement,30
R00008365,C010654,2026-07-09,4553.92,Payment,90
R00008366,C010655,2025-07-09,9896.51,Collection,60
R00008367,C010655,2026-05-05,4948.25,Payment,360
R00008368,C010657,2026-04-11,11704.21,Renegotiation,60
R00008369,C010657,2026-05-11,10533.79,Settlement,90
R00008370,C010660,2026-04-09,5037.72,Payment,30
R00008371,C010660,2026-05-09,4198.1,Renegotiation,60
R00008372,C010660,2026-07-08,3148.58,Payment,120
R00008373,C010661,2025-12-09,2858.22,Payment,60
R00008374,C010661,2026-01-08,2572.4,Payment,90
R00008375,C010662,2025-12-07,932.79,Collection,180
R00008376,C010662,2026-06-05,717.53,Payment,360
R00008377,C010665,2026-08-08,1055.58,Payment,90
R00008378,C010670,2026-08-09,258.51,Collection,60
R00008379,C010671,2025-05-10,2285.61,Renegotiation,30
R00008380,C010671,2025-07-09,1714.2,Settlement,90
R00008381,C010671,2025-08-08,1428.5,Collection,120
R00008382,C010673,2026-07-10,1850.2,Settlement,30
R00008383,C010673,2026-08-09,1541.84,Settlement,60
R00008384,C010677,2025-11-09,5672.84,Collection,30
R00008385,C010677,2026-04-08,3072.79,Collection,180
R00008386,C010684,2026-03-12,414.81,Collection,30
R00008387,C010684,2026-05-11,311.1,Payment,90
R00008388,C010684,2026-06-10,259.25,Settlement,120
R00008389,C010688,2026-06-09,1002.06,Collection,30
R00008390,C010691,2026-05-10,1508.85,Collection,30
R00008391,C010691,2026-07-09,1131.64,Settlement,90
R00008392,C010693,2025-07-09,1822.43,Payment,60
R00008393,C010693,2026-05-05,911.22,Payment,360
R00008394,C010694,2025-09-07,1863.72,Payment,120
R00008395,C010694,2026-05-05,1242.48,Payment,360
R00008396,C010697,2026-04-09,921.92,Payment,30
R00008397,C010697,2026-05-09,768.26,Settlement,60
R00008398,C010697,2026-06-08,691.44,Payment,90
R00008399,C010698,2026-05-11,930.18,Payment,90
R00008400,C010698,2026-06-10,775.15,Payment,120
R00008401,C010698,2026-08-09,671.8,Payment,180
R00008402,C010699,2026-05-10,6362.81,Payment,30
R00008403,C010699,2026-08-08,3976.76,Renegotiation,120
R00008404,C010700,2026-07-09,2481.01,Payment,90
R00008405,C010700,2026-08-08,2067.51,Payment,120
R00008406,C010701,2026-06-10,3488.13,Payment,120
R00008407,C010701,2026-08-09,3023.04,Collection,180
R00008408,C010702,2025-05-09,12513.74,Renegotiation,60
R00008409,C010702,2026-03-05,6256.87,Collection,360
R00008410,C010704,2025-09-08,1169.19,Collection,60
R00008411,C010704,2025-10-08,1052.27,Collection,90
R00008412,C010704,2026-07-05,584.6,Renegotiation,360
R00008413,C010706,2026-04-09,1132.74,Renegotiation,30
R00008414,C010706,2026-05-09,943.95,Collection,60
R00008415,C010706,2026-06-08,849.56,Payment,90
R00008416,C010706,2026-07-08,707.96,Collection,120
R00008417,C010709,2026-02-08,477.34,Payment,90
R00008418,C010709,2026-03-10,397.78,Payment,120
R00008419,C010709,2026-05-09,344.74,Collection,180
R00008420,C010710,2025-07-10,1160.4,Settlement,30
R00008421,C010710,2025-09-08,870.3,Settlement,90
R00008422,C010711,2026-03-10,23193.3,Collection,120
R00008423,C010711,2026-05-09,20100.86,Payment,180
R00008424,C010712,2025-12-09,846.92,Payment,60
R00008425,C010712,2026-01-08,762.23,Renegotiation,90
R00008426,C010712,2026-02-07,635.19,Renegotiation,120
R00008427,C010714,2026-06-09,19137.87,Renegotiation,30
R00008428,C010714,2026-07-09,15948.22,Collection,60
R00008429,C010715,2026-05-09,765.4,Settlement,60
R00008430,C010715,2026-07-08,574.05,Settlement,120
R00008431,C010716,2026-05-10,8426.45,Payment,30
R00008432,C010716,2026-06-09,7022.05,Renegotiation,60
R00008433,C010719,2025-12-09,2786.03,Payment,60
R00008434,C010719,2026-01-08,2507.43,Renegotiation,90
R00008435,C010719,2026-04-08,1810.92,Payment,180
R00008436,C010722,2026-05-11,7694.19,Payment,90
R00008437,C010722,2026-06-10,6411.82,Settlement,120
R00008438,C010729,2026-04-09,3560.27,Renegotiation,30
R00008439,C010729,2026-07-08,2225.17,Payment,120
R00008440,C010731,2026-08-09,1370.8,Collection,60
R00008441,C010741,2025-07-10,2624.76,Collection,30
R00008442,C010741,2026-06-05,1093.65,Collection,360
R00008443,C010746,2025-11-09,1733.81,Collection,30
R00008444,C010746,2025-12-09,1444.85,Renegotiation,60
R00008445,C010746,2026-02-07,1083.63,Collection,120
R00008446,C010748,2026-02-08,1255.22,Collection,60
R00008447,C010748,2026-03-10,1129.7,Renegotiation,90
R00008448,C010748,2026-04-09,941.41,Renegotiation,120
R00008449,C010749,2025-07-09,3255.6,Collection,60
R00008450,C010749,2026-05-05,1627.8,Renegotiation,360
R00008451,C010757,2026-06-09,3535.96,Collection,60
R00008452,C010758,2026-01-09,2066.77,Renegotiation,30
R00008453,C010758,2026-02-08,1722.3,Payment,60
R00008454,C010759,2026-04-09,293.88,Settlement,30
R00008455,C010759,2026-06-08,220.41,Collection,90
R00008456,C010759,2026-07-08,183.67,Payment,120
R00008457,C010766,2025-06-09,7521.75,Renegotiation,60
R00008458,C010766,2025-08-08,5641.31,Renegotiation,120
R00008459,C010766,2026-04-05,3760.88,Collection,360
R00008460,C010771,2026-05-10,36519.06,Settlement,30
R00008461,C010771,2026-06-09,30432.55,Settlement,60
R00008462,C010772,2025-11-09,2453.33,Collection,60
R00008463,C010772,2026-03-09,1594.67,Collection,180
R00008464,C010773,2026-07-10,1970.96,Settlement,30
R00008465,C010773,2026-08-09,1642.47,Renegotiation,60
R00008466,C010774,2026-08-08,323.26,Payment,90
R00008467,C010778,2025-06-09,22783.4,Payment,60
R00008468,C010778,2025-08-08,17087.55,Payment,120
R00008469,C010781,2026-05-10,1000.27,Renegotiation,120
R00008470,C010781,2026-07-09,866.9,Collection,180
R00008471,C010783,2026-01-09,1878.71,Payment,30
R00008472,C010783,2026-02-08,1565.59,Payment,60
R00008473,C010783,2026-04-09,1174.19,Renegotiation,120
R00008474,C010788,2025-08-09,3896.33,Payment,30
R00008475,C010788,2025-11-07,2435.2,Renegotiation,120
R00008476,C010788,2026-01-06,2110.51,Renegotiation,180
R00008477,C010788,2026-07-05,1623.47,Payment,360
R00008478,C010792,2025-10-10,5658.97,Settlement,30
R00008479,C010792,2025-11-09,4715.81,Collection,60
R00008480,C010794,2026-06-08,1534.94,Renegotiation,90
R00008481,C010794,2026-07-08,1279.12,Collection,120
R00008482,C010798,2026-06-09,602.97,Renegotiation,60
R00008483,C010798,2026-07-09,542.68,Renegotiation,90
R00008484,C010799,2026-08-09,2089.54,Renegotiation,30
R00008485,C010800,2025-05-09,1286.37,Collection,60
R00008486,C010800,2025-06-08,1157.73,Payment,90
R00008487,C010800,2025-09-06,836.14,Payment,180
R00008488,C010800,2026-03-05,643.19,Renegotiation,360
R00008489,C010802,2026-03-12,4197.93,Payment,30
R00008490,C010802,2026-05-11,3148.45,Renegotiation,90
R00008491,C010802,2026-06-10,2623.71,Payment,120
R00008492,C010806,2025-08-08,3144.01,Payment,90
R00008493,C010806,2025-09-07,2620.0,Settlement,120
R00008494,C010806,2025-11-06,2270.67,Collection,180
R00008495,C010807,2026-05-10,494.49,Collection,30
R00008496,C010807,2026-08-08,309.05,Payment,120
R00008497,C010809,2026-05-11,1004.8,Renegotiation,90
R00008498,C010809,2026-08-09,725.69,Renegotiation,180
R00008499,C010814,2026-02-09,4445.4,Collection,30
R00008500,C010814,2026-03-11,3704.5,Renegotiation,60
R00008501,C010814,2026-07-09,2407.93,Renegotiation,180
R00008502,C010816,2025-12-09,1695.75,Payment,60
R00008503,C010816,2026-04-08,1102.24,Collection,180
R00008504,C010817,2026-03-12,1685.58,Collection,30
R00008505,C010817,2026-04-11,1404.65,Payment,60
R00008506,C010818,2025-11-09,747.69,Payment,30
R00008507,C010818,2025-12-09,623.07,Payment,60
R00008508,C010818,2026-04-08,405.0,Payment,180
R00008509,C010820,2026-04-09,549.13,Settlement,30
R00008510,C010820,2026-07-08,343.21,Renegotiation,120
R00008511,C010821,2025-07-10,9573.16,Payment,30
R00008512,C010821,2025-09-08,7179.87,Payment,90
R00008513,C010822,2026-05-10,1897.58,Payment,30
R00008514,C010822,2026-08-08,1185.99,Settlement,120
R00008515,C010828,2025-07-09,8896.34,Renegotiation,90
R00008516,C010828,2026-04-05,4942.41,Renegotiation,360
R00008517,C010832,2026-02-08,1408.99,Payment,60
R00008518,C010832,2026-03-10,1268.09,Renegotiation,90
R00008519,C010833,2026-01-08,1715.49,Payment,120
R00008520,C010833,2026-03-09,1486.76,Payment,180
R00008521,C010841,2025-12-09,1285.99,Payment,90
R00008522,C010844,2025-12-09,5022.99,Renegotiation,60
R00008523,C010844,2026-02-07,3767.24,Payment,120
R00008524,C010844,2026-04-08,3264.94,Payment,180
R00008525,C010845,2025-12-10,8417.83,Payment,30
R00008526,C010845,2026-01-09,7014.86,Renegotiation,60
R00008527,C010845,2026-02-08,6313.38,Payment,90
R00008528,C010850,2026-02-08,5103.28,Collection,60
R00008529,C010850,2026-04-09,3827.46,Settlement,120
R00008530,C010853,2026-02-08,405.19,Settlement,60
R00008531,C010853,2026-04-09,303.89,Renegotiation,120
R00008532,C010853,2026-06-08,263.37,Collection,180
R00008533,C010857,2026-01-08,579.27,Payment,90
R00008534,C010857,2026-02-07,482.72,Payment,120
R00008535,C010858,2026-03-11,755.93,Renegotiation,60
R00008536,C010858,2026-04-10,680.33,Payment,90
R00008537,C010858,2026-05-10,566.94,Payment,120
R00008538,C010859,2026-05-10,1817.78,Payment,30
R00008539,C010859,2026-06-09,1514.81,Payment,60
R00008540,C010863,2026-08-09,12623.98,Settlement,30
R00008541,C010864,2026-01-09,513.54,Settlement,60
R00008542,C010864,2026-03-10,385.15,Collection,120
R00008543,C010864,2026-05-09,333.8,Collection,180
R00008544,C010865,2026-03-12,1958.88,Renegotiation,30
R00008545,C010865,2026-04-11,1632.4,Payment,60
R00008546,C010865,2026-05-11,1469.16,Collection,90
R00008547,C010865,2026-08-09,1061.06,Settlement,180
R00008548,C010868,2025-09-08,1146.15,Payment,60
R00008549,C010868,2025-11-07,859.62,Payment,120
R00008550,C010868,2026-07-05,573.08,Collection,360
R00008551,C010869,2026-06-09,842.3,Renegotiation,60
R00008552,C010871,2026-07-10,196.28,Payment,30
R00008553,C010872,2026-06-09,1031.89,Renegotiation,60
R00008554,C010873,2026-07-10,2015.52,Payment,30
R00008555,C010873,2026-08-09,1679.6,Payment,60
R00008556,C010874,2025-06-09,2080.13,Settlement,30
R00008557,C010874,2025-07-09,1733.44,Payment,60
R00008558,C010874,2025-08-08,1560.1,Payment,90
R00008559,C010878,2026-06-09,1587.45,Settlement,30
R00008560,C010878,2026-07-09,1322.87,Payment,60
R00008561,C010883,2026-08-09,6001.56,Settlement,60
R00008562,C010884,2026-04-11,21580.42,Renegotiation,60
R00008563,C010884,2026-08-09,14027.28,Payment,180
R00008564,C010886,2025-07-10,4668.27,Payment,30
R00008565,C010886,2025-08-09,3890.23,Payment,60
R00008566,C010886,2025-10-08,2917.67,Payment,120
R00008567,C010886,2026-06-05,1945.11,Settlement,360
R00008568,C010887,2026-02-09,2526.44,Payment,30
R00008569,C010887,2026-03-11,2105.36,Payment,60
R00008570,C010887,2026-05-10,1579.02,Payment,120
R00008571,C010889,2025-06-09,6601.39,Collection,30
R00008572,C010889,2025-08-08,4951.04,Settlement,90
R00008573,C010889,2025-11-06,3575.75,Settlement,180
R00008574,C010892,2026-01-09,2529.76,Payment,30
R00008575,C010892,2026-04-09,1581.1,Payment,120
R00008576,C010892,2026-06-08,1370.28,Collection,180
R00008577,C010894,2026-03-12,2323.0,Payment,30
R00008578,C010894,2026-04-11,1935.84,Settlement,60
R00008579,C010894,2026-06-10,1451.88,Payment,120
R00008580,C010899,2026-04-09,1996.1,Settlement,30
R00008581,C010899,2026-05-09,1663.41,Payment,60
R00008582,C010899,2026-06-08,1497.07,Payment,90
R00008583,C010901,2026-08-09,240.81,Payment,30
R00008584,C010903,2025-11-09,751.27,Payment,30
R00008585,C010903,2025-12-09,626.05,Settlement,60
R00008586,C010903,2026-04-08,406.94,Settlement,180
R00008587,C010905,2026-08-09,1978.98,Renegotiation,30
R00008588,C010909,2025-12-10,2040.28,Payment,30
R00008589,C010909,2026-01-09,1700.23,Renegotiation,60
R00008590,C010909,2026-05-09,1105.15,Payment,180
R00008591,C010911,2025-04-09,674.89,Renegotiation,30
R00008592,C010911,2025-06-08,506.17,Payment,90
R00008593,C010911,2025-09-06,365.57,Payment,180
R00008594,C010915,2025-06-09,16288.29,Collection,30
R00008595,C010915,2025-07-09,13573.58,Payment,60
R00008596,C010915,2025-08-08,12216.22,Renegotiation,90
R00008597,C010915,2025-11-06,8822.83,Collection,180
R00008598,C010918,2026-03-10,1380.02,Payment,120
R00008599,C010919,2025-12-10,16385.07,Payment,30
R00008600,C010919,2026-02-08,12288.8,Collection,90
R00008601,C010919,2026-03-10,10240.67,Payment,120
R00008602,C010919,2026-05-09,8875.25,Renegotiation,180
R00008603,C010921,2026-05-09,11269.03,Payment,60
R00008604,C010922,2026-08-09,1066.35,Payment,30
R00008605,C010925,2026-04-09,3472.88,Renegotiation,30
R00008606,C010925,2026-07-08,2170.55,Payment,120
R00008607,C010926,2026-02-09,25253.87,Payment,30
R00008608,C010926,2026-05-10,15783.67,Payment,120
R00008609,C010926,2026-07-09,13679.18,Renegotiation,180
R00008610,C010927,2026-05-11,580.65,Collection,90
R00008611,C010927,2026-06-10,483.87,Renegotiation,120
R00008612,C010927,2026-08-09,419.36,Settlement,180
R00008613,C010930,2026-08-09,8048.78,Payment,60
R00008614,C010931,2025-09-08,2477.18,Payment,90
R00008615,C010931,2025-10-08,2064.32,Settlement,120
R00008616,C010931,2025-12-07,1789.08,Settlement,180
R00008617,C010931,2026-06-05,1376.21,Payment,360
R00008618,C010934,2026-07-10,14901.75,Settlement,30
R00008619,C010936,2025-07-10,1648.99,Payment,30
R00008620,C010936,2025-10-08,1030.62,Settlement,120
R00008621,C010941,2026-07-10,328.45,Renegotiation,30
R00008622,C010941,2026-08-09,273.71,Payment,60
R00008623,C010944,2025-08-09,13106.32,Payment,30
R00008624,C010944,2025-11-07,8191.45,Payment,120
R00008625,C010944,2026-01-06,7099.26,Renegotiation,180
R00008626,C010944,2026-07-05,5460.97,Renegotiation,360
R00008627,C010946,2026-01-06,1979.97,Settlement,180
R00008628,C010946,2026-07-05,1523.05,Payment,360
R00008629,C010948,2025-10-10,1758.58,Payment,30
R00008630,C010948,2025-11-09,1465.48,Collection,60
R00008631,C010948,2025-12-09,1318.93,Renegotiation,90
R00008632,C010948,2026-01-08,1099.11,Settlement,120
R00008633,C010950,2026-07-10,6215.92,Settlement,30
R00008634,C010953,2026-03-12,302.71,Renegotiation,30
R00008635,C010953,2026-04-11,252.26,Payment,60
R00008636,C010953,2026-06-10,189.19,Collection,120
R00008637,C010953,2026-08-09,163.97,Settlement,180
R00008638,C010955,2025-05-09,410.74,Renegotiation,60
R00008639,C010955,2025-06-08,369.67,Payment,90
R00008640,C010955,2025-09-06,266.98,Renegotiation,180
R00008641,C010967,2026-05-10,275.82,Renegotiation,30
R00008642,C010967,2026-06-09,229.85,Renegotiation,60
R00008643,C010967,2026-07-09,206.87,Renegotiation,90
R00008644,C010968,2025-12-10,3848.65,Collection,30
R00008645,C010968,2026-02-08,2886.49,Payment,90
R00008646,C010969,2026-08-09,297.73,Collection,30
R00008647,C010975,2025-12-10,822.06,Payment,30
R00008648,C010975,2026-01-09,685.05,Payment,60
R00008649,C010975,2026-05-09,445.28,Payment,180
R00008650,C010981,2026-02-09,4218.6,Payment,30
R00008651,C010981,2026-04-10,3163.95,Payment,90
R00008652,C010984,2026-08-09,1171.97,Renegotiation,30
R00008653,C010987,2025-11-09,1145.56,Settlement,30
R00008654,C010987,2026-02-07,715.98,Collection,120
R00008655,C010987,2026-04-08,620.51,Payment,180
R00008656,C010990,2026-07-09,1356.88,Renegotiation,90
R00008657,C010993,2025-11-09,894.71,Collection,30
R00008658,C010993,2026-01-08,671.03,Renegotiation,90
R00008659,C010993,2026-02-07,559.19,Collection,120
R00008660,C010994,2026-08-09,10580.27,Payment,60
R00008661,C010995,2026-05-11,15774.03,Renegotiation,90
R00008662,C010995,2026-06-10,13145.02,Payment,120
R00008663,C010997,2026-02-08,3505.46,Settlement,90
R00008664,C010997,2026-03-10,2921.22,Payment,120
R00008665,C010998,2025-04-09,1816.07,Payment,30
R00008666,C010998,2025-06-08,1362.05,Payment,90
R00008667,C010998,2025-09-06,983.71,Payment,180
R00008668,C010998,2026-03-05,756.7,Renegotiation,360
R00008669,C011000,2025-12-10,1066.19,Payment,30
R00008670,C011000,2026-02-08,799.64,Settlement,90
R00008671,C011000,2026-05-09,577.52,Settlement,180
R00008672,C011001,2026-07-10,1289.28,Payment,30
R00008673,C011002,2026-05-10,14281.56,Renegotiation,30
R00008674,C011002,2026-07-09,10711.17,Renegotiation,90
R00008675,C011004,2026-05-09,1275.95,Collection,60
R00008676,C011007,2025-11-06,1031.68,Renegotiation,180
R00008677,C011007,2026-05-05,793.6,Settlement,360
R00008678,C011008,2025-12-10,3823.54,Payment,30
R00008679,C011008,2026-01-09,3186.28,Payment,60
R00008680,C011008,2026-03-10,2389.71,Renegotiation,120
R00008681,C011010,2026-05-10,1313.36,Collection,30
R00008682,C011010,2026-06-09,1094.46,Payment,60
R00008683,C011010,2026-08-08,820.85,Collection,120
R00008684,C011017,2026-06-09,1478.89,Payment,60
R00008685,C011017,2026-07-09,1331.0,Settlement,90
R00008686,C011017,2026-08-08,1109.17,Collection,120
R00008687,C011018,2025-12-09,3876.88,Renegotiation,90
R00008688,C011018,2026-01-08,3230.73,Renegotiation,120
R00008689,C011021,2026-07-09,1313.82,Collection,60
R00008690,C011027,2026-05-10,557.69,Renegotiation,30
R00008691,C011027,2026-08-08,348.55,Settlement,120
R00008692,C011028,2026-01-09,645.41,Payment,60
R00008693,C011028,2026-02-08,580.87,Collection,90
R00008694,C011028,2026-03-10,484.06,Settlement,120
R00008695,C011028,2026-05-09,419.52,Payment,180
R00008696,C011029,2026-08-09,3518.26,Renegotiation,60
R00008697,C011031,2026-02-07,12909.4,Payment,120
R00008698,C011033,2026-05-10,10550.25,Collection,120
R00008699,C011033,2026-07-09,9143.55,Renegotiation,180
R00008700,C011034,2025-12-10,207.98,Settlement,30
R00008701,C011034,2026-01-09,173.31,Payment,60
R00008702,C011034,2026-03-10,129.99,Settlement,120
R00008703,C011036,2026-08-09,1925.1,Renegotiation,30
R00008704,C011040,2026-07-09,12510.89,Renegotiation,60
R00008705,C011040,2026-08-08,11259.8,Payment,90
R00008706,C011041,2025-12-10,28755.98,Payment,30
R00008707,C011041,2026-02-08,21566.99,Renegotiation,90
R00008708,C011046,2026-08-09,1194.85,Renegotiation,30
R00008709,C011047,2026-05-09,371.75,Collection,60
R00008710,C011050,2026-06-09,676.47,Collection,30
R00008711,C011050,2026-07-09,563.73,Settlement,60
R00008712,C011051,2026-01-09,5201.35,Payment,30
R00008713,C011051,2026-02-08,4334.46,Renegotiation,60
R00008714,C011051,2026-06-08,2817.4,Settlement,180
R00008715,C011054,2025-12-09,4989.93,Payment,60
R00008716,C011054,2026-01-08,4490.94,Collection,90
R00008717,C011059,2026-04-10,1464.45,Settlement,90
R00008718,C011059,2026-05-10,1220.38,Renegotiation,120
R00008719,C011059,2026-07-09,1057.66,Payment,180
R00008720,C011060,2025-12-09,3716.0,Payment,90
R00008721,C011061,2026-04-09,881.64,Collection,30
R00008722,C011061,2026-06-08,661.23,Payment,90
R00008723,C011061,2026-07-08,551.03,Settlement,120
R00008724,C011063,2026-07-09,708.97,Payment,60
R00008725,C011063,2026-08-08,638.08,Settlement,90
R00008726,C011065,2026-01-09,2495.84,Payment,30
R00008727,C011065,2026-03-10,1871.88,Renegotiation,90
R00008728,C011065,2026-04-09,1559.9,Renegotiation,120
R00008729,C011067,2025-12-10,747.13,Payment,30
R00008730,C011067,2026-02-08,560.34,Settlement,90
R00008731,C011067,2026-05-09,404.69,Payment,180
R00008732,C011071,2026-05-10,1129.97,Settlement,30
R00008733,C011071,2026-08-08,706.23,Payment,120
R00008734,C011076,2025-06-09,798.36,Payment,30
R00008735,C011076,2025-07-09,665.3,Payment,60
R00008736,C011076,2025-08-08,598.77,Payment,90
R00008737,C011076,2025-11-06,432.45,Settlement,180
R00008738,C011077,2025-10-10,14156.78,Renegotiation,30
R00008739,C011084,2026-03-10,711.43,Renegotiation,120
R00008740,C011084,2026-05-09,616.58,Payment,180
R00008741,C011089,2025-09-08,2738.74,Collection,60
R00008742,C011089,2025-10-08,2464.86,Payment,90
R00008743,C011090,2026-07-10,2721.73,Settlement,30
R00008744,C011090,2026-08-09,2268.1,Payment,60
R00008745,C011092,2026-05-10,1858.94,Payment,30
R00008746,C011092,2026-08-08,1161.84,Renegotiation,120
R00008747,C011095,2026-04-09,858.65,Payment,30
R00008748,C011095,2026-05-09,715.54,Renegotiation,60
R00008749,C011099,2026-06-08,1217.5,Collection,90
R00008750,C011107,2026-03-12,1032.83,Payment,30
R00008751,C011107,2026-04-11,860.69,Collection,60
R00008752,C011107,2026-06-10,645.52,Collection,120
R00008753,C011108,2026-01-09,594.16,Collection,30
R00008754,C011108,2026-02-08,495.14,Payment,60
R00008755,C011108,2026-03-10,445.62,Settlement,90
R00008756,C011108,2026-06-08,321.84,Renegotiation,180
R00008757,C011112,2026-01-09,753.67,Payment,60
R00008758,C011112,2026-03-10,565.25,Renegotiation,120
R00008759,C011115,2026-08-09,1857.84,Settlement,30
R00008760,C011119,2025-10-10,2072.42,Payment,30
R00008761,C011119,2025-11-09,1727.02,Payment,60
R00008762,C011119,2025-12-09,1554.31,Collection,90
R00008763,C011121,2026-04-09,754.79,Payment,30
R00008764,C011121,2026-07-08,471.74,Payment,120
R00008765,C011125,2025-10-09,13394.74,Renegotiation,60
R00008766,C011125,2025-12-08,10046.05,Collection,120
R00008767,C011130,2025-11-09,22457.26,Payment,30
R00008768,C011130,2026-02-07,14035.79,Settlement,120
R00008769,C011131,2025-07-10,385.62,Payment,30
R00008770,C011131,2025-12-07,208.88,Renegotiation,180
R00008771,C011131,2026-06-05,160.68,Settlement,360
R00008772,C011135,2026-07-10,3959.72,Renegotiation,30
R00008773,C011135,2026-08-09,3299.77,Renegotiation,60
R00008774,C011136,2026-07-10,1894.72,Payment,30
R00008775,C011138,2025-07-10,3037.02,Payment,30
R00008776,C011138,2026-06-05,1265.42,Collection,360
R00008777,C011144,2026-01-09,2465.62,Payment,30
R00008778,C011144,2026-02-08,2054.68,Renegotiation,60
R00008779,C011144,2026-03-10,1849.21,Settlement,90
R00008780,C011144,2026-04-09,1541.01,Payment,120
R00008781,C011146,2026-04-10,2333.59,Payment,90
R00008782,C011146,2026-07-09,1685.37,Payment,180
R00008783,C011147,2025-07-10,1520.57,Settlement,30
R00008784,C011147,2025-10-08,950.36,Renegotiation,120
R00008785,C011148,2026-05-10,3326.18,Collection,30
R00008786,C011148,2026-07-09,2494.64,Renegotiation,90
R00008787,C011148,2026-08-08,2078.87,Payment,120
R00008788,C011149,2025-11-09,8975.37,Payment,30
R00008789,C011149,2026-02-07,5609.6,Payment,120
R00008790,C011155,2025-06-09,6292.74,Collection,30
R00008791,C011155,2025-09-07,3932.96,Renegotiation,120
R00008792,C011155,2026-05-05,2621.97,Payment,360
R00008793,C011158,2025-12-10,12996.43,Renegotiation,30
R00008794,C011158,2026-02-08,9747.32,Payment,90
R00008795,C011158,2026-05-09,7039.73,Payment,180
R00008796,C011164,2026-07-09,1892.07,Settlement,180
R00008797,C011168,2025-12-10,11041.84,Payment,30
R00008798,C011168,2026-01-09,9201.53,Collection,60
R00008799,C011172,2026-01-09,1897.32,Settlement,30
R00008800,C011172,2026-06-08,1027.71,Payment,180
R00008801,C011177,2026-05-09,374.91,Payment,60
R00008802,C011177,2026-06-08,337.42,Payment,90
R00008803,C011177,2026-07-08,281.18,Payment,120
R00008804,C011178,2026-08-09,966.76,Collection,60
R00008805,C011179,2026-04-11,4634.43,Renegotiation,60
R00008806,C011179,2026-05-11,4170.99,Renegotiation,90
R00008807,C011179,2026-08-09,3012.38,Payment,180
R00008808,C011180,2026-05-10,1656.72,Collection,30
R00008809,C011180,2026-06-09,1380.6,Payment,60
R00008810,C011180,2026-07-09,1242.54,Collection,90
R00008811,C011182,2026-05-09,1516.67,Renegotiation,60
R00008812,C011182,2026-06-08,1365.0,Payment,90
R00008813,C011185,2025-09-09,4245.52,Payment,30
R00008814,C011185,2025-10-09,3537.93,Settlement,60
R00008815,C011185,2025-11-08,3184.14,Payment,90
R00008816,C011185,2025-12-08,2653.45,Payment,120
R00008817,C011189,2026-01-09,1071.54,Payment,30
R00008818,C011189,2026-02-08,892.95,Settlement,60
R00008819,C011189,2026-03-10,803.66,Collection,90
R00008820,C011189,2026-06-08,580.42,Payment,180
R00008821,C011191,2025-06-09,1180.26,Collection,60
R00008822,C011191,2025-10-07,767.17,Settlement,180
R00008823,C011191,2026-04-05,590.13,Renegotiation,360
R00008824,C011194,2026-04-09,4409.25,Collection,30
R00008825,C011196,2025-12-09,6348.06,Payment,60
R00008826,C011196,2026-01-08,5713.26,Payment,90
R00008827,C011197,2026-02-09,944.29,Settlement,30
R00008828,C011197,2026-07-09,511.49,Settlement,180
R00008829,C011200,2026-07-10,1405.69,Renegotiation,30
R00008830,C011202,2026-05-10,1043.28,Payment,30
R00008831,C011202,2026-06-09,869.4,Renegotiation,60
R00008832,C011202,2026-07-09,782.46,Renegotiation,90
R00008833,C011202,2026-08-08,652.05,Collection,120
R00008834,C011205,2026-05-09,8138.46,Settlement,60
R00008835,C011205,2026-07-08,6103.84,Payment,120
R00008836,C011206,2026-06-08,1058.48,Payment,90
R00008837,C011207,2026-05-10,1067.39,Renegotiation,30
R00008838,C011207,2026-06-09,889.49,Renegotiation,60
R00008839,C011211,2026-02-08,1102.27,Settlement,90
R00008840,C011211,2026-05-09,796.09,Renegotiation,180
R00008841,C011212,2025-12-09,4411.0,Renegotiation,60
R00008842,C011212,2026-02-07,3308.25,Payment,120
R00008843,C011212,2026-04-08,2867.15,Collection,180
R00008844,C011213,2026-05-10,10211.83,Payment,30
R00008845,C011215,2026-01-09,1073.23,Payment,30
R00008846,C011215,2026-03-10,804.92,Payment,90
R00008847,C011215,2026-06-08,581.33,Collection,180
R00008848,C011223,2025-09-08,2388.25,Collection,60
R00008849,C011223,2025-10-08,2149.43,Payment,90
R00008850,C011223,2026-07-05,1194.13,Settlement,360
R00008851,C011226,2026-04-09,1118.8,Settlement,30
R00008852,C011227,2026-02-09,1250.44,Settlement,30
R00008853,C011227,2026-03-11,1042.04,Renegotiation,60
R00008854,C011227,2026-04-10,937.83,Payment,90
R00008855,C011229,2025-08-09,292.04,Collection,30
R00008856,C011229,2025-11-07,182.53,Payment,120
R00008857,C011229,2026-01-06,158.19,Collection,180
R00008858,C011233,2026-02-07,1416.38,Payment,120
R00008859,C011233,2026-04-08,1227.53,Payment,180
R00008860,C011238,2026-04-09,2121.12,Renegotiation,30
R00008861,C011238,2026-05-09,1767.6,Renegotiation,60
R00008862,C011238,2026-06-08,1590.84,Collection,90
R00008863,C011239,2026-05-10,372.48,Collection,30
R00008864,C011239,2026-06-09,310.4,Renegotiation,60
R00008865,C011240,2026-06-09,6900.82,Payment,30
R00008866,C011240,2026-08-08,5175.62,Payment,90
R00008867,C011247,2025-08-09,1953.54,Payment,30
R00008868,C011247,2025-09-08,1627.95,Settlement,60
R00008869,C011247,2026-01-06,1058.17,Payment,180
R00008870,C011251,2025-12-09,4536.74,Collection,90
R00008871,C011251,2026-01-08,3780.62,Payment,120
R00008872,C011253,2026-07-09,3421.26,Settlement,60
R00008873,C011253,2026-08-08,3079.14,Renegotiation,90
R00008874,C011254,2025-05-10,5027.4,Renegotiation,30
R00008875,C011254,2025-06-09,4189.5,Collection,60
R00008876,C011254,2025-07-09,3770.55,Renegotiation,90
R00008877,C011254,2026-04-05,2094.75,Renegotiation,360
R00008878,C011255,2026-02-08,2362.55,Collection,90
R00008879,C011255,2026-03-10,1968.79,Settlement,120
R00008880,C011255,2026-05-09,1706.29,Collection,180
R00008881,C011257,2026-05-09,8069.82,Collection,60
R00008882,C011257,2026-06-08,7262.84,Collection,90
R00008883,C011258,2026-08-08,2280.45,Collection,90
R00008884,C011259,2026-03-12,270.44,Renegotiation,30
R00008885,C011259,2026-05-11,202.83,Collection,90
R00008886,C011259,2026-06-10,169.02,Renegotiation,120
R00008887,C011266,2025-05-10,1629.16,Payment,30
R00008888,C011266,2025-07-09,1221.87,Payment,90
R00008889,C011266,2025-10-07,882.46,Payment,180
R00008890,C011267,2026-08-09,814.62,Payment,60
R00008891,C011272,2026-03-11,582.98,Payment,60
R00008892,C011272,2026-04-10,524.68,Renegotiation,90
R00008893,C011272,2026-07-09,378.94,Payment,180
R00008894,C011274,2026-06-09,573.87,Settlement,30
R00008895,C011274,2026-07-09,478.23,Payment,60
R00008896,C011277,2026-01-08,612.66,Payment,90
R00008897,C011283,2026-02-09,2037.65,Payment,30
R00008898,C011283,2026-03-11,1698.04,Payment,60
R00008899,C011288,2026-02-08,3018.41,Settlement,90
R00008900,C011288,2026-05-09,2179.97,Settlement,180
R00008901,C011292,2026-02-09,986.47,Payment,30
R00008902,C011292,2026-03-11,822.06,Renegotiation,60
R00008903,C011292,2026-07-09,534.34,Settlement,180
R00008904,C011295,2025-05-10,2547.39,Payment,30
R00008905,C011295,2025-06-09,2122.83,Payment,60
R00008906,C011295,2026-04-05,1061.41,Settlement,360
R00008907,C011298,2026-06-09,2455.27,Collection,60
R00008908,C011298,2026-07-09,2209.74,Settlement,90
R00008909,C011298,2026-08-08,1841.45,Payment,120
R00008910,C011299,2025-12-09,1773.68,Renegotiation,60
R00008911,C011299,2026-01-08,1596.31,Payment,90
R00008912,C011305,2026-01-09,1958.19,Payment,60
R00008913,C011305,2026-05-09,1272.82,Payment,180
R00008914,C011307,2025-08-09,1893.51,Payment,30
R00008915,C011307,2025-10-08,1420.14,Collection,90
R00008916,C011307,2025-11-07,1183.45,Payment,120
R00008917,C011307,2026-07-05,788.96,Collection,360
R00008918,C011309,2026-08-09,1199.62,Settlement,60
R00008919,C011310,2026-03-12,16422.8,Settlement,30
R00008920,C011310,2026-05-11,12317.1,Renegotiation,90
R00008921,C011310,2026-08-09,8895.68,Renegotiation,180
R00008922,C011311,2026-04-11,281.29,Collection,60
R00008923,C011311,2026-05-11,253.16,Payment,90
R00008924,C011311,2026-06-10,210.97,Payment,120
R00008925,C011316,2026-07-09,7358.18,Payment,60
R00008926,C011317,2026-03-10,2423.46,Payment,90
R00008927,C011319,2025-07-09,6050.84,Payment,90
R00008928,C011319,2025-08-08,5042.36,Renegotiation,120
R00008929,C011319,2025-10-07,4370.05,Payment,180
R00008930,C011324,2025-09-08,997.82,Collection,60
R00008931,C011324,2025-11-07,748.37,Collection,120
R00008932,C011325,2025-12-10,1892.95,Payment,30
R00008933,C011325,2026-01-09,1577.46,Payment,60
R00008934,C011325,2026-02-08,1419.71,Payment,90
R00008935,C011330,2026-01-08,107.06,Settlement,90
R00008936,C011330,2026-02-07,89.22,Settlement,120
R00008937,C011335,2025-04-09,3680.1,Settlement,30
R00008938,C011335,2026-03-05,1533.37,Payment,360
R00008939,C011336,2026-08-08,290.16,Collection,90
R00008940,C011337,2026-07-10,754.69,Collection,30
R00008941,C011337,2026-08-09,628.91,Collection,60
R00008942,C011339,2026-08-09,1915.47,Renegotiation,30
R00008943,C011342,2026-04-09,17435.48,Renegotiation,30
R00008944,C011342,2026-07-08,10897.18,Collection,120
R00008945,C011343,2025-06-09,2244.29,Renegotiation,60
R00008946,C011343,2025-07-09,2019.86,Payment,90
R00008947,C011343,2025-08-08,1683.22,Payment,120
R00008948,C011343,2026-04-05,1122.15,Settlement,360
R00008949,C011346,2026-08-09,2161.29,Payment,30
R00008950,C011347,2025-09-09,1419.86,Payment,30
R00008951,C011347,2025-12-08,887.41,Payment,120
R00008952,C011347,2026-08-05,591.61,Collection,360
R00008953,C011349,2025-11-09,4380.47,Renegotiation,30
R00008954,C011349,2026-01-08,3285.36,Settlement,90
R00008955,C011349,2026-02-07,2737.8,Settlement,120
R00008956,C011351,2026-08-09,3004.49,Renegotiation,30
R00008957,C011354,2025-10-08,1263.71,Payment,90
R00008958,C011354,2025-11-07,1053.09,Renegotiation,120
R00008959,C011354,2026-01-06,912.68,Payment,180
R00008960,C011355,2026-07-10,1459.69,Collection,30
R00008961,C011357,2026-06-09,16426.36,Payment,60
R00008962,C011357,2026-08-08,12319.77,Payment,120
R00008963,C011362,2026-08-09,1178.7,Payment,60
R00008964,C011364,2026-07-10,2468.35,Renegotiation,30
R00008965,C011365,2026-02-08,6360.71,Payment,90
R00008966,C011365,2026-03-10,5300.59,Payment,120
R00008967,C011367,2026-07-08,8515.03,Renegotiation,120
R00008968,C011371,2025-12-09,955.98,Renegotiation,60
R00008969,C011374,2025-07-10,1632.19,Renegotiation,30
R00008970,C011374,2025-12-07,884.1,Renegotiation,180
R00008971,C011376,2026-08-09,985.86,Payment,30
R00008972,C011385,2026-06-09,16901.64,Payment,60
R00008973,C011389,2026-01-09,239.78,Collection,30
R00008974,C011389,2026-02-08,199.82,Payment,60
R00008975,C011389,2026-03-10,179.84,Payment,90
R00008976,C011391,2026-01-09,1692.88,Renegotiation,30
R00008977,C011391,2026-02-08,1410.74,Settlement,60
R00008978,C011391,2026-03-10,1269.66,Renegotiation,90
R00008979,C011391,2026-04-09,1058.05,Payment,120
R00008980,C011396,2026-07-09,1064.01,Collection,60
R00008981,C011396,2026-08-08,957.61,Settlement,90
R00008982,C011404,2026-06-09,1790.84,Payment,60
R00008983,C011407,2026-03-12,699.44,Settlement,30
R00008984,C011407,2026-04-11,582.86,Payment,60
R00008985,C011407,2026-05-11,524.58,Settlement,90
R00008986,C011410,2026-06-09,463.8,Settlement,30
R00008987,C011412,2026-07-10,3354.41,Settlement,30
R00008988,C011412,2026-08-09,2795.34,Payment,60
R00008989,C011414,2025-11-09,10501.69,Payment,30
R00008990,C011414,2025-12-09,8751.41,Payment,60
R00008991,C011414,2026-02-07,6563.56,Collection,120
R00008992,C011414,2026-04-08,5688.41,Payment,180
R00008993,C011418,2026-05-10,3512.44,Settlement,30
R00008994,C011418,2026-07-09,2634.33,Settlement,90
R00008995,C011420,2026-08-09,1549.45,Payment,30
R00008996,C011422,2026-08-09,1351.32,Settlement,60
R00008997,C011424,2025-05-10,2174.39,Payment,30
R00008998,C011424,2025-06-09,1811.99,Renegotiation,60
R00008999,C011424,2026-04-05,906.0,Payment,360
R00009000,C011430,2026-06-09,13780.45,Collection,30
R00009001,C011431,2026-05-09,1126.12,Payment,60
R00009002,C011432,2025-04-09,18971.82,Payment,30
R00009003,C011432,2025-06-08,14228.87,Renegotiation,90
R00009004,C011432,2026-03-05,7904.93,Settlement,360
R00009005,C011433,2026-05-10,425.47,Collection,30
R00009006,C011433,2026-06-09,354.56,Collection,60
R00009007,C011433,2026-08-08,265.92,Settlement,120
R00009008,C011435,2026-01-09,1332.19,Payment,30
R00009009,C011435,2026-02-08,1110.15,Payment,60
R00009010,C011435,2026-06-08,721.6,Payment,180
R00009011,C011437,2025-09-08,2190.24,Renegotiation,60
R00009012,C011437,2025-10-08,1971.22,Collection,90
R00009013,C011437,2025-11-07,1642.68,Renegotiation,120
R00009014,C011441,2026-05-10,1249.99,Settlement,30
R00009015,C011447,2026-05-10,2100.56,Renegotiation,30
R00009016,C011447,2026-06-09,1750.47,Payment,60
R00009017,C011448,2026-04-09,4104.79,Payment,30
R00009018,C011450,2026-07-10,983.11,Payment,30
R00009019,C011454,2025-12-10,5941.17,Settlement,30
R00009020,C011454,2026-01-09,4950.98,Settlement,60
R00009021,C011454,2026-03-10,3713.23,Settlement,120
R00009022,C011458,2026-05-10,6613.48,Renegotiation,30
R00009023,C011458,2026-08-08,4133.43,Renegotiation,120
R00009024,C011459,2026-05-10,5597.74,Settlement,30
R00009025,C011459,2026-07-09,4198.31,Payment,90
R00009026,C011463,2025-12-09,472.2,Renegotiation,60
R00009027,C011463,2026-01-08,424.98,Payment,90
R00009028,C011463,2026-02-07,354.15,Payment,120
R00009029,C011466,2026-05-10,1527.3,Collection,30
R00009030,C011466,2026-06-09,1272.75,Renegotiation,60
R00009031,C011466,2026-08-08,954.56,Settlement,120
R00009032,C011469,2026-07-08,1762.1,Renegotiation,120
R00009033,C011474,2025-09-09,9062.84,Payment,30
R00009034,C011474,2025-12-08,5664.27,Settlement,120
R00009035,C011474,2026-02-06,4909.04,Collection,180
R00009036,C011475,2026-04-11,451.99,Collection,60
R00009037,C011475,2026-06-10,338.99,Collection,120
R00009038,C011475,2026-08-09,293.79,Collection,180
R00009039,C011480,2026-04-09,580.41,Renegotiation,30
R00009040,C011480,2026-05-09,483.67,Renegotiation,60
R00009041,C011480,2026-06-08,435.31,Payment,90
R00009042,C011481,2026-06-09,400.96,Payment,30
R00009043,C011481,2026-07-09,334.14,Payment,60
R00009044,C011481,2026-08-08,300.72,Payment,90
R00009045,C011486,2026-08-09,15398.48,Payment,30
R00009046,C011492,2025-12-07,28735.99,Renegotiation,180
R00009047,C011492,2026-06-05,22104.61,Payment,360
R00009048,C011501,2026-01-09,1452.31,Renegotiation,30
R00009049,C011501,2026-02-08,1210.26,Collection,60
R00009050,C011501,2026-03-10,1089.23,Renegotiation,90
R00009051,C011501,2026-04-09,907.69,Collection,120
R00009052,C011502,2026-07-10,1106.38,Payment,30
R00009053,C011502,2026-08-09,921.99,Renegotiation,60
R00009054,C011504,2025-09-08,851.22,Payment,60
R00009055,C011504,2025-10-08,766.1,Payment,90
R00009056,C011504,2025-11-07,638.42,Collection,120
R00009057,C011504,2026-01-06,553.29,Payment,180
R00009058,C011508,2026-04-09,11767.79,Settlement,30
R00009059,C011508,2026-05-09,9806.5,Payment,60
R00009060,C011508,2026-06-08,8825.85,Payment,90
R00009061,C011510,2026-04-09,1628.58,Payment,30
R00009062,C011510,2026-06-08,1221.43,Payment,90
R00009063,C011510,2026-07-08,1017.86,Settlement,120
R00009064,C011513,2026-05-10,761.16,Settlement,30
R00009065,C011516,2025-06-08,4295.3,Collection,90
R00009066,C011516,2025-07-08,3579.42,Renegotiation,120
R00009067,C011516,2026-03-05,2386.28,Payment,360
R00009068,C011520,2025-09-08,5295.3,Payment,90
R00009069,C011520,2025-12-07,3824.39,Payment,180
R00009070,C011521,2026-06-09,254.03,Renegotiation,30
R00009071,C011521,2026-08-08,190.52,Payment,90
R00009072,C011526,2026-06-09,1131.09,Renegotiation,30
R00009073,C011526,2026-07-09,942.57,Renegotiation,60
R00009074,C011526,2026-08-08,848.32,Payment,90
R00009075,C011529,2026-04-09,1530.12,Payment,30
R00009076,C011529,2026-06-08,1147.59,Renegotiation,90
R00009077,C011534,2026-07-10,10824.79,Renegotiation,30
R00009078,C011536,2026-07-09,4102.68,Payment,90
R00009079,C011536,2026-08-08,3418.9,Renegotiation,120
R00009080,C011538,2026-08-09,424.23,Payment,60
R00009081,C011543,2025-05-09,2075.31,Payment,60
R00009082,C011543,2025-06-08,1867.78,Payment,90
R00009083,C011543,2025-09-06,1348.95,Payment,180
R00009084,C011545,2025-07-10,3776.63,Renegotiation,30
R00009085,C011545,2025-08-09,3147.19,Renegotiation,60
R00009086,C011545,2025-10-08,2360.39,Renegotiation,120
R00009087,C011545,2025-12-07,2045.67,Renegotiation,180
R00009088,C011548,2025-12-10,772.48,Renegotiation,30
R00009089,C011548,2026-02-08,579.36,Payment,90
R00009090,C011550,2025-08-09,13275.9,Renegotiation,60
R00009091,C011550,2025-09-08,11948.31,Renegotiation,90
R00009092,C011550,2025-10-08,9956.92,Settlement,120
R00009093,C011553,2025-07-10,7706.26,Renegotiation,30
R00009094,C011553,2025-08-09,6421.88,Renegotiation,60
R00009095,C011553,2025-09-08,5779.69,Renegotiation,90
R00009096,C011558,2026-08-09,1212.47,Payment,30
R00009097,C011562,2026-04-09,2194.32,Payment,30
R00009098,C011562,2026-07-08,1371.45,Renegotiation,120
R00009099,C011568,2025-09-09,14344.49,Renegotiation,30
R00009100,C011568,2026-08-05,5976.87,Collection,360
R00009101,C011570,2025-05-10,558.53,Payment,30
R00009102,C011570,2025-07-09,418.9,Payment,90
R00009103,C011570,2025-10-07,302.54,Payment,180
R00009104,C011570,2026-04-05,232.72,Payment,360
R00009105,C011575,2025-11-09,6415.68,Payment,30
R00009106,C011575,2025-12-09,5346.4,Payment,60
R00009107,C011575,2026-01-08,4811.76,Payment,90
R00009108,C011575,2026-04-08,3475.16,Collection,180
R00009109,C011576,2025-07-09,1010.76,Settlement,90
R00009110,C011576,2025-08-08,842.3,Renegotiation,120
R00009111,C011577,2026-05-10,1581.7,Renegotiation,30
R00009112,C011577,2026-08-08,988.56,Renegotiation,120
R00009113,C011581,2026-07-10,10143.98,Payment,30
R00009114,C011581,2026-08-09,8453.32,Settlement,60
R00009115,C011582,2025-07-09,2135.14,Payment,90
R00009116,C011582,2025-10-07,1542.04,Payment,180
R00009117,C011583,2026-02-09,9595.3,Payment,30
R00009118,C011583,2026-04-10,7196.47,Payment,90
R00009119,C011583,2026-05-10,5997.06,Collection,120
R00009120,C011584,2026-06-09,1756.18,Collection,30
R00009121,C011584,2026-07-09,1463.49,Payment,60
R00009122,C011586,2026-04-11,1343.05,Renegotiation,60
R00009123,C011586,2026-06-10,1007.29,Payment,120
R00009124,C011588,2025-06-08,7811.74,Renegotiation,90
R00009125,C011588,2025-09-06,5641.81,Payment,180
R00009126,C011588,2026-03-05,4339.86,Payment,360
R00009127,C011589,2025-11-09,387.68,Collection,30
R00009128,C011589,2025-12-09,323.07,Collection,60
R00009129,C011589,2026-02-07,242.3,Renegotiation,120
R00009130,C011591,2026-07-10,814.54,Renegotiation,30
R00009131,C011592,2026-08-09,744.81,Renegotiation,60
R00009132,C011593,2025-06-09,13015.61,Payment,60
R00009133,C011593,2025-07-09,11714.05,Payment,90
R00009134,C011593,2025-10-07,8460.15,Payment,180
R00009135,C011593,2026-04-05,6507.81,Collection,360
R00009136,C011596,2026-01-09,1148.27,Payment,60
R00009137,C011596,2026-03-10,861.2,Renegotiation,120
R00009138,C011596,2026-05-09,746.38,Payment,180
R00009139,C011598,2025-07-09,945.5,Settlement,90
R00009140,C011598,2025-08-08,787.92,Payment,120
R00009141,C011598,2026-04-05,525.28,Payment,360
R00009142,C011603,2026-07-09,3688.51,Payment,90
R00009143,C011603,2026-08-08,3073.76,Settlement,120
R00009144,C011608,2026-04-09,7143.31,Renegotiation,30
R00009145,C011609,2025-07-09,2890.03,Payment,90
R00009146,C011609,2025-10-07,2087.25,Renegotiation,180
R00009147,C011620,2026-02-09,8358.15,Collection,30
R00009148,C011620,2026-07-09,4527.33,Payment,180
R00009149,C011621,2026-06-09,3635.67,Renegotiation,30
R00009150,C011621,2026-08-08,2726.75,Payment,90
R00009151,C011624,2025-08-09,1610.5,Payment,30
R00009152,C011624,2025-11-07,1006.56,Payment,120
R00009153,C011624,2026-01-06,872.36,Settlement,180
R00009154,C011624,2026-07-05,671.04,Payment,360
R00009155,C011625,2026-03-12,1253.43,Payment,30
R00009156,C011625,2026-04-11,1044.53,Payment,60
R00009157,C011625,2026-08-09,678.94,Payment,180
R00009158,C011631,2026-01-09,1081.43,Renegotiation,30
R00009159,C011631,2026-03-10,811.07,Renegotiation,90
R00009160,C011631,2026-04-09,675.89,Settlement,120
R00009161,C011639,2025-07-10,555.68,Settlement,30
R00009162,C011639,2025-08-09,463.07,Collection,60
R00009163,C011639,2025-10-08,347.3,Payment,120
R00009164,C011639,2025-12-07,300.99,Renegotiation,180
R00009165,C011640,2026-02-09,5646.71,Collection,30
R00009166,C011640,2026-07-09,3058.63,Payment,180
R00009167,C011641,2025-11-07,5983.91,Payment,120
R00009168,C011641,2026-01-06,5186.05,Payment,180
R00009169,C011646,2026-08-09,1418.12,Payment,60
R00009170,C011647,2025-10-09,3532.53,Payment,60
R00009171,C011647,2026-02-06,2296.14,Renegotiation,180
R00009172,C011647,2026-08-05,1766.26,Collection,360
R00009173,C011649,2026-01-08,3142.96,Renegotiation,90
R00009174,C011649,2026-02-07,2619.14,Payment,120
R00009175,C011655,2025-11-09,5217.91,Settlement,30
R00009176,C011655,2026-02-07,3261.19,Renegotiation,120
R00009177,C011655,2026-04-08,2826.37,Renegotiation,180
R00009178,C011657,2026-06-09,2261.58,Collection,60
R00009179,C011657,2026-07-09,2035.42,Payment,90
R00009180,C011659,2026-07-10,23943.96,Collection,30
R00009181,C011659,2026-08-09,19953.3,Payment,60
R00009182,C011663,2026-04-09,1455.77,Settlement,30
R00009183,C011663,2026-05-09,1213.14,Renegotiation,60
R00009184,C011665,2025-11-09,21421.7,Settlement,60
R00009185,C011665,2026-03-09,13924.1,Collection,180
R00009186,C011671,2026-08-09,3624.3,Payment,30
R00009187,C011672,2025-09-09,2703.38,Payment,30
R00009188,C011672,2025-11-08,2027.53,Settlement,90
R00009189,C011672,2026-02-06,1464.33,Renegotiation,180
R00009190,C011672,2026-08-05,1126.41,Payment,360
R00009191,C011679,2026-03-12,453.2,Renegotiation,30
R00009192,C011679,2026-05-11,339.9,Payment,90
R00009193,C011684,2026-05-10,3403.92,Payment,30
R00009194,C011684,2026-06-09,2836.6,Payment,60
R00009195,C011687,2026-07-09,1295.84,Payment,90
R00009196,C011687,2026-08-08,1079.87,Renegotiation,120
R00009197,C011689,2026-05-09,1171.07,Payment,60
R00009198,C011689,2026-06-08,1053.96,Settlement,90
R00009199,C011689,2026-07-08,878.3,Renegotiation,120
R00009200,C011691,2026-01-09,924.38,Payment,30
R00009201,C011691,2026-02-08,770.31,Payment,60
R00009202,C011691,2026-04-09,577.73,Payment,120
R00009203,C011693,2025-10-10,1851.9,Settlement,30
R00009204,C011693,2025-11-09,1543.25,Renegotiation,60
R00009205,C011693,2026-03-09,1003.11,Payment,180
R00009206,C011700,2026-06-09,870.21,Payment,60
R00009207,C011700,2026-08-08,652.66,Renegotiation,120
R00009208,C011701,2026-08-09,3740.91,Settlement,30
R00009209,C011702,2026-03-12,1078.14,Payment,30
R00009210,C011702,2026-05-11,808.61,Payment,90
R00009211,C011702,2026-06-10,673.84,Collection,120
R00009212,C011708,2025-07-09,1958.79,Payment,60
R00009213,C011708,2025-11-06,1273.21,Payment,180
R00009214,C011714,2026-05-09,631.18,Payment,60
R00009215,C011714,2026-06-08,568.07,Collection,90
R00009216,C011714,2026-07-08,473.39,Collection,120
R00009217,C011716,2025-10-08,1605.79,Settlement,90
R00009218,C011716,2026-01-06,1159.74,Settlement,180
R00009219,C011720,2025-07-10,446.66,Payment,30
R00009220,C011720,2025-08-09,372.21,Payment,60
R00009221,C011720,2025-10-08,279.16,Settlement,120
R00009222,C011724,2025-05-10,654.88,Payment,30
R00009223,C011724,2025-06-09,545.73,Settlement,60
R00009224,C011724,2025-08-08,409.3,Payment,120
R00009225,C011727,2025-12-09,5832.87,Renegotiation,60
R00009226,C011727,2026-01-08,5249.58,Collection,90
R00009227,C011727,2026-02-07,4374.65,Renegotiation,120
R00009228,C011728,2026-06-09,19805.14,Collection,30
R00009229,C011728,2026-07-09,16504.28,Renegotiation,60
R00009230,C011740,2026-08-09,1920.85,Payment,180
R00009231,C011742,2025-12-10,2348.81,Settlement,30
R00009232,C011742,2026-01-09,1957.34,Payment,60
R00009233,C011742,2026-03-10,1468.0,Collection,120
R00009234,C011747,2025-07-10,1608.16,Payment,30
R00009235,C011747,2025-09-08,1206.12,Payment,90
R00009236,C011755,2026-03-12,638.86,Payment,30
R00009237,C011755,2026-05-11,479.15,Payment,90
R00009238,C011755,2026-06-10,399.29,Renegotiation,120
R00009239,C011755,2026-08-09,346.05,Payment,180
R00009240,C011757,2026-04-11,12140.47,Renegotiation,60
R00009241,C011757,2026-05-11,10926.42,Payment,90
R00009242,C011757,2026-06-10,9105.35,Payment,120
R00009243,C011758,2026-02-09,1482.1,Renegotiation,30
R00009244,C011758,2026-03-11,1235.08,Payment,60
R00009245,C011758,2026-04-10,1111.57,Collection,90
R00009246,C011759,2026-01-09,3417.78,Settlement,30
R00009247,C011760,2026-04-10,3502.18,Renegotiation,90
R00009248,C011760,2026-05-10,2918.49,Renegotiation,120
R00009249,C011760,2026-07-09,2529.36,Payment,180
R00009250,C011763,2026-07-10,438.79,Renegotiation,30
R00009251,C011763,2026-08-09,365.66,Payment,60
R00009252,C011764,2026-08-08,29399.46,Settlement,90
R00009253,C011776,2026-03-12,40162.33,Collection,30
R00009254,C011776,2026-04-11,33468.61,Settlement,60
R00009255,C011778,2026-07-09,27821.13,Payment,60
R00009256,C011781,2026-01-08,682.99,Payment,90
R00009257,C011781,2026-04-08,493.27,Payment,180
R00009258,C011782,2026-03-12,25453.56,Payment,30
R00009259,C011782,2026-06-10,15908.47,Payment,120
R00009260,C011782,2026-08-09,13787.34,Renegotiation,180
R00009261,C011784,2026-06-09,511.31,Collection,30
R00009262,C011784,2026-08-08,383.49,Renegotiation,90
R00009263,C011786,2025-08-09,11563.37,Payment,30
R00009264,C011786,2025-10-08,8672.53,Payment,90
R00009265,C011786,2025-11-07,7227.11,Renegotiation,120
R00009266,C011786,2026-07-05,4818.07,Collection,360
R00009267,C011794,2026-02-09,705.69,Renegotiation,30
R00009268,C011794,2026-04-10,529.27,Payment,90
R00009269,C011794,2026-05-10,441.06,Payment,120
R00009270,C011800,2026-08-09,10153.11,Payment,60
R00009271,C011804,2025-12-10,3564.37,Renegotiation,30
R00009272,C011808,2026-04-11,2734.93,Settlement,60
R00009273,C011808,2026-06-10,2051.2,Collection,120
R00009274,C011808,2026-08-09,1777.7,Settlement,180
R00009275,C011813,2026-02-09,4998.83,Payment,30
R00009276,C011813,2026-05-10,3124.27,Payment,120
R00009277,C011816,2025-10-08,2738.38,Settlement,90
R00009278,C011816,2026-01-06,1977.72,Collection,180
R00009279,C011817,2025-12-10,1310.13,Settlement,30
R00009280,C011817,2026-01-09,1091.78,Renegotiation,60
R00009281,C011821,2025-09-07,471.65,Renegotiation,120
R00009282,C011821,2025-11-06,408.76,Renegotiation,180
R00009283,C011821,2026-05-05,314.43,Payment,360
R00009284,C011824,2025-07-10,5599.09,Payment,30
R00009285,C011824,2025-08-09,4665.91,Payment,60
R00009286,C011824,2025-09-08,4199.32,Renegotiation,90
R00009287,C011824,2026-06-05,2332.95,Payment,360
R00009288,C011827,2026-03-12,1632.42,Payment,30
R00009289,C011827,2026-06-10,1020.26,Renegotiation,120
R00009290,C011828,2026-08-08,2174.34,Settlement,90
R00009291,C011830,2026-07-09,1352.88,Payment,60
R00009292,C011830,2026-08-08,1217.59,Payment,90
R00009293,C011831,2026-04-09,1119.1,Settlement,30
R00009294,C011831,2026-07-08,699.44,Payment,120
R00009295,C011833,2026-06-09,823.0,Collection,30
R00009296,C011833,2026-08-08,617.25,Settlement,90
R00009297,C011834,2026-01-09,2986.4,Settlement,30
R00009298,C011834,2026-02-08,2488.67,Payment,60
R00009299,C011834,2026-03-10,2239.8,Payment,90
R00009300,C011837,2026-02-09,644.56,Renegotiation,30
R00009301,C011837,2026-03-11,537.13,Payment,60
R00009302,C011837,2026-05-10,402.85,Settlement,120
R00009303,C011838,2026-07-09,1548.95,Renegotiation,90
R00009304,C011838,2026-08-08,1290.79,Settlement,120
R00009305,C011840,2026-03-11,924.6,Collection,60
R00009306,C011840,2026-05-10,693.45,Collection,120
R00009307,C011843,2026-03-12,4959.7,Payment,30
R00009308,C011843,2026-06-10,3099.81,Renegotiation,120
R00009309,C011843,2026-08-09,2686.51,Payment,180
R00009310,C011848,2026-01-09,13964.08,Collection,60
R00009311,C011848,2026-02-08,12567.68,Payment,90
R00009312,C011849,2026-06-09,836.07,Payment,30
R00009313,C011854,2026-05-09,1406.86,Collection,60
R00009314,C011854,2026-06-08,1266.18,Renegotiation,90
R00009315,C011854,2026-07-08,1055.15,Renegotiation,120
R00009316,C011865,2026-04-09,409.9,Collection,30
R00009317,C011865,2026-05-09,341.59,Settlement,60
R00009318,C011865,2026-06-08,307.43,Renegotiation,90
R00009319,C011870,2025-10-08,1814.78,Payment,90
R00009320,C011870,2025-11-07,1512.32,Payment,120
R00009321,C011875,2026-07-10,1520.3,Payment,30
R00009322,C011875,2026-08-09,1266.91,Renegotiation,60
R00009323,C011878,2025-11-09,1389.42,Renegotiation,60
R00009324,C011878,2025-12-09,1250.48,Payment,90
R00009325,C011882,2026-03-12,10410.95,Payment,30
R00009326,C011882,2026-04-11,8675.79,Collection,60
R00009327,C011882,2026-06-10,6506.84,Payment,120
R00009328,C011882,2026-08-09,5639.26,Collection,180
R00009329,C011883,2025-11-09,575.86,Renegotiation,60
R00009330,C011885,2025-05-10,710.86,Payment,30
R00009331,C011885,2025-07-09,533.14,Renegotiation,90
R00009332,C011885,2025-10-07,385.05,Payment,180
R00009333,C011886,2026-04-09,365.7,Settlement,30
R00009334,C011886,2026-05-09,304.75,Renegotiation,60
R00009335,C011886,2026-06-08,274.28,Payment,90
R00009336,C011886,2026-07-08,228.57,Payment,120
R00009337,C011893,2026-01-09,11718.1,Collection,60
R00009338,C011893,2026-02-08,10546.29,Payment,90
R00009339,C011894,2026-06-09,3402.21,Settlement,30
R00009340,C011894,2026-07-09,2835.17,Collection,60
R00009341,C011899,2026-07-09,4231.0,Payment,60
R00009342,C011901,2026-05-10,3746.29,Payment,30
R00009343,C011901,2026-06-09,3121.91,Collection,60
R00009344,C011903,2025-10-10,1449.47,Settlement,30
R00009345,C011903,2025-11-09,1207.89,Payment,60
R00009346,C011903,2026-03-09,785.13,Collection,180
R00009347,C011905,2025-10-09,1243.94,Settlement,60
R00009348,C011905,2026-02-06,808.56,Payment,180
R00009349,C011905,2026-08-05,621.97,Renegotiation,360
R00009350,C011907,2025-06-09,794.49,Collection,30
R00009351,C011907,2025-07-09,662.07,Collection,60
R00009352,C011907,2025-09-07,496.55,Collection,120
R00009353,C011907,2025-11-06,430.35,Settlement,180
R00009354,C011908,2025-08-09,30184.85,Renegotiation,30
R00009355,C011908,2025-09-08,25154.04,Settlement,60
R00009356,C011909,2026-05-09,1994.6,Payment,60
R00009357,C011909,2026-07-08,1495.95,Payment,120
R00009358,C011910,2026-02-09,1796.49,Payment,30
R00009359,C011910,2026-03-11,1497.07,Renegotiation,60
R00009360,C011910,2026-05-10,1122.81,Collection,120
R00009361,C011911,2026-07-10,1532.24,Payment,30
R00009362,C011911,2026-08-09,1276.87,Renegotiation,60
R00009363,C011912,2025-09-08,1430.01,Payment,60
R00009364,C011912,2025-10-08,1287.01,Payment,90
R00009365,C011912,2026-07-05,715.0,Payment,360
R00009366,C011913,2026-02-09,1182.58,Payment,30
R00009367,C011913,2026-04-10,886.94,Payment,90
R00009368,C011915,2026-06-09,6072.8,Collection,30
R00009369,C011916,2026-06-08,857.86,Collection,90
R00009370,C011919,2026-06-09,3797.4,Settlement,30
R00009371,C011921,2025-12-10,381.83,Renegotiation,30
R00009372,C011921,2026-03-10,238.64,Payment,120
R00009373,C011922,2025-07-09,1440.06,Payment,60
R00009374,C011922,2026-05-05,720.03,Renegotiation,360
R00009375,C011925,2026-03-12,2212.62,Renegotiation,30
R00009376,C011928,2026-02-09,667.75,Collection,30
R00009377,C011928,2026-03-11,556.46,Settlement,60
R00009378,C011928,2026-04-10,500.81,Payment,90
R00009379,C011929,2026-07-09,4035.97,Renegotiation,90
R00009380,C011929,2026-08-08,3363.31,Payment,120
R00009381,C011931,2025-12-10,1788.48,Payment,30
R00009382,C011931,2026-01-09,1490.4,Payment,60
R00009383,C011931,2026-02-08,1341.36,Payment,90
R00009384,C011931,2026-03-10,1117.8,Collection,120
R00009385,C011938,2025-07-10,9547.4,Payment,30
R00009386,C011938,2025-12-07,5171.51,Collection,180
R00009387,C011939,2026-04-10,2656.02,Payment,90
R00009388,C011940,2025-09-09,2379.99,Payment,30
R00009389,C011940,2025-10-09,1983.32,Renegotiation,60
R00009390,C011941,2026-06-09,2709.79,Settlement,30
R00009391,C011941,2026-08-08,2032.34,Collection,90
R00009392,C011942,2026-02-09,5381.25,Collection,30
R00009393,C011942,2026-04-10,4035.94,Payment,90
R00009394,C011942,2026-07-09,2914.84,Renegotiation,180
R00009395,C011943,2025-12-09,13648.92,Payment,60
R00009396,C011943,2026-04-08,8871.8,Settlement,180
R00009397,C011946,2025-08-09,4281.77,Payment,60
R00009398,C011946,2025-12-07,2783.15,Collection,180
R00009399,C011946,2026-06-05,2140.88,Payment,360
R00009400,C011947,2026-06-09,1131.14,Payment,30
R00009401,C011947,2026-07-09,942.62,Payment,60
R00009402,C011947,2026-08-08,848.36,Renegotiation,90
R00009403,C011948,2026-05-09,2168.23,Collection,60
R00009404,C011953,2025-12-10,175.2,Collection,30
R00009405,C011953,2026-02-08,131.4,Payment,90
R00009406,C011953,2026-05-09,94.9,Renegotiation,180
R00009407,C011954,2026-06-09,5673.54,Settlement,30
R00009408,C011955,2025-08-09,990.03,Payment,30
R00009409,C011955,2026-01-06,536.26,Payment,180
R00009410,C011956,2026-07-10,6430.03,Payment,30
R00009411,C011956,2026-08-09,5358.35,Settlement,60
R00009412,C011957,2026-04-09,22102.06,Payment,30
R00009413,C011957,2026-06-08,16576.55,Payment,90
R00009414,C011957,2026-07-08,13813.79,Payment,120
R00009415,C011958,2026-02-08,803.25,Settlement,60
R00009416,C011958,2026-04-09,602.44,Payment,120
R00009417,C011958,2026-06-08,522.12,Payment,180
R00009418,C011962,2026-03-12,2060.11,Payment,30
R00009419,C011962,2026-05-11,1545.08,Collection,90
R00009420,C011962,2026-08-09,1115.89,Payment,180
R00009421,C011966,2025-05-10,1860.2,Collection,30
R00009422,C011966,2025-06-09,1550.16,Renegotiation,60
R00009423,C011966,2025-08-08,1162.62,Renegotiation,120
R00009424,C011966,2026-04-05,775.08,Settlement,360
R00009425,C011970,2026-08-08,3998.79,Payment,120
R00009426,C011976,2026-04-09,2029.72,Payment,30
R00009427,C011976,2026-06-08,1522.29,Payment,90
R00009428,C011976,2026-07-08,1268.58,Payment,120
R00009429,C011978,2026-06-08,14108.95,Payment,90
R00009430,C011979,2026-04-09,1023.66,Collection,30
R00009431,C011980,2026-02-08,1455.47,Payment,60
R00009432,C011980,2026-06-08,946.05,Renegotiation,180
R00009433,C011982,2026-04-09,774.66,Payment,30
R00009434,C011982,2026-05-09,645.55,Renegotiation,60
R00009435,C011983,2025-12-09,1260.37,Payment,90
R00009436,C011983,2026-01-08,1050.31,Collection,120
R00009437,C011983,2026-03-09,910.27,Renegotiation,180
R00009438,C011990,2026-08-09,351.6,Collection,30
R00009439,C011991,2025-05-10,16595.3,Payment,30
R00009440,C011991,2025-06-09,13829.42,Collection,60
R00009441,C011991,2026-04-05,6914.71,Settlement,360
R00009442,C011997,2026-07-09,6408.18,Payment,90
R00009443,C011997,2026-08-08,5340.15,Payment,120
R00009444,C011998,2026-07-09,14586.27,Renegotiation,90
R00009445,C011999,2025-08-08,623.37,Payment,90
R00009446,C011999,2025-09-07,519.47,Payment,120
R00009447,C011999,2025-11-06,450.21,Collection,180
R00009448,C012000,2026-07-10,424.43,Settlement,30
R00009449,C012003,2026-01-08,4479.89,Renegotiation,90
R00009450,C012005,2025-09-09,908.42,Settlement,30
R00009451,C012005,2025-10-09,757.02,Renegotiation,60
R00009452,C012005,2025-11-08,681.31,Payment,90
R00009453,C012005,2026-02-06,492.06,Renegotiation,180
R00009454,C012006,2026-03-10,1468.91,Payment,90
R00009455,C012012,2025-11-09,905.07,Payment,30
R00009456,C012012,2025-12-09,754.23,Renegotiation,60
R00009457,C012012,2026-02-07,565.67,Collection,120
R00009458,C012013,2026-06-09,2123.76,Renegotiation,30
R00009459,C012015,2026-07-10,816.63,Payment,30
R00009460,C012016,2026-04-09,2854.33,Payment,30
R00009461,C012016,2026-05-09,2378.6,Collection,60
R00009462,C012017,2026-07-09,2928.96,Renegotiation,60
R00009463,C012017,2026-08-08,2636.07,Payment,90
R00009464,C012022,2025-11-09,8281.77,Payment,60
R00009465,C012022,2025-12-09,7453.59,Settlement,90
R00009466,C012024,2026-07-09,1049.35,Renegotiation,60
R00009467,C012024,2026-08-08,944.42,Payment,90
R00009468,C012026,2026-02-09,28430.51,Payment,30
R00009469,C012030,2026-03-11,1239.94,Payment,60
R00009470,C012030,2026-05-10,929.95,Renegotiation,120
R00009471,C012030,2026-07-09,805.96,Collection,180
R00009472,C012031,2026-08-08,1254.88,Settlement,120
R00009473,C012036,2025-10-10,13348.84,Payment,30
R00009474,C012036,2025-11-09,11124.03,Collection,60
R00009475,C012037,2026-02-08,1533.39,Renegotiation,60
R00009476,C012037,2026-03-10,1380.05,Payment,90
R00009477,C012037,2026-04-09,1150.04,Collection,120
R00009478,C012038,2026-01-09,1580.08,Collection,30
R00009479,C012038,2026-03-10,1185.06,Collection,90
R00009480,C012038,2026-06-08,855.87,Payment,180
R00009481,C012039,2026-06-09,1093.17,Payment,60
R00009482,C012039,2026-07-09,983.85,Payment,90
R00009483,C012039,2026-08-08,819.88,Payment,120
R00009484,C012041,2025-10-10,6024.21,Payment,30
R00009485,C012041,2025-12-09,4518.16,Collection,90
R00009486,C012041,2026-03-09,3263.11,Payment,180
R00009487,C012042,2026-06-09,1325.54,Collection,60
R00009488,C012045,2026-06-09,1333.02,Payment,30
R00009489,C012045,2026-07-09,1110.85,Renegotiation,60
R00009490,C012048,2025-06-09,538.62,Collection,30
R00009491,C012048,2025-09-07,336.64,Settlement,120
R00009492,C012048,2026-05-05,224.42,Collection,360
R00009493,C012049,2026-03-11,270.78,Settlement,60
R00009494,C012049,2026-07-09,176.01,Collection,180
R00009495,C012056,2026-06-09,743.12,Settlement,60
R00009496,C012056,2026-07-09,668.81,Collection,90
R00009497,C012056,2026-08-08,557.34,Collection,120
R00009498,C012059,2026-08-08,9581.05,Settlement,90
R00009499,C012060,2026-01-09,952.03,Settlement,30
R00009500,C012060,2026-04-09,595.02,Payment,120
R00009501,C012060,2026-06-08,515.68,Payment,180
R00009502,C012061,2025-12-10,3931.33,Payment,30
R00009503,C012061,2026-02-08,2948.5,Settlement,90
R00009504,C012061,2026-03-10,2457.08,Payment,120
R00009505,C012061,2026-05-09,2129.47,Settlement,180
R00009506,C012064,2026-08-09,786.12,Settlement,60
R00009507,C012066,2026-07-09,1202.66,Renegotiation,90
R00009508,C012066,2026-08-08,1002.21,Payment,120
R00009509,C012069,2026-02-08,16520.23,Payment,90
R00009510,C012069,2026-03-10,13766.85,Renegotiation,120
R00009511,C012073,2026-01-09,757.61,Payment,30
R00009512,C012073,2026-04-09,473.5,Payment,120
R00009513,C012073,2026-06-08,410.37,Renegotiation,180
R00009514,C012076,2026-08-08,1342.28,Collection,120
R00009515,C012078,2026-06-09,15263.71,Payment,60
R00009516,C012078,2026-08-08,11447.78,Payment,120
R00009517,C012082,2025-06-09,880.33,Renegotiation,30
R00009518,C012082,2025-07-09,733.61,Collection,60
R00009519,C012082,2025-09-07,550.21,Collection,120
R00009520,C012082,2026-05-05,366.81,Settlement,360
R00009521,C012085,2025-04-09,2005.82,Payment,30
R00009522,C012085,2025-05-09,1671.52,Collection,60
R00009523,C012085,2026-03-05,835.76,Payment,360
R00009524,C012087,2026-06-09,3413.83,Renegotiation,30
R00009525,C012087,2026-07-09,2844.86,Payment,60
R00009526,C012088,2026-07-09,1479.21,Collection,90
R00009527,C012089,2026-01-09,8985.21,Payment,30
R00009528,C012089,2026-02-08,7487.67,Payment,60
R00009529,C012089,2026-06-08,4866.99,Renegotiation,180
R00009530,C012093,2026-02-08,2723.62,Renegotiation,60
R00009531,C012093,2026-04-09,2042.71,Renegotiation,120
R00009532,C012103,2026-07-09,7722.12,Payment,60
R00009533,C012105,2026-01-09,2392.83,Payment,30
R00009534,C012105,2026-02-08,1994.02,Renegotiation,60
R00009535,C012105,2026-04-09,1495.52,Renegotiation,120
R00009536,C012107,2026-07-10,2330.56,Payment,30
R00009537,C012107,2026-08-09,1942.14,Payment,60
R00009538,C012114,2026-04-09,361.04,Payment,30
R00009539,C012114,2026-05-09,300.87,Payment,60
R00009540,C012116,2026-05-11,15238.24,Settlement,90
R00009541,C012116,2026-06-10,12698.53,Renegotiation,120
R00009542,C012116,2026-08-09,11005.4,Collection,180
R00009543,C012117,2026-05-10,319.77,Renegotiation,30
R00009544,C012117,2026-06-09,266.48,Settlement,60
R00009545,C012117,2026-08-08,199.86,Payment,120
R00009546,C012119,2025-11-08,704.44,Collection,90
R00009547,C012119,2025-12-08,587.04,Renegotiation,120
R00009548,C012119,2026-02-06,508.76,Collection,180
R00009549,C012119,2026-08-05,391.36,Payment,360
R00009550,C012121,2026-04-11,3572.44,Collection,60
R00009551,C012121,2026-06-10,2679.33,Collection,120
R00009552,C012122,2026-02-09,1420.98,Collection,30
R00009553,C012122,2026-03-11,1184.15,Renegotiation,60
R00009554,C012125,2026-01-09,767.85,Renegotiation,30
R00009555,C012125,2026-03-10,575.89,Renegotiation,90
R00009556,C012125,2026-04-09,479.91,Payment,120
R00009557,C012126,2026-08-09,2196.4,Settlement,60
R00009558,C012128,2026-04-09,1129.4,Renegotiation,30
R00009559,C012128,2026-05-09,941.16,Collection,60
R00009560,C012128,2026-06-08,847.05,Settlement,90
R00009561,C012130,2026-08-09,1002.81,Collection,60
R00009562,C012131,2026-06-09,814.79,Payment,60
R00009563,C012133,2025-10-10,7385.35,Collection,30
R00009564,C012133,2025-11-09,6154.46,Collection,60
R00009565,C012133,2026-01-08,4615.84,Payment,120
R00009566,C012135,2025-07-10,3954.31,Payment,30
R00009567,C012135,2025-08-09,3295.26,Payment,60
R00009568,C012135,2026-06-05,1647.63,Payment,360
R00009569,C012138,2026-07-10,4456.83,Collection,30
R00009570,C012138,2026-08-09,3714.03,Payment,60
R00009571,C012139,2026-08-09,891.58,Payment,30
R00009572,C012141,2026-07-10,410.79,Payment,30
R00009573,C012141,2026-08-09,342.33,Settlement,60
R00009574,C012143,2026-04-11,1436.03,Payment,60
R00009575,C012143,2026-06-10,1077.02,Payment,120
R00009576,C012143,2026-08-09,933.42,Collection,180
R00009577,C012144,2025-08-09,1687.4,Payment,30
R00009578,C012144,2026-01-06,914.01,Renegotiation,180
R00009579,C012145,2026-03-11,7104.11,Collection,60
R00009580,C012145,2026-07-09,4617.67,Collection,180
R00009581,C012147,2026-08-09,11853.49,Payment,60
R00009582,C012148,2025-06-09,827.74,Payment,30
R00009583,C012148,2025-07-09,689.79,Collection,60
R00009584,C012148,2026-05-05,344.89,Payment,360
R00009585,C012155,2026-06-10,7337.62,Renegotiation,120
R00009586,C012160,2025-08-09,567.65,Collection,60
R00009587,C012160,2025-09-08,510.88,Settlement,90
R00009588,C012161,2026-06-09,2112.34,Renegotiation,30
R00009589,C012162,2026-07-10,3708.63,Payment,30
R00009590,C012162,2026-08-09,3090.52,Collection,60
R00009591,C012163,2026-02-08,6660.27,Renegotiation,60
R00009592,C012163,2026-03-10,5994.24,Collection,90
R00009593,C012163,2026-04-09,4995.2,Renegotiation,120
R00009594,C012166,2026-04-09,939.64,Payment,30
R00009595,C012170,2025-09-09,1475.81,Renegotiation,30
R00009596,C012170,2025-11-08,1106.85,Renegotiation,90
R00009597,C012173,2026-08-09,1853.49,Payment,60
R00009598,C012174,2026-07-10,3410.48,Payment,30
R00009599,C012174,2026-08-09,2842.07,Renegotiation,60
R00009600,C012175,2026-01-06,7236.33,Settlement,180
R00009601,C012175,2026-07-05,5566.4,Payment,360
R00009602,C012177,2026-02-09,2025.19,Renegotiation,30
R00009603,C012177,2026-05-10,1265.75,Payment,120
R00009604,C012177,2026-07-09,1096.98,Settlement,180
R00009605,C012179,2026-02-09,3433.29,Payment,30
R00009606,C012179,2026-05-10,2145.81,Collection,120
R00009607,C012183,2026-01-08,2729.86,Renegotiation,120
R00009608,C012184,2026-08-09,7313.65,Payment,30
R00009609,C012190,2025-09-09,812.84,Renegotiation,30
R00009610,C012190,2026-02-06,440.29,Renegotiation,180
R00009611,C012191,2026-07-10,835.06,Renegotiation,30
R00009612,C012194,2026-04-10,2274.1,Payment,90
R00009613,C012194,2026-05-10,1895.08,Payment,120
R00009614,C012194,2026-07-09,1642.4,Settlement,180
R00009615,C012196,2025-10-08,3383.39,Payment,120
R00009616,C012196,2025-12-07,2932.27,Payment,180
R00009617,C012201,2026-08-08,4000.41,Renegotiation,90
R00009618,C012202,2025-04-11,5622.74,Payment,60
R00009619,C012202,2025-05-11,5060.47,Settlement,90
R00009620,C012202,2026-02-05,2811.37,Payment,360
R00009621,C012206,2026-05-11,1507.29,Payment,90
R00009622,C012206,2026-08-09,1088.6,Renegotiation,180
R00009623,C012212,2026-04-11,6818.7,Settlement,60
R00009624,C012217,2026-04-10,15502.13,Payment,90
R00009625,C012217,2026-07-09,11195.98,Settlement,180
R00009626,C012218,2025-12-10,446.4,Payment,30
R00009627,C012218,2026-01-09,372.0,Payment,60
R00009628,C012220,2026-08-09,2311.15,Renegotiation,30
R00009629,C012222,2025-11-09,145.12,Collection,60
R00009630,C012222,2025-12-09,130.61,Renegotiation,90
R00009631,C012223,2026-03-12,3296.04,Payment,30
R00009632,C012223,2026-06-10,2060.03,Payment,120
R00009633,C012224,2026-08-09,1011.92,Payment,60
R00009634,C012226,2025-09-09,658.11,Settlement,30
R00009635,C012226,2026-02-06,356.47,Payment,180
R00009636,C012226,2026-08-05,274.21,Settlement,360
R00009637,C012228,2025-11-09,1687.41,Payment,60
R00009638,C012228,2025-12-09,1518.67,Collection,90
R00009639,C012228,2026-01-08,1265.56,Settlement,120
R00009640,C012228,2026-03-09,1096.82,Settlement,180
R00009641,C012229,2026-07-10,773.55,Payment,30
R00009642,C012229,2026-08-09,644.63,Payment,60
R00009643,C012231,2026-01-09,1704.53,Payment,30
R00009644,C012231,2026-03-10,1278.4,Renegotiation,90
R00009645,C012231,2026-04-09,1065.33,Collection,120
R00009646,C012231,2026-06-08,923.29,Collection,180
R00009647,C012233,2026-05-10,15276.77,Payment,30
R00009648,C012233,2026-06-09,12730.64,Settlement,60
R00009649,C012239,2026-06-09,1531.1,Payment,30
R00009650,C012239,2026-08-08,1148.33,Collection,90
R00009651,C012245,2026-04-09,3076.41,Renegotiation,30
R00009652,C012245,2026-05-09,2563.67,Collection,60
R00009653,C012252,2026-06-09,3417.66,Settlement,60
R00009654,C012252,2026-07-09,3075.89,Renegotiation,90
R00009655,C012254,2026-08-09,7707.74,Payment,30
R00009656,C012255,2026-05-10,1601.25,Settlement,30
R00009657,C012255,2026-06-09,1334.38,Collection,60
R00009658,C012255,2026-07-09,1200.94,Payment,90
R00009659,C012256,2026-02-09,1700.22,Payment,30
R00009660,C012256,2026-05-10,1062.64,Payment,120
R00009661,C012259,2025-10-10,3378.26,Settlement,30
R00009662,C012259,2025-11-09,2815.22,Settlement,60
R00009663,C012259,2026-01-08,2111.41,Settlement,120
R00009664,C012263,2025-06-09,1512.75,Collection,60
R00009665,C012263,2025-08-08,1134.56,Settlement,120
R00009666,C012263,2025-10-07,983.29,Settlement,180
R00009667,C012263,2026-04-05,756.37,Collection,360
R00009668,C012264,2026-02-09,1988.18,Renegotiation,30
R00009669,C012264,2026-03-11,1656.82,Payment,60
R00009670,C012264,2026-04-10,1491.14,Collection,90
R00009671,C012264,2026-07-09,1076.93,Settlement,180
R00009672,C012266,2026-04-09,601.74,Payment,30
R00009673,C012266,2026-05-09,501.45,Settlement,60
R00009674,C012266,2026-06-08,451.31,Payment,90
R00009675,C012273,2026-07-09,475.48,Collection,90
R00009676,C012276,2025-09-08,808.71,Payment,60
R00009677,C012276,2025-10-08,727.84,Renegotiation,90
R00009678,C012276,2025-11-07,606.53,Payment,120
R00009679,C012276,2026-01-06,525.66,Payment,180
R00009680,C012277,2026-01-09,1594.32,Payment,30
R00009681,C012277,2026-04-09,996.45,Settlement,120
R00009682,C012278,2026-01-09,2798.76,Payment,30
R00009683,C012278,2026-02-08,2332.3,Renegotiation,60
R00009684,C012278,2026-03-10,2099.07,Renegotiation,90
R00009685,C012280,2026-02-06,873.19,Settlement,180
R00009686,C012280,2026-08-05,671.68,Renegotiation,360
R00009687,C012285,2026-07-09,562.88,Payment,60
R00009688,C012285,2026-08-08,506.59,Settlement,90
R00009689,C012286,2026-07-09,2615.92,Renegotiation,60
R00009690,C012287,2026-06-09,804.58,Collection,60
R00009691,C012288,2026-06-08,3921.13,Renegotiation,90
R00009692,C012288,2026-07-08,3267.61,Payment,120
R00009693,C012292,2025-08-09,2355.92,Payment,30
R00009694,C012292,2025-09-08,1963.27,Collection,60
R00009695,C012292,2025-10-08,1766.94,Settlement,90
R00009696,C012292,2026-07-05,981.63,Payment,360
R00009697,C012296,2026-01-08,1254.11,Payment,120
R00009698,C012298,2026-03-12,1868.24,Settlement,30
R00009699,C012298,2026-05-11,1401.18,Renegotiation,90
R00009700,C012300,2026-07-10,2918.39,Settlement,30
R00009701,C012306,2026-08-08,3995.65,Settlement,120
R00009702,C012307,2026-03-10,3051.19,Payment,90
R00009703,C012307,2026-06-08,2203.64,Payment,180
R00009704,C012315,2025-08-09,1393.13,Collection,30
R00009705,C012315,2025-09-08,1160.94,Renegotiation,60
R00009706,C012315,2026-01-06,754.61,Renegotiation,180
R00009707,C012319,2025-09-09,1521.39,Payment,30
R00009708,C012319,2025-10-09,1267.82,Settlement,60
R00009709,C012321,2025-04-09,516.21,Renegotiation,30
R00009710,C012321,2025-06-08,387.15,Collection,90
R00009711,C012321,2025-07-08,322.63,Payment,120
R00009712,C012321,2026-03-05,215.09,Payment,360
R00009713,C012322,2026-08-09,681.35,Payment,60
R00009714,C012323,2026-05-09,4119.6,Payment,60
R00009715,C012323,2026-06-08,3707.64,Collection,90
R00009716,C012323,2026-07-08,3089.7,Payment,120
R00009717,C012324,2025-10-10,3064.04,Collection,30
R00009718,C012327,2025-11-09,210.23,Payment,30
R00009719,C012327,2026-04-08,113.88,Payment,180
R00009720,C012328,2026-03-11,1967.71,Settlement,60
R00009721,C012328,2026-04-10,1770.94,Payment,90
R00009722,C012328,2026-05-10,1475.78,Renegotiation,120
R00009723,C012332,2026-08-09,1447.82,Payment,60
R00009724,C012333,2026-04-09,3781.33,Renegotiation,30
R00009725,C012334,2025-12-10,3651.93,Collection,30
R00009726,C012334,2026-01-09,3043.28,Settlement,60
R00009727,C012334,2026-02-08,2738.95,Payment,90
R00009728,C012335,2026-02-09,1459.15,Renegotiation,30
R00009729,C012335,2026-07-09,790.37,Payment,180
R00009730,C012338,2026-06-09,1825.96,Settlement,60
R00009731,C012338,2026-08-08,1369.47,Collection,120
R00009732,C012340,2025-10-10,1815.86,Payment,30
R00009733,C012340,2025-11-09,1513.22,Payment,60
R00009734,C012340,2026-03-09,983.59,Settlement,180
R00009735,C012342,2026-07-10,854.62,Payment,30
R00009736,C012345,2025-12-09,989.25,Payment,90
R00009737,C012345,2026-03-09,714.46,Payment,180
R00009738,C012346,2025-10-09,684.43,Payment,60
R00009739,C012346,2025-12-08,513.33,Collection,120
R00009740,C012346,2026-08-05,342.22,Collection,360
R00009741,C012351,2025-08-09,2631.6,Payment,30
R00009742,C012351,2025-10-08,1973.7,Renegotiation,90
R00009743,C012361,2026-08-09,1369.78,Payment,30
R00009744,C012362,2026-03-12,3557.58,Payment,30
R00009745,C012368,2025-08-09,2016.35,Renegotiation,30
R00009746,C012368,2025-11-07,1260.22,Collection,120
R00009747,C012368,2026-01-06,1092.19,Payment,180
R00009748,C012368,2026-07-05,840.15,Payment,360
R00009749,C012372,2025-10-08,1932.18,Payment,90
R00009750,C012372,2025-11-07,1610.15,Collection,120
R00009751,C012372,2026-01-06,1395.46,Collection,180
R00009752,C012372,2026-07-05,1073.43,Payment,360
R00009753,C012373,2026-03-12,1689.01,Collection,30
R00009754,C012373,2026-06-10,1055.63,Payment,120
R00009755,C012374,2026-04-09,468.11,Payment,30
R00009756,C012374,2026-06-08,351.08,Payment,90
R00009757,C012376,2025-08-08,1686.28,Collection,90
R00009758,C012376,2025-11-06,1217.87,Payment,180
R00009759,C012376,2026-05-05,936.82,Payment,360
R00009760,C012377,2026-02-09,1903.53,Renegotiation,30
R00009761,C012377,2026-04-10,1427.65,Payment,90
R00009762,C012377,2026-07-09,1031.08,Collection,180
R00009763,C012380,2025-07-10,3837.4,Settlement,30
R00009764,C012380,2025-08-09,3197.84,Collection,60
R00009765,C012380,2025-09-08,2878.05,Settlement,90
R00009766,C012380,2025-10-08,2398.38,Payment,120
R00009767,C012385,2025-11-09,2106.24,Collection,30
R00009768,C012385,2026-02-07,1316.4,Settlement,120
R00009769,C012385,2026-04-08,1140.88,Renegotiation,180
R00009770,C012387,2026-05-10,1498.39,Renegotiation,30
R00009771,C012387,2026-06-09,1248.66,Renegotiation,60
R00009772,C012391,2026-01-09,3303.35,Collection,60
R00009773,C012391,2026-03-10,2477.52,Collection,120
R00009774,C012393,2026-03-10,913.52,Renegotiation,120
R00009775,C012393,2026-05-09,791.72,Renegotiation,180
R00009776,C012395,2026-08-09,2376.37,Renegotiation,60
R00009777,C012399,2026-03-11,3135.44,Settlement,60
R00009778,C012399,2026-07-09,2038.03,Payment,180
R00009779,C012404,2026-08-09,1321.0,Renegotiation,30
R00009780,C012406,2026-08-09,954.01,Renegotiation,30
R00009781,C012407,2025-10-10,2216.56,Settlement,30
R00009782,C012407,2025-12-09,1662.42,Payment,90
R00009783,C012407,2026-01-08,1385.35,Settlement,120
R00009784,C012409,2026-03-10,217.2,Settlement,90
R00009785,C012409,2026-06-08,156.87,Payment,180
R00009786,C012410,2026-08-09,844.33,Payment,30
R00009787,C012412,2025-12-10,5958.4,Settlement,30
R00009788,C012412,2026-01-09,4965.34,Payment,60
R00009789,C012412,2026-03-10,3724.0,Collection,120
R00009790,C012413,2026-02-08,13682.55,Payment,60
R00009791,C012413,2026-03-10,12314.29,Renegotiation,90
R00009792,C012414,2026-04-11,780.54,Payment,60
R00009793,C012414,2026-05-11,702.49,Payment,90
R00009794,C012416,2025-11-09,1095.52,Payment,30
R00009795,C012416,2025-12-09,912.94,Payment,60
R00009796,C012416,2026-04-08,593.41,Renegotiation,180
R00009797,C012419,2025-04-11,5854.14,Payment,60
R00009798,C012419,2025-06-10,4390.61,Payment,120
R00009799,C012419,2025-08-09,3805.19,Renegotiation,180
R00009800,C012419,2026-02-05,2927.07,Settlement,360
R00009801,C012420,2026-01-09,1393.94,Renegotiation,30
R00009802,C012421,2026-01-09,2599.06,Payment,30
R00009803,C012421,2026-02-08,2165.89,Collection,60
R00009804,C012421,2026-03-10,1949.3,Payment,90
R00009805,C012424,2026-01-09,2312.14,Payment,30
R00009806,C012424,2026-03-10,1734.11,Payment,90
R00009807,C012424,2026-04-09,1445.09,Payment,120
R00009808,C012424,2026-06-08,1252.41,Payment,180
R00009809,C012425,2025-11-09,5558.85,Settlement,30
R00009810,C012425,2025-12-09,4632.38,Renegotiation,60
R00009811,C012426,2026-07-10,2049.15,Collection,30
R00009812,C012429,2025-04-09,2362.74,Payment,30
R00009813,C012429,2025-06-08,1772.06,Collection,90
R00009814,C012429,2025-07-08,1476.71,Collection,120
R00009815,C012429,2026-03-05,984.48,Payment,360
R00009816,C012432,2026-06-09,1202.48,Collection,30
R00009817,C012435,2026-07-10,2501.27,Renegotiation,30
R00009818,C012436,2026-08-09,9906.02,Collection,60
R00009819,C012439,2026-05-10,734.16,Collection,30
R00009820,C012440,2026-03-10,200.15,Collection,120
R00009821,C012440,2026-05-09,173.47,Payment,180
R00009822,C012441,2025-11-09,621.92,Payment,30
R00009823,C012441,2025-12-09,518.27,Payment,60
R00009824,C012441,2026-01-08,466.44,Collection,90
R00009825,C012442,2025-11-08,2473.02,Payment,90
R00009826,C012442,2025-12-08,2060.85,Renegotiation,120
R00009827,C012442,2026-08-05,1373.9,Collection,360
R00009828,C012443,2026-07-09,3534.02,Collection,90
R00009829,C012444,2025-05-10,1184.6,Settlement,30
R00009830,C012444,2025-07-09,888.45,Payment,90
R00009831,C012444,2025-08-08,740.38,Payment,120
R00009832,C012444,2026-04-05,493.59,Payment,360
R00009833,C012446,2025-12-09,1342.06,Renegotiation,60
R00009834,C012446,2026-04-08,872.34,Payment,180
R00009835,C012447,2026-03-11,7725.36,Settlement,60
R00009836,C012447,2026-05-10,5794.02,Payment,120
R00009837,C012449,2026-06-09,688.7,Renegotiation,60
R00009838,C012449,2026-07-09,619.83,Payment,90
R00009839,C012449,2026-08-08,516.52,Payment,120
R00009840,C012454,2025-05-11,5119.5,Payment,90
R00009841,C012454,2025-08-09,3697.42,Collection,180
R00009842,C012460,2025-08-08,5508.45,Payment,90
R00009843,C012460,2025-09-07,4590.38,Payment,120
R00009844,C012466,2026-03-11,2203.97,Settlement,60
R00009845,C012466,2026-05-10,1652.97,Payment,120
R00009846,C012466,2026-07-09,1432.58,Payment,180
R00009847,C012472,2026-04-11,1322.09,Payment,60
R00009848,C012472,2026-06-10,991.57,Settlement,120
R00009849,C012474,2025-12-10,1531.88,Payment,30
R00009850,C012474,2026-02-08,1148.91,Payment,90
R00009851,C012474,2026-03-10,957.43,Renegotiation,120
R00009852,C012476,2025-11-09,6175.48,Settlement,30
R00009853,C012476,2026-01-08,4631.61,Settlement,90
R00009854,C012477,2026-07-10,5639.37,Settlement,30
R00009855,C012478,2025-12-10,3989.78,Renegotiation,30
R00009856,C012478,2026-02-08,2992.34,Collection,90
R00009857,C012478,2026-05-09,2161.13,Payment,180
R00009858,C012483,2025-07-10,378.53,Payment,30
R00009859,C012483,2025-08-09,315.44,Renegotiation,60
R00009860,C012483,2025-09-08,283.9,Payment,90
R00009861,C012483,2025-12-07,205.04,Payment,180
R00009862,C012485,2025-12-10,9235.21,Collection,30
R00009863,C012485,2026-02-08,6926.41,Renegotiation,90
R00009864,C012485,2026-05-09,5002.41,Settlement,180
R00009865,C012486,2026-08-09,3989.36,Settlement,30
R00009866,C012496,2026-03-11,1478.34,Payment,60
R00009867,C012496,2026-05-10,1108.75,Payment,120
R00009868,C012496,2026-07-09,960.92,Renegotiation,180
R00009869,C012499,2026-06-09,570.32,Settlement,30
R00009870,C012499,2026-08-08,427.74,Payment,90
R00009871,C012500,2026-06-09,54169.77,Renegotiation,30
R00009872,C012500,2026-08-08,40627.33,Payment,90
R00009873,C012501,2026-02-09,623.44,Payment,30
R00009874,C012501,2026-04-10,467.58,Collection,90
R00009875,C012501,2026-07-09,337.7,Payment,180
R00009876,C012502,2026-04-11,16763.69,Renegotiation,60
R00009877,C012502,2026-06-10,12572.77,Payment,120
R00009878,C012502,2026-08-09,10896.4,Settlement,180
R00009879,C012503,2026-01-09,1131.39,Renegotiation,30
R00009880,C012503,2026-02-08,942.82,Settlement,60
R00009881,C012503,2026-06-08,612.83,Payment,180
R00009882,C012505,2026-02-09,2853.6,Collection,30
R00009883,C012505,2026-04-10,2140.2,Settlement,90
R00009884,C012505,2026-07-09,1545.7,Payment,180
R00009885,C012511,2025-11-09,8235.24,Renegotiation,30
R00009886,C012511,2025-12-09,6862.7,Payment,60
R00009887,C012512,2026-03-10,1798.41,Payment,90
R00009888,C012513,2026-04-11,4391.7,Settlement,60
R00009889,C012513,2026-05-11,3952.53,Payment,90
R00009890,C012514,2026-07-09,509.99,Payment,60
R00009891,C012514,2026-08-08,458.99,Renegotiation,90
R00009892,C012517,2026-02-09,8955.22,Renegotiation,30
R00009893,C012517,2026-03-11,7462.68,Payment,60
R00009894,C012518,2026-04-09,1365.1,Payment,30
R00009895,C012518,2026-06-08,1023.82,Payment,90
R00009896,C012518,2026-07-08,853.18,Settlement,120
R00009897,C012519,2026-04-09,1371.1,Renegotiation,30
R00009898,C012519,2026-07-08,856.94,Collection,120
R00009899,C012521,2025-09-08,1417.0,Settlement,60
R00009900,C012521,2025-10-08,1275.3,Payment,90
R00009901,C012521,2026-01-06,921.05,Payment,180
R00009902,C012521,2026-07-05,708.5,Payment,360
R00009903,C012523,2026-05-10,353.99,Renegotiation,30
R00009904,C012523,2026-07-09,265.49,Settlement,90
R00009905,C012527,2026-07-10,437.4,Renegotiation,30
R00009906,C012536,2025-09-09,590.81,Collection,30
R00009907,C012536,2025-10-09,492.34,Collection,60
R00009908,C012536,2026-02-06,320.02,Renegotiation,180
R00009909,C012541,2026-05-10,3031.58,Collection,120
R00009910,C012541,2026-07-09,2627.37,Payment,180
R00009911,C012545,2025-10-10,774.85,Collection,30
R00009912,C012545,2026-01-08,484.28,Renegotiation,120
R00009913,C012545,2026-03-09,419.71,Settlement,180
R00009914,C012546,2026-01-09,8524.6,Settlement,60
R00009915,C012549,2025-05-10,1750.63,Payment,30
R00009916,C012549,2025-06-09,1458.86,Payment,60
R00009917,C012549,2026-04-05,729.43,Payment,360
R00009918,C012551,2026-01-09,4001.2,Collection,60
R00009919,C012551,2026-03-10,3000.9,Payment,120
R00009920,C012551,2026-05-09,2600.78,Payment,180
R00009921,C012553,2025-10-09,38003.65,Settlement,60
R00009922,C012553,2025-11-08,34203.29,Payment,90
R00009923,C012557,2026-03-12,4546.35,Payment,30
R00009924,C012557,2026-05-11,3409.76,Settlement,90
R00009925,C012561,2026-05-10,29123.98,Settlement,30
R00009926,C012563,2026-03-12,7310.99,Payment,30
R00009927,C012563,2026-06-10,4569.37,Renegotiation,120
R00009928,C012568,2025-10-09,6289.45,Renegotiation,60
R00009929,C012568,2025-11-08,5660.51,Collection,90
R00009930,C012568,2025-12-08,4717.09,Collection,120
R00009931,C012568,2026-02-06,4088.14,Renegotiation,180
R00009932,C012569,2026-03-10,486.9,Collection,90
R00009933,C012569,2026-04-09,405.75,Collection,120
R00009934,C012569,2026-06-08,351.65,Renegotiation,180
R00009935,C012573,2026-02-08,4704.79,Payment,60
R00009936,C012573,2026-04-09,3528.6,Payment,120
R00009937,C012574,2025-10-10,1747.33,Payment,30
R00009938,C012574,2025-12-09,1310.5,Renegotiation,90
R00009939,C012575,2026-07-10,1702.73,Settlement,30
R00009940,C012579,2026-01-09,2492.28,Collection,60
R00009941,C012579,2026-03-10,1869.21,Payment,120
R00009942,C012582,2026-02-08,2288.8,Collection,90
R00009943,C012582,2026-05-09,1653.02,Settlement,180
R00009944,C012583,2026-04-09,1144.41,Settlement,30
R00009945,C012587,2026-06-09,975.65,Collection,60
R00009946,C012587,2026-07-09,878.08,Renegotiation,90
R00009947,C012587,2026-08-08,731.73,Settlement,120
R00009948,C012591,2026-02-08,2681.3,Payment,90
R00009949,C012593,2026-05-10,1441.02,Settlement,30
R00009950,C012593,2026-06-09,1200.85,Renegotiation,60
R00009951,C012595,2025-05-09,2357.19,Collection,60
R00009952,C012595,2025-06-08,2121.47,Settlement,90
R00009953,C012595,2025-09-06,1532.17,Payment,180
R00009954,C012595,2026-03-05,1178.59,Payment,360
R00009955,C012599,2025-10-08,20904.5,Collection,120
R00009956,C012599,2025-12-07,18117.23,Payment,180
R00009957,C012600,2025-09-08,2685.66,Payment,90
R00009958,C012600,2026-06-05,1492.03,Payment,360
R00009959,C012601,2026-03-12,1280.94,Payment,30
R00009960,C012601,2026-06-10,800.59,Collection,120
R00009961,C012601,2026-08-09,693.84,Renegotiation,180
R00009962,C012604,2025-06-09,601.75,Settlement,30
R00009963,C012604,2025-07-09,501.46,Payment,60
R00009964,C012604,2025-08-08,451.31,Renegotiation,90
R00009965,C012604,2025-09-07,376.09,Settlement,120
R00009966,C012607,2026-07-09,3960.85,Settlement,60
R00009967,C012607,2026-08-08,3564.76,Collection,90
R00009968,C012611,2026-05-11,2377.08,Collection,90
R00009969,C012615,2026-04-11,463.57,Payment,60
R00009970,C012615,2026-05-11,417.21,Payment,90
R00009971,C012615,2026-08-09,301.32,Payment,180
R00009972,C012618,2026-08-09,1280.44,Settlement,60
R00009973,C012620,2025-09-09,3376.74,Collection,30
R00009974,C012620,2025-10-09,2813.95,Collection,60
R00009975,C012620,2026-08-05,1406.97,Collection,360
R00009976,C012627,2026-08-09,1773.97,Payment,30
R00009977,C012629,2026-04-09,882.85,Collection,30
R00009978,C012629,2026-05-09,735.71,Payment,60
R00009979,C012629,2026-07-08,551.78,Payment,120
R00009980,C012635,2026-04-09,1063.84,Settlement,30
R00009981,C012636,2026-08-09,2932.66,Settlement,30
R00009982,C012637,2025-08-09,3503.33,Collection,60
R00009983,C012637,2025-12-07,2277.17,Renegotiation,180
R00009984,C012639,2026-07-09,2828.13,Renegotiation,90
R00009985,C012639,2026-08-08,2356.78,Payment,120
R00009986,C012647,2026-02-09,15373.11,Collection,30
R00009987,C012647,2026-03-11,12810.93,Renegotiation,60
R00009988,C012647,2026-04-10,11529.83,Payment,90
R00009989,C012647,2026-07-09,8327.1,Collection,180
R00009990,C012648,2025-06-09,1759.35,Collection,30
R00009991,C012648,2025-07-09,1466.13,Collection,60
R00009992,C012648,2025-08-08,1319.51,Settlement,90
R00009993,C012648,2026-05-05,733.06,Payment,360
R00009994,C012649,2026-07-09,16463.73,Payment,60
R00009995,C012651,2026-01-09,2660.4,Settlement,60
R00009996,C012651,2026-02-08,2394.36,Renegotiation,90
R00009997,C012651,2026-05-09,1729.26,Payment,180
R00009998,C012653,2026-03-11,2454.3,Payment,60
R00009999,C012653,2026-05-10,1840.72,Collection,120
R00010000,C012653,2026-07-09,1595.29,Renegotiation,180
R00010001,C012656,2025-11-09,2028.8,Collection,30
R00010002,C012656,2026-01-08,1521.6,Collection,90
R00010003,C012658,2026-03-12,2373.14,Payment,30
R00010004,C012658,2026-04-11,1977.61,Renegotiation,60
R00010005,C012659,2026-07-10,623.63,Payment,30
R00010006,C012660,2026-06-09,3473.49,Payment,30
R00010007,C012662,2026-07-09,754.14,Renegotiation,60
R00010008,C012662,2026-08-08,678.73,Renegotiation,90
R00010009,C012665,2026-07-10,3931.2,Payment,30
R00010010,C012666,2026-06-08,1054.45,Collection,90
R00010011,C012667,2026-04-10,279.53,Collection,90
R00010012,C012667,2026-05-10,232.95,Payment,120
R00010013,C012669,2026-05-10,1587.19,Collection,30
R00010014,C012669,2026-07-09,1190.39,Renegotiation,90
R00010015,C012669,2026-08-08,992.0,Collection,120
R00010016,C012671,2025-05-10,601.71,Collection,30
R00010017,C012671,2025-07-09,451.28,Payment,90
R00010018,C012671,2025-08-08,376.07,Settlement,120
R00010019,C012676,2026-02-09,715.35,Settlement,30
R00010020,C012676,2026-03-11,596.12,Settlement,60
R00010021,C012676,2026-04-10,536.51,Collection,90
R00010022,C012677,2026-06-09,588.77,Settlement,30
R00010023,C012677,2026-07-09,490.64,Renegotiation,60
R00010024,C012677,2026-08-08,441.58,Renegotiation,90
R00010025,C012679,2025-12-09,2046.33,Payment,60
R00010026,C012679,2026-04-08,1330.11,Collection,180
R00010027,C012681,2026-06-08,516.95,Collection,90
R00010028,C012681,2026-07-08,430.79,Settlement,120
R00010029,C012684,2026-05-10,2567.63,Settlement,30
R00010030,C012684,2026-06-09,2139.69,Renegotiation,60
R00010031,C012687,2026-07-10,9079.73,Renegotiation,30
R00010032,C012689,2026-07-09,32575.05,Payment,180
R00010033,C012690,2026-08-09,128.32,Renegotiation,30
R00010034,C012695,2026-01-08,15065.6,Settlement,120
R00010035,C012695,2026-03-09,13056.85,Payment,180
R00010036,C012700,2026-08-09,27718.41,Collection,30
R00010037,C012701,2025-04-09,968.21,Collection,30
R00010038,C012701,2025-05-09,806.85,Payment,60
R00010039,C012701,2025-06-08,726.16,Collection,90
R00010040,C012702,2025-05-10,2458.74,Renegotiation,30
R00010041,C012702,2025-08-08,1536.71,Payment,120
R00010042,C012702,2026-04-05,1024.48,Renegotiation,360
R00010043,C012705,2026-05-09,1395.4,Payment,60
R00010044,C012705,2026-07-08,1046.55,Collection,120
R00010045,C012706,2025-11-09,795.39,Collection,30
R00010046,C012706,2025-12-09,662.83,Payment,60
R00010047,C012706,2026-04-08,430.84,Payment,180
R00010048,C012707,2025-08-09,2151.4,Payment,30
R00010049,C012707,2026-07-05,896.42,Collection,360
R00010050,C012710,2026-01-09,5309.09,Renegotiation,30
R00010051,C012710,2026-02-08,4424.24,Renegotiation,60
R00010052,C012710,2026-06-08,2875.76,Payment,180
R00010053,C012711,2026-01-08,1684.09,Renegotiation,90
R00010054,C012711,2026-02-07,1403.41,Payment,120
R00010055,C012714,2026-06-09,353.94,Collection,30
R00010056,C012714,2026-08-08,265.46,Payment,90
R00010057,C012715,2026-03-10,4759.76,Payment,90
R00010058,C012715,2026-04-09,3966.47,Collection,120
R00010059,C012717,2026-06-09,268.07,Collection,30
R00010060,C012717,2026-07-09,223.39,Payment,60
R00010061,C012717,2026-08-08,201.05,Payment,90
R00010062,C012718,2025-10-10,13556.22,Collection,30
R00010063,C012718,2025-12-09,10167.16,Collection,90
R00010064,C012718,2026-03-09,7342.95,Settlement,180
R00010065,C012721,2026-01-09,986.11,Settlement,60
R00010066,C012721,2026-03-10,739.58,Payment,120
R00010067,C012721,2026-05-09,640.97,Collection,180
R00010068,C012723,2026-05-09,3920.14,Renegotiation,60
R00010069,C012723,2026-06-08,3528.13,Settlement,90
R00010070,C012727,2026-06-09,410.95,Payment,30
R00010071,C012727,2026-07-09,342.46,Settlement,60
R00010072,C012732,2026-06-09,179.67,Collection,60
R00010073,C012732,2026-07-09,161.7,Payment,90
R00010074,C012732,2026-08-08,134.75,Payment,120
R00010075,C012733,2025-05-10,2402.17,Renegotiation,30
R00010076,C012733,2026-04-05,1000.91,Payment,360
R00010077,C012735,2025-09-09,760.06,Payment,30
R00010078,C012735,2025-11-08,570.05,Payment,90
R00010079,C012735,2026-02-06,411.7,Payment,180
R00010080,C012735,2026-08-05,316.69,Payment,360
R00010081,C012736,2026-04-11,2699.71,Renegotiation,60
R00010082,C012736,2026-05-11,2429.74,Collection,90
R00010083,C012736,2026-06-10,2024.78,Payment,120
R00010084,C012736,2026-08-09,1754.81,Settlement,180
R00010085,C012741,2026-07-10,1338.11,Renegotiation,30
R00010086,C012743,2026-07-10,80.89,Payment,30
R00010087,C012743,2026-08-09,67.41,Settlement,60
R00010088,C012745,2026-06-09,963.86,Collection,30
R00010089,C012747,2025-12-08,7339.33,Payment,120
R00010090,C012747,2026-02-06,6360.75,Collection,180
R00010091,C012750,2026-05-11,1540.32,Collection,90
R00010092,C012752,2025-12-09,1649.69,Collection,60
R00010093,C012752,2026-01-08,1484.72,Collection,90
R00010094,C012752,2026-02-07,1237.27,Renegotiation,120
R00010095,C012756,2026-07-08,188.99,Renegotiation,120
R00010096,C012758,2026-06-09,544.51,Payment,30
R00010097,C012758,2026-08-08,408.39,Renegotiation,90
R00010098,C012759,2026-03-09,940.72,Payment,180
R00010099,C012762,2025-07-10,4761.09,Payment,30
R00010100,C012762,2025-09-08,3570.82,Collection,90
R00010101,C012762,2025-10-08,2975.68,Renegotiation,120
R00010102,C012763,2026-08-09,973.24,Payment,60
R00010103,C012764,2026-08-09,510.45,Collection,60
R00010104,C012765,2026-04-10,997.28,Settlement,90
R00010105,C012765,2026-05-10,831.07,Renegotiation,120
R00010106,C012767,2026-03-12,22430.6,Payment,30
R00010107,C012767,2026-05-11,16822.95,Settlement,90
R00010108,C012767,2026-08-09,12149.91,Collection,180
R00010109,C012773,2026-08-09,12803.76,Payment,60
R00010110,C012774,2026-01-09,382.46,Collection,30
R00010111,C012774,2026-03-10,286.84,Renegotiation,90
R00010112,C012774,2026-04-09,239.04,Renegotiation,120
R00010113,C012776,2026-08-08,1291.09,Payment,90
R00010114,C012788,2025-09-06,2533.87,Renegotiation,180
R00010115,C012788,2026-03-05,1949.13,Renegotiation,360
R00010116,C012791,2025-07-10,1191.5,Payment,30
R00010117,C012791,2025-08-09,992.92,Collection,60
R00010118,C012791,2025-10-08,744.69,Payment,120
R00010119,C012795,2026-08-09,8100.34,Settlement,30
R00010120,C012801,2026-05-09,413.3,Payment,60
R00010121,C012801,2026-07-08,309.98,Collection,120
R00010122,C012802,2026-07-09,2959.84,Collection,90
R00010123,C012802,2026-08-08,2466.53,Collection,120
R00010124,C012805,2025-10-08,2242.72,Collection,120
R00010125,C012805,2025-12-07,1943.69,Payment,180
R00010126,C012807,2026-08-09,1396.54,Settlement,30
R00010127,C012814,2026-05-09,1574.02,Payment,60
R00010128,C012814,2026-06-08,1416.62,Payment,90
R00010129,C012815,2026-06-08,940.92,Collection,90
R00010130,C012815,2026-07-08,784.1,Settlement,120
R00010131,C012817,2025-12-10,11237.32,Collection,30
R00010132,C012817,2026-01-09,9364.43,Payment,60
R00010133,C012818,2025-12-10,1937.44,Payment,30
R00010134,C012818,2026-01-09,1614.53,Collection,60
R00010135,C012820,2025-12-10,2868.54,Settlement,30
R00010136,C012820,2026-02-08,2151.4,Settlement,90
R00010137,C012820,2026-03-10,1792.84,Collection,120
R00010138,C012821,2025-07-10,2984.94,Payment,30
R00010139,C012821,2025-09-08,2238.71,Renegotiation,90
R00010140,C012821,2025-12-07,1616.84,Renegotiation,180
R00010141,C012824,2026-02-09,15754.81,Payment,30
R00010142,C012824,2026-03-11,13129.01,Settlement,60
R00010143,C012824,2026-07-09,8533.86,Renegotiation,180
R00010144,C012829,2026-04-10,967.78,Payment,90
R00010145,C012829,2026-05-10,806.48,Collection,120
R00010146,C012830,2026-05-10,392.43,Payment,30
R00010147,C012830,2026-08-08,245.27,Settlement,120
R00010148,C012834,2026-07-09,2564.12,Payment,90
R00010149,C012837,2026-08-09,5037.43,Settlement,180
R00010150,C012840,2026-03-11,3147.84,Payment,60
R00010151,C012840,2026-07-09,2046.09,Renegotiation,180
R00010152,C012842,2026-03-12,1955.14,Payment,30
R00010153,C012842,2026-05-11,1466.35,Payment,90
R00010154,C012843,2026-07-09,5773.24,Collection,60
R00010155,C012844,2026-06-08,17024.84,Collection,90
R00010156,C012850,2026-02-09,4666.36,Settlement,30
R00010157,C012851,2025-08-09,1531.34,Payment,60
R00010158,C012851,2025-10-08,1148.51,Collection,120
R00010159,C012851,2025-12-07,995.37,Renegotiation,180
R00010160,C012851,2026-06-05,765.67,Payment,360
R00010161,C012852,2025-11-09,389.97,Collection,60
R00010162,C012852,2025-12-09,350.98,Collection,90
R00010163,C012852,2026-01-08,292.48,Collection,120
R00010164,C012859,2026-03-12,2937.97,Collection,30
R00010165,C012859,2026-05-11,2203.48,Renegotiation,90
R00010166,C012862,2026-07-09,3623.65,Payment,60
R00010167,C012862,2026-08-08,3261.29,Payment,90
R00010168,C012866,2026-08-08,7491.65,Collection,90
R00010169,C012869,2026-07-09,6760.32,Collection,60
R00010170,C012869,2026-08-08,6084.29,Payment,90
R00010171,C012876,2026-02-07,1604.9,Payment,120
R00010172,C012886,2026-05-11,879.34,Payment,90
R00010173,C012887,2026-07-10,1457.51,Renegotiation,30
R00010174,C012891,2026-01-09,4701.09,Collection,30
R00010175,C012891,2026-06-08,2546.42,Payment,180
R00010176,C012892,2026-02-09,1380.74,Payment,30
R00010177,C012892,2026-03-11,1150.61,Settlement,60
R00010178,C012892,2026-04-10,1035.55,Collection,90
R00010179,C012893,2026-06-09,1568.16,Renegotiation,60
R00010180,C012893,2026-08-08,1176.12,Renegotiation,120
R00010181,C012894,2026-07-10,913.48,Settlement,30
R00010182,C012894,2026-08-09,761.23,Collection,60
R00010183,C012899,2025-11-09,1696.75,Collection,30
R00010184,C012899,2025-12-09,1413.96,Collection,60
R00010185,C012899,2026-02-07,1060.47,Settlement,120
R00010186,C012899,2026-04-08,919.07,Payment,180
R00010187,C012900,2025-12-10,966.86,Collection,30
R00010188,C012900,2026-01-09,805.72,Payment,60
R00010189,C012900,2026-02-08,725.14,Settlement,90
R00010190,C012900,2026-05-09,523.71,Renegotiation,180
R00010191,C012903,2025-06-09,2640.23,Renegotiation,60
R00010192,C012903,2025-07-09,2376.21,Renegotiation,90
R00010193,C012903,2025-10-07,1716.15,Renegotiation,180
R00010194,C012904,2025-12-09,2806.44,Payment,60
R00010195,C012904,2026-01-08,2525.8,Settlement,90
R00010196,C012904,2026-02-07,2104.83,Payment,120
R00010197,C012906,2025-07-09,1747.39,Settlement,60
R00010198,C012906,2025-08-08,1572.66,Renegotiation,90
R00010199,C012907,2025-09-09,9423.47,Payment,30
R00010200,C012907,2025-12-08,5889.67,Payment,120
R00010201,C012908,2025-06-09,1851.92,Payment,30
R00010202,C012908,2026-05-05,771.63,Settlement,360
R00010203,C012910,2025-12-10,687.05,Collection,30
R00010204,C012910,2026-02-08,515.28,Payment,90
R00010205,C012910,2026-03-10,429.4,Collection,120
R00010206,C012920,2025-04-09,3656.56,Payment,30
R00010207,C012920,2025-09-06,1980.64,Collection,180
R00010208,C012920,2026-03-05,1523.57,Collection,360
R00010209,C012923,2026-08-09,181.39,Payment,30
R00010210,C012925,2026-05-10,1183.73,Renegotiation,30
R00010211,C012925,2026-06-09,986.44,Payment,60
R00010212,C012926,2025-11-09,3033.7,Payment,60
R00010213,C012926,2025-12-09,2730.33,Payment,90
R00010214,C012926,2026-03-09,1971.9,Payment,180
R00010215,C012927,2026-03-12,924.37,Collection,30
R00010216,C012927,2026-04-11,770.31,Renegotiation,60
R00010217,C012927,2026-05-11,693.28,Payment,90
R00010218,C012938,2026-01-09,2988.77,Payment,30
R00010219,C012938,2026-02-08,2490.64,Settlement,60
R00010220,C012939,2026-04-09,3227.88,Payment,30
R00010221,C012940,2025-10-10,827.87,Renegotiation,30
R00010222,C012940,2025-12-09,620.9,Collection,90
R00010223,C012940,2026-01-08,517.42,Renegotiation,120
R00010224,C012941,2025-08-09,2840.86,Payment,30
R00010225,C012941,2025-11-07,1775.54,Renegotiation,120
R00010226,C012941,2026-01-06,1538.8,Collection,180
R00010227,C012943,2025-08-09,835.95,Payment,60
R00010228,C012943,2025-10-08,626.96,Settlement,120
R00010229,C012943,2025-12-07,543.37,Payment,180
R00010230,C012943,2026-06-05,417.97,Payment,360
R00010231,C012945,2026-08-09,2367.32,Renegotiation,60
R00010232,C012948,2026-01-09,3056.38,Settlement,30
R00010233,C012948,2026-02-08,2546.99,Payment,60
R00010234,C012948,2026-04-09,1910.24,Payment,120
R00010235,C012950,2026-08-09,71.71,Collection,30
R00010236,C012951,2026-06-09,1558.68,Settlement,30
R00010237,C012951,2026-07-09,1298.9,Settlement,60
R00010238,C012952,2025-11-09,316.83,Renegotiation,30
R00010239,C012952,2025-12-09,264.02,Collection,60
R00010240,C012952,2026-01-08,237.62,Payment,90
R00010241,C012952,2026-02-07,198.02,Payment,120
R00010242,C012955,2026-06-09,15396.31,Collection,30
R00010243,C012955,2026-08-08,11547.23,Settlement,90
R00010244,C012957,2025-10-10,6121.86,Payment,30
R00010245,C012957,2025-12-09,4591.39,Settlement,90
R00010246,C012957,2026-03-09,3316.01,Renegotiation,180
R00010247,C012958,2026-07-09,2077.67,Settlement,90
R00010248,C012960,2025-11-09,1750.12,Payment,30
R00010249,C012960,2026-02-07,1093.83,Payment,120
R00010250,C012960,2026-04-08,947.98,Renegotiation,180
R00010251,C012962,2025-08-09,640.65,Settlement,60
R00010252,C012962,2025-09-08,576.59,Payment,90
R00010253,C012962,2025-12-07,416.42,Payment,180
R00010254,C012962,2026-06-05,320.33,Renegotiation,360
R00010255,C012963,2026-05-09,163.71,Payment,60
R00010256,C012963,2026-06-08,147.34,Renegotiation,90
R00010257,C012963,2026-07-08,122.78,Renegotiation,120
R00010258,C012965,2026-05-10,36.27,Payment,30
R00010259,C012965,2026-06-09,30.22,Payment,60
R00010260,C012965,2026-07-09,27.2,Payment,90
R00010261,C012966,2026-01-09,2892.11,Payment,30
R00010262,C012966,2026-03-10,2169.08,Collection,90
R00010263,C012966,2026-04-09,1807.57,Collection,120
R00010264,C012966,2026-06-08,1566.56,Collection,180
R00010265,C012975,2026-04-10,730.2,Settlement,90
R00010266,C012975,2026-05-10,608.5,Payment,120
R00010267,C012975,2026-07-09,527.37,Payment,180
R00010268,C012979,2026-08-09,153.91,Renegotiation,30
R00010269,C012983,2026-06-09,1071.04,Collection,30
R00010270,C012983,2026-07-09,892.53,Settlement,60
R00010271,C012983,2026-08-08,803.28,Collection,90
R00010272,C012985,2026-07-09,6186.21,Settlement,60
R00010273,C012988,2026-04-11,6316.74,Payment,60
R00010274,C012988,2026-08-09,4105.88,Payment,180
R00010275,C012993,2026-07-10,2281.01,Collection,30
R00010276,C012995,2026-07-09,291.94,Settlement,90
R00010277,C012995,2026-08-08,243.28,Settlement,120
R00010278,C012998,2026-02-09,3467.66,Payment,30
R00010279,C012998,2026-03-11,2889.72,Collection,60
R00010280,C012998,2026-04-10,2600.75,Payment,90
R00010281,C012998,2026-05-10,2167.29,Collection,120
R00010282,C012999,2026-03-12,7823.34,Renegotiation,30
R00010283,C012999,2026-04-11,6519.45,Payment,60
R00010284,C012999,2026-08-09,4237.64,Renegotiation,180
R00010285,C013005,2026-06-09,6577.38,Payment,30
R00010286,C013005,2026-08-08,4933.04,Payment,90
R00010287,C013013,2026-02-09,1123.82,Collection,30
R00010288,C013013,2026-07-09,608.73,Settlement,180
R00010289,C013015,2025-10-09,1200.38,Settlement,60
R00010290,C013015,2025-11-08,1080.34,Renegotiation,90
R00010291,C013015,2025-12-08,900.29,Collection,120
R00010292,C013015,2026-08-05,600.19,Payment,360
R00010293,C013027,2026-03-12,1294.01,Renegotiation,30
R00010294,C013027,2026-08-09,700.92,Payment,180
R00010295,C013031,2025-10-09,506.46,Payment,60
R00010296,C013031,2025-11-08,455.81,Renegotiation,90
R00010297,C013031,2025-12-08,379.84,Payment,120
R00010298,C013031,2026-02-06,329.2,Payment,180
R00010299,C013032,2026-07-10,27331.05,Payment,30
R00010300,C013033,2026-06-09,1514.4,Renegotiation,30
R00010301,C013034,2026-06-09,1187.52,Collection,60
R00010302,C013034,2026-08-08,890.64,Payment,120
R00010303,C013038,2025-09-09,2358.39,Collection,30
R00010304,C013038,2025-10-09,1965.33,Payment,60
R00010305,C013038,2026-02-06,1277.46,Payment,180
R00010306,C013040,2025-10-10,2518.78,Settlement,30
R00010307,C013040,2025-11-09,2098.98,Settlement,60
R00010308,C013040,2025-12-09,1889.09,Settlement,90
R00010309,C013040,2026-03-09,1364.34,Collection,180
R00010310,C013041,2026-03-12,1892.25,Renegotiation,30
R00010311,C013041,2026-04-11,1576.88,Renegotiation,60
R00010312,C013041,2026-06-10,1182.66,Renegotiation,120
R00010313,C013042,2026-08-09,1157.9,Payment,30
R00010314,C013043,2026-05-10,597.44,Payment,30
R00010315,C013043,2026-07-09,448.08,Payment,90
R00010316,C013055,2026-03-12,11948.86,Payment,30
R00010317,C013055,2026-05-11,8961.65,Renegotiation,90
R00010318,C013063,2025-08-09,3389.36,Payment,60
R00010319,C013063,2025-09-08,3050.42,Renegotiation,90
R00010320,C013063,2025-12-07,2203.08,Payment,180
R00010321,C013063,2026-06-05,1694.68,Renegotiation,360
R00010322,C013068,2025-10-10,2154.67,Payment,30
R00010323,C013068,2025-11-09,1795.56,Renegotiation,60
R00010324,C013070,2025-10-10,2845.94,Renegotiation,30
R00010325,C013070,2025-11-09,2371.62,Payment,60
R00010326,C013070,2026-01-08,1778.72,Renegotiation,120
R00010327,C013071,2026-01-09,8408.61,Renegotiation,30
R00010328,C013071,2026-03-10,6306.46,Payment,90
R00010329,C013071,2026-04-09,5255.38,Collection,120
R00010330,C013071,2026-06-08,4554.67,Settlement,180
R00010331,C013073,2026-01-09,297.32,Payment,60
R00010332,C013073,2026-02-08,267.59,Payment,90
R00010333,C013073,2026-03-10,222.99,Collection,120
R00010334,C013075,2026-08-09,3493.42,Payment,30
R00010335,C013077,2026-06-09,11131.92,Payment,30
R00010336,C013077,2026-07-09,9276.6,Payment,60
R00010337,C013078,2026-01-09,38673.98,Renegotiation,30
R00010338,C013079,2025-08-08,1562.73,Collection,90
R00010339,C013079,2026-05-05,868.18,Payment,360
R00010340,C013081,2026-03-11,1705.65,Payment,60
R00010341,C013081,2026-07-09,1108.67,Payment,180
R00010342,C013083,2025-08-09,1700.3,Payment,60
R00010343,C013083,2025-10-08,1275.23,Payment,120
R00010344,C013083,2025-12-07,1105.2,Settlement,180
R00010345,C013083,2026-06-05,850.15,Collection,360
R00010346,C013086,2026-07-08,1966.44,Payment,120
R00010347,C013087,2026-01-08,11785.21,Payment,90
R00010348,C013088,2026-06-09,865.44,Settlement,60
R00010349,C013088,2026-07-09,778.9,Collection,90
R00010350,C013088,2026-08-08,649.08,Renegotiation,120
R00010351,C013090,2025-09-09,1626.2,Payment,30
R00010352,C013090,2025-10-09,1355.17,Settlement,60
R00010353,C013090,2025-11-08,1219.65,Settlement,90
R00010354,C013090,2026-08-05,677.58,Payment,360
R00010355,C013092,2026-07-10,1252.78,Payment,30
R00010356,C013092,2026-08-09,1043.98,Settlement,60
R00010357,C013095,2026-04-11,952.86,Payment,60
R00010358,C013095,2026-05-11,857.57,Payment,90
R00010359,C013095,2026-06-10,714.64,Payment,120
R00010360,C013095,2026-08-09,619.36,Renegotiation,180
R00010361,C013097,2026-05-10,8936.67,Renegotiation,30
R00010362,C013097,2026-06-09,7447.22,Renegotiation,60
R00010363,C013097,2026-07-09,6702.5,Renegotiation,90
R00010364,C013099,2026-01-08,2158.62,Payment,90
R00010365,C013100,2026-01-08,2593.08,Payment,90
R00010366,C013100,2026-02-07,2160.9,Payment,120
R00010367,C013100,2026-04-08,1872.78,Settlement,180
R00010368,C013102,2025-11-07,1248.19,Payment,120
R00010369,C013102,2026-01-06,1081.77,Payment,180
R00010370,C013102,2026-07-05,832.13,Payment,360
R00010371,C013104,2026-07-10,924.34,Collection,30
R00010372,C013104,2026-08-09,770.28,Collection,60
R00010373,C013105,2026-04-11,4886.24,Collection,60
R00010374,C013105,2026-05-11,4397.62,Settlement,90
R00010375,C013105,2026-06-10,3664.68,Collection,120
R00010376,C013106,2026-04-11,6790.64,Settlement,60
R00010377,C013106,2026-06-10,5092.98,Collection,120
R00010378,C013106,2026-08-09,4413.91,Collection,180
R00010379,C013109,2026-05-10,7460.01,Collection,120
R00010380,C013113,2025-11-08,4563.22,Payment,90
R00010381,C013113,2025-12-08,3802.68,Settlement,120
R00010382,C013113,2026-02-06,3295.66,Payment,180
R00010383,C013113,2026-08-05,2535.12,Collection,360
R00010384,C013118,2026-06-09,2214.47,Payment,30
R00010385,C013118,2026-07-09,1845.39,Payment,60
R00010386,C013120,2025-06-09,1786.47,Payment,30
R00010387,C013120,2025-07-09,1488.72,Settlement,60
R00010388,C013120,2025-08-08,1339.85,Payment,90
R00010389,C013120,2025-11-06,967.67,Renegotiation,180
R00010390,C013123,2025-11-09,868.48,Payment,30
R00010391,C013123,2025-12-09,723.74,Payment,60
R00010392,C013123,2026-01-08,651.36,Collection,90
R00010393,C013128,2025-12-09,857.33,Renegotiation,90
R00010394,C013128,2026-01-08,714.45,Payment,120
R00010395,C013128,2026-03-09,619.19,Renegotiation,180
R00010396,C013133,2025-09-09,3133.54,Renegotiation,30
R00010397,C013133,2025-11-08,2350.16,Renegotiation,90
R00010398,C013141,2025-11-09,3301.89,Renegotiation,30
R00010399,C013141,2025-12-09,2751.57,Renegotiation,60
R00010400,C013147,2025-08-09,1097.02,Collection,60
R00010401,C013147,2025-09-08,987.32,Collection,90
R00010402,C013148,2026-08-09,683.3,Settlement,60
R00010403,C013150,2025-05-10,10408.52,Payment,30
R00010404,C013150,2025-07-09,7806.39,Payment,90
R00010405,C013150,2025-10-07,5637.95,Renegotiation,180
R00010406,C013151,2026-08-09,637.37,Payment,30
R00010407,C013152,2026-01-09,3231.73,Settlement,60
R00010408,C013153,2025-10-09,5827.56,Settlement,60
R00010409,C013153,2025-12-08,4370.67,Collection,120
R00010410,C013159,2025-11-09,30267.28,Payment,60
R00010411,C013160,2026-05-09,29165.55,Renegotiation,180
R00010412,C013162,2026-03-11,2359.69,Settlement,60
R00010413,C013162,2026-07-09,1533.8,Collection,180
R00010414,C013166,2025-11-06,12394.91,Payment,180
R00010415,C013166,2026-05-05,9534.55,Collection,360
R00010416,C013169,2026-01-08,531.7,Payment,90
R00010417,C013169,2026-02-07,443.09,Renegotiation,120
R00010418,C013171,2026-01-09,1084.52,Collection,30
R00010419,C013171,2026-02-08,903.77,Collection,60
R00010420,C013171,2026-03-10,813.39,Collection,90
R00010421,C013171,2026-06-08,587.45,Payment,180
R00010422,C013178,2026-08-09,412.91,Collection,30
R00010423,C013180,2026-01-09,1151.42,Collection,60
R00010424,C013180,2026-02-08,1036.28,Collection,90
R00010425,C013180,2026-05-09,748.42,Renegotiation,180
R00010426,C013183,2025-06-09,7065.98,Collection,30
R00010427,C013183,2025-09-07,4416.24,Payment,120
R00010428,C013183,2025-11-06,3827.41,Renegotiation,180
R00010429,C013183,2026-05-05,2944.16,Payment,360
R00010430,C013186,2025-12-09,2882.45,Settlement,90
R00010431,C013187,2026-03-12,1763.51,Renegotiation,30
R00010432,C013187,2026-06-10,1102.19,Payment,120
R00010433,C013187,2026-08-09,955.23,Payment,180
R00010434,C013194,2026-07-09,2411.63,Collection,60
R00010435,C013195,2026-01-08,8385.93,Collection,90
R00010436,C013195,2026-02-07,6988.27,Collection,120
R00010437,C013195,2026-04-08,6056.5,Payment,180
R00010438,C013197,2026-06-09,2641.08,Payment,30
R00010439,C013197,2026-07-09,2200.9,Payment,60
R00010440,C013198,2026-05-11,1873.29,Collection,90
R00010441,C013202,2026-05-09,1574.05,Renegotiation,60
R00010442,C013202,2026-06-08,1416.64,Payment,90
R00010443,C013204,2026-08-09,596.3,Collection,60
R00010444,C013205,2026-07-10,1726.33,Payment,30
R00010445,C013207,2026-03-12,950.17,Collection,30
R00010446,C013207,2026-04-11,791.81,Settlement,60
R00010447,C013207,2026-05-11,712.63,Renegotiation,90
R00010448,C013210,2026-07-10,747.26,Collection,30
R00010449,C013211,2026-04-09,440.84,Renegotiation,30
R00010450,C013211,2026-05-09,367.36,Settlement,60
R00010451,C013211,2026-07-08,275.52,Collection,120
R00010452,C013213,2026-07-09,361.44,Renegotiation,90
R00010453,C013213,2026-08-08,301.2,Collection,120
R00010454,C013214,2025-06-09,1775.97,Settlement,60
R00010455,C013214,2025-08-08,1331.98,Collection,120
R00010456,C013218,2026-01-09,2973.9,Renegotiation,30
R00010457,C013218,2026-04-09,1858.69,Settlement,120
R00010458,C013223,2025-11-09,592.45,Payment,60
R00010459,C013223,2025-12-09,533.21,Collection,90
R00010460,C013223,2026-03-09,385.09,Payment,180
R00010461,C013230,2025-09-08,6000.0,Renegotiation,60
R00010462,C013230,2025-10-08,5400.0,Settlement,90
R00010463,C013230,2025-11-07,4500.0,Renegotiation,120
R00010464,C013230,2026-07-05,3000.0,Payment,360
R00010465,C013240,2026-05-10,2605.22,Collection,30
R00010466,C013240,2026-06-09,2171.02,Payment,60
R00010467,C013240,2026-08-08,1628.26,Payment,120
R00010468,C013246,2026-07-09,11804.92,Payment,90
R00010469,C013246,2026-08-08,9837.43,Payment,120
R00010470,C013250,2026-05-09,1762.07,Payment,60
R00010471,C013250,2026-06-08,1585.87,Settlement,90
R00010472,C013263,2025-10-10,382.48,Collection,30
R00010473,C013263,2025-11-09,318.73,Renegotiation,60
R00010474,C013263,2026-01-08,239.05,Collection,120
R00010475,C013267,2025-09-09,7436.77,Renegotiation,30
R00010476,C013267,2025-12-08,4647.98,Settlement,120
R00010477,C013273,2026-03-12,1375.9,Payment,30
R00010478,C013273,2026-04-11,1146.59,Settlement,60
R00010479,C013273,2026-05-11,1031.93,Collection,90
R00010480,C013276,2026-08-09,2733.63,Payment,60
R00010481,C013277,2026-02-09,7373.52,Settlement,30
R00010482,C013277,2026-05-10,4608.45,Renegotiation,120
R00010483,C013277,2026-07-09,3993.99,Payment,180
R00010484,C013283,2025-03-12,852.06,Payment,30
R00010485,C013283,2025-06-10,532.54,Renegotiation,120
R00010486,C013284,2026-08-08,1396.24,Collection,120
R00010487,C013285,2026-05-10,2175.62,Settlement,30
R00010488,C013285,2026-06-09,1813.02,Payment,60
R00010489,C013285,2026-07-09,1631.72,Renegotiation,90
R00010490,C013286,2026-07-09,264.27,Settlement,60
R00010491,C013286,2026-08-08,237.84,Renegotiation,90
R00010492,C013287,2025-11-09,23312.08,Settlement,30
R00010493,C013287,2025-12-09,19426.73,Renegotiation,60
R00010494,C013287,2026-02-07,14570.05,Collection,120
R00010495,C013288,2026-03-12,1005.28,Renegotiation,30
R00010496,C013288,2026-06-10,628.3,Settlement,120
R00010497,C013288,2026-08-09,544.53,Collection,180
R00010498,C013289,2026-04-09,2500.83,Settlement,30
R00010499,C013289,2026-05-09,2084.02,Collection,60
R00010500,C013289,2026-07-08,1563.02,Payment,120
R00010501,C013291,2026-04-09,1265.46,Payment,30
R00010502,C013291,2026-06-08,949.09,Renegotiation,90
R00010503,C013291,2026-07-08,790.91,Payment,120
R00010504,C013294,2025-07-10,658.19,Collection,30
R00010505,C013294,2025-08-09,548.49,Payment,60
R00010506,C013294,2025-09-08,493.64,Payment,90
R00010507,C013299,2026-05-11,1091.77,Payment,90
R00010508,C013299,2026-08-09,788.5,Payment,180
R00010509,C013300,2026-04-09,12493.5,Payment,30
R00010510,C013300,2026-05-09,10411.25,Renegotiation,60
R00010511,C013300,2026-06-08,9370.13,Payment,90
R00010512,C013300,2026-07-08,7808.44,Payment,120
R00010513,C013301,2026-04-09,1846.96,Payment,30
R00010514,C013301,2026-05-09,1539.13,Collection,60
R00010515,C013301,2026-07-08,1154.35,Settlement,120
R00010516,C013306,2026-05-10,1183.38,Payment,30
R00010517,C013306,2026-06-09,986.15,Payment,60
R00010518,C013308,2026-01-09,509.07,Payment,30
R00010519,C013308,2026-03-10,381.81,Settlement,90
R00010520,C013308,2026-04-09,318.17,Renegotiation,120
R00010521,C013311,2026-02-09,475.74,Collection,30
R00010522,C013311,2026-04-10,356.81,Collection,90
R00010523,C013311,2026-07-09,257.69,Renegotiation,180
R00010524,C013315,2025-06-09,1633.48,Collection,30
R00010525,C013315,2025-07-09,1361.23,Renegotiation,60
R00010526,C013315,2025-09-07,1020.92,Settlement,120
R00010527,C013315,2026-05-05,680.62,Renegotiation,360
R00010528,C013316,2026-07-09,2192.73,Collection,90
R00010529,C013319,2026-03-10,1280.99,Payment,90
R00010530,C013319,2026-06-08,925.16,Settlement,180
R00010531,C013325,2025-10-08,2306.15,Payment,90
R00010532,C013325,2026-01-06,1665.56,Collection,180
R00010533,C013325,2026-07-05,1281.2,Collection,360
R00010534,C013327,2026-01-09,559.94,Payment,60
R00010535,C013327,2026-03-10,419.96,Renegotiation,120
R00010536,C013327,2026-05-09,363.96,Payment,180
R00010537,C013331,2025-12-09,1615.17,Settlement,60
R00010538,C013331,2026-02-07,1211.38,Settlement,120
R00010539,C013334,2026-05-09,2334.51,Payment,60
R00010540,C013338,2026-08-09,1877.83,Payment,60
R00010541,C013339,2025-08-09,1763.94,Renegotiation,30
R00010542,C013339,2025-10-08,1322.95,Settlement,90
R00010543,C013339,2026-01-06,955.47,Settlement,180
R00010544,C013339,2026-07-05,734.97,Renegotiation,360
R00010545,C013340,2025-07-09,2858.32,Settlement,60
R00010546,C013340,2025-08-08,2572.49,Payment,90
R00010547,C013343,2026-04-09,467.11,Renegotiation,30
R00010548,C013343,2026-05-09,389.26,Collection,60
R00010549,C013345,2025-04-11,14668.03,Payment,60
R00010550,C013345,2025-05-11,13201.23,Settlement,90
R00010551,C013345,2025-06-10,11001.03,Payment,120
R00010552,C013345,2026-02-05,7334.02,Settlement,360
R00010553,C013350,2026-07-09,641.46,Collection,90
R00010554,C013350,2026-08-08,534.55,Payment,120
R00010555,C013351,2026-08-08,1130.48,Payment,90
R00010556,C013352,2025-12-10,3169.22,Settlement,30
R00010557,C013352,2026-02-08,2376.91,Payment,90
R00010558,C013353,2026-03-12,1855.03,Payment,30
R00010559,C013353,2026-04-11,1545.86,Settlement,60
R00010560,C013353,2026-05-11,1391.27,Renegotiation,90
R00010561,C013353,2026-06-10,1159.39,Settlement,120
R00010562,C013356,2025-09-09,5936.26,Renegotiation,30
R00010563,C013356,2025-11-08,4452.19,Collection,90
R00010564,C013357,2026-07-09,1900.96,Renegotiation,60
R00010565,C013357,2026-08-08,1710.87,Payment,90
R00010566,C013358,2025-10-10,546.75,Collection,30
R00010567,C013358,2025-12-09,410.06,Collection,90
R00010568,C013358,2026-03-09,296.15,Renegotiation,180
R00010569,C013359,2026-02-07,224.67,Settlement,120
R00010570,C013359,2026-04-08,194.72,Collection,180
R00010571,C013360,2025-11-09,1545.6,Payment,30
R00010572,C013360,2026-01-08,1159.2,Collection,90
R00010573,C013360,2026-04-08,837.2,Payment,180
R00010574,C013361,2026-01-09,2029.91,Renegotiation,30
R00010575,C013361,2026-02-08,1691.59,Collection,60
R00010576,C013361,2026-03-10,1522.43,Settlement,90
R00010577,C013362,2026-01-08,9948.73,Collection,90
R00010578,C013365,2025-09-09,1167.48,Payment,30
R00010579,C013365,2025-10-09,972.9,Settlement,60
R00010580,C013365,2026-02-06,632.39,Payment,180
R00010581,C013376,2025-06-09,4536.86,Payment,30
R00010582,C013376,2025-08-08,3402.65,Payment,90
R00010583,C013378,2025-09-09,610.22,Payment,30
R00010584,C013378,2025-10-09,508.52,Payment,60
R00010585,C013378,2025-12-08,381.39,Payment,120
R00010586,C013378,2026-02-06,330.54,Collection,180
R00010587,C013379,2026-01-09,605.15,Renegotiation,30
R00010588,C013379,2026-02-08,504.29,Settlement,60
R00010589,C013379,2026-04-09,378.22,Payment,120
R00010590,C013383,2026-03-11,596.86,Settlement,60
R00010591,C013383,2026-05-10,447.65,Settlement,120
R00010592,C013383,2026-07-09,387.96,Renegotiation,180
R00010593,C013387,2026-06-09,5737.7,Payment,30
R00010594,C013387,2026-08-08,4303.27,Renegotiation,90
R00010595,C013393,2026-03-11,1013.45,Payment,60
R00010596,C013393,2026-05-10,760.09,Payment,120
R00010597,C013393,2026-07-09,658.74,Payment,180
R00010598,C013398,2026-01-09,848.02,Renegotiation,60
R00010599,C013398,2026-02-08,763.22,Settlement,90
R00010600,C013398,2026-05-09,551.22,Payment,180
R00010601,C013400,2026-07-10,1278.19,Renegotiation,30
R00010602,C013401,2026-02-07,9821.33,Renegotiation,120
R00010603,C013403,2026-03-11,13552.45,Settlement,60
R00010604,C013403,2026-04-10,12197.21,Settlement,90
R00010605,C013403,2026-05-10,10164.34,Collection,120
R00010606,C013404,2026-05-10,1559.64,Renegotiation,30
R00010607,C013404,2026-08-08,974.78,Payment,120
R00010608,C013405,2025-12-10,874.51,Collection,30
R00010609,C013405,2026-03-10,546.57,Payment,120
R00010610,C013405,2026-05-09,473.69,Renegotiation,180
R00010611,C013415,2026-02-08,1750.3,Payment,60
R00010612,C013415,2026-03-10,1575.27,Settlement,90
R00010613,C013419,2026-03-12,1943.38,Collection,30
R00010614,C013419,2026-04-11,1619.49,Renegotiation,60
R00010615,C013428,2025-11-09,1515.55,Payment,30
R00010616,C013428,2025-12-09,1262.96,Settlement,60
R00010617,C013429,2025-09-09,2054.91,Payment,30
R00010618,C013429,2026-08-05,856.21,Renegotiation,360
R00010619,C013430,2025-10-10,7369.84,Payment,30
R00010620,C013430,2025-12-09,5527.38,Payment,90
R00010621,C013430,2026-01-08,4606.15,Payment,120
R00010622,C013433,2026-07-08,8277.35,Payment,120
R00010623,C013435,2026-03-12,914.22,Payment,30
R00010624,C013435,2026-04-11,761.85,Payment,60
R00010625,C013435,2026-05-11,685.66,Renegotiation,90
R00010626,C013437,2026-01-09,3499.21,Payment,30
R00010627,C013437,2026-02-08,2916.01,Collection,60
R00010628,C013437,2026-04-09,2187.01,Payment,120
R00010629,C013437,2026-06-08,1895.41,Renegotiation,180
R00010630,C013439,2026-06-09,1425.25,Payment,30
R00010631,C013440,2026-06-09,302.58,Collection,30
R00010632,C013445,2026-08-09,6715.91,Collection,30
R00010633,C013446,2026-03-12,1281.33,Payment,30
R00010634,C013446,2026-06-10,800.83,Payment,120
R00010635,C013450,2026-05-10,773.54,Payment,30
R00010636,C013450,2026-06-09,644.62,Settlement,60
R00010637,C013450,2026-07-09,580.16,Payment,90
R00010638,C013452,2026-01-08,4062.8,Payment,120
R00010639,C013452,2026-03-09,3521.09,Renegotiation,180
R00010640,C013453,2025-12-10,775.02,Renegotiation,30
R00010641,C013453,2026-02-08,581.26,Payment,90
R00010642,C013455,2025-10-09,2571.79,Settlement,60
R00010643,C013455,2026-02-06,1671.66,Payment,180
R00010644,C013455,2026-08-05,1285.89,Payment,360
R00010645,C013456,2026-07-09,1825.78,Payment,60
R00010646,C013459,2026-08-09,25393.76,Payment,60
R00010647,C013461,2026-06-09,1867.83,Settlement,30
R00010648,C013461,2026-08-08,1400.87,Renegotiation,90
R00010649,C013463,2025-09-09,9542.84,Renegotiation,30
R00010650,C013463,2025-10-09,7952.36,Settlement,60
R00010651,C013463,2025-11-08,7157.13,Renegotiation,90
R00010652,C013463,2026-02-06,5169.04,Collection,180
R00010653,C013464,2025-07-10,2047.21,Renegotiation,30
R00010654,C013464,2025-09-08,1535.41,Collection,90
R00010655,C013465,2025-08-09,6782.77,Payment,60
R00010656,C013465,2026-06-05,3391.39,Renegotiation,360
R00010657,C013469,2026-08-09,6483.68,Renegotiation,30
R00010658,C013471,2026-08-09,683.64,Settlement,60
R00010659,C013476,2026-05-10,11552.56,Collection,30
R00010660,C013476,2026-06-09,9627.13,Payment,60
R00010661,C013476,2026-07-09,8664.42,Collection,90
R00010662,C013481,2026-07-10,1618.95,Payment,30
R00010663,C013494,2026-07-09,3506.86,Payment,90
R00010664,C013497,2026-05-10,509.93,Renegotiation,30
R00010665,C013497,2026-06-09,424.94,Payment,60
R00010666,C013497,2026-07-09,382.45,Payment,90
R00010667,C013499,2026-03-12,2357.4,Payment,30
R00010668,C013499,2026-04-11,1964.5,Payment,60
R00010669,C013499,2026-06-10,1473.38,Payment,120
R00010670,C013502,2026-08-09,952.81,Collection,30
R00010671,C013509,2026-08-09,2973.22,Collection,60
R00010672,C013515,2026-07-10,506.52,Settlement,30
R00010673,C013515,2026-08-09,422.1,Payment,60
R00010674,C013517,2026-02-08,494.1,Payment,90
R00010675,C013517,2026-03-10,411.75,Settlement,120
R00010676,C013517,2026-05-09,356.85,Collection,180
R00010677,C013520,2026-01-09,10277.58,Payment,60
R00010678,C013520,2026-02-08,9249.83,Payment,90
R00010679,C013520,2026-03-10,7708.19,Collection,120
R00010680,C013521,2025-07-10,930.94,Payment,30
R00010681,C013521,2025-08-09,775.79,Renegotiation,60
R00010682,C013521,2025-10-08,581.84,Payment,120
R00010683,C013521,2026-06-05,387.89,Payment,360
R00010684,C013522,2025-12-10,1072.29,Renegotiation,30
R00010685,C013522,2026-02-08,804.22,Collection,90
R00010686,C013522,2026-03-10,670.18,Collection,120
R00010687,C013523,2026-01-09,1523.67,Payment,30
R00010688,C013523,2026-02-08,1269.73,Payment,60
R00010689,C013523,2026-06-08,825.32,Collection,180
R00010690,C013525,2025-11-09,15868.87,Settlement,30
R00010691,C013525,2026-01-08,11901.66,Renegotiation,90
R00010692,C013525,2026-02-07,9918.05,Settlement,120
R00010693,C013527,2026-08-09,7249.16,Collection,60
R00010694,C013530,2026-07-10,2721.63,Settlement,30
R00010695,C013532,2025-05-10,592.34,Renegotiation,30
R00010696,C013532,2025-06-09,493.62,Settlement,60
R00010697,C013532,2025-10-07,320.85,Collection,180
R00010698,C013534,2026-03-11,644.03,Payment,60
R00010699,C013534,2026-04-10,579.63,Payment,90
R00010700,C013534,2026-05-10,483.02,Payment,120
R00010701,C013534,2026-07-09,418.62,Settlement,180
R00010702,C013535,2025-07-10,2127.25,Payment,30
R00010703,C013535,2025-09-08,1595.44,Payment,90
R00010704,C013535,2025-10-08,1329.53,Payment,120
R00010705,C013535,2025-12-07,1152.26,Renegotiation,180
R00010706,C013539,2025-08-09,5969.98,Payment,60
R00010707,C013539,2025-09-08,5372.98,Payment,90
R00010708,C013539,2025-12-07,3880.49,Renegotiation,180
R00010709,C013539,2026-06-05,2984.99,Payment,360
R00010710,C013543,2025-09-09,3067.73,Payment,30
R00010711,C013543,2025-12-08,1917.33,Collection,120
R00010712,C013545,2025-08-09,784.74,Settlement,30
R00010713,C013545,2025-09-08,653.95,Payment,60
R00010714,C013545,2025-11-07,490.46,Renegotiation,120
R00010715,C013545,2026-07-05,326.98,Collection,360
R00010716,C013551,2026-07-09,2195.27,Collection,60
R00010717,C013551,2026-08-08,1975.74,Payment,90
R00010718,C013553,2026-07-09,1439.03,Collection,90
R00010719,C013554,2025-09-09,8544.38,Payment,30
R00010720,C013554,2025-10-09,7120.32,Payment,60
R00010721,C013554,2026-02-06,4628.21,Payment,180
R00010722,C013554,2026-08-05,3560.16,Renegotiation,360
R00010723,C013556,2025-12-09,7170.01,Collection,60
R00010724,C013556,2026-01-08,6453.01,Renegotiation,90
R00010725,C013556,2026-04-08,4660.51,Settlement,180
R00010726,C013560,2026-05-10,1058.3,Renegotiation,30
R00010727,C013560,2026-08-08,661.44,Payment,120
R00010728,C013561,2025-11-09,2384.82,Collection,30
R00010729,C013561,2026-01-08,1788.62,Renegotiation,90
R00010730,C013562,2026-01-09,388.54,Payment,30
R00010731,C013562,2026-02-08,323.78,Payment,60
R00010732,C013562,2026-06-08,210.46,Payment,180
R00010733,C013563,2026-07-09,2840.45,Settlement,90
R00010734,C013571,2026-05-10,4247.63,Collection,30
R00010735,C013571,2026-07-09,3185.73,Renegotiation,90
R00010736,C013572,2026-04-11,2159.79,Collection,60
R00010737,C013575,2026-07-09,25644.47,Settlement,60
R00010738,C013578,2026-04-09,2084.95,Settlement,30
R00010739,C013578,2026-05-09,1737.46,Renegotiation,60
R00010740,C013578,2026-07-08,1303.09,Payment,120
R00010741,C013579,2026-07-09,897.75,Renegotiation,90
R00010742,C013581,2025-05-10,12807.13,Renegotiation,30
R00010743,C013581,2025-07-09,9605.35,Renegotiation,90
R00010744,C013581,2025-08-08,8004.46,Collection,120
R00010745,C013583,2026-06-09,1418.3,Renegotiation,30
R00010746,C013583,2026-08-08,1063.73,Payment,90
R00010747,C013584,2026-05-09,2731.68,Payment,60
R00010748,C013585,2025-09-09,954.66,Renegotiation,30
R00010749,C013585,2025-10-09,795.55,Payment,60
R00010750,C013585,2025-11-08,716.0,Collection,90
R00010751,C013586,2026-04-09,1812.98,Renegotiation,30
R00010752,C013586,2026-05-09,1510.82,Payment,60
R00010753,C013590,2026-03-12,436.31,Payment,30
R00010754,C013590,2026-06-10,272.69,Payment,120
R00010755,C013590,2026-08-09,236.33,Payment,180
R00010756,C013593,2025-04-09,2049.37,Collection,30
R00010757,C013593,2025-09-06,1110.08,Collection,180
R00010758,C013597,2026-07-09,1810.03,Renegotiation,60
R00010759,C013598,2026-05-10,447.54,Renegotiation,30
R00010760,C013598,2026-06-09,372.95,Collection,60
R00010761,C013599,2026-05-10,568.51,Collection,30
R00010762,C013599,2026-06-09,473.76,Payment,60
R00010763,C013599,2026-07-09,426.38,Renegotiation,90
R00010764,C013600,2025-10-10,1669.33,Payment,30
R00010765,C013600,2025-11-09,1391.1,Collection,60
R00010766,C013600,2026-01-08,1043.33,Payment,120
R00010767,C013600,2026-03-09,904.22,Collection,180
R00010768,C013607,2026-05-09,1604.0,Collection,180
R00010769,C013609,2025-06-09,2684.78,Renegotiation,30
R00010770,C013609,2025-07-09,2237.31,Payment,60
R00010771,C013609,2025-08-08,2013.58,Settlement,90
R00010772,C013609,2026-05-05,1118.66,Payment,360
R00010773,C013611,2025-05-10,1699.98,Settlement,30
R00010774,C013611,2025-06-09,1416.65,Payment,60
R00010775,C013611,2026-04-05,708.32,Payment,360
R00010776,C013615,2026-06-10,1244.31,Settlement,120
R00010777,C013615,2026-08-09,1078.4,Settlement,180
R00010778,C013620,2025-09-08,11840.06,Renegotiation,90
R00010779,C013620,2025-10-08,9866.72,Payment,120
R00010780,C013620,2026-06-05,6577.81,Collection,360
R00010781,C013621,2026-05-10,2655.13,Payment,30
R00010782,C013621,2026-07-09,1991.35,Settlement,90
R00010783,C013621,2026-08-08,1659.46,Payment,120
R00010784,C013624,2025-05-10,13445.68,Renegotiation,30
R00010785,C013624,2025-07-09,10084.26,Collection,90
R00010786,C013624,2025-08-08,8403.55,Payment,120
R00010787,C013624,2025-10-07,7283.07,Renegotiation,180
R00010788,C013625,2026-04-09,817.66,Payment,30
R00010789,C013625,2026-06-08,613.25,Settlement,90
R00010790,C013625,2026-07-08,511.04,Payment,120
R00010791,C013627,2025-12-09,650.2,Settlement,60
R00010792,C013627,2026-01-08,585.18,Renegotiation,90
R00010793,C013627,2026-02-07,487.65,Collection,120
R00010794,C013627,2026-04-08,422.63,Collection,180
R00010795,C013631,2026-06-09,249.63,Settlement,30
R00010796,C013631,2026-08-08,187.22,Payment,90
R00010797,C013636,2025-07-10,1115.09,Payment,30
R00010798,C013636,2025-08-09,929.24,Payment,60
R00010799,C013636,2025-10-08,696.93,Renegotiation,120
R00010800,C013637,2026-05-10,160.26,Payment,30
R00010801,C013637,2026-07-09,120.2,Settlement,90
R00010802,C013638,2025-10-09,15581.39,Payment,60
R00010803,C013638,2025-11-08,14023.25,Renegotiation,90
R00010804,C013638,2026-02-06,10127.91,Payment,180
R00010805,C013642,2026-06-09,3621.93,Payment,30
R00010806,C013643,2026-06-09,3366.72,Renegotiation,30
R00010807,C013644,2026-05-10,32591.09,Collection,30
R00010808,C013644,2026-08-08,20369.43,Payment,120
R00010809,C013647,2026-01-09,367.08,Payment,60
R00010810,C013647,2026-03-10,275.31,Collection,120
R00010811,C013647,2026-05-09,238.6,Payment,180
R00010812,C013649,2026-07-10,17480.82,Collection,30
R00010813,C013649,2026-08-09,14567.35,Payment,60
R00010814,C013650,2026-06-09,1111.13,Renegotiation,60
R00010815,C013650,2026-07-09,1000.02,Payment,90
R00010816,C013650,2026-08-08,833.35,Collection,120
R00010817,C013651,2025-11-09,554.08,Renegotiation,30
R00010818,C013651,2025-12-09,461.74,Renegotiation,60
R00010819,C013651,2026-02-07,346.3,Payment,120
R00010820,C013651,2026-04-08,300.13,Collection,180
R00010821,C013656,2026-03-11,2060.82,Payment,60
R00010822,C013656,2026-07-09,1339.53,Settlement,180
R00010823,C013657,2025-04-09,3295.21,Collection,30
R00010824,C013657,2025-05-09,2746.01,Collection,60
R00010825,C013657,2026-03-05,1373.0,Payment,360
R00010826,C013662,2026-07-10,965.2,Settlement,30
R00010827,C013670,2025-10-08,2058.98,Collection,120
R00010828,C013670,2025-12-07,1784.45,Settlement,180
R00010829,C013673,2026-07-09,1824.1,Collection,90
R00010830,C013675,2026-02-08,2896.97,Settlement,90
R00010831,C013675,2026-03-10,2414.14,Settlement,120
R00010832,C013675,2026-05-09,2092.25,Collection,180
R00010833,C013677,2025-07-09,2251.1,Settlement,60
R00010834,C013677,2025-11-06,1463.22,Collection,180
R00010835,C013677,2026-05-05,1125.55,Renegotiation,360
R00010836,C013680,2026-03-12,688.94,Renegotiation,30
R00010837,C013680,2026-05-11,516.71,Renegotiation,90
R00010838,C013680,2026-06-10,430.59,Renegotiation,120
R00010839,C013681,2025-11-09,1097.28,Payment,60
R00010840,C013681,2025-12-09,987.56,Payment,90
R00010841,C013681,2026-03-09,713.23,Collection,180
R00010842,C013690,2025-12-07,16510.96,Collection,180
R00010843,C013690,2026-06-05,12700.74,Payment,360
R00010844,C013691,2026-06-09,500.64,Renegotiation,30
R00010845,C013691,2026-07-09,417.2,Settlement,60
R00010846,C013692,2025-09-08,1767.18,Payment,60
R00010847,C013692,2026-01-06,1148.67,Collection,180
R00010848,C013692,2026-07-05,883.59,Payment,360
R00010849,C013693,2025-07-10,2627.33,Collection,30
R00010850,C013693,2025-08-09,2189.44,Renegotiation,60
R00010851,C013693,2025-10-08,1642.08,Payment,120
R00010852,C013694,2026-06-09,6544.71,Collection,60
R00010853,C013696,2025-12-10,3026.13,Settlement,30
R00010854,C013696,2026-01-09,2521.78,Payment,60
R00010855,C013703,2025-08-09,6362.61,Settlement,30
R00010856,C013703,2025-11-07,3976.63,Collection,120
R00010857,C013704,2026-04-09,501.33,Collection,30
R00010858,C013704,2026-05-09,417.77,Payment,60
R00010859,C013704,2026-06-08,375.99,Payment,90
R00010860,C013704,2026-07-08,313.33,Renegotiation,120
R00010861,C013705,2026-04-10,484.29,Renegotiation,90
R00010862,C013705,2026-05-10,403.58,Settlement,120
R00010863,C013705,2026-07-09,349.77,Renegotiation,180
R00010864,C013710,2025-10-10,7871.39,Renegotiation,30
R00010865,C013710,2025-12-09,5903.54,Payment,90
R00010866,C013711,2026-06-08,1682.47,Payment,90
R00010867,C013711,2026-07-08,1402.06,Settlement,120
R00010868,C013717,2026-07-09,644.92,Collection,60
R00010869,C013720,2026-01-09,2947.7,Renegotiation,30
R00010870,C013720,2026-06-08,1596.67,Payment,180
R00010871,C013725,2025-10-10,447.23,Settlement,30
R00010872,C013725,2025-11-09,372.69,Payment,60
R00010873,C013725,2025-12-09,335.42,Payment,90
R00010874,C013727,2026-02-09,19138.82,Payment,30
R00010875,C013727,2026-05-10,11961.76,Payment,120
R00010876,C013733,2026-03-12,922.4,Payment,30
R00010877,C013733,2026-04-11,768.67,Settlement,60
R00010878,C013733,2026-05-11,691.8,Settlement,90
R00010879,C013733,2026-06-10,576.5,Payment,120
R00010880,C013734,2026-08-09,1248.38,Settlement,30
R00010881,C013737,2026-02-08,17358.01,Renegotiation,60
R00010882,C013738,2026-07-09,803.5,Renegotiation,60
R00010883,C013738,2026-08-08,723.15,Renegotiation,90
R00010884,C013739,2026-06-09,6552.99,Collection,30
R00010885,C013739,2026-07-09,5460.83,Payment,60
R00010886,C013742,2026-08-09,473.0,Renegotiation,60
R00010887,C013746,2025-11-09,11041.39,Settlement,30
R00010888,C013746,2026-02-07,6900.87,Payment,120
R00010889,C013752,2025-12-10,2198.63,Payment,30
R00010890,C013752,2026-01-09,1832.19,Collection,60
R00010891,C013752,2026-02-08,1648.97,Collection,90
R00010892,C013752,2026-03-10,1374.14,Settlement,120
R00010893,C013753,2026-04-09,969.76,Payment,30
R00010894,C013753,2026-05-09,808.14,Payment,60
R00010895,C013754,2026-01-09,3713.46,Collection,30
R00010896,C013754,2026-03-10,2785.09,Renegotiation,90
R00010897,C013756,2025-11-08,467.53,Collection,90
R00010898,C013756,2025-12-08,389.61,Payment,120
R00010899,C013758,2026-02-08,1067.9,Payment,60
R00010900,C013758,2026-03-10,961.11,Payment,90
R00010901,C013758,2026-06-08,694.13,Payment,180
R00010902,C013760,2025-08-09,1469.84,Payment,30
R00010903,C013760,2025-09-08,1224.86,Renegotiation,60
R00010904,C013760,2025-11-07,918.65,Settlement,120
R00010905,C013760,2026-07-05,612.43,Settlement,360
R00010906,C013762,2025-11-09,467.29,Renegotiation,60
R00010907,C013762,2026-01-08,350.46,Settlement,120
R00010908,C013762,2026-03-09,303.74,Collection,180
R00010909,C013764,2025-08-09,548.74,Payment,60
R00010910,C013764,2025-10-08,411.56,Payment,120
R00010911,C013764,2025-12-07,356.68,Collection,180
R00010912,C013764,2026-06-05,274.37,Payment,360
R00010913,C013765,2026-05-10,2605.16,Collection,30
R00010914,C013765,2026-07-09,1953.87,Payment,90
R00010915,C013772,2026-07-08,831.55,Settlement,120
R00010916,C013774,2026-05-10,5984.61,Payment,30
R00010917,C013775,2026-04-09,1932.35,Payment,30
R00010918,C013775,2026-07-08,1207.72,Payment,120
R00010919,C013776,2025-08-08,2443.51,Collection,90
R00010920,C013776,2025-09-07,2036.25,Settlement,120
R00010921,C013776,2025-11-06,1764.75,Payment,180
R00010922,C013778,2025-11-09,2476.41,Payment,30
R00010923,C013778,2026-04-08,1341.39,Payment,180
R00010924,C013779,2026-01-09,558.37,Collection,30
R00010925,C013779,2026-02-08,465.31,Collection,60
R00010926,C013779,2026-03-10,418.78,Payment,90
R00010927,C013779,2026-04-09,348.98,Payment,120
R00010928,C013781,2026-07-10,4043.58,Collection,30
R00010929,C013781,2026-08-09,3369.65,Renegotiation,60
R00010930,C013782,2025-07-10,1383.76,Payment,30
R00010931,C013782,2025-12-07,749.54,Collection,180
R00010932,C013783,2025-09-09,8130.85,Payment,30
R00010933,C013783,2025-11-08,6098.14,Payment,90
R00010934,C013783,2025-12-08,5081.78,Payment,120
R00010935,C013783,2026-02-06,4404.21,Payment,180
R00010936,C013784,2026-01-09,12983.16,Payment,30
R00010937,C013786,2025-04-09,18601.48,Payment,30
R00010938,C013786,2025-05-09,15501.23,Payment,60
R00010939,C013787,2026-08-09,3726.88,Payment,60
R00010940,C013788,2025-11-09,2531.81,Payment,30
R00010941,C013788,2026-01-08,1898.86,Settlement,90
R00010942,C013788,2026-04-08,1371.4,Payment,180
R00010943,C013791,2026-04-09,1263.91,Collection,30
R00010944,C013791,2026-05-09,1053.26,Settlement,60
R00010945,C013792,2025-08-08,2754.36,Collection,90
R00010946,C013792,2025-11-06,1989.26,Renegotiation,180
R00010947,C013793,2026-06-09,580.7,Payment,60
R00010948,C013794,2026-04-11,1286.61,Renegotiation,60
R00010949,C013794,2026-05-11,1157.95,Settlement,90
R00010950,C013798,2025-10-08,2168.98,Payment,90
R00010951,C013798,2026-01-06,1566.49,Collection,180
R00010952,C013798,2026-07-05,1204.99,Settlement,360
R00010953,C013799,2025-05-10,1298.99,Payment,30
R00010954,C013799,2025-06-09,1082.49,Settlement,60
R00010955,C013799,2025-08-08,811.87,Payment,120
R00010956,C013804,2025-08-09,2037.74,Collection,30
R00010957,C013804,2025-09-08,1698.12,Collection,60
R00010958,C013804,2025-10-08,1528.31,Renegotiation,90
R00010959,C013805,2026-05-09,1057.5,Payment,60
R00010960,C013805,2026-06-08,951.75,Payment,90
R00010961,C013807,2025-10-09,3546.79,Collection,60
R00010962,C013807,2025-11-08,3192.11,Renegotiation,90
R00010963,C013807,2025-12-08,2660.09,Payment,120
R00010964,C013807,2026-08-05,1773.4,Settlement,360
R00010965,C013809,2025-10-10,2753.21,Settlement,30
R00010966,C013809,2026-03-09,1491.32,Payment,180
R00010967,C013812,2026-07-10,799.03,Payment,30
R00010968,C013812,2026-08-09,665.86,Renegotiation,60
R00010969,C013815,2026-04-09,324.98,Renegotiation,30
R00010970,C013815,2026-06-08,243.73,Payment,90
R00010971,C013817,2025-07-10,870.81,Collection,30
R00010972,C013817,2025-08-09,725.67,Payment,60
R00010973,C013817,2025-09-08,653.11,Payment,90
R00010974,C013817,2025-10-08,544.26,Settlement,120
R00010975,C013820,2026-07-08,3590.49,Payment,120
R00010976,C013822,2026-03-12,694.03,Renegotiation,30
R00010977,C013822,2026-05-11,520.52,Payment,90
R00010978,C013822,2026-06-10,433.77,Payment,120
R00010979,C013822,2026-08-09,375.93,Renegotiation,180
R00010980,C013828,2025-09-09,1606.29,Renegotiation,30
R00010981,C013828,2025-10-09,1338.58,Renegotiation,60
R00010982,C013828,2025-12-08,1003.93,Collection,120
R00010983,C013834,2025-10-10,2617.46,Settlement,30
R00010984,C013834,2025-12-09,1963.1,Payment,90
R00010985,C013834,2026-03-09,1417.79,Payment,180
R00010986,C013839,2026-08-09,685.09,Renegotiation,60
R00010987,C013840,2026-05-10,3956.43,Payment,30
R00010988,C013840,2026-07-09,2967.32,Payment,90
R00010989,C013849,2026-08-09,1159.9,Renegotiation,30
R00010990,C013853,2026-06-09,5670.74,Payment,30
R00010991,C013853,2026-08-08,4253.06,Settlement,90
R00010992,C013859,2026-02-08,204.83,Payment,90
R00010993,C013860,2026-04-09,729.32,Settlement,30
R00010994,C013860,2026-05-09,607.77,Settlement,60
R00010995,C013860,2026-07-08,455.83,Payment,120
R00010996,C013861,2025-11-09,1299.54,Payment,30
R00010997,C013861,2025-12-09,1082.95,Payment,60
R00010998,C013861,2026-01-08,974.65,Payment,90
R00010999,C013862,2025-04-11,1557.43,Renegotiation,60
R00011000,C013862,2025-06-10,1168.07,Payment,120
R00011001,C013862,2025-08-09,1012.33,Settlement,180
R00011002,C013869,2026-07-10,516.61,Renegotiation,30
R00011003,C013869,2026-08-09,430.51,Settlement,60
R00011004,C013871,2026-08-09,265.06,Renegotiation,30
R00011005,C013874,2025-10-07,4360.95,Renegotiation,180
R00011006,C013874,2026-04-05,3354.57,Payment,360
R00011007,C013875,2026-04-10,512.61,Collection,90
R00011008,C013875,2026-07-09,370.22,Collection,180
R00011009,C013877,2026-03-12,1544.12,Settlement,30
R00011010,C013877,2026-05-11,1158.09,Renegotiation,90
R00011011,C013878,2026-07-10,1496.85,Renegotiation,30
R00011012,C013883,2025-12-10,832.75,Collection,30
R00011013,C013883,2026-01-09,693.96,Payment,60
R00011014,C013883,2026-03-10,520.47,Payment,120
R00011015,C013885,2026-08-09,1473.8,Renegotiation,60
R00011016,C013887,2026-02-09,4126.5,Collection,30
R00011017,C013887,2026-03-11,3438.75,Collection,60
R00011018,C013887,2026-05-10,2579.07,Payment,120
R00011019,C013888,2026-08-08,6510.41,Collection,90
R00011020,C013889,2025-12-09,2131.91,Settlement,60
R00011021,C013889,2026-02-07,1598.93,Settlement,120
R00011022,C013891,2025-04-09,1252.36,Payment,30
R00011023,C013891,2025-09-06,678.36,Renegotiation,180
R00011024,C013891,2026-03-05,521.82,Payment,360
R00011025,C013899,2026-04-09,1580.65,Collection,30
R00011026,C013899,2026-07-08,987.91,Settlement,120
R00011027,C013902,2025-05-10,14355.63,Settlement,30
R00011028,C013902,2025-07-09,10766.72,Renegotiation,90
R00011029,C013906,2025-10-10,465.16,Renegotiation,30
R00011030,C013906,2025-12-09,348.87,Settlement,90
R00011031,C013906,2026-01-08,290.72,Payment,120
R00011032,C013912,2026-08-08,9632.2,Renegotiation,120
R00011033,C013919,2026-08-09,6344.68,Renegotiation,30
R00011034,C013920,2026-08-09,1899.3,Payment,60
R00011035,C013927,2025-04-09,2169.2,Payment,30
R00011036,C013927,2025-06-08,1626.9,Payment,90
R00011037,C013929,2026-06-09,17698.44,Renegotiation,30
R00011038,C013930,2025-11-08,10914.68,Collection,90
R00011039,C013930,2026-02-06,7882.83,Collection,180
R00011040,C013938,2026-07-09,1010.49,Renegotiation,60
R00011041,C013940,2026-05-10,482.06,Collection,30
R00011042,C013940,2026-06-09,401.72,Settlement,60
R00011043,C013940,2026-07-09,361.55,Payment,90
R00011044,C013940,2026-08-08,301.29,Payment,120
R00011045,C013942,2025-12-10,2244.2,Payment,30
R00011046,C013942,2026-01-09,1870.17,Settlement,60
R00011047,C013944,2025-08-09,514.86,Payment,30
R00011048,C013944,2025-11-07,321.79,Renegotiation,120
R00011049,C013944,2026-01-06,278.88,Collection,180
R00011050,C013947,2026-07-10,2095.53,Payment,30
R00011051,C013950,2026-08-09,845.27,Payment,60
R00011052,C013953,2026-04-09,1438.96,Collection,30
R00011053,C013953,2026-07-08,899.35,Payment,120
R00011054,C013956,2026-03-12,1839.59,Renegotiation,30
R00011055,C013956,2026-05-11,1379.69,Renegotiation,90
R00011056,C013956,2026-08-09,996.45,Payment,180
R00011057,C013957,2025-10-10,382.94,Payment,30
R00011058,C013957,2026-01-08,239.34,Settlement,120
R00011059,C013957,2026-03-09,207.43,Payment,180
R00011060,C013958,2026-05-09,8012.49,Collection,60
R00011061,C013958,2026-07-08,6009.37,Payment,120
R00011062,C013963,2026-06-09,2184.18,Settlement,30
R00011063,C013964,2026-03-10,1142.87,Payment,120
R00011064,C013964,2026-05-09,990.49,Payment,180
R00011065,C013968,2026-06-09,2356.04,Settlement,30
R00011066,C013968,2026-08-08,1767.03,Renegotiation,90
R00011067,C013970,2026-08-09,2815.21,Settlement,60
R00011068,C013971,2026-08-09,5077.07,Settlement,60
R00011069,C013972,2026-01-09,4358.46,Payment,30
R00011070,C013972,2026-06-08,2360.83,Payment,180
R00011071,C013974,2026-05-09,8744.86,Payment,60
R00011072,C013978,2026-03-10,1695.0,Renegotiation,120
R00011073,C013979,2026-02-08,7681.03,Renegotiation,60
R00011074,C013979,2026-04-09,5760.78,Payment,120
R00011075,C013979,2026-06-08,4992.67,Settlement,180
R00011076,C013982,2026-07-10,724.44,Payment,30
R00011077,C013984,2026-08-09,12847.23,Renegotiation,60
R00011078,C013989,2025-12-10,2856.24,Payment,30
R00011079,C013989,2026-02-08,2142.18,Renegotiation,90
R00011080,C013997,2025-07-10,2731.14,Payment,30
R00011081,C013997,2025-09-08,2048.36,Collection,90
R00011082,C013997,2025-12-07,1479.37,Payment,180
R00011083,C014000,2026-04-09,6446.04,Collection,30
R00011084,C014000,2026-05-09,5371.7,Payment,60
R00011085,C014001,2026-08-09,1550.64,Renegotiation,30
R00011086,C014004,2026-07-10,1633.29,Renegotiation,30
R00011087,C014004,2026-08-09,1361.07,Payment,60
R00011088,C014005,2026-08-09,383.54,Collection,30
R00011089,C014008,2026-08-08,5764.83,Collection,90
R00011090,C014011,2026-04-09,1664.77,Settlement,30
R00011091,C014011,2026-06-08,1248.57,Payment,90
R00011092,C014012,2025-10-09,661.61,Payment,60
R00011093,C014012,2025-11-08,595.45,Collection,90
R00011094,C014012,2025-12-08,496.21,Payment,120
R00011095,C014012,2026-02-06,430.04,Payment,180
R00011096,C014013,2025-10-10,15266.35,Collection,30
R00011097,C014013,2025-12-09,11449.76,Payment,90
R00011098,C014013,2026-01-08,9541.47,Settlement,120
R00011099,C014017,2025-12-08,1034.57,Collection,120
R00011100,C014017,2026-02-06,896.62,Collection,180
R00011101,C014018,2025-07-10,1481.99,Settlement,30
R00011102,C014018,2025-09-08,1111.49,Settlement,90
R00011103,C014018,2026-06-05,617.5,Payment,360
R00011104,C014019,2026-07-10,4104.65,Renegotiation,30
R00011105,C014021,2026-04-11,542.11,Payment,60
R00011106,C014021,2026-06-10,406.58,Collection,120
R00011107,C014021,2026-08-09,352.37,Payment,180
R00011108,C014024,2026-03-10,4116.73,Renegotiation,120
R00011109,C014027,2025-08-09,1353.26,Payment,30
R00011110,C014027,2025-10-08,1014.95,Collection,90
R00011111,C014027,2025-11-07,845.79,Renegotiation,120
R00011112,C014027,2026-07-05,563.86,Collection,360
R00011113,C014029,2025-12-10,576.91,Payment,30
R00011114,C014029,2026-01-09,480.76,Settlement,60
R00011115,C014029,2026-03-10,360.57,Renegotiation,120
R00011116,C014032,2026-01-09,317.99,Renegotiation,30
R00011117,C014032,2026-03-10,238.5,Payment,90
R00011118,C014032,2026-06-08,172.25,Payment,180
R00011119,C014034,2026-07-10,4164.81,Settlement,30
R00011120,C014034,2026-08-09,3470.67,Payment,60
R00011121,C014035,2026-03-12,1142.12,Payment,30
R00011122,C014035,2026-04-11,951.77,Renegotiation,60
R00011123,C014036,2026-08-09,4856.85,Payment,60
R00011124,C014045,2026-07-10,721.45,Renegotiation,30
R00011125,C014047,2026-02-09,1341.62,Collection,30
R00011126,C014047,2026-03-11,1118.02,Payment,60
R00011127,C014047,2026-07-09,726.71,Collection,180
R00011128,C014049,2026-03-11,955.64,Renegotiation,60
R00011129,C014049,2026-04-10,860.07,Payment,90
R00011130,C014049,2026-07-09,621.17,Renegotiation,180
R00011131,C014051,2025-08-09,2527.31,Payment,30
R00011132,C014051,2025-09-08,2106.09,Renegotiation,60
R00011133,C014051,2025-10-08,1895.48,Renegotiation,90
R00011134,C014051,2026-07-05,1053.05,Renegotiation,360
R00011135,C014054,2026-05-10,456.47,Payment,30
R00011136,C014054,2026-07-09,342.35,Payment,90
R00011137,C014054,2026-08-08,285.29,Renegotiation,120
R00011138,C014057,2026-08-09,1954.78,Renegotiation,30
R00011139,C014058,2026-07-08,5616.64,Settlement,120
R00011140,C014060,2026-08-09,5447.97,Settlement,30
R00011141,C014061,2026-06-09,1295.38,Payment,30
R00011142,C014061,2026-07-09,1079.48,Renegotiation,60
R00011143,C014068,2026-08-08,1104.28,Collection,90
R00011144,C014069,2025-12-10,1350.76,Payment,30
R00011145,C014069,2026-03-10,844.23,Payment,120
R00011146,C014069,2026-05-09,731.66,Payment,180
R00011147,C014074,2026-05-10,3749.07,Renegotiation,30
R00011148,C014074,2026-06-09,3124.22,Renegotiation,60
R00011149,C014074,2026-07-09,2811.8,Settlement,90
R00011150,C014075,2025-08-09,1166.56,Settlement,30
R00011151,C014075,2026-01-06,631.88,Settlement,180
R00011152,C014080,2026-04-09,2264.7,Settlement,30
R00011153,C014080,2026-06-08,1698.53,Renegotiation,90
R00011154,C014086,2026-03-10,3028.31,Payment,90
R00011155,C014086,2026-06-08,2187.12,Payment,180
R00011156,C014090,2026-01-09,1030.48,Renegotiation,30
R00011157,C014090,2026-03-10,772.86,Payment,90
R00011158,C014090,2026-06-08,558.18,Payment,180
R00011159,C014091,2025-04-09,2198.65,Settlement,30
R00011160,C014091,2025-05-09,1832.21,Payment,60
R00011161,C014091,2025-09-06,1190.93,Payment,180
R00011162,C014092,2025-12-10,2370.76,Settlement,30
R00011163,C014099,2026-07-08,7039.19,Settlement,120
R00011164,C014100,2025-10-09,3183.0,Collection,60
R00011165,C014100,2025-12-08,2387.25,Payment,120
R00011166,C014102,2026-07-09,3543.68,Payment,60
R00011167,C014103,2025-08-09,1107.53,Payment,30
R00011168,C014103,2025-09-08,922.94,Collection,60
R00011169,C014103,2025-11-07,692.21,Payment,120
R00011170,C014103,2026-07-05,461.47,Payment,360
R00011171,C014107,2025-12-10,1562.6,Payment,30
R00011172,C014107,2026-05-09,846.41,Collection,180
R00011173,C014109,2025-08-09,617.92,Payment,30
R00011174,C014109,2026-07-05,257.46,Renegotiation,360
R00011175,C014110,2026-07-09,854.64,Collection,60
R00011176,C014110,2026-08-08,769.18,Settlement,90
R00011177,C014112,2026-06-09,2522.52,Settlement,60
R00011178,C014114,2026-07-10,422.3,Payment,30
R00011179,C014117,2026-07-09,593.13,Settlement,60
R00011180,C014117,2026-08-08,533.82,Renegotiation,90
R00011181,C014121,2026-08-09,1092.09,Payment,30
R00011182,C014124,2025-10-07,808.56,Renegotiation,180
R00011183,C014124,2026-04-05,621.97,Renegotiation,360
R00011184,C014130,2026-01-09,11115.86,Payment,60
R00011185,C014130,2026-03-10,8336.9,Collection,120
R00011186,C014134,2026-07-10,9895.82,Collection,30
R00011187,C014134,2026-08-09,8246.52,Collection,60
R00011188,C014136,2025-10-10,1788.12,Collection,30
R00011189,C014136,2025-11-09,1490.1,Payment,60
R00011190,C014136,2025-12-09,1341.09,Payment,90
R00011191,C014137,2025-04-09,2254.0,Payment,30
R00011192,C014137,2025-06-08,1690.5,Renegotiation,90
R00011193,C014137,2025-07-08,1408.75,Renegotiation,120
R00011194,C014137,2026-03-05,939.17,Payment,360
R00011195,C014140,2026-06-09,8617.78,Collection,30
R00011196,C014142,2025-12-10,1346.46,Settlement,30
R00011197,C014142,2026-02-08,1009.84,Payment,90
R00011198,C014148,2026-05-11,1056.52,Payment,90
R00011199,C014148,2026-06-10,880.43,Renegotiation,120
R00011200,C014148,2026-08-09,763.04,Collection,180
R00011201,C014152,2026-05-09,1966.99,Renegotiation,60
R00011202,C014152,2026-07-08,1475.24,Collection,120
R00011203,C014156,2025-09-09,1200.04,Renegotiation,30
R00011204,C014156,2025-10-09,1000.03,Renegotiation,60
R00011205,C014156,2025-11-08,900.03,Collection,90
R00011206,C014156,2025-12-08,750.02,Payment,120
R00011207,C014160,2026-05-10,484.56,Payment,30
R00011208,C014160,2026-06-09,403.8,Payment,60
R00011209,C014160,2026-07-09,363.42,Renegotiation,90
R00011210,C014161,2025-08-09,2162.83,Renegotiation,60
R00011211,C014161,2025-09-08,1946.55,Collection,90
R00011212,C014161,2025-12-07,1405.84,Payment,180
R00011213,C014163,2026-06-09,282.59,Payment,30
R00011214,C014164,2026-01-09,3293.11,Payment,30
R00011215,C014164,2026-02-08,2744.26,Payment,60
R00011216,C014164,2026-03-10,2469.83,Payment,90
R00011217,C014165,2026-06-09,605.17,Payment,60
R00011218,C014165,2026-07-09,544.65,Renegotiation,90
R00011219,C014166,2025-11-08,1253.54,Renegotiation,90
R00011220,C014166,2025-12-08,1044.62,Renegotiation,120
R00011221,C014166,2026-02-06,905.33,Payment,180
R00011222,C014166,2026-08-05,696.41,Payment,360
R00011223,C014167,2026-07-10,675.81,Payment,30
R00011224,C014167,2026-08-09,563.18,Collection,60
R00011225,C014170,2025-06-09,615.61,Renegotiation,60
R00011226,C014170,2025-07-09,554.05,Payment,90
R00011227,C014170,2025-08-08,461.71,Settlement,120
R00011228,C014170,2025-10-07,400.15,Renegotiation,180
R00011229,C014179,2026-07-10,1744.67,Collection,30
R00011230,C014179,2026-08-09,1453.89,Payment,60
R00011231,C014183,2025-07-09,563.16,Collection,60
R00011232,C014183,2025-08-08,506.84,Payment,90
R00011233,C014183,2026-05-05,281.58,Payment,360
R00011234,C014185,2026-02-08,1926.92,Renegotiation,60
R00011235,C014185,2026-03-10,1734.23,Payment,90
R00011236,C014185,2026-06-08,1252.5,Payment,180
R00011237,C014188,2025-10-10,9742.19,Collection,30
R00011238,C014189,2025-06-09,1953.77,Collection,30
R00011239,C014189,2025-11-06,1058.29,Settlement,180
R00011240,C014189,2026-05-05,814.07,Payment,360
R00011241,C014194,2026-04-11,1590.41,Settlement,60
R00011242,C014194,2026-08-09,1033.77,Payment,180
R00011243,C014195,2026-06-09,3300.45,Renegotiation,30
R00011244,C014195,2026-08-08,2475.34,Payment,90
R00011245,C014196,2025-10-10,1346.52,Renegotiation,30
R00011246,C014196,2025-11-09,1122.1,Collection,60
R00011247,C014196,2025-12-09,1009.89,Payment,90
R00011248,C014196,2026-03-09,729.36,Collection,180
R00011249,C014200,2026-05-10,2164.44,Settlement,30
R00011250,C014200,2026-06-09,1803.7,Payment,60
R00011251,C014200,2026-07-09,1623.33,Renegotiation,90
R00011252,C014204,2025-12-09,5056.21,Payment,60
R00011253,C014204,2026-04-08,3286.54,Payment,180
R00011254,C014205,2026-06-08,931.88,Renegotiation,90
R00011255,C014205,2026-07-08,776.57,Settlement,120
R00011256,C014207,2025-11-09,1825.5,Payment,30
R00011257,C014207,2026-02-07,1140.94,Collection,120
R00011258,C014207,2026-04-08,988.81,Payment,180
R00011259,C014213,2026-04-09,1202.99,Payment,30
R00011260,C014213,2026-06-08,902.24,Renegotiation,90
R00011261,C014216,2025-12-09,1864.11,Settlement,60
R00011262,C014216,2026-01-08,1677.7,Payment,90
R00011263,C014216,2026-02-07,1398.08,Renegotiation,120
R00011264,C014217,2026-03-12,1180.84,Payment,30
R00011265,C014217,2026-05-11,885.63,Payment,90
R00011266,C014223,2026-03-10,1129.96,Settlement,90
R00011267,C014223,2026-06-08,816.08,Payment,180
R00011268,C014224,2026-02-09,918.26,Payment,30
R00011269,C014224,2026-05-10,573.91,Payment,120
R00011270,C014224,2026-07-09,497.39,Payment,180
R00011271,C014225,2026-04-09,7483.07,Payment,30
R00011272,C014225,2026-06-08,5612.3,Payment,90
R00011273,C014235,2026-07-10,439.04,Payment,30
R00011274,C014235,2026-08-09,365.87,Settlement,60
R00011275,C014238,2026-06-09,1578.51,Payment,30
R00011276,C014238,2026-07-09,1315.42,Payment,60
R00011277,C014238,2026-08-08,1183.88,Collection,90
R00011278,C014243,2025-03-12,2423.41,Renegotiation,30
R00011279,C014243,2025-04-11,2019.51,Collection,60
R00011280,C014243,2025-06-10,1514.63,Settlement,120
R00011281,C014245,2026-06-09,565.42,Payment,30
R00011282,C014245,2026-08-08,424.06,Collection,90
R00011283,C014247,2025-11-09,1741.88,Renegotiation,30
R00011284,C014247,2025-12-09,1451.57,Payment,60
R00011285,C014247,2026-04-08,943.52,Payment,180
R00011286,C014249,2025-10-10,11679.28,Collection,30
R00011287,C014249,2025-11-09,9732.73,Payment,60
R00011288,C014249,2026-01-08,7299.55,Renegotiation,120
R00011289,C014250,2026-02-09,2371.0,Payment,30
R00011290,C014250,2026-07-09,1284.29,Payment,180
R00011291,C014251,2025-09-09,4009.0,Payment,30
R00011292,C014251,2025-11-08,3006.75,Payment,90
R00011293,C014251,2025-12-08,2505.62,Collection,120
R00011294,C014251,2026-08-05,1670.42,Renegotiation,360
R00011295,C014252,2025-07-10,1907.77,Payment,30
R00011296,C014252,2025-12-07,1033.37,Payment,180
R00011297,C014258,2026-01-09,1707.87,Renegotiation,60
R00011298,C014258,2026-02-08,1537.08,Payment,90
R00011299,C014258,2026-05-09,1110.12,Renegotiation,180
R00011300,C014259,2025-07-08,6935.46,Renegotiation,120
R00011301,C014259,2026-03-05,4623.64,Renegotiation,360
R00011302,C014260,2026-02-09,15758.65,Collection,30
R00011303,C014260,2026-04-10,11818.99,Payment,90
R00011304,C014268,2026-03-12,5109.48,Payment,30
R00011305,C014268,2026-08-09,2767.64,Collection,180
R00011306,C014270,2026-03-12,2989.69,Collection,30
R00011307,C014270,2026-06-10,1868.56,Payment,120
R00011308,C014270,2026-08-09,1619.41,Payment,180
R00011309,C014272,2026-03-10,1387.36,Payment,90
R00011310,C014275,2026-01-09,627.57,Payment,30
R00011311,C014275,2026-02-08,522.98,Settlement,60
R00011312,C014275,2026-06-08,339.93,Collection,180
R00011313,C014276,2026-07-09,8923.43,Settlement,90
R00011314,C014276,2026-08-08,7436.19,Collection,120
R00011315,C014278,2026-08-09,14931.62,Renegotiation,30
R00011316,C014281,2025-08-09,3009.76,Renegotiation,60
R00011317,C014281,2025-12-07,1956.35,Renegotiation,180
R00011318,C014281,2026-06-05,1504.88,Renegotiation,360
R00011319,C014290,2026-04-09,385.48,Payment,30
R00011320,C014290,2026-05-09,321.24,Renegotiation,60
R00011321,C014292,2025-05-10,3936.89,Renegotiation,30
R00011322,C014292,2025-08-08,2460.56,Payment,120
R00011323,C014292,2025-10-07,2132.48,Renegotiation,180
R00011324,C014295,2026-01-09,678.25,Collection,60
R00011325,C014299,2026-03-12,1230.77,Payment,30
R00011326,C014299,2026-08-09,666.67,Renegotiation,180
R00011327,C014304,2026-06-09,1194.49,Payment,30
R00011328,C014304,2026-07-09,995.41,Payment,60
R00011329,C014305,2026-01-09,606.84,Payment,30
R00011330,C014305,2026-03-10,455.13,Renegotiation,90
R00011331,C014305,2026-04-09,379.27,Renegotiation,120
R00011332,C014307,2025-12-10,3388.98,Payment,30
R00011333,C014307,2026-05-09,1835.7,Renegotiation,180
R00011334,C014309,2026-06-09,1721.19,Payment,60
R00011335,C014311,2025-09-08,4242.01,Payment,90
R00011336,C014311,2025-12-07,3063.67,Renegotiation,180
R00011337,C014311,2026-06-05,2356.67,Collection,360
R00011338,C014312,2026-06-08,627.91,Payment,90
R00011339,C014316,2026-08-08,5910.05,Collection,120
R00011340,C014317,2025-11-09,1119.2,Payment,30
R00011341,C014317,2025-12-09,932.67,Payment,60
R00011342,C014317,2026-02-07,699.5,Payment,120
R00011343,C014318,2026-02-08,2082.7,Payment,90
R00011344,C014318,2026-03-10,1735.58,Payment,120
R00011345,C014318,2026-05-09,1504.17,Renegotiation,180
R00011346,C014323,2026-08-09,602.13,Collection,30
R00011347,C014324,2025-10-10,782.97,Renegotiation,30
R00011348,C014324,2025-11-09,652.48,Payment,60
R00011349,C014324,2026-01-08,489.36,Payment,120
R00011350,C014329,2025-07-09,1795.16,Renegotiation,60
R00011351,C014329,2025-08-08,1615.64,Payment,90
R00011352,C014329,2025-09-07,1346.37,Payment,120
R00011353,C014329,2025-11-06,1166.85,Payment,180
R00011354,C014331,2026-05-10,33297.51,Renegotiation,120
R00011355,C014332,2026-06-09,612.63,Payment,30
R00011356,C014332,2026-07-09,510.53,Payment,60
R00011357,C014332,2026-08-08,459.47,Renegotiation,90
R00011358,C014337,2026-01-09,749.09,Collection,30
R00011359,C014337,2026-02-08,624.24,Payment,60
R00011360,C014337,2026-06-08,405.76,Payment,180
R00011361,C014338,2026-04-09,998.61,Settlement,30
R00011362,C014340,2026-03-12,1520.69,Renegotiation,30
R00011363,C014340,2026-08-09,823.71,Collection,180
R00011364,C014343,2026-06-09,742.95,Payment,30
R00011365,C014344,2026-03-12,2961.96,Payment,30
R00011366,C014344,2026-05-11,2221.47,Payment,90
R00011367,C014344,2026-08-09,1604.4,Payment,180
R00011368,C014349,2026-04-11,13606.29,Renegotiation,60
R00011369,C014351,2026-05-11,1618.67,Renegotiation,90
R00011370,C014351,2026-06-10,1348.89,Collection,120
R00011371,C014351,2026-08-09,1169.04,Payment,180
R00011372,C014353,2026-08-09,1783.95,Payment,30
R00011373,C014355,2026-05-10,568.61,Renegotiation,30
R00011374,C014355,2026-06-09,473.84,Payment,60
R00011375,C014358,2026-05-09,6857.12,Payment,60
R00011376,C014360,2025-04-11,4420.82,Payment,60
R00011377,C014360,2025-06-10,3315.62,Collection,120
R00011378,C014360,2025-08-09,2873.53,Collection,180
R00011379,C014360,2026-02-05,2210.41,Payment,360
R00011380,C014367,2026-06-09,2170.16,Payment,60
R00011381,C014367,2026-07-09,1953.15,Collection,90
R00011382,C014370,2026-03-12,1506.25,Collection,30
R00011383,C014370,2026-04-11,1255.21,Collection,60
R00011384,C014370,2026-06-10,941.41,Payment,120
R00011385,C014372,2026-07-09,6045.91,Payment,90
R00011386,C014374,2026-08-09,1992.4,Payment,60
R00011387,C014375,2026-07-10,396.44,Payment,30
R00011388,C014375,2026-08-09,330.37,Payment,60
R00011389,C014377,2026-07-10,613.76,Payment,30
R00011390,C014377,2026-08-09,511.47,Renegotiation,60
R00011391,C014378,2025-12-09,1477.77,Collection,90
R00011392,C014378,2026-03-09,1067.28,Payment,180
R00011393,C014382,2026-07-09,1896.15,Payment,60
R00011394,C014389,2025-12-10,5232.98,Renegotiation,30
R00011395,C014389,2026-01-09,4360.81,Payment,60
R00011396,C014389,2026-02-08,3924.73,Payment,90
R00011397,C014390,2026-03-10,6702.76,Payment,90
R00011398,C014390,2026-06-08,4840.88,Payment,180
R00011399,C014391,2025-09-08,2264.92,Payment,90
R00011400,C014391,2026-06-05,1258.29,Renegotiation,360
R00011401,C014395,2026-02-09,5238.53,Renegotiation,30
R00011402,C014395,2026-03-11,4365.44,Collection,60
R00011403,C014395,2026-04-10,3928.9,Renegotiation,90
R00011404,C014395,2026-05-10,3274.08,Payment,120
R00011405,C014398,2025-12-10,4773.4,Payment,30
R00011406,C014398,2026-02-08,3580.05,Payment,90
R00011407,C014400,2026-06-09,3537.51,Payment,60
R00011408,C014400,2026-08-08,2653.13,Collection,120
R00011409,C014401,2026-08-09,1038.92,Payment,30
R00011410,C014403,2026-05-09,1591.42,Settlement,60
R00011411,C014403,2026-06-08,1432.28,Collection,90
R00011412,C014403,2026-07-08,1193.56,Payment,120
R00011413,C014405,2025-08-09,17160.59,Renegotiation,30
R00011414,C014405,2025-11-07,10725.37,Renegotiation,120
R00011415,C014405,2026-07-05,7150.25,Payment,360
R00011416,C014406,2026-03-10,2822.22,Settlement,90
R00011417,C014406,2026-06-08,2038.27,Payment,180
R00011418,C014408,2026-02-08,125.34,Settlement,90
R00011419,C014408,2026-03-10,104.45,Renegotiation,120
R00011420,C014408,2026-05-09,90.53,Payment,180
R00011421,C014409,2025-03-12,19973.31,Settlement,30
R00011422,C014409,2025-05-11,14979.99,Payment,90
R00011423,C014409,2025-08-09,10818.88,Payment,180
R00011424,C014414,2025-08-09,674.67,Renegotiation,60
R00011425,C014414,2025-09-08,607.2,Payment,90
R00011426,C014414,2025-10-08,506.0,Payment,120
R00011427,C014414,2025-12-07,438.54,Settlement,180
R00011428,C014420,2025-12-10,184.51,Collection,30
R00011429,C014420,2026-02-08,138.38,Payment,90
R00011430,C014420,2026-03-10,115.32,Payment,120
R00011431,C014420,2026-05-09,99.94,Payment,180
R00011432,C014421,2025-04-09,1714.99,Payment,30
R00011433,C014421,2025-05-09,1429.16,Payment,60
R00011434,C014421,2025-07-08,1071.87,Settlement,120
R00011435,C014421,2026-03-05,714.58,Payment,360
R00011436,C014425,2026-08-08,2245.39,Collection,90
R00011437,C014434,2025-11-09,1641.39,Payment,30
R00011438,C014434,2026-02-07,1025.87,Payment,120
R00011439,C014434,2026-04-08,889.09,Renegotiation,180
R00011440,C014443,2026-08-09,1023.37,Collection,60
R00011441,C014445,2025-07-10,3044.26,Payment,30
R00011442,C014445,2025-08-09,2536.88,Renegotiation,60
R00011443,C014445,2025-10-08,1902.66,Settlement,120
R00011444,C014446,2026-04-09,1461.25,Renegotiation,30
R00011445,C014446,2026-06-08,1095.94,Renegotiation,90
R00011446,C014447,2026-02-09,2130.9,Collection,30
R00011447,C014447,2026-03-11,1775.75,Payment,60
R00011448,C014447,2026-04-10,1598.17,Payment,90
R00011449,C014447,2026-05-10,1331.81,Payment,120
R00011450,C014448,2026-06-09,835.88,Settlement,30
R00011451,C014448,2026-08-08,626.91,Payment,90
R00011452,C014452,2026-06-09,2453.16,Payment,30
R00011453,C014452,2026-07-09,2044.3,Renegotiation,60
R00011454,C014456,2026-07-08,1749.4,Payment,120
R00011455,C014459,2025-09-09,3489.85,Payment,30
R00011456,C014459,2025-10-09,2908.21,Collection,60
R00011457,C014459,2025-11-08,2617.39,Settlement,90
R00011458,C014459,2025-12-08,2181.16,Payment,120
R00011459,C014460,2025-07-10,6362.91,Payment,30
R00011460,C014460,2025-09-08,4772.18,Renegotiation,90
R00011461,C014460,2025-10-08,3976.82,Payment,120
R00011462,C014463,2026-02-08,1889.36,Collection,90
R00011463,C014463,2026-03-10,1574.46,Payment,120
R00011464,C014463,2026-05-09,1364.53,Payment,180
R00011465,C014467,2026-05-09,672.73,Payment,60
R00011466,C014467,2026-06-08,605.46,Collection,90
R00011467,C014467,2026-07-08,504.55,Renegotiation,120
R00011468,C014473,2026-03-12,4378.36,Payment,30
R00011469,C014473,2026-04-11,3648.63,Payment,60
R00011470,C014473,2026-05-11,3283.77,Renegotiation,90
R00011471,C014474,2025-11-09,642.74,Collection,30
R00011472,C014474,2025-12-09,535.61,Settlement,60
R00011473,C014474,2026-01-08,482.05,Renegotiation,90
R00011474,C014475,2026-02-09,6251.28,Settlement,30
R00011475,C014476,2026-08-08,531.44,Renegotiation,120
R00011476,C014481,2026-07-09,9356.01,Payment,60
R00011477,C014481,2026-08-08,8420.41,Renegotiation,90
R00011478,C014486,2026-05-10,1017.57,Collection,120
R00011479,C014486,2026-07-09,881.9,Payment,180
R00011480,C014490,2025-11-09,4437.62,Payment,30
R00011481,C014493,2025-10-08,2479.66,Settlement,90
R00011482,C014493,2026-07-05,1377.59,Renegotiation,360
R00011483,C014494,2025-07-09,21461.14,Settlement,60
R00011484,C014494,2025-09-07,16095.86,Collection,120
R00011485,C014494,2026-05-05,10730.57,Settlement,360
R00011486,C014504,2026-07-09,7346.32,Collection,60
R00011487,C014504,2026-08-08,6611.69,Payment,90
R00011488,C014506,2026-06-09,1735.77,Renegotiation,30
R00011489,C014506,2026-07-09,1446.48,Payment,60
R00011490,C014508,2026-04-09,1877.92,Renegotiation,30
R00011491,C014508,2026-05-09,1564.93,Payment,60
R00011492,C014509,2025-11-09,4577.67,Settlement,60
R00011493,C014510,2026-02-08,6230.39,Collection,60
R00011494,C014510,2026-06-08,4049.75,Renegotiation,180
R00011495,C014511,2025-08-09,7064.83,Payment,30
R00011496,C014511,2025-11-07,4415.52,Renegotiation,120
R00011497,C014515,2026-07-10,668.09,Payment,30
R00011498,C014515,2026-08-09,556.74,Settlement,60
R00011499,C014518,2025-11-07,1656.37,Payment,120
R00011500,C014518,2026-01-06,1435.52,Payment,180
R00011501,C014518,2026-07-05,1104.25,Payment,360
R00011502,C014519,2026-06-08,6266.56,Payment,90
R00011503,C014521,2026-04-09,2714.62,Payment,120
R00011504,C014521,2026-06-08,2352.67,Collection,180
R00011505,C014522,2026-05-10,2403.61,Collection,120
R00011506,C014524,2026-06-08,6931.48,Collection,90
R00011507,C014525,2026-07-09,6330.54,Renegotiation,60
R00011508,C014527,2026-06-08,555.18,Payment,90
R00011509,C014530,2025-11-06,2056.95,Payment,180
R00011510,C014530,2026-05-05,1582.27,Settlement,360
R00011511,C014531,2026-02-08,1462.52,Payment,60
R00011512,C014531,2026-04-09,1096.89,Payment,120
R00011513,C014531,2026-06-08,950.64,Payment,180
R00011514,C014535,2026-06-10,1036.94,Collection,120
R00011515,C014535,2026-08-09,898.68,Collection,180
R00011516,C014537,2025-08-08,12784.01,Settlement,90
R00011517,C014537,2025-11-06,9232.9,Payment,180
R00011518,C014538,2026-01-09,983.29,Collection,60
R00011519,C014538,2026-03-10,737.47,Payment,120
R00011520,C014538,2026-05-09,639.14,Renegotiation,180
R00011521,C014539,2026-01-08,3324.9,Payment,120
R00011522,C014539,2026-03-09,2881.58,Payment,180
R00011523,C014559,2026-04-11,1894.79,Payment,60
R00011524,C014559,2026-05-11,1705.31,Collection,90
R00011525,C014559,2026-06-10,1421.09,Settlement,120
R00011526,C014559,2026-08-09,1231.61,Payment,180
R00011527,C014561,2026-08-09,985.9,Settlement,60
R00011528,C014563,2026-02-09,608.94,Collection,30
R00011529,C014563,2026-04-10,456.71,Collection,90
R00011530,C014563,2026-05-10,380.59,Renegotiation,120
R00011531,C014563,2026-07-09,329.84,Payment,180
R00011532,C014565,2025-12-09,1955.75,Renegotiation,60
R00011533,C014566,2026-03-12,1376.16,Renegotiation,30
R00011534,C014566,2026-04-11,1146.8,Payment,60
R00011535,C014566,2026-06-10,860.1,Payment,120
R00011536,C014570,2025-09-08,971.84,Collection,60
R00011537,C014570,2025-10-08,874.65,Renegotiation,90
R00011538,C014570,2025-11-07,728.88,Collection,120
R00011539,C014570,2026-01-06,631.69,Collection,180
R00011540,C014571,2026-08-09,575.14,Payment,30
R00011541,C014586,2026-06-09,1727.29,Collection,60
R00011542,C014586,2026-07-09,1554.56,Payment,90
R00011543,C014586,2026-08-08,1295.47,Renegotiation,120
R00011544,C014588,2026-07-10,8344.23,Payment,30
R00011545,C014588,2026-08-09,6953.53,Renegotiation,60
R00011546,C014590,2026-06-09,1496.88,Collection,30
R00011547,C014590,2026-07-09,1247.4,Payment,60
R00011548,C014596,2025-12-10,1522.46,Payment,30
R00011549,C014596,2026-01-09,1268.72,Settlement,60
R00011550,C014596,2026-02-08,1141.85,Renegotiation,90
R00011551,C014597,2025-08-09,1803.0,Renegotiation,60
R00011552,C014597,2025-12-07,1171.95,Collection,180
R00011553,C014601,2026-02-08,1582.85,Payment,90
R00011554,C014601,2026-03-10,1319.04,Payment,120
R00011555,C014601,2026-05-09,1143.17,Payment,180
R00011556,C014605,2026-08-09,104.55,Settlement,60
R00011557,C014606,2025-06-09,789.57,Collection,30
R00011558,C014606,2025-07-09,657.98,Collection,60
R00011559,C014606,2025-11-06,427.69,Payment,180
R00011560,C014606,2026-05-05,328.99,Payment,360
R00011561,C014607,2026-07-09,808.92,Collection,90
R00011562,C014607,2026-08-08,674.1,Collection,120
R00011563,C014608,2026-07-09,2020.08,Settlement,60
R00011564,C014609,2026-07-10,1088.4,Renegotiation,30
R00011565,C014609,2026-08-09,907.0,Collection,60
R00011566,C014610,2026-07-08,18528.17,Collection,120
R00011567,C014612,2026-06-08,398.38,Renegotiation,90
R00011568,C014612,2026-07-08,331.98,Collection,120
R00011569,C014613,2026-06-09,11101.52,Payment,60
R00011570,C014613,2026-08-08,8326.14,Payment,120
R00011571,C014615,2025-07-10,22291.58,Payment,30
R00011572,C014615,2025-08-09,18576.32,Renegotiation,60
R00011573,C014615,2025-10-08,13932.24,Payment,120
R00011574,C014615,2025-12-07,12074.61,Payment,180
R00011575,C014619,2026-03-12,8482.66,Payment,30
R00011576,C014619,2026-06-10,5301.66,Collection,120
R00011577,C014622,2026-06-09,2840.23,Settlement,30
R00011578,C014626,2026-04-09,574.89,Payment,30
R00011579,C014626,2026-06-08,431.17,Settlement,90
R00011580,C014626,2026-07-08,359.31,Payment,120
R00011581,C014627,2026-05-10,10474.66,Collection,30
R00011582,C014627,2026-06-09,8728.88,Payment,60
R00011583,C014627,2026-07-09,7855.99,Renegotiation,90
R00011584,C014627,2026-08-08,6546.66,Settlement,120
R00011585,C014631,2026-03-12,2794.33,Settlement,30
R00011586,C014631,2026-06-10,1746.46,Collection,120
R00011587,C014633,2026-06-08,347.31,Payment,90
R00011588,C014633,2026-07-08,289.42,Payment,120
R00011589,C014639,2026-04-09,3094.58,Payment,30
R00011590,C014639,2026-05-09,2578.81,Collection,60
R00011591,C014645,2026-03-11,1914.58,Payment,60
R00011592,C014645,2026-04-10,1723.12,Payment,90
R00011593,C014646,2026-06-08,3731.92,Payment,90
R00011594,C014646,2026-07-08,3109.93,Collection,120
R00011595,C014647,2026-08-08,2636.22,Renegotiation,90
R00011596,C014648,2025-07-10,605.16,Renegotiation,30
R00011597,C014648,2025-08-09,504.3,Collection,60
R00011598,C014648,2026-06-05,252.15,Settlement,360
R00011599,C014649,2026-02-08,1220.95,Settlement,90
R00011600,C014649,2026-03-10,1017.46,Payment,120
R00011601,C014649,2026-05-09,881.8,Renegotiation,180
R00011602,C014650,2025-09-08,16844.12,Payment,60
R00011603,C014650,2025-11-07,12633.09,Payment,120
R00011604,C014656,2025-08-09,1409.03,Renegotiation,30
R00011605,C014656,2025-10-08,1056.77,Collection,90
R00011606,C014656,2025-11-07,880.64,Payment,120
R00011607,C014660,2026-06-09,727.61,Payment,60
R00011608,C014660,2026-07-09,654.85,Payment,90
R00011609,C014663,2025-04-09,906.17,Payment,30
R00011610,C014663,2025-05-09,755.14,Renegotiation,60
R00011611,C014663,2025-07-08,566.36,Settlement,120
R00011612,C014663,2026-03-05,377.57,Renegotiation,360
R00011613,C014664,2025-09-08,4313.32,Renegotiation,60
R00011614,C014664,2025-11-07,3234.99,Payment,120
R00011615,C014664,2026-01-06,2803.66,Payment,180
R00011616,C014664,2026-07-05,2156.66,Payment,360
R00011617,C014666,2026-02-08,9806.04,Settlement,60
R00011618,C014666,2026-04-09,7354.53,Renegotiation,120
R00011619,C014666,2026-06-08,6373.92,Payment,180
R00011620,C014667,2026-03-12,7236.26,Payment,30
R00011621,C014667,2026-04-11,6030.21,Payment,60
R00011622,C014667,2026-05-11,5427.19,Collection,90
R00011623,C014669,2026-08-09,803.18,Payment,30
R00011624,C014670,2026-07-10,168.03,Payment,30
R00011625,C014673,2025-10-08,2985.5,Renegotiation,90
R00011626,C014673,2026-07-05,1658.61,Payment,360
R00011627,C014676,2025-04-11,496.13,Collection,60
R00011628,C014676,2025-05-11,446.52,Payment,90
R00011629,C014679,2026-01-09,672.31,Collection,60
R00011630,C014679,2026-02-08,605.08,Payment,90
R00011631,C014679,2026-03-10,504.23,Payment,120
R00011632,C014684,2026-04-09,1047.18,Payment,30
R00011633,C014684,2026-05-09,872.65,Settlement,60
R00011634,C014684,2026-06-08,785.39,Collection,90
R00011635,C014687,2026-06-08,1234.75,Payment,180
R00011636,C014688,2025-12-10,1223.75,Payment,30
R00011637,C014688,2026-01-09,1019.79,Payment,60
R00011638,C014688,2026-03-10,764.84,Payment,120
R00011639,C014688,2026-05-09,662.86,Collection,180
R00011640,C014694,2026-01-09,3993.64,Payment,60
R00011641,C014694,2026-02-08,3594.28,Payment,90
R00011642,C014694,2026-05-09,2595.87,Collection,180
R00011643,C014695,2026-06-09,801.53,Payment,30
R00011644,C014695,2026-07-09,667.94,Payment,60
R00011645,C014695,2026-08-08,601.15,Payment,90
R00011646,C014704,2026-08-09,1353.26,Renegotiation,60
R00011647,C014705,2026-06-09,567.99,Settlement,30
R00011648,C014705,2026-07-09,473.33,Renegotiation,60
R00011649,C014705,2026-08-08,425.99,Payment,90
R00011650,C014707,2025-10-10,4019.21,Payment,30
R00011651,C014707,2025-11-09,3349.34,Payment,60
R00011652,C014707,2026-03-09,2177.07,Payment,180
R00011653,C014711,2025-12-10,683.45,Payment,30
R00011654,C014711,2026-02-08,512.59,Collection,90
R00011655,C014711,2026-03-10,427.15,Payment,120
R00011656,C014713,2025-08-09,2314.47,Payment,30
R00011657,C014713,2025-10-08,1735.85,Payment,90
R00011658,C014714,2026-04-09,892.91,Collection,30
R00011659,C014714,2026-06-08,669.68,Renegotiation,90
R00011660,C014714,2026-07-08,558.07,Renegotiation,120
R00011661,C014715,2026-04-11,1185.53,Payment,60
R00011662,C014715,2026-05-11,1066.97,Payment,90
R00011663,C014715,2026-06-10,889.15,Renegotiation,120
R00011664,C014719,2026-01-09,917.78,Collection,30
R00011665,C014719,2026-06-08,497.13,Collection,180
R00011666,C014722,2026-07-09,1797.26,Renegotiation,90
R00011667,C014722,2026-08-08,1497.72,Collection,120
R00011668,C014727,2025-12-10,1249.44,Renegotiation,30
R00011669,C014727,2026-01-09,1041.2,Renegotiation,60
R00011670,C014727,2026-02-08,937.08,Payment,90
R00011671,C014727,2026-03-10,780.9,Payment,120
R00011672,C014728,2026-02-09,4470.93,Renegotiation,30
R00011673,C014728,2026-04-10,3353.19,Payment,90
R00011674,C014728,2026-07-09,2421.75,Renegotiation,180
R00011675,C014729,2026-04-09,2175.53,Payment,30
R00011676,C014729,2026-07-08,1359.71,Payment,120
R00011677,C014731,2026-06-09,2557.19,Payment,60
R00011678,C014731,2026-07-09,2301.47,Payment,90
R00011679,C014733,2026-05-09,85.4,Settlement,60
R00011680,C014733,2026-06-08,76.86,Settlement,90
R00011681,C014739,2026-03-11,1584.37,Payment,60
R00011682,C014739,2026-04-10,1425.93,Payment,90
R00011683,C014739,2026-05-10,1188.28,Settlement,120
R00011684,C014743,2026-04-09,3471.47,Payment,30
R00011685,C014743,2026-05-09,2892.89,Payment,60
R00011686,C014743,2026-07-08,2169.67,Payment,120
R00011687,C014745,2026-06-09,571.26,Collection,60
R00011688,C014745,2026-07-09,514.14,Collection,90
R00011689,C014748,2025-07-10,2858.61,Payment,30
R00011690,C014748,2025-08-09,2382.17,Settlement,60
R00011691,C014748,2025-12-07,1548.41,Renegotiation,180
R00011692,C014750,2026-08-08,1819.53,Payment,90
R00011693,C014751,2025-09-08,785.81,Payment,60
R00011694,C014751,2025-10-08,707.23,Renegotiation,90
R00011695,C014751,2026-01-06,510.78,Payment,180
R00011696,C014752,2026-07-09,3899.77,Renegotiation,180
R00011697,C014756,2026-01-09,7532.82,Settlement,30
R00011698,C014756,2026-02-08,6277.35,Collection,60
R00011699,C014756,2026-04-09,4708.01,Settlement,120
R00011700,C014756,2026-06-08,4080.28,Payment,180
R00011701,C014757,2025-08-09,2472.09,Payment,60
R00011702,C014757,2025-09-08,2224.88,Collection,90
R00011703,C014757,2025-10-08,1854.07,Payment,120
R00011704,C014758,2026-05-10,937.48,Settlement,30
R00011705,C014758,2026-06-09,781.23,Settlement,60
R00011706,C014760,2026-05-09,2697.97,Payment,180
R00011707,C014761,2025-10-09,2151.76,Renegotiation,60
R00011708,C014761,2025-12-08,1613.82,Collection,120
R00011709,C014761,2026-02-06,1398.64,Payment,180
R00011710,C014761,2026-08-05,1075.88,Settlement,360
R00011711,C014770,2025-11-09,2862.38,Settlement,30
R00011712,C014770,2025-12-09,2385.31,Renegotiation,60
R00011713,C014770,2026-04-08,1550.45,Settlement,180
R00011714,C014773,2026-04-11,4426.98,Collection,60
R00011715,C014773,2026-05-11,3984.28,Payment,90
R00011716,C014773,2026-08-09,2877.53,Payment,180
R00011717,C014774,2026-02-08,797.3,Collection,60
R00011718,C014774,2026-03-10,717.57,Payment,90
R00011719,C014774,2026-04-09,597.97,Payment,120
R00011720,C014776,2026-02-08,635.34,Renegotiation,60
R00011721,C014776,2026-03-10,571.81,Renegotiation,90
R00011722,C014776,2026-04-09,476.51,Payment,120
R00011723,C014776,2026-06-08,412.97,Collection,180
R00011724,C014777,2026-01-09,3178.55,Collection,60
R00011725,C014777,2026-05-09,2066.06,Settlement,180
R00011726,C014778,2026-02-09,1226.66,Renegotiation,30
R00011727,C014778,2026-05-10,766.66,Collection,120
R00011728,C014782,2025-08-08,1124.45,Renegotiation,90
R00011729,C014782,2025-11-06,812.1,Payment,180
R00011730,C014782,2026-05-05,624.69,Collection,360
R00011731,C014783,2026-02-09,4589.82,Payment,30
R00011732,C014783,2026-05-10,2868.64,Collection,120
R00011733,C014785,2026-06-09,4988.7,Collection,60
R00011734,C014788,2025-09-08,700.69,Payment,60
R00011735,C014788,2025-10-08,630.62,Payment,90
R00011736,C014788,2025-11-07,525.52,Collection,120
R00011737,C014788,2026-07-05,350.35,Payment,360
R00011738,C014792,2025-10-08,630.0,Collection,90
R00011739,C014792,2026-01-06,455.0,Payment,180
R00011740,C014793,2026-03-11,9323.34,Payment,60
R00011741,C014793,2026-04-10,8391.0,Payment,90
R00011742,C014794,2026-02-07,1729.24,Payment,120
R00011743,C014794,2026-04-08,1498.67,Renegotiation,180
R00011744,C014795,2026-08-09,1393.29,Renegotiation,60
R00011745,C014799,2026-01-09,2583.87,Payment,30
R00011746,C014803,2026-05-10,698.19,Payment,30
R00011747,C014803,2026-07-09,523.64,Renegotiation,90
R00011748,C014805,2026-02-09,713.89,Collection,30
R00011749,C014805,2026-04-10,535.41,Collection,90
R00011750,C014805,2026-05-10,446.18,Renegotiation,120
R00011751,C014806,2025-08-09,3041.32,Renegotiation,30
R00011752,C014806,2025-10-08,2280.99,Settlement,90
R00011753,C014806,2025-11-07,1900.82,Payment,120
R00011754,C014807,2026-04-11,244.86,Settlement,60
R00011755,C014807,2026-05-11,220.37,Payment,90
R00011756,C014807,2026-06-10,183.64,Payment,120
R00011757,C014807,2026-08-09,159.16,Payment,180
R00011758,C014810,2025-04-09,997.88,Settlement,30
R00011759,C014810,2025-07-08,623.68,Renegotiation,120
R00011760,C014810,2026-03-05,415.78,Payment,360
R00011761,C014814,2025-07-10,1158.42,Payment,30
R00011762,C014814,2025-08-09,965.35,Payment,60
R00011763,C014814,2025-09-08,868.81,Collection,90
R00011764,C014814,2025-12-07,627.48,Collection,180
R00011765,C014816,2026-03-12,747.75,Settlement,30
R00011766,C014816,2026-06-10,467.34,Payment,120
R00011767,C014816,2026-08-09,405.03,Collection,180
R00011768,C014817,2025-08-09,14384.98,Payment,30
R00011769,C014817,2025-10-08,10788.73,Collection,90
R00011770,C014817,2025-11-07,8990.61,Payment,120
R00011771,C014817,2026-01-06,7791.86,Payment,180
R00011772,C014818,2026-02-08,12600.2,Payment,60
R00011773,C014818,2026-03-10,11340.18,Renegotiation,90
R00011774,C014818,2026-06-08,8190.13,Collection,180
R00011775,C014819,2026-08-09,1452.29,Renegotiation,60
R00011776,C014825,2026-07-09,1353.76,Settlement,180
R00011777,C014826,2025-12-09,895.04,Payment,60
R00011778,C014826,2026-01-08,805.54,Payment,90
R00011779,C014827,2026-07-08,4460.99,Payment,120
R00011780,C014828,2026-01-09,2285.3,Payment,30
R00011781,C014828,2026-02-08,1904.42,Payment,60
R00011782,C014828,2026-06-08,1237.87,Collection,180
R00011783,C014829,2026-05-10,384.21,Payment,30
R00011784,C014829,2026-06-09,320.17,Payment,60
R00011785,C014831,2026-01-08,515.4,Payment,90
R00011786,C014834,2025-09-09,1536.57,Collection,30
R00011787,C014834,2025-10-09,1280.48,Payment,60
R00011788,C014834,2025-12-08,960.36,Payment,120
R00011789,C014834,2026-08-05,640.24,Renegotiation,360
R00011790,C014835,2025-08-08,1600.6,Renegotiation,90
R00011791,C014835,2025-09-07,1333.84,Payment,120
R00011792,C014838,2025-09-09,4060.85,Payment,30
R00011793,C014838,2025-11-08,3045.63,Renegotiation,90
R00011794,C014838,2026-02-06,2199.62,Renegotiation,180
R00011795,C014843,2026-02-08,616.13,Renegotiation,60
R00011796,C014843,2026-04-09,462.1,Settlement,120
R00011797,C014843,2026-06-08,400.49,Payment,180
R00011798,C014844,2026-02-08,5443.93,Renegotiation,90
R00011799,C014844,2026-03-10,4536.61,Payment,120
R00011800,C014849,2025-11-09,8614.19,Payment,30
R00011801,C014849,2025-12-09,7178.49,Collection,60
R00011802,C014849,2026-02-07,5383.87,Settlement,120
R00011803,C014853,2026-08-09,1327.0,Renegotiation,60
R00011804,C014854,2026-07-10,738.72,Payment,30
R00011805,C014854,2026-08-09,615.6,Renegotiation,60
R00011806,C014858,2026-05-10,599.87,Payment,30
R00011807,C014858,2026-06-09,499.9,Payment,60
R00011808,C014858,2026-08-08,374.92,Renegotiation,120
R00011809,C014860,2026-06-08,3479.43,Collection,90
R00011810,C014860,2026-07-08,2899.52,Payment,120
R00011811,C014861,2026-07-08,6120.23,Payment,120
R00011812,C014864,2026-05-10,662.99,Payment,30
R00011813,C014864,2026-06-09,552.49,Collection,60
R00011814,C014864,2026-08-08,414.37,Renegotiation,120
R00011815,C014866,2026-05-10,18274.76,Payment,30
R00011816,C014866,2026-07-09,13706.07,Payment,90
R00011817,C014867,2026-07-09,2416.41,Payment,60
R00011818,C014868,2026-06-09,488.12,Payment,60
R00011819,C014868,2026-08-08,366.09,Payment,120
R00011820,C014874,2026-02-08,812.23,Collection,90
R00011821,C014874,2026-03-10,676.86,Collection,120
R00011822,C014876,2026-06-09,733.24,Settlement,30
R00011823,C014876,2026-07-09,611.03,Payment,60
R00011824,C014878,2026-03-10,15270.19,Renegotiation,90
R00011825,C014878,2026-04-09,12725.16,Renegotiation,120
R00011826,C014878,2026-06-08,11028.47,Renegotiation,180
R00011827,C014881,2026-01-09,20059.69,Payment,30
R00011828,C014881,2026-03-10,15044.77,Renegotiation,90
R00011829,C014885,2026-05-09,586.54,Payment,60
R00011830,C014886,2026-02-08,6319.97,Collection,60
R00011831,C014886,2026-03-10,5687.97,Renegotiation,90
R00011832,C014893,2026-07-08,4798.13,Payment,120
R00011833,C014894,2026-04-09,11196.76,Collection,30
R00011834,C014894,2026-05-09,9330.64,Collection,60
R00011835,C014894,2026-07-08,6997.98,Payment,120
R00011836,C014903,2026-05-10,1034.85,Settlement,30
R00011837,C014908,2026-08-09,632.58,Payment,30
R00011838,C014913,2025-09-08,638.71,Collection,90
R00011839,C014913,2025-10-08,532.26,Renegotiation,120
R00011840,C014913,2025-12-07,461.29,Payment,180
R00011841,C014913,2026-06-05,354.84,Renegotiation,360
R00011842,C014916,2026-08-09,17617.77,Collection,30
R00011843,C014918,2025-11-09,801.33,Renegotiation,60
R00011844,C014918,2025-12-09,721.2,Settlement,90
R00011845,C014918,2026-01-08,601.0,Renegotiation,120
R00011846,C014918,2026-03-09,520.87,Payment,180
R00011847,C014923,2026-02-09,9012.3,Payment,30
R00011848,C014923,2026-03-11,7510.25,Renegotiation,60
R00011849,C014923,2026-05-10,5632.69,Collection,120
R00011850,C014927,2025-11-09,25746.43,Payment,60
R00011851,C014927,2026-03-09,16735.18,Payment,180
R00011852,C014929,2026-08-08,496.3,Collection,90
R00011853,C014931,2026-06-09,2633.91,Payment,30
R00011854,C014931,2026-07-09,2194.92,Payment,60
R00011855,C014933,2025-07-08,1992.54,Payment,120
R00011856,C014933,2025-09-06,1726.87,Payment,180
R00011857,C014933,2026-03-05,1328.36,Payment,360
R00011858,C014940,2026-01-09,10446.19,Payment,30
R00011859,C014940,2026-03-10,7834.64,Renegotiation,90
R00011860,C014940,2026-06-08,5658.35,Collection,180
R00011861,C014942,2026-08-09,6449.37,Payment,30
R00011862,C014948,2026-04-11,1790.9,Payment,60
R00011863,C014952,2026-08-08,11967.91,Payment,90
R00011864,C014956,2025-07-10,1777.3,Payment,30
R00011865,C014956,2025-10-08,1110.81,Collection,120
R00011866,C014956,2026-06-05,740.54,Collection,360
R00011867,C014958,2026-05-10,1641.76,Settlement,30
R00011868,C014958,2026-08-08,1026.1,Renegotiation,120
R00011869,C014962,2026-01-09,1385.6,Payment,60
R00011870,C014962,2026-02-08,1247.04,Payment,90
R00011871,C014963,2025-10-09,602.96,Payment,60
R00011872,C014963,2025-11-08,542.67,Settlement,90
R00011873,C014963,2025-12-08,452.22,Renegotiation,120
R00011874,C014963,2026-08-05,301.48,Payment,360
R00011875,C014964,2025-11-09,4648.83,Payment,30
R00011876,C014965,2026-02-09,540.19,Payment,30
R00011877,C014965,2026-04-10,405.14,Renegotiation,90
R00011878,C014965,2026-07-09,292.6,Renegotiation,180
R00011879,C014971,2026-07-09,1551.6,Renegotiation,90
R00011880,C014971,2026-08-08,1293.0,Payment,120
R00011881,C014974,2025-07-10,10217.99,Collection,30
R00011882,C014974,2025-08-09,8514.99,Payment,60
R00011883,C014974,2025-10-08,6386.24,Renegotiation,120
R00011884,C014974,2025-12-07,5534.74,Collection,180
R00011885,C014977,2026-08-08,1537.16,Settlement,90
R00011886,C014979,2026-03-11,4069.6,Collection,60
R00011887,C014979,2026-07-09,2645.24,Renegotiation,180
R00011888,C014986,2026-08-09,2018.75,Renegotiation,30
R00011889,C014987,2026-03-12,947.18,Payment,30
R00011890,C014987,2026-05-11,710.39,Payment,90
R00011891,C014988,2026-04-09,6405.09,Renegotiation,30
R00011892,C014988,2026-07-08,4003.18,Collection,120
R00011893,C014989,2026-06-08,1195.05,Renegotiation,90
R00011894,C014989,2026-07-08,995.88,Settlement,120
R00011895,C014991,2025-11-09,1030.57,Collection,60
R00011896,C014991,2025-12-09,927.51,Payment,90
R00011897,C014992,2026-03-12,2087.77,Payment,30
R00011898,C014992,2026-05-11,1565.83,Settlement,90
R00011899,C014992,2026-06-10,1304.86,Payment,120
R00011900,C014993,2026-04-09,1046.58,Payment,30
R00011901,C015000,2026-08-09,1700.43,Settlement,30
